:020000040800F2
:10000000D02C0020C1F400082DEE00082FEE0008CF
:1000100031EE000833EE000835EE00080000000065
:1000200000000000000000000000000037EE0008A3
:1000300039EE0008000000003BEE00083DEE00082D
:100040001DF8000821F8000825F8000829F8000824
:100050002DF8000831F8000835F8000839F80008D4
:100060003DF8000841F8000845F8000849F8000884
:100070004DF800088DEE000851F8000897EE0008D2
:1000800055F8000859F800085DF8000861F8000804
:1000900065F8000869F800086DF8000871F80008B4
:1000A00075F8000879F800087DF8000881F8000864
:1000B00085F80008000000000000000089F8000832
:1000C0008DF8000891F8000895F8000899F80008E4
:1000D0009DF80008A1EE0008A1F80008ABEE0008AA
:1000E000A5F80008B5EE00080000000000000000C0
:1000F0000000000000000000000000000000000000
:1001000000000000A9F8000800000000ADF8000899
:100110000000000000000000B1F80008B5F8000879
:10012000B9F80008BDF80008C1F80008C5F80008D3
:10013000C9F80008000000000000000000000000F6
:10014000CDF80008D1F80008D5F80008D9F8000863
:10015000DDF80008BFEE0008C9EE0008E1F800086D
:10016000E5F80008E9F80008EDF8000800000000D4
:10017000F1F80008F5F80008F9F8000800000000A0
:10018000FDF8000801F9000805F9000880B5544899
:100190000078012806D0022807D0042808D00828B3
:1001A00009D00BE000F0A0F808E000F089FE05E0BF
:1001B00001F048F802E001F007FAFFE701BD2DE980
:1001C000F0470024474D2888002804D02888401E86
:1001D0002880002081E0424E307A00287CD1202106
:1001E000DFF8BC0C01F0D8FE002801D1012700E0A7
:1001F0000027DFF8B08C0421404601F0CDFE002836
:1002000002D15FF0010901E05FF0000902214046E0
:1002100001F0C2FE002802D15FF0010A01E05FF0A8
:10022000000A0121404601F0B7FE002801D101205B
:1002300000E0002057EA490757EA8A073C0054EAE1
:10024000C0042000C0B2012805D0022803D0042831
:1002500001D0082836D17068401C70607068502842
:100260002FD3347001203072DFF83C1C086814284A
:1002700001D219202880DFF8340C22000378D2B292
:100280009A4219D10A68521C0A600A681E2A02D2D0
:100290000021716014E00A68B42A02D24121716021
:1002A0000EE00A68F02A02D24621716008E04E2270
:1002B0007260F0220A6003E00022726000220A608D
:1002C000047009E00020DFF8E41B0870282070604B
:1002D0000020DFF8D41B08603078BDE8F08700000C
:1002E000D8270020AC280020F8B584B0DFF8C04B38
:1002F000A078002817D001283AD002286AD0032815
:1003000000F0FB80042800F07F81052800F0308297
:10031000062800F0B482072800F07F83092800F047
:10032000868400F0BBBDDFF88C5B0020E860DFF85E
:10033000886B0A220021300001F0B4FE30203070BA
:10034000302070703020B0703020F070E86800010C
:10035000801CC0B2039002960520019004200090FA
:10036000052300220121A01C02F092FC00F096BDA2
:10037000DFF8400BC168491CC160C16804291EDB5D
:10038000DFF8340B02F09FFC012815D1A51C0622D2
:10039000290014F1080001F0D3FEF12003900020A1
:1003A00002900C20019007200090072300220221D8
:1003B000280002F06DFC0BE00020A07008E0C0688F
:1003C0000001801C0200D2B20021A01C02F03DFC02
:1003D00000F064BD207907280AD0C0F08C8009287D
:1003E00032D01BD30B285BD044D30C286ED082E0D4
:1003F000A51C0622290014F1080001F0A1FEF1203D
:100400000390002002900F2001900E2000900E23F8
:1004100000220321280002F03BFC6CE0A51C062210
:10042000290014F1080001F08BFEF1200390002058
:100430000290142001901220009012230022042127
:10044000280002F025FC56E0A51C0622290014F124
:10045000080001F075FEF1200390002002901720A3
:10046000019016200090162300220521280002F09A
:100470000FFC40E0A51C0622290014F1080001F041
:100480005FFEF1200390002002901B2001901920B4
:100490000090192300220621280002F0F9FB2AE02F
:1004A000A51C0622290014F1080001F049FEF120E4
:1004B000039000200290202001901D2000901D2319
:1004C00000220721280002F0E3FB14E0A51C06220D
:1004D000290014F1080001F033FE002003900020F1
:1004E0000290232001902320009023230022082142
:1004F000280002F0CDFB00F0D1BC20790E2802D0FC
:100500000F2840D07EE0E078002802D001281FD0DC
:1005100038E0A61C0622310014F1080001F010FE9C
:10052000DFF89059F220039015F10C0002900F2093
:1005300001900E2000900E23E278521CD2B20321CB
:10054000300002F0A5FBDFF874094078E86019E09C
:10055000A51C0622290014F1080001F0F1FDF0208D
:100560000390002002902620019026200090262350
:1005700000220921280002F08BFB0120DFF83C1942
:100580000870FFE73EE0E078002802D001281FD085
:1005900038E0A61C0622310014F1080001F0D0FD5D
:1005A000DFF81059F220039015F10C0002900F2093
:1005B00001900F2000900F23E278521CD2B2032149
:1005C000300002F065FBDFF8F4084068E86019E0ED
:1005D000A51C0622290014F1080001F0B1FDF0204D
:1005E00003900020029026200190262000902623D0
:1005F00000220921280002F04BFB0120DFF8BC1883
:100600000870FFE700F04ABC2079122806D0C0F03D
:10061000AE80142800F08E8046D3A8E0E078002851
:1006200002D001281FD03EE0A61C0622310014F1A2
:10063000080001F085FDDFF87C58F220039015F1E9
:100640000C00029014200190122000901223E278F6
:10065000521CD2B20421300002F01AFBDFF85C0811
:10066000406AE8601FE0A51C0622290014F108007A
:1006700001F066FDF02003900020029026200190FA
:1006800026200090262300220921280002F000FBEA
:10069000DFF8A81BDFF81C08C068088002220120D0
:1006A00003F03AF8FFE762E0E078002802D0012882
:1006B0001FD03EE0A61C0622310014F1080001F014
:1006C0003FFDDFF8F057F220039015F10C00029087
:1006D00014200190122000901323E278521CD2B211
:1006E0000421300002F0D4FADFF8D007806AE86015
:1006F0001FE0A51C0622290014F1080001F020FDCE
:10070000F0200390002002902620019026200090E7
:10071000262300220921280002F0BAFADFF81C1B68
:10072000DFF89007C06808800222022002F0F4FF80
:10073000FFE71CE0A51C0622290014F1080001F0C7
:10074000FFFCF0200390002002902620019026203C
:100750000090262300220921280002F099FADFF8F0
:10076000DC1A002008800222032002F0D5FF95E366
:100770002079162802D0172840D07FE0E0780028A2
:1007800002D001281FD038E0A61C0622310014F147
:10079000080001F0D5FCDFF81C57F220039015F19A
:1007A0000C00029017200190162000901623E2788A
:1007B000521CD2B20521300002F06AFADFF8FC06C2
:1007C000C069E86019E0A51C0622290014F10800A0
:1007D00001F0B6FCF020039000200290262001904A
:1007E00026200090262300220921280002F050FA3A
:1007F0000120DFF8C8160870FFE73FE0E078002826
:1008000002D001281FD038E0A61C0622310014F1C6
:10081000080001F095FCDFF89C56F220039015F1DA
:100820000C00029017200190162000901723E27808
:10083000521CD2B20521300002F02AFADFF87C0601
:10084000006AE86019E0A51C0622290014F10800DE
:1008500001F076FCF0200390002002902620019009
:1008600026200090262300220921280002F010FAF9
:100870000120DFF848160870FFE7FFE70EE3207954
:10088000192806D0C0F0C8801B2800F0858043D30B
:10089000C2E0E078002802D0012822D03BE0A71C6B
:1008A0000622390014F1080001F04AFCDFF8045672
:1008B00015F10C06F220039002961B2001901920DE
:1008C00000901923E278521CD2B20621380002F0BF
:1008D000DFF9DFF86C090078E860DFF8E0054663CF
:1008E00019E0A51C0622290014F1080001F028FCDB
:1008F000F0200390002002902620019026200090F6
:10090000262300220921280002F0C2F90120DFF885
:10091000AC150870FFE77FE0E078002802D00128DE
:100920001FD038E0A61C0622310014F1080001F0A7
:1009300007FCDFF88055F220039015F10C000290BF
:100940001B200190192000901A23E278521CD2B289
:100950000621300002F09CF9DFF86005C06AE8600B
:1009600019E0A51C0622290014F1080001F0E8FB9B
:10097000F020039000200290262001902620009075
:10098000262300220921280002F082F90120DFF845
:100990002C150870FFE73FE0E078002802D001281E
:1009A0001FD038E0A61C0622310014F1080001F027
:1009B000C7FBDFF80055F220039015F10C00029000
:1009C0001B200190192000901B23E278521CD2B208
:1009D0000621300002F05CF9DFF8E004006BE8600B
:1009E00019E0A51C0622290014F1080001F0A8FB5B
:1009F000F0200390002002902620019026200090F5
:100A0000262300220921280002F042F90120DFF804
:100A1000AC140870FFE7FFE740E220791D2809D0F9
:100A2000C0F004811F2800F0858043D3202800F007
:100A3000C080FBE0E078002802D001281FD038E019
:100A4000A61C0622310014F1080001F079FBDFF842
:100A50006454F220039015F10C00029020200190C4
:100A60001D2000901D23E278521CD2B207213000D5
:100A700002F00EF9DFF84404806BE86019E0A51C71
:100A80000622290014F1080001F05AFBF02003901F
:100A9000002002902620019026200090262300228C
:100AA0000921280002F0F4F80120DFF81014087082
:100AB000FFE7BBE0E078002802D001281FD038E033
:100AC000A61C0622310014F1080001F039FBDFF802
:100AD000E453F220039015F10C00029020200190C5
:100AE0001D2000901E23E278521CD2B20721300054
:100AF00002F0CEF8DFF8C403C06BE86019E0A51C73
:100B00000622290014F1080001F01AFBF0200390DE
:100B1000002002902620019026200090262300220B
:100B20000921280002F0B4F80120DFF890130870C2
:100B3000FFE77BE0E078002802D001281FD037E0F3
:100B4000A61C0622310014F1080001F0F9FADFF8C2
:100B50006453F220039015F10C00029020200190C4
:100B60001D2000901F23E278521CD2B207213000D2
:100B700002F08EF8DFF84403006CE86018E0A51C72
:100B80000622290014F1080001F0DAFAF02003909F
:100B9000002002902620019026200090262300228B
:100BA0000921280002F074F80120C4490870FFE709
:100BB0003CE0E078002802D001281DD035E0A61CDA
:100BC0000622310014F1080001F0BAFAB94DF22002
:100BD000039015F10C000290202001901D20009040
:100BE0002023E278521CD2B20721300002F050F8E4
:100BF000B248406CE86018E0A51C0622290014F1F8
:100C0000080001F09DFAF0200390002002902620B9
:100C1000019026200090262300220921280002F0BE
:100C200037F80120A5490870FFE7FFE736E1207A91
:100C300003280AD0C0F03181052838D0C0F02A81BD
:100C4000072800F0B28069D327E1322001F0CAFC06
:100C500003209A490870A07A0E2802D00F2809D0E4
:100C600024E0DFF8480941789248C068C0B203F038
:100C70002AFE1BE000200100C9B20B290FDADFF8C1
:100C800030190200D2B251F822108A4AD268914239
:100C900003D1DFF81819487001E0401CEBE7DFF8DA
:100CA0000C094178007803F00EFEFFE7F5E0834D74
:100CB00003202870322001F095FCA07A162802D07B
:100CC000172815D029E0287A04F012F800EE100A4F
:100CD000DFF8E008D0ED060A764890ED031AB8EE8A
:100CE000C11AB8EE400A81EE000A02F0BBFD14E022
:100CF000687A03F0FDFF00EE100A6E48D0ED030A9B
:100D0000F8EEE00AB8EE400AC0EE800ADFF8A40868
:100D100090ED050A02F0A6FDFFE7BEE0674D032057
:100D20002870322001F05EFCA07A192804D03BD351
:100D30001B2823D00CD337E0DFF80405D0ED020ADE
:100D400090ED010A5B48C068C0B202F041FE2BE0A2
:100D5000A87A03F0CDFF00EE100ADFF8E40455494D
:100D6000D1ED030AF8EEE00AB8EE400AC0EE800AC0
:100D700090ED010A007802F02BFE15E0A87A03F04E
:100D8000B7FF00EE100ADFF8B804D0ED020A4949B7
:100D900091ED031AB8EEC11AB8EE400A81EE000ACE
:100DA000007802F015FEFFE777E0444D032028703D
:100DB000322001F017FCA07A1D2806D069D31F2825
:100DC00035D01BD320284BD063E0E87A03F090FFA6
:100DD00000EE100ADFF8E007D0ED031A90ED021ADA
:100DE000D0ED010A334890ED032AB8EEC22AB8EEDE
:100DF000400A82EE000A02F0ABFE4AE0E87A03F015
:100E000077FF00EE100ADFF8B007D0ED031A90ED7F
:100E1000021A2849D1ED030AF8EEE00AB8EE400ABA
:100E2000C0EE800A90ED000A02F092FE31E0E87A0E
:100E300003F05EFF00EE100ADFF87C07D0ED031A26
:100E40001C49D1ED030AF8EEE00AB8EE400A80EE44
:100E5000801AD0ED010A90ED000A02F079FE18E048
:100E6000E87A03F045FF00EE100ADFF84C0711495D
:100E7000D1ED030AF8EEE00AB8EE400AC0EE801A9F
:100E800090ED021AD0ED010A90ED000A02F060FE2A
:100E9000FFE702E002F030FCFFE7FFE705B0F0BD3E
:100EA000000800480004004864280020BC280020F6
:100EB00020280020D8270020000000207C000020EF
:100EC00010B5DFF8F836987800280ED002281ED02A
:100ED0000CD3042876D027D3062800F0E280C0F097
:100EE000AD80072800F03581A6E1A5E1DFF8D00646
:100EF000DFF8D016CA68825C521CCB68C254CA683C
:100F0000825C3A2A02DB3022C968425494E1587963
:100F10001979884202D21879401E1871F1220021F5
:100F2000981C01F092FE87E1D87800280CD15879FE
:100F30001979884202D21879401E1871F1220021D5
:100F4000981C01F082FE3CE018790E2802D00F2890
:100F500012D036E0D878002802D0012801D00AE06B
:100F600009E0DFF86006C168B1F5807F02DAC16888
:100F7000491CC160FFE724E0D878002802D001288E
:100F800001D01EE01DE000210800C0B20B2817DAD6
:100F9000DFF81C26DFF82C060B00DBB252F82330FA
:100FA000C468A3420AD10B00DBB20A2B06DA0B009D
:100FB000DBB202EB83025268C26001E0491CE3E746
:100FC000FFE739E1D87800280CD15879197988429F
:100FD00002D21879401E1871F1220021981C01F0EC
:100FE00034FE2AE01879122804D026D3142824D0FD
:100FF00011D322E0D878002802D0012801D009E0DE
:1010000008E0DFF8C005C168642902D14FF47A71A5
:10101000C160FFE711E0D878002802D0012801D094
:101020000AE009E0DFF89C05C168B1F57A7F02D1DA
:1010300042F21071C160FFE7FFE7FDE0D8780028B9
:101040000CD158791979884202D21879401E18714A
:10105000F1220021981C01F0F8FD21E018791628F2
:1010600002D017280ED01BE0D878002802D0012823
:1010700001D006E005E0DFF84C05C168491CC160FD
:10108000FFE70DE0D878002802D0012801D006E063
:1010900005E0DFF83005C168491CC160FFE7FFE7E4
:1010A000CAE0D87800280CD158791979884202D240
:1010B0001879401E1871F1220021981C01F0C5FD1D
:1010C00046E01879192804D042D31B282CD013D31A
:1010D0003EE0D878002802D0012801D00BE00AE0D9
:1010E000DFF8E014C868002802D10120C86001E0E0
:1010F0000020C860FFE72BE0D878002802D0012844
:1011000001D010E00FE0DFF82C0B807A03F0F0FD47
:10111000DFF8B024D36864214843834202D2D06808
:10112000401CD060FFE713E0D878002802D00128E7
:1011300001D00CE00BE0DFF88C04C168DFF8F42A82
:10114000D26A914202DAC168491CC160FFE7FFE739
:1011500072E0D87800280CD158791979884202D2E7
:101160001879401E1871F1220021981C01F06DFDC4
:1011700061E018791D2806D05DD31F282FD01AD31F
:10118000202844D057E0D878002802D0012801D088
:1011900010E00FE0DFF89C0AC07A03F0A9FDDFF849
:1011A0002424D36864214843834202D2D068401C7F
:1011B000D060FFE73FE0D878002802D0012801D0B6
:1011C0000CE00BE0DFF8FC03C168DFF8682A926BE3
:1011D000914202DAC168491CC160FFE72BE0D87870
:1011E000002802D0012801D010E00FE0DFF8440A07
:1011F000C07A03F07DFDDFF8CC23D368502148434B
:10120000834202D2D068401CD060FFE713E0D87858
:10121000002802D0012801D00CE00BE0DFF8A40385
:10122000C168DFF8102A126C914202DAC168491CC9
:10123000C160FFE7FFE7FFE710BD0000AE28002018
:101240004C28002010B5DFF87433987800280ED0B1
:1012500002281ED00CD3042876D027D3062800F00D
:10126000DF80C0F0AC80072800F02F819CE19BE17B
:10127000DFF84C03DFF84C13CA68825C521ECB685F
:10128000C254CA68825C302A02DA3922C9684254E0
:101290008AE118799979884202D21879401C18712C
:1012A000F1220021981C01F0D0FC7DE1D8780028C3
:1012B0000CD118799979884202D21879401C18719A
:1012C000F1220021981C01F0C0FC3CE018790E28A6
:1012D00002D00F2811D036E0D878002802D001289B
:1012E00001D009E008E0DFF8DC02C168012902DB77
:1012F000C168491EC160FFE725E0D878002802D008
:10130000012801D01FE01EE00A221000C0B2002810
:1013100018D0DFF89C32DFF8AC121000C0B253F8DE
:101320002000CC68A0420BD11000C0B2002807D02A
:101330001000C0B203EB800050F8040CC86001E05C
:10134000521EE2E7FFE72FE1D87800280CD1187988
:101350009979884202D21879401C1871F122002133
:10136000981C01F072FC29E01879122804D025D3CA
:10137000142823D010D321E0D878002802D00128E7
:1013800001D008E007E08F48C168B1F57A7F01D14C
:101390006421C160FFE711E0D878002802D001285D
:1013A00001D00AE009E08748C16842F21072914218
:1013B00002D14FF47A71C160FFE7FFE7F4E0D8781B
:1013C00000280CD118799979884202D21879401CEA
:1013D0001871F1220021981C01F037FC1FE01879E8
:1013E000162802D017280DD019E0D878002802D08E
:1013F000012801D005E004E07248C168491EC160BF
:10140000FFE70CE0D878002802D0012801D005E0E1
:1014100004E06C48C168491EC160FFE7FFE7C3E014
:10142000D87800280CD118799979884202D2187995
:10143000401C1871F1220021981C01F006FC43E0C9
:101440001879192804D03FD31B2826D012D33BE0AB
:10145000D878002802D0012801D00AE009E05949D3
:10146000C868002802D10120C86001E00020C860DF
:10147000FFE729E0D878002802D0012801D00BE04E
:101480000AE05048DFF8AC17096BC268914202DAF3
:10149000C168491EC160FFE716E0D878002802D075
:1014A000012801D00FE00EE0DFF88807807A03F012
:1014B0001FFC444A00214843D168884202D2D068C8
:1014C000401ED060FFE7FFE76EE0D87800280CD11F
:1014D00018799979884202D21879401C1871F12242
:1014E0000021981C01F0B1FB5DE018791D2806D0A1
:1014F00059D31F282DD015D320283DD053E0D878BC
:10150000002802D0012801D00BE00AE02D48DFF8C6
:101510002417C96BC268914202DAC168491EC160D2
:10152000FFE740E0D878002802D0012801D00FE082
:101530000EE0DFF80007C07A03F0DAFB214A002151
:101540004843D168884202D2D068401ED060FFE78D
:1015500029E0D878002802D0012801D00BE00AE069
:101560001848DFF8D016496CC268914202DAC168A7
:10157000491EC160FFE716E0D878002802D0012894
:1015800001D00FE00EE0DFF8AC06C07A03F0B0FB4C
:101590000C4A00214843D168884202D2D068401EDC
:1015A000D060FFE7FFE7FFE710BD0000340C00202C
:1015B000BC0600209C270020302800202028002086
:1015C00000000020D82700207FB5DFF86C46A07807
:1015D000002814D0022816D012D3042800F08980E5
:1015E00014D3062800F08481C0F00F81082800F091
:1015F0000B83C0F02882092800F00D8318E317E35D
:101600000020A07014E30020A07011E320790E28C0
:1016100002D00F2836D06BE0E078002802D00128F5
:1016200016D02EE0A51CF1200390002002900C2083
:10163000019007200090072300220221280001F0DA
:1016400027FB0622290014F1080000F079FD18E0BC
:10165000A51C0622290014F1080000F071FDF120FC
:101660000390DFF8D80502900F2001900E20009023
:101670000E23E078421ED2B20321280001F008FBBD
:10168000FFE735E0E078002802D0012816D02EE0F0
:10169000A51CF1200390002002900C20019007204F
:1016A0000090072300220221280001F0F1FA06220F
:1016B000290014F1080000F043FD18E0A51C0622E3
:1016C000290014F1080000F03BFDF1200390DFF841
:1016D000700502900F2001900E2000900F23E078FB
:1016E000421ED2B20321280001F0D2FAFFE7FFE741
:1016F0009EE22079122805D0C0F0868014286DD093
:1017000036D381E0E078002802D0012816D02EE000
:10171000A51CF1200390002002900C2001900720CE
:101720000090082300220221280001F0B1FA0622CD
:10173000290014F1080000F003FD18E0A51C0622A2
:10174000290014F1080000F0FBFCF1200390DFF801
:10175000F404029014200190122000901223E078EB
:10176000421ED2B20421280001F092FAFFE74BE0BA
:10177000E078002802D0012816D02EE0A51CF12028
:101780000390002002900C20019007200090082375
:1017900000220221280001F07BFA0622290014F120
:1017A000080000F0CDFC18E0A51C0622290014F169
:1017B000080000F0C5FCF1200390DFF88C040290D3
:1017C00014200190122000901323E078421ED2B220
:1017D0000421280001F05CFAFFE715E0A51CF120C8
:1017E0000390002002900C20019007200090082315
:1017F00000220221280001F04BFA0622290014F1F0
:10180000080000F09DFCFFE712E22079162802D0C4
:10181000172836D06BE0E078002802D0012816D0D7
:101820002EE0A51CF1200390002002900C200190D6
:1018300007200090092300220221280001F028FA45
:101840000622290014F1080000F07AFC18E0A51C1B
:101850000622290014F1080000F072FCF120039028
:10186000DFF8E8030290172001901620009016235D
:10187000E078421ED2B20521280001F009FAFFE704
:1018800035E0E078002802D0012816D02EE0A51C13
:10189000F1200390002002900C200190072000907E
:1018A000092300220221280001F0F2F90622290072
:1018B00014F1080000F044FC18E0A51C06222900E1
:1018C00014F1080000F03CFCF1200390DFF88003E5
:1018D000029017200190162000901723E078421EF6
:1018E000D2B20521280001F0D3F9FFE7FFE79FE11D
:1018F0002079192805D0C0F0A5801B286DD037D3DA
:10190000A0E0E078002802D0012816D02FE0A51C26
:10191000F1200390002002900C20019007200090FD
:101920000A2300220221280001F0B2F90622290030
:1019300014F1080000F004FC19E0A51C062229009F
:1019400014F1080000F0FCFBC24EF1200390029657
:101950001B200190192000901923E078421ED2B27A
:101960000621280001F094F9B2484663FFE769E0D8
:10197000E078002802D0012816D02DE0A51CF12027
:101980000390002002900C200190072000900A2371
:1019900000220221280001F07BF90622290014F11F
:1019A000080000F0CDFB17E0A51C0622290014F169
:1019B000080000F0C5FBF1200390A74802901B200F
:1019C0000190192000901A23E078421ED2B206211D
:1019D000280001F05DF9FFE734E0E078002802D04C
:1019E000012816D02DE0A51CF120039000200290C4
:1019F0000C200190072000900A23002202212800D9
:101A000001F046F90622290014F1080000F098FBC5
:101A100017E0A51C0622290014F1080000F090FB35
:101A2000F12003908D4802901B2001901920009016
:101A30001B23E078421ED2B20621280001F028F9CB
:101A4000FFE7FFE7F4E020791D2808D0C0F0DB8035
:101A50001F286ED038D3202800F0A080D3E0E07893
:101A6000002802D0012816D02DE0A51CF1200390FB
:101A7000002002900C200190072000900B230022F0
:101A80000221280001F004F90622290014F10800BF
:101A900000F056FB17E0A51C0622290014F10800EF
:101AA00000F04EFBF12003906D4802902020019041
:101AB0001D2000901D23E078421ED2B2072128008D
:101AC00001F0E6F8FFE79EE0E078002802D0012868
:101AD00016D02DE0A51CF1200390002002900C20D0
:101AE0000190072000900B2300220221280001F022
:101AF000CFF80622290014F1080000F021FB17E0BE
:101B0000A51C0622290014F1080000F019FBF120A1
:101B1000039054480290202001901D2000901E2325
:101B2000E078421ED2B20721280001F0B1F8FFE7A9
:101B300069E0E078002802D0012816D02DE0A51C2D
:101B4000F1200390002002900C20019007200090CB
:101B50000B2300220221280001F09AF80622290016
:101B600014F1080000F0ECFA17E0A51C0622290089
:101B700014F1080000F0E4FAF12003903A480290D2
:101B8000202001901D2000901F23E078421ED2B239
:101B90000721280001F07CF8FFE734E0E078002816
:101BA00002D0012816D02DE0A51CF12003900020C2
:101BB00002900C200190072000900B2300220221AC
:101BC000280001F065F80622290014F1080000F051
:101BD000B7FA17E0A51C0622290014F1080000F04E
:101BE000AFFAF120039021480290202001901D209F
:101BF00000902023E078421ED2B20721280001F095
:101C000047F8FFE7FFE713E0062214F10801A01CE4
:101C100000F096FA0CE0074D2878022807D006223B
:101C200014F10801A01C00F08BFA00202870FFE7D7
:101C30007FBD00007C000020202800207D000020C7
:101C400080000020A0000020A400002098000020B8
:101C50009C0000204C280020A8000020AC000020A0
:101C6000B4000020B8000020BC000020C00000200C
:101C7000F8B4030000250868E840002800F0D78089
:101C800001260F6816FA05F007403A00002A00F016
:101C9000CC80087910F00300012804D0087910F0F6
:101CA000030002281DD19F685FF0030C2800C0B21A
:101CB00040001CFA00FC37EA0C07D1F80CC02800E1
:101CC000C0B240001CFA00FC5CEA07079F6058683D
:101CD000AE40B0434E68C6F30016AE403043040039
:101CE0005C60087910F0030003280ED0DE6803273B
:101CF0002800C0B240008740BE438F682800C0B2B1
:101D0000400087403E433400DC60087910F0030057
:101D1000022818D12800C00803EB8000066A0F27AC
:101D200015F00700C0B280008740BE430F6915F070
:101D30000700C0B2800087403E4334002800C0083E
:101D400003EB800004621E6803272800C0B2400035
:101D50008740BE430F7917F003072800C0B2400048
:101D600087403E4334001C60486810F4403F5CD01C
:101D70009548066856F001060660006810F00100FC
:101D800000900098914F2800800857F820605FF07D
:101D90000F0C15F00300C0B280001CFA00FC36EAFC
:101DA0000C06B3F1904F01D1002414E0884883421F
:101DB00001D101240FE08748834201D102240AE0C7
:101DC0008548834201D1032405E08448834201D140
:101DD000042400E0072415F00300C0B28000844012
:101DE00026432800800847F820607D4C20689043F7
:101DF0004F68FF0200D5104320607A4E3468944348
:101E00004F68BF0200D514433460774E306890436A
:101E10004F68BF0300D510433060744E346894435C
:101E20004F68FF0300D5144334606D1C23E7F1BCF9
:101E300070472DE9F041030000250800E840002824
:101E400000F0A880012616FA05F008400200002ADA
:101E500000F09E80DFF874C1280080085CF8200044
:101E60000F2715F0030E5FFA8EFE5FEA8E0E17FA4B
:101E70000EFE1EEA00000400B3F1904F02D15FF0A5
:101E8000000E19E05248834202D15FF0010E13E0C8
:101E90005048834202D15FF0020E0DE04E4883426B
:101EA00002D15FF0030E07E04C48834202D15FF09D
:101EB000040E01E05FF0070E15F00300C0B28000D1
:101EC0001EFA00FE74452CD14848D0F800E03EEAE6
:101ED000020EC0F800E04448D0F800E03EEA020EEE
:101EE000C0F800E03F48D0F800E03EEA020EC0F83B
:101EF00000E03B48D0F800E03EEA020EC0F800E007
:101F000015F00300C0B2800017FA00F004002800AA
:101F100080085CF82000A043AE465FEA9E0E4CF8B5
:101F20002E005FF0030C1868AE465FFA8EFE5FEA83
:101F30004E0E1CFA0EFE5EEA000018602800C00873
:101F400003EB800E2800C00803EB8000D0F820804F
:101F500015F00700C0B28000874038EA0707CEF8C6
:101F6000207098682F00FFB27F001CFA07F7B84373
:101F700098605868AE4030EA06065E60DE68280069
:101F8000C0B240001CFA00FC36EA0C0CC3F80CC0CE
:101F90006D1C52E7BDE8F081020010690B009BB296
:101FA000184201D0012000E00020C0B270471300A9
:101FB000DBB2002B03D00B009BB2836102E00B006D
:101FC0009BB283627047000060100240080001402D
:101FD0000004004800080048000C004800100048B9
:101FE000080401400C0401400404014000040140C5
:101FF00038B504000D00DFF8FC010168200000F096
:1020000006F8A84201D3012000E0002032BD814241
:1020100004D25FF0FF32101A081800E0081A704767
:1020200038B52DED048B08EE100A0C001500DFED1D
:10203000438A2800C0B2FB2810DBB8EEC89A2800FB
:10204000C0B24042C0B200F08BF829EE009A0021E5
:102050002000B0EE490A00F0B1F80EE0B8EEC89AE0
:102060002800C0B200F07CF889EE009A2900C9B2BD
:102070002000B0EE490A00F0A1F8BDEC048B31BDA0
:1020800010B400210A00838892B29A4206D200223C
:1020900003680C00A4B21A55491CF3E700228280A1
:1020A00010BC704710B4040013005A1E9BB2002BE2
:1020B00002D02170641CF7E710BC704770B50400B3
:1020C0000D001600DFF8240100782100C9B2884213
:1020D00009D3DFF824211068002804D0310089B228
:1020E00028001268904770BD38B504000D00280024
:1020F00003F004F8020092B229002000C0B2FFF7FA
:10210000DDFF31BD70B504000D00280002F0F6FFC0
:10211000020092B229002000C0B2FFF7CFFFDFF823
:10212000DC603068002807D0280002F0E7FF0100DB
:1021300089B228003268904770BD0000000000009E
:1021400030B404000D0013005A1E9BB2002B04D0C3
:102150002B7823706D1C641CF5E730BC70470000C1
:1021600010B504002000C0B2FB2816DB2000C0B26E
:10217000D0F5807002F0FAFF41EC110B9FED200BBF
:1021800003F00DF853EC102B0020194903F010F860
:1021900003F032F900EE100A0FE02000C0B203F0A5
:1021A0005FF941EC110B9FED160B02F0F8FF51ECBB
:1021B000100B03F021F900EE100A10BD38B52DED1B
:1021C000028B82B0B0EE408A04000D0018EE100AB7
:1021D00003F054F9CDE900012A000B49200003F077
:1021E00071F902B0BDEC028B31BD0000380C00204B
:1021F0000000F03F9C280020A4280020A0280020F8
:10220000000000000000244000F8000880B5002213
:102210004FF40071DFF8800BFFF7C9FE00224FF486
:1022200000715FF09040FFF7C2FE03F06BF9DFF83A
:102230006C0BDFF86C1B4163DFF8681B421CC1F8B4
:102240005821021DC1F8702110F114020A62027AAD
:1022500081F8252010F118028A63427A81F83D2026
:1022600010F10C02C1F8A021027A81F8A52110F129
:102270002402C1F8B821027A81F8BD2110F12802A8
:10228000C1F8D021027A81F8D52110F11C02C1F8E1
:102290001822027A81F81D2210F12002C1F83022A2
:1022A000427A81F8352210F12C02C1F87822827A24
:1022B00081F87D2210F13002C1F89022827A81F8F3
:1022C000952210F13802C1F8C022C27A81F8C522E5
:1022D00010F13C02C1F8D822C27A81F8DD2210F157
:1022E0004002C1F8F022C27A81F8F52210F14402CE
:1022F000C1F80823C07A81F80D03DFF8B40A00683A
:10230000C1F85003DFF8AC0A0068C1F8800301BDD2
:1023100038B5002000242000C0B2072835DADFF8E5
:10232000985A2000C0B200012844407801282AD1E0
:102330002000C0B200012844406800280ED003F0FD
:1023400039F92100C9B2090129444968401A21001C
:10235000C9B2090129448968884214D300202100A8
:10236000C9B209012944487003F024F92100C9B217
:102370000901294448602000C0B22100C9B2090106
:102380002944C9688847641CC5E7002032BD38B5B8
:102390000400DFF8285A687800281FD100224FF483
:1023A0000071DFF8F409FFF702FE00224FF400711C
:1023B0005FF09040FFF7FBFD03F0A4F88920009048
:1023C000202307220521DFF8F80903F0F9F801209E
:1023D00068700221DFF8E00903F03AFA012032BD0B
:1023E0007CB50400DFF8DC592878002803D00228E7
:1023F00023D003D33DE003F055FA3AE003F0C8FAE6
:1024000089200090202307220521DFF8B40903F07A
:10241000D7F8DFF8B42903212C2003F0EBF9DFF81B
:10242000AC290421082003F0E5F903F00EFB41F28A
:102430008830DFF8841988611BE00120DFF87C19FF
:10244000487089200090202307220521DFF87009B9
:1024500003F0B6F8DFF860690221300003F0F8F904
:102460000321300003F0F4F90421300003F0F0F907
:10247000FFE72878401C28702100C9B2DFF838092E
:1024800003F0F5F9012076BD70B5040000F0BCF84A
:10249000DFF828596878012803D1A87800F0ACFB50
:1024A00004E00021DFF8100903F0D2F9DFF8200979
:1024B000A9780278914207D0A9780170DFF8140951
:1024C0000068DFF814190860A8780A2812D1DFF82C
:1024D00008694FF4FA613068FFF78AFD012809D1D5
:1024E000DFF8F00800683060062215F10801A81C2A
:1024F000FFF726FE2100C9B2DFF8BC0803F0B7F9E8
:10250000012070BD10B50400DFF8D018DFF8D00846
:102510000069FFF76DFD012827D1DFF8C8080178B1
:10252000012905D1002101700020DFF89018887082
:10253000DFF8B4080188491C018042F21071DFF80D
:1025400078282300DBB21B011A449268B1FBF2F138
:1025500002888A420DD300210180DFF86018887854
:10256000002806D00020887003E00120DFF87418EE
:1025700008702100C9B2DFF8400803F078F90120A3
:1025800010BD38B50400FDF71AFEDFF85458287A5C
:10259000012808D10521DFF8200803F059F9DFF8F8
:1025A0003408006828612100C9B2DFF80C0803F084
:1025B0005EF9012032BD10B50400FDF7E7FDDFF83C
:1025C00020080021017000210172012010BD10B50A
:1025D000040000224FF40051DFF8BC07FFF7E7FCCE
:1025E000012010BD10B5040001224FF40051DFF8A6
:1025F000A807FFF7DCFCDFF8C007210089B281667D
:10260000062103F034F910BD38B5DFF89047DFF844
:10261000DC07616B097850F82100DFF88817C1F8F2
:102620006002DFF8CC0701786170DFF8C8174078E6
:1026300051F820006060207A02F05AFB00EE100A88
:10264000DFF8B457B8EE400AD5ED010A20EE200AB3
:10265000BDEEC00A84ED030A607A02F049FB00EE89
:10266000100AB8EE400AD5ED020A20EE200ABDEEAF
:10267000C00A84ED040A207A02F03AFB00EE100A48
:10268000B8EE400AD5ED030A20EE200ABDEEC00ADE
:1026900084ED050A607A02F02BFB00EE100AB8EE1A
:1026A000400AD5ED040A20EE200ABDEEC00A84EDF2
:1026B000060A207A02F01CFB00EE100AB8EE400A6F
:1026C000D5ED050A20EE200ABDEEC00A84ED070A0A
:1026D000607A02F00DFB00EE100AB8EE400AD5ED6C
:1026E000060A20EE200ABDEEC00A84ED080AA07A90
:1026F00002F0FEFA00EE100ADFF8A456B8EE400A27
:10270000D5ED020A20EE200ABDEEC00A84ED0B0AC8
:10271000A07A02F0EDFA00EE100AB8EE400AD5ED0C
:10272000010A20EE200ABDEEC00A84ED0C0AE07A10
:1027300002F0DEFA00EE100ADFF8C056B8EE400AEA
:10274000D5ED000A20EE200ABDEEC00A84ED0E0A87
:10275000E07A02F0CDFA00EE100AB8EE400AD5EDAC
:10276000010A20EE200ABDEEC00A84ED0F0AE07ACD
:1027700002F0BEFA00EE100AB8EE400AD5ED020AE9
:1027800020EE200ABDEEC00A84ED100AE07A02F0C5
:10279000AFFA00EE100AB8EE400AD5ED030A20EEBB
:1027A000200ABDEEC00A84ED110A31BD2DE9F84FB3
:1027B0008AB006002021002202AC200003F0B2F90A
:1027C0000024002500208DF8050000208DF806006B
:1027D0001827DFF8D0853000C0B27843404490F825
:1027E00015903000C0B2784340444068002842D081
:1027F00001213000C0B200F0A9F900280ED130004C
:10280000C0B27843404442683000C0B2784340448C
:10281000017D4846C0B202F0EDFF1EE05FF0000A05
:102820003000C0B278434044406802F067FC514633
:10283000C9B2814207D2202002A95246D2B288549E
:102840001AF1010AECE702AA3000C0B27843404412
:10285000017D4846C0B202F0CDFF3000C0B27843DF
:102860004044406802F04AFCDFF894150979491C9D
:10287000484310FA89F93000C0B278434044806878
:10288000002800F03A813000C0B278434044007B19
:1028900000280BD002281ED012D3042830D024D315
:1028A000062845D036D307283ED044E03000C0B2D9
:1028B0007843404480680078002104000D003AE02D
:1028C0003000C0B278434044806890F90000C117DE
:1028D00004000D002FE03000C0B27843404480680F
:1028E0000088002104000D0025E03000C0B27843CC
:1028F00040448068B0F90000C11704000D001AE0E0
:102900003000C0B278434044806800680021040071
:102910000D0010E03000C0B2784340448068006889
:10292000C11704000D0006E001208DF8050002E04B
:1029300002208DF805009DF8050000280CD130001C
:10294000C0B278434044407B40420200D2B202A968
:102950002000FFF765FB26E09DF8050001281AD14D
:102960003000C0B278434044806802F0C7FB2028A2
:1029700019D23000C0B278434044806802F0BEFBF8
:10298000020092B23000C0B278434044816802A88D
:10299000FFF7D6FB07E03000C0B2784340448068C0
:1029A00000788DF8080002213000C0B200F0CEF8A7
:1029B000012823D13000C0B278434044807DC0B2AA
:1029C00000098DF806009DF806000F2805D020208C
:1029D00002A99DF80620885410E05FF0000A02A8C2
:1029E00002F08CFB5146C9B2814207D2202002A9D5
:1029F0005246D2B288541AF1010AF0E73000C0B250
:102A000001285ED15FF0000A00208DF8040030003C
:102A1000C0B278434044407B002802D009208DF8A2
:102A20000400392000902E2315220F21DFF8D40353
:102A300003F0ACF802A802F061FB8346DFF8C003A4
:102A40000079401C00FB0BFB5846C0B2022190FBF2
:102A5000F1F01F280BDA5846C0B2022190FBF1F0CA
:102A6000D0F140009DF8041050FA81FA07E0584672
:102A7000C0B2D0F15F009DF8041050FA81FA02AAAA
:102A80003000C0B278434044007D401CC0B2DFF843
:102A900070134979D1EBC001491EC9B25046C0B28A
:102AA00003F01EFA5AFA8BF09DF80490B0EB090976
:102AB00089200090202307220521C14802F080FDD3
:102AC0001BE089200090202307220521BC4802F04A
:102AD00077FD02AA3000C0B278434044017D4846E9
:102AE000C0B202F087FE02A802F008FBC4490979CF
:102AF000491C484310FA89F081463000C0B278433F
:102B00004044006900281ED03000C0B278434044E1
:102B10008068002817D03000C0B2784340448068F5
:102B2000B94988420FD03000C0B2784340440269AE
:102B30003000C0B207FB00F708EB0700017D4846F4
:102B4000C0B202F057FE0BB0BDE8F08FF8B504003C
:102B50000D0094492200D2B21820424301EB02003A
:102B6000817D2800C0B201402800C0B281422FD12F
:102B7000A026A64F4FF496712800C0B27043384487
:102B80002200D2B250F82200FFF732FA01282AD1EF
:102B90002800C0B206FB00F607EB06002100C9B210
:102BA0008C4A126840F82120282099492A00D2B284
:102BB00042430A442300DBB22E00F6B200FB06F0CB
:102BC00008442100C9B2405CD0F10100D0540AE0B1
:102BD0008F492A00D2B22820424301EB0200210093
:102BE000C9B2002242548A49EDB22820454301EB84
:102BF0000500E4B2005DF2BD70B50400002602F0ED
:102C0000C7FE00F077F82000C0B200F07DF8200089
:102C1000C0B200F093F80025280080B2282811DA0D
:102C200060492A0092B21820424301EB0200C07DA5
:102C30002100C9B2884203D12800C0B2FFF7B6FD17
:102C40006D1CE9E702F001FF70BDF0B44271C47879
:102C500003792500EDB2AB420AD3F025514E27008F
:102C6000FFB218235F4306EB07039D75641CEFE773
:102C700018234C4C85785D4325444679AE75002970
:102C800004D0857803FB05F323449960F0BC7047BA
:102C90002DE9F84F0700884691469A460A9E0B9DFB
:102CA000DDF830B00D9C87F8008087F8019087F838
:102CB00002A0FE703D712200D2B259463800FFF7E3
:102CC000C4FFBDE8F18F10B4010000221000C0B2B3
:102CD00004280CD21000C0B2085C4E4B1400E4B2C1
:102CE0001B5D984201D0002002E0521CEEE701205B
:102CF00010BC704780B50120009008237F22082176
:102D0000002003F071F901BD10B504002000C0B22D
:102D1000002812D138480078002807D122A2214883
:102D200090F84410782002F065FD06E01FA21D48CF
:102D300090F84410782002F05DFD10BD0100C9B28A
:102D4000092924D115490978002906D002290ED075
:102D500008D3042915D00FD318E02F49114AC2F81F
:102D6000981318E02D490F4AC2F8981313E02C4924
:102D70000C4AC2F898130EE02A490A4AC2F898137E
:102D800009E02949074AC2F8981304E003E0224900
:102D9000044AC2F898137047000800487C000020DD
:102DA0004C28002028010020200000004E000000D8
:102DB00080050020C40000200C00002020280020F6
:102DC00018EC0008BD280020A0F50008B4F10008A8
:102DD000BE2800209C2800207428002080EE3600A9
:102DE000D8270020BF280020B02800202001002084
:102DF000340C0020BC0600209C2700203028002036
:102E000040280020F0E90008360C0020EC1E0020CD
:102E1000E4240020CC000020D0000020E0000020AE
:102E2000F0000020000100201001002010B5040077
:102E30000121DFF8240A02F01AFD012010BD30B58F
:102E400087B004001421002202AD280002F06AFEBF
:102E5000DFF85409D0E90023CDE9002302A800904F
:102E6000DFF848592978684600F0F0F9287868704A
:102E7000BDF80410009800F0CEFC2878002801D09E
:102E800000202870DFF8D0590221280002F0E0FC71
:102E90000321280002F0EBFC2100C9B2280002F057
:102EA000E6FC012007B030BD10B50400DFF8AC1916
:102EB0008888002810D0DFF8A80902888B889A42F9
:102EC00008D1002101800321DFF88C0902F0C0FC49
:102ED000012008E0898801802100C9B2DFF8780963
:102EE00002F0C5FC012010BD2DE9F04104000025D1
:102EF0000026DFF86879B88803283DDB3868B98890
:102F0000084410F8010C3968BA88114411F8021C01
:102F100051EA00210E00B988891E386803F0FEF8D6
:102F200005002800310080B289B288421DD10721F6
:102F3000DFF8240902F09BFC3868007806280DD1E0
:102F4000DFF86888012198F8010000F098F998F8F6
:102F50000120D7E9000100F082F913E00021DFF839
:102F60004C08407800F08BF90CE00021DFF83C08B9
:102F7000407800F084F905E00021DFF8300840785F
:102F800000F07DF9DFF82408407800F0DFF8022136
:102F9000DFF8C40802F07DFC0120BDE8F0810100EB
:102FA000DFF8FC0A0278032A01D004220270012013
:102FB000704701000120704710B50400DFF8600978
:102FC0000178012936D1DFF85C19C978012931D19E
:102FD000DFF8541991ED030AD0ED020AB4EE600A4D
:102FE000F1EE10FA08DA91ED030AD0ED010AB4EE21
:102FF000600AF1EE10FA0ED501224FF400615FF085
:103000009040FEF7D4FF01224FF480515FF09040D2
:10301000FEF7CDFF1CE000224FF400615FF090400E
:10302000FEF7C5FF00224FF480515FF09040FEF79D
:10303000BEFF0DE000224FF400615FF09040FEF70C
:10304000B6FF00224FF480515FF09040FEF7AFFFD3
:10305000DFF804084FF47A7181662100C9B202F0EA
:1030600006FC012010BD38B50400DFF858190878B7
:1030700000281FD101200870DFF84C5901221021CF
:103080002800FEF794FF002208212800FEF78FFF9A
:1030900000220421DFF83409FEF789FF4FF4FA60BB
:1030A000DFF8B417886703F01BFA03F0C4FB03F0E2
:1030B000B3FB12E00020087001220821DFF80809A4
:1030C000FEF775FF01220421DFF80009FEF76FFF0C
:1030D0004EF66020DFF8801788672100C9B2DFF85C
:1030E000780702F0C4FB012032BD10B50400DFF800
:1030F00038180878002802D1002008770FE0DFF8A0
:10310000A4098278042A05D08278092A05D1007A98
:10311000042802D10320087701E002200877DFF8B5
:103120000408C078012804D101204877012088775D
:1031300003E000204877002088772100C9B2DFF83B
:10314000180702F094FB012010BD000038B52DEDEA
:10315000028B04009FEDB48A2000C0B200285AD12F
:10316000DFF8C45795ED010ADFEDB00A20EE200A22
:10317000BDEEC00A10EE100A00F0DCF985ED010A80
:1031800095ED010A00F044FA85ED030A95ED020A77
:1031900000F09EFA85ED040A95ED040AD5ED060AC5
:1031A00030EE200ADFF8A409D0ED020AF4EE400A5E
:1031B000F1EE10FA02D5D0ED020A0BE0D0ED030AD1
:1031C000B4EE600AF1EE10FA02D5D0ED030A01E088
:1031D000F0EE400AC5ED040AD5ED030A95ED051A97
:1031E00030EE818AD0ED000AF4EE480AF1EE10FAD2
:1031F00002D590ED000A0BE090ED010AB4EE408A92
:10320000F1EE10FA02D590ED010A01E0B0EE480AA5
:1032100085ED030AFFE7DFF810572878002807D16B
:103220000020686095ED010A00F0F2F985ED030ACF
:103230002878002807D10020A86095ED020A00F048
:1032400047FA85ED040ABDEC028B31BD38B50400A8
:103250000D002900C9B2200000F01BF831BD70B587
:1032600004000D00160020000078C0B2062805D129
:103270003200D2B22000290000F062F870BD38B5EB
:1032800004000D002900C9B22000C0B200F0D0F83F
:1032900031BD3EB504000D002800C0B2002805D0A5
:1032A000022821D00BD3032833D047E0042000901C
:1032B000002303220621200002F04EFF3EE0DFF84B
:1032C000540B818802290ED1016801918088022166
:1032D00090FBF1F080B200904FF48053062206215B
:1032E000200002F087FF29E0DFF8280B81880229FF
:1032F0000ED1016801918088022190FBF1F080B22B
:10330000009041F2040306220621200002F072FF21
:1033100014E0DFF8000B818802290ED101680191C9
:103320008088022190FBF1F080B2009042F22003ED
:1033300006220621200002F05DFFFFE737BD0000F6
:103340002DE9F84F2DED028B82B004000D0091465F
:103350000020ADF800009FED348A00264846C0B238
:10336000002803D0401E022856D958E00320ADF8AB
:10337000000002226946200000F01AFA08EE900AC6
:1033800002226946200000F013FA8046DFF89875A3
:10339000B8EE680A10EE100A02F070F882468B460A
:1033A000404602F05DF841EC110B9FEDD10B01F0AE
:1033B000F6FE53EC102B5046594601F0F9FE02F090
:1033C0001BF8786002226946200000F0F1F900EE57
:1033D000100AB0EE408A02226946200000F0E8F9A7
:1033E0000600B8EE480A10EE100A02F047F88246CE
:1033F0008B46300002F034F841EC110B9FEDBC0B12
:1034000001F0CDFE53EC102B5046594601F0D0FE92
:1034100001F0F2FFB86002E000F05BF9FFE702B0F4
:10342000BDEC028BBDE8F18F000000000000C84237
:103430000200D2B2002A032A1BD80A00D2B2012A03
:103440000ED1DFF8E424002353700123137002002F
:10345000D2B2002A0CD10122DFF8C834DA7007E0BA
:10346000DFF8C4245378032B02DA53785B1C5370C3
:10347000FFE7DFF8B4345A78002A0CD05A78032AD0
:1034800009DB00221A7000225A6000229A60002292
:10349000DFF89034DA7070472DE9F0410024250000
:1034A000EDB20A2D43DA00252E00F6B2092E3CDAE1
:1034B0002E00F6B201EB860676682F00FFB251F8B7
:1034C0002770BE422FDA00262F00FFB251F8277076
:1034D000AC465FFA8CFC01EB8C0CDCF804C0AE4609
:1034E0005FFA8EFE41F82EC0AC465FFA8CFC01EB11
:1034F0008C0CCCF80470AC465FFA8CFC50F82CC0F5
:10350000AE465FFA8EFE00EB8E0EDEF804E0A846B3
:103510005FFA88F840F828E0AE465FFA8EFE00EBCE
:103520008E0ECEF804C06D1CBEE7641CB7E7BDE884
:10353000F081000038B52DED028B04009FED948AD8
:10354000DFF83019087800282AD1012008700021FE
:103550000800C0B20A2815DA0800C0B2DFF818293E
:103560000B00DBB242F82300DFF810290800C0B2DC
:1035700052F82000002803D10800C0B242F82040D1
:10358000491CE5E7DFF8F458092300222900DFF899
:10359000E808FFF781FF95ED050AB8EEC00A30E0B4
:1035A00000200100C9B20A291EDADFF8CC18020097
:1035B000D2B251F82220092A0BD100220300DBB23B
:1035C00041F82320DFF8B4180200D2B241F82240BB
:1035D00008E00200D2B251F82220521C0300DBB2F4
:1035E00041F82320401CDCE7DFF890580923002233
:1035F0002900DFF88408FFF74FFF95ED050AB8EEC4
:10360000C00ADFED670A80EE200ABDEC028B31BDF7
:10361000F0EE400A9FED5F1A9FED5F3ADFED5C3AF6
:10362000F5EE400AF1EE10FA40D0F0EE603A9FED70
:103630005B0ADFF8700A90ED004A34EE634AB4EE9C
:10364000404AF1EE10FA08DA90ED004A33EEC44A2F
:10365000B4EE404AF1EE10FA03DB9FED520A21EE80
:10366000001ADFF8080990ED000AF0EE401ADFF8C2
:10367000001991ED000A30EE010AB0EE402A32EE58
:10368000030A82EE000AF0EE402A33EEE10AB0EEC1
:10369000614A00EE224A80ED004AB7EE000A30EEA1
:1036A000620A20EE020A81ED000A08E0DFF8C00895
:1036B0005FF07E510160DFF8B40800210160DFF89F
:1036C000AC08DFF8E01902680A6090ED000A704764
:1036D000704780B50320DFF8C81308700421DFF8B5
:1036E000780102F0D6F83220FEF77CFF01BD000021
:1036F000000000000000244080B5DFF8CC0800780E
:103700002A4908700220DFF8981308700421DFF8B6
:10371000480102F0ACF801BD2DE9F04104000D00B4
:1037200016002F00DFF8EC864046FEF7A9FC3000BB
:1037300080B2022802D004280BD01DE07878D8F897
:10374000001008703878D8F800104870A8F80460A5
:1037500015E07878D8F8001008703878D8F800109C
:103760004870F878D8F800108870B878D8F8001049
:10377000C870A8F8046002E00020A8F80400DFF890
:10378000480804700120DFF844180870BDE8F08193
:103790000000000095BFD63317B7D13801000040B4
:1037A0000000C84200007A44B8F70008B82800209A
:1037B000F0B4030000200C881500EDB2042D16D1E2
:1037C0002500ADB21D44AE782500ADB21D44ED78A4
:1037D00055EA06252600B6B29E5D2700BFB21F44FB
:1037E0007F7857EA062757EA054738000DE01500AD
:1037F000EDB2022D09D12500ADB25D5D2600B6B255
:103800001E44767856EA052630000D8855FA82F572
:103810000D80F0BC704770B504000D00DFF814692E
:1038200001224FF480513000FEF7C1FB0A2003F063
:1038300025F802F0E9FF4FF47A732A0092B22100D2
:10384000DFF8F40803F06BF800224FF480513000E9
:10385000FEF7ADFB70BD000030070020E40B002038
:10386000B62800202DE9F0412DED028B8EB0F0EE50
:10387000408AB0EE608A322100226C46200002F0BD
:1038800051F9002700240025DFF89C80C8ED058A47
:1038900088ED068A98ED050A01F01EFC060098EDF9
:1038A000060A01F019FC804668463100090E3A000C
:1038B000D2B281547F1C3100090C3A00D2B281543B
:1038C0007F1C3100090A3A00D2B281547F1C3900B2
:1038D000C9B246547F1C4146090E3A00D2B2815407
:1038E0007F1C4146090C3A00D2B281547F1C4146EC
:1038F000090A3A00D2B281547F1C3900C9B200F8DB
:1039000001807F1C3A00D2B292B26946DFF82C08DF
:1039100004F022F80EB0BDEC028BBDE8F08100008F
:103920004C280020882800209C27002070B5002407
:103930000025DFF808080078C0B2FF283AD0DFF889
:1039400000080178C9B20906DFF8F8070078C0B2AC
:1039500051EA0041DFF8F0070078C0B251EA0021D7
:10396000DFF8E8070078C0B201430C00DFF8E00799
:103970000178C9B20906DFF8DC070078C0B251EA65
:103980000041DFF8D4070078C0B251EA0021DFF827
:10399000CC070078C0B201430D00DFF8C46716F110
:1039A0001401200001F0C0FA16F11801280001F0FE
:1039B000BBFA05E0DFF8A807002141610021816121
:1039C00070BD0000C528002000040048000C00481D
:1039D0002DE9F0472DED028B8EB00400F0EE408A09
:1039E000B0EE608A322100226D46280002F09AF87B
:1039F000002500260027DFF86CA78AF800408AED32
:103A0000028ACAED018A9AED020A01F065FB80463E
:103A10009AED010A01F060FB814668469AF80010B1
:103A20002A00D2B281546D1C4146090E2A00D2B23E
:103A300081546D1C4146090C2A00D2B281546D1C80
:103A40004146090A2A00D2B281546D1C2900C9B22C
:103A500000F801806D1C4946090E2A00D2B281543B
:103A60006D1C4946090C2A00D2B281546D1C49468E
:103A7000090A2A00D2B281546D1C2900C9B200F88B
:103A800001906D1C2A00D2B292B26946DFF8D806C6
:103A900003F062FF0EB0BDEC028BBDE8F0870000C2
:103AA0007C0000202028002070B500240025DFF8CD
:103AB000B8060078C0B2FF283DD0DFF8A866DFF86E
:103AC000AC0600783070DFF8A8060178C9B20906A4
:103AD000DFF8A0060078C0B251EA0041DFF898068E
:103AE0000078C0B251EA0021DFF890060078C0B239
:103AF00001430C00DFF888060178C9B20906DFF837
:103B000084060078C0B251EA0041DFF87C060078F4
:103B1000C0B251EA0021DFF874060078C0B2014358
:103B20000D0016F10801200001F0FEF9311D2800FA
:103B300001F0FAF908E0DFF82C0600210170DFF847
:103B4000501681600021416070BD000030280020C7
:103B50002DE9F84F2DED048B8EB0F0EE409AB0EECB
:103B6000608AF0EE418AB0EE619A3221002201AC07
:103B7000200001F0D7FF5FF0000B00200090002430
:103B800000250026DFF80CA6CAED009A8AED018A0E
:103B9000CAED028A8AED039A9AED000A01F09CFAB6
:103BA00007009AED010A01F097FA80469AED020AA1
:103BB00001F092FA81469AED030A01F08DFA8246ED
:103BC00001A83900090E5A46D2B281541BF1010BEB
:103BD0003900090C5A46D2B281541BF1010B39004D
:103BE000090A5A46D2B281541BF1010B5946C9B297
:103BF00047541BF1010B4146090E5A46D2B281547B
:103C00001BF1010B4146090C5A46D2B281541BF1FB
:103C1000010B4146090A5A46D2B281541BF1010BED
:103C20005946C9B200F801801BF1010B4946090E43
:103C30005A46D2B281541BF1010B4946090C5A462F
:103C4000D2B281541BF1010B4946090A5A46D2B23D
:103C500081541BF1010B5946C9B200F801901BF1C8
:103C6000010B5146090E5A46D2B281541BF1010B89
:103C70005146090C5A46D2B281541BF1010B5146F0
:103C8000090A5A46D2B281541BF1010B5946C9B2F6
:103C900000F801A01BF1010B5A46D2B292B201A961
:103CA000DFF8F40403F058FE0EB0BDEC048BBDE861
:103CB000F18F2DE9F0410024002500260027DFF8D0
:103CC000D8040078C0B2FF2871D0DFF8D0040178A2
:103CD000C9B20906DFF8C8040078C0B251EA004151
:103CE000DFF8C0040078C0B251EA0021DFF8B80460
:103CF0000078C0B201430C00DFF8B0040178C9B20B
:103D00000906DFF8AC040078C0B251EA0041DFF8E0
:103D1000A4040078C0B251EA0021DFF89C040078C6
:103D2000C0B201430D00DFF894040178C9B209065E
:103D3000DFF88C040078C0B251EA0041DFF8840457
:103D40000078C0B251EA0021DFF87C040078C0B2EC
:103D500001430E00DFF874040178C9B20906DFF8E8
:103D600070040078C0B251EA0041DFF868040078BE
:103D7000C0B251EA0021DFF860040078C0B201430C
:103D80000F00DFF810844146200001F0CDF818F153
:103D90000401280001F0C8F818F10801300001F012
:103DA000C3F818F10C01380001F0BEF80BE0DFF8A1
:103DB000E403DFF8DC13016000214160DFF81C142C
:103DC00081600021C160BDE8F08178B591B0040048
:103DD0000D003C21002202AE300001F0A3FE0020C5
:103DE000ADF804000321072000F06DFD0B200090CA
:103DF0000023DFF8EC2301A902A801F07FF84FF4BB
:103E00007A73BDF8042002A9DFF8D80302F087FD19
:103E100012B070BDC007002078B591B004000D004D
:103E20003C21002202AE300001F07CFE0020ADF803
:103E30000400C24803F060FDCB4803F05DFDC948B3
:103E400000210170D2498160002141600D20009065
:103E50000023DFF8942301A902A801F04FF84FF4E2
:103E60007A73BDF8042002A9DFF8780302F057FD49
:103E700012B070BDC628002028270020502700203F
:103E800038B590B004000D0003A8DFF860133222AB
:103E900003F0A6FDD648D0E90023CDE9012303A80D
:103EA00001900023D348027802A903A800F0B1FFD3
:103EB0000220009000237CA202A903A801F01EF8B2
:103EC0004FF47A73BDF808200199C64802F027FD27
:103ED00011B030BDF8B504000D0000262068007850
:103EE00030283ADB206800783A2836DA00270020AC
:103EF0000100C9B2A28889B291420FD221680200A2
:103F0000D2B2895C302905DB21680200D2B2895C1B
:103F10003A2900DB02E07F1C401CE9E73900C9B206
:103F2000206801F0A3F80600B6F5807F0DD2B148F5
:103F300041783000C0B200F0C6FC4FF47A73022220
:103F40007BA1A84802F0EBFC0EE04FF47A73052247
:103F5000A949A44802F0E3FC06E04FF47A73052275
:103F6000A549A04802F0DBFCF1BD00008C28002030
:103F7000C807002038B590B004000D0003A89F4981
:103F8000322203F02DFD9E48D0E90023CDE9012324
:103F900003A8019000239748427802A903A800F0E3
:103FA00038FF0220009000233FA202A903A800F0DE
:103FB000A5FF4FF47A73BDF808200199894802F0F3
:103FC000AEFC11B030BD0000C42800207C000020F1
:103FD000F8B504000D00002620680078302839DB91
:103FE000206800783A2835DA002700200100C9B29D
:103FF000A28889B291420FD221680200D2B2895CB4
:10400000302905DB21680200D2B2895C3A2900DB45
:1040100002E07F1C401CE9E73900C9B2206801F0CA
:1040200025F806000C2E0DD23100C9B27148007877
:1040300000F049FC4FF47A7302223DA1694802F076
:104040006EFC0EE04FF47A7305226B49654802F06E
:1040500066FC06E04FF47A7305226749614802F076
:104060005EFCF1BD80B5FFF761FCFFF71DFDFFF7BA
:1040700020FE64486449C0F8A4136449C0F8B4132E
:104080006349C0F8C4136349C0F8D4136249C0F847
:10409000E4136249C0F8F41302F0CDFB02F0BCFB5C
:1040A00001BD0000902800200D0A000070B500201E
:1040B000002400252800C0B2092836DA584E28000E
:1040C000C0B200013044407801282CD10120040006
:1040D0002800C0B200013044406800280ED001F032
:1040E00069FA2900C9B2090131444968401A290016
:1040F000C9B2090131448968884214D300202900DB
:10410000C9B209013144487001F054FA2900C9B21A
:104110000901314448602800C0B22900C9B2090130
:104120003144C96888476D1CC4E72000C0B270BD27
:104130004F4B000000080048DC2100200008020866
:104140000208020803080208040802080508020819
:1041500006080208070802080808020809080208F9
:104160009C2700204C2800200010020802100208A2
:1041700003100208041002080510020806100208C5
:104180000710020808100208091002080A100208A5
:104190000000C84230280020002002080220020847
:1041A0000320020804200208052002080620020855
:1041B0000720020808200208092002080A20020835
:1041C0000B2002080C2002080D2002080E20020815
:1041D0000F20020810200208112002080000A0424F
:1041E000B8F50008CC200020F0F2000890EF00089D
:1041F000C0F70008340C0020B0F70008C4EF000836
:10420000C8F70008D4070020CB3D0008193E00087D
:10421000813E0008D53E0008753F0008D13F0008E8
:104220003007002002000020704730B40200DFF8A1
:10423000900A002304688588635583885B1C83800B
:10424000DFF8803A1B7804688588635583885B1C97
:104250008380012030BC7047F8B504000D000020B9
:1042600000212E0022683300DBB2D25C23683700C5
:10427000FFB23B445F7857EA02273A0092B2B2F5A8
:10428000807F23DA380080B200281FD0DFF8300AA0
:1042900021683200D2B2895C02688388D154818857
:1042A000491C818021683200D2B2114449780268E9
:1042B0008388D1548188491C8180DFF8080A4178BD
:1042C0003800C0B200F0FFFA012000E00020F2BD8B
:1042D00030B40200DFF8E8090023046885886355DC
:1042E00083885B1C8380DFF8DC395B780468858811
:1042F000635583885B1C8380012030BC7047F8B510
:1043000004000D00002000212E0022683300DBB2E3
:10431000D25C23683700FFB23B445F7857EA02273C
:104320003A0092B20B2A1FDADFF8940921683200B2
:10433000D2B2895C02688388D1548188491C81800B
:1043400021683200D2B21144497802688388D1547E
:104350008188491C81803900C9B2DFF8680900787A
:1043600000F0B1FA012000E00020F2BDF8B5040031
:104370000D000026DFF8500990ED030A00F0ACFEB6
:104380000100DFF83C090A00120A03688788DA5541
:104390008288521C828002688388D1548288521C91
:1043A00082800A00120E03688788DA558288521CC0
:1043B00082800A00120C03688788DA558288521CB2
:1043C00082800120F2BDF8B504000D000026DFF860
:1043D000F80890ED040A00F07FFE0100DFF8E00825
:1043E0000A00120A03688788DA558288521C828084
:1043F00002688388D1548288521C82800A00120E7F
:1044000003688788DA558288521C82800A00120C61
:1044100003688788DA558288521C82800120F2BDA9
:10442000F8B504000D0000269FEDA10A00F054FE2F
:104430000100DFF88C080A00120A03688788DA5541
:104440008288521C828002688388D1548288521CE0
:1044500082800A00120E03688788DA558288521C0F
:1044600082800A00120C03688788DA558288521C01
:1044700082800120F2BD0000F8B504000D00002686
:104480009FED8B0A00F028FE0100DFF834080A00D7
:10449000120A03688788DA558288521C8280026873
:1044A0008388D1548288521C82800A00120E0368CD
:1044B0008788DA558288521C82800A00120C0368B1
:1044C0008788DA558288521C82800120F2BD30B480
:1044D0000200DFF8EC0700230468858863558388B1
:1044E0005B1C8380DFF8E0371B7F04688588635599
:1044F00083885B1C8380012030BC704730B402008D
:10450000DFF8BC07002304688588635583885B1C3B
:104510008380DFF8B4375B7F0468858863558388C0
:104520005B1C8380012030BC704730B40200DFF890
:104530009007002304688588635583885B1C83800B
:10454000DFF884379B7F04688588635583885B1C0C
:104550008380012030BC704730B40200DFF8600770
:10456000002304688588635583885B1C838000234F
:1045700004688588635583885B1C8380012030BC78
:10458000704730B40200DFF83807002304688588DC
:10459000635583885B1C838000230468858863558A
:1045A00083885B1C8380012030BC704730B40200DC
:1045B000DFF80C07002304688588635583885B1C3B
:1045C0008380DFF808371B78046885886355838803
:1045D0005B1C8380012030BC7047F8B504000D00DF
:1045E000002000212E0022683300DBB2D25C236859
:1045F0003700FFB23B445F7857EA02273A0092B295
:10460000012A03D0380080B2002822D1DFF8B0069A
:1046100021683200D2B2895C02688388D1548188D3
:10462000491C818021683200D2B211444978026865
:104630008388D1548188491C8180DFF89006D0EDB1
:10464000020A90ED010A3800C0B2FFF7C1F901205B
:1046500000E00020F2BDF8B504000D000026DFF8F0
:104660006C0690ED020A00F037FD0100DFF85006FD
:104670000A00120A03688788DA558288521C8280F1
:1046800002688388D1548288521C82800A00120EEC
:1046900003688788DA558288521C82800A00120CCF
:1046A00003688788DA558288521C82800120F2BD17
:1046B000000000002DE9F84304000D000026002052
:1046C00000900027A84620684146C9B20844817876
:1046D00020684246D2B21044C07850EA01202168D6
:1046E0004246D2B2895C22684346DBB21A4492F851
:1046F000019059EA012959EA0049DFF8C405216807
:104700004246D2B2895C02688388D1548188491CB0
:10471000818021684246D2B2114449780268838878
:10472000D1548188491C818021684246D2B211440B
:10473000897802688388D1548188491C81802168E6
:104740004246D2B21144C97802688388D154818824
:10475000491C81806946484600F0E6FBDFF86C059D
:10476000DDED000A90ED010A0078FFF731F9012034
:10477000BDE8F283F8B504000D000026DFF84C0513
:1047800090ED010A00F0A8FC0100DFF834050A00F2
:10479000120A03688788DA558288521C8280026870
:1047A0008388D1548288521C82800A00120E0368CA
:1047B0008788DA558288521C82800A00120C0368AE
:1047C0008788DA558288521C82800120F2BD2DE94B
:1047D000F84304000D000026002000900027A846A2
:1047E00020684146C9B20844817820684246D2B266
:1047F0001044C07850EA012021684246D2B2895C58
:1048000022684346DBB21A4492F8019059EA012922
:1048100059EA0049DFF8A80421684246D2B2895C0F
:1048200002688388D1548188491C8180216842466E
:10483000D2B21144497802688388D1548188491CD6
:10484000818021684246D2B2114489780268838807
:10485000D1548188491C818021684246D2B21144DA
:10486000C97802688388D1548188491C818069464F
:10487000484600F059FBDFF85404D0ED020A9DEDE4
:10488000000A0078FFF7A4F80120BDE8F28370B5B4
:1048900004000D00DFF83864012220213000FDF70C
:1048A00086FB0A2001F0EAFF4FF47A732A0092B2E5
:1048B0002100DFF8200402F032F80022202130002D
:1048C000FDF775FB70BD7CB504000D0008210022CA
:1048D0006E46300001F026F90026DFF8E803047088
:1048E0004570694602783300DBB2CA54761C4078C2
:1048F0003200D2B28854761C3200D2B292B26946EB
:10490000DFF8D40303F028F873BDDFF8CC03007898
:10491000C0B2FF280AD0DFF8AC03DFF8C013097873
:104920000170DFF8BC130978417005E0DFF89403EB
:10493000072101700321417070472DE9F04F87B0C6
:10494000040000275FF000085FF000090025DFF891
:104950009423D2E90001CDE902010026DFF8882383
:10496000D2E90001CDE90401DFF854A35046FDF778
:1049700087FBA0880828C0F29E812068A18808448F
:1049800010F8010C2168A288114411F8021C51EAA8
:104990000021ADF81810A188891E206801F0BEFB27
:1049A000ADF81A00BDF81A00BDF81810884240F0A2
:1049B000808120680078C3490978884240F0798175
:1049C000206880782168CF7857EA002720684078EF
:1049D000032807D0042805D006286DD0102800F041
:1049E000C48062E1206800792168497951EA002198
:1049F0000D005FF001084046C0B20F2836DA5FF0C4
:104A00001409DFF8E8B24046C0B209FB00F0584490
:104A10004068390089B2884225D1280080B24146D9
:104A2000C9B209FB01F15944896888421BDB0021A6
:104A300000204246D2B209FB02F25A44D2689047A3
:104A400001280FD14046C0B209FB00F058448068ED
:104A50002D1A4046C0B209FB00F90BEB0900806833
:104A6000C71900E002E018F10108C4E7BAF8040031
:104A7000002820D0BAF80400022190FBF1F201FBDB
:104A80001200002817D1DAF800000190BAF80400EB
:104A9000022190FBF1F080B200903B009BB22068B5
:104AA00042782068017804A801F018FCBDF81410C1
:104AB0000498FFF7ECFEFAE004200100C9B2A288D6
:104AC000921E91420EDA21680200D2B2895C029AEB
:104AD000BDF80C30D154BDF80C10491CADF80C10C9
:104AE000401CEAE75FF001084046C0B20F2817DA21
:104AF00014227E4B4046C0B25043184440683900EF
:104B000089B2884209D1002102A8C4465FFA8CFC10
:104B100002FB0CF21A441269904718F10108E3E70E
:104B2000BAF8040000281FD0BAF80400022190FB54
:104B3000F1F201FB1200002816D1DAF80000019012
:104B4000BAF80400022190FBF1F080B200903B0023
:104B50009BB206222068017804A801F010FCBDF881
:104B600014100498FFF793FEA1E0002006002068CF
:104B700000792168497951EA00210D0007200100E0
:104B8000C9B2A288921E91420EDA21680200D2B206
:104B9000895C029ABDF80C30D154BDF80C10491C48
:104BA000ADF80C10401CEAE7280080B240002168F4
:104BB000897988424DD1BDF80C002168897989B284
:104BC000884246D15FF001084046C0B20F2840DA63
:104BD0005FF01409DFF814B14046C0B209FB00F0E1
:104BE00058444068390089B288422FD1280080B2E9
:104BF0004146C9B209FB01F159448968884225DB65
:104C0000310089B202A84246D2B209FB02F25A44EC
:104C100012699047012818D14046C0B209FB00F044
:104C200058448068400010FA86F64046C0B209FB3E
:104C300000F0584480682D1A4046C0B209FB00F9C4
:104C40000BEB09008068C71900E002E018F10108C9
:104C5000BAE7BAF80400002826D0BAF80400022106
:104C600090FBF1F201FB120000281DD12068807832
:104C70002168C97851EA00210F00DAF8000001909C
:104C8000BAF80400022190FBF1F080B200903B00E2
:104C90009BB210222068017804A801F070FBBDF8D7
:104CA00014100498FFF7F3FD01E0002004E0012058
:104CB00002E0002000E0002007B0BDE8F08F000017
:104CC000E8060020340C00209C2700204C280020FF
:104CD00000040048542100200000020802000208DD
:104CE00003000208A0F70008A8F7000890050020BC
:104CF00001000800C0B2002801D1012021E0080015
:104D0000C0B2FF2801D10A201BE00800C0B2FE2873
:104D100001D1642015E00800C0B2FD2802D14FF493
:104D20007A700EE00800C0B2FC2802D142F2107086
:104D300007E00800C0B2FB2802D1DFF8980300E0CA
:104D4000012070472DE9F24F824693460020002152
:104D50000A260027B046B946009A1588BBF1000F15
:104D600008D5DBF100042D202A0092B20AF80200D7
:104D70006D1C00E05C462000002142464B4602F0DC
:104D800083FE002901D1002808D0A6FB080106FBFC
:104D9000091107FB081180468946ECE74046494661
:104DA0000A22002302F070FE06000F00002F01D13E
:104DB000002E28D02000002132003B0002F064FECB
:104DC0003030290089B20AF801006D1CA0465FF05E
:104DD00000092000002132003B0002F055FEA6FB36
:104DE000002306FB013307FB0033B8EB020079EB2D
:104DF00003010400300039000A22002302F044FEBF
:104E000006000F00D2E7009805802800C0B2BDE878
:104E1000F28F2DE9FE4F06000F0090460020ADF8FE
:104E200000000020002400215FF0000BB7F8009084
:104E3000B8F1000F02D5D8F1000500E04546424622
:104E400039003000FFF77EFFB7F800A0002D4FD0EB
:104E50009DF80800FFF74CFF01008D4205D20A20A3
:104E600045431BF1010B002DF7D15846C0B2002875
:104E700021D050460200D2B2324412F8012C2D2A21
:104E800006D00200D2B24B4692B29BB29A4208D1EF
:104E900030220300DBB2F2541AF1010ABBF1010B1C
:104EA000E3E70200D2B2324412F8012C0300DBB275
:104EB000F254401EDEE70A20B1FBF0F45046834670
:104EC000002C15D00A20B4FBF0F45846C0B2304490
:104ED00010F8010C5946C9B27054BBF1010B002CFB
:104EE000EED12E205946C9B270541AF1010AE7E7F3
:104EF000A7F800A05046C0B2BDE8FE8FF0B4049CF5
:104F000000252E00B6B2A6420BD20E88771C0F8069
:104F10002F00BFB217FA83F7D75DB6B287556D1C65
:104F2000EFE7F0BC704700002DE9F34F81B02DEDA5
:104F3000028B9FED658A002401250026F7EE008A8A
:104F400000273800C0B2202864DA0398F84010F037
:104F5000010004003800C0B2172829DA18EE900AC0
:104F600000F08CFA82468B462000C0B200F078FA3E
:104F7000804689463800C0B2D0F117005FF0FF319B
:104F8000484300F0F3F841EC110B9FED500B00F09B
:104F900006F951EC100B42464B4602F08DFE52468C
:104FA0005B4602F05BFF00F027FA08EE900A2FE064
:104FB0003800C0B21F2824DA3000C0B200F050FA26
:104FC00082468B462000C0B200F04AFA80468946ED
:104FD0003800C0B2173800F0C9F841EC110B9FED52
:104FE0003B0B00F0DCF851EC100B42464B4602F054
:104FF00063FE52465B4602F031FF02F0EDFF060011
:1050000006E02000C0B2012802D15FF0FF300500A9
:105010007F1C96E7280040B200F0A8F88046894639
:105020003000C0B27F3800F0A1F841EC110B9FEDC9
:10503000270B00F0B4F851EC100B42464B4602F03F
:105040003BFE8046894618EE900A00F017FA424669
:105050004B4602F031FE00F0CFF900EE100A049842
:1050600080ED000ABDEC028BBDE8F78F70B4030041
:1050700000220024002000252A000E00D2B2F6B241
:10508000B2421FD22A00D2B29A5C302A0ADB2A002E
:10509000D2B29A5C3A2A05DA2A00D2B29A5C303A45
:1050A000140001E0002214002A00D2B2002A03D129
:1050B0002200D2B2100003E00A22504350FA84F0DA
:1050C0006D1CD9E770BC70470000000000000000B4
:1050D00000000040A086010010B42DED010A002060
:1050E0006A460023042B07D2D45C1900C9B2C90058
:1050F0008C4020435B1CF5E712BC704700F10103B4
:10510000810704D010F8011B820781B1FAD102682F
:10511000A2F10131914311F0803104BF50F8042F06
:10512000F6E709BAB1FA81F100EBD100401CC01AD0
:10513000704730B4002513E050F8042BD30744BF68
:10514000A9F101039A18091F042942F8045BFAD255
:1051500013468C0744BF15809B1CC90748BF1D70B0
:1051600050F8041B0029E7D130BC7047C11768B163
:105170004840401AB0FA80F29040D21CC907C2F5EC
:10518000846241EA025202EBD02140057047026876
:10519000531C03601170704741EC100B01BD80B5CA
:1051A00053EC112B51EC100B02F034FFF4E72E00FE
:1051B000F0B540F2FF7581EA030C0CF0004C15EAE3
:1051C00011541DBF15EA1357AC42AF42E5E0BC4194
:1051D000C1F31301C3F31303801A994143F48013FD
:1051E00004D2641E4000494180185941C90241EA75
:1051F0005051B1FBF3F603FB1611A2FB0675D7EB7A
:10520000C020A94102D2761E80185941C90241EA44
:105210005051B1FBF3FE03FB1E11A2FB0E75D7EB41
:10522000C020A94103D2AEF1010E80185941890274
:1052300041EA9051760546EA8E2EB1FBF3F603FB68
:105240001611A2FB0675D7EB8020A94102D2761E6B
:1052500080185941C90241EA50514EEA060EB1FB8D
:10526000F3F603FB1611A2FB0675D7EBC020A9418C
:1052700002D2761E80185941C90241EA5051B1FB51
:10528000F3F703FB1711A2FB0735D3EBC020A941AD
:1052900067F100070CBF004247F0010766F3D5270E
:1052A0004FEA1E31B80814F5806412DDBD0775F1B0
:1052B000004250EB0E5051EB045111F5801F5CBFC2
:1052C00041EA0C01F0BD4CF07F6141F0E04100206B
:1052D000F0BDBD076D0840EA0E5041F48011D4F1D5
:1052E0000104B4F120060ADAC4F120060200E0400D
:1052F00001FA06F3E1401843B24015430EE0342CA6
:1053000013DCC6F1200445EA40056D0820FA06F2D8
:10531000154321FA06F0A1400D43002175F100422A
:1053200050F1000051EB0C01F0BD00205FEA0C01D0
:10533000F0BDCFB992185B41B3FA83F704BFB2FA5C
:1053400082F6BF190B3FB7F120062FBF02FA06F312
:10535000BB40C7F1200622FA06F638BF3343BA40F5
:105360001CB1E419641E33E77F4231F00041B1FA09
:1053700081F404BFB0FA80F6A4190B3CB4F1200606
:105380002FBF00FA06F1A140C4F1200620FA06F66C
:1053900038BF3143A0403C1B1AE7AC421ABF05EAB4
:1053A0001357AF4212E050EA41061CBF52EA4306CF
:1053B000BFE750EA4107304661461CBF41EA05514C
:1053C000F0BD52EA430C08BFC143F0BD00204FF4CA
:1053D000001616EB410F98BF16EB430F08BF16EBF4
:1053E000410F24BFC14305E016EB430F0CBF6146DC
:1053F0004CEA0551F0BD000001F000428B1AA3F108
:105400006051B1F5801F0ADBB1F17F6F1FD242EA14
:10541000C102C10071F1004142EB507070470B15A1
:10542000C3F10903212B10D2890241EA9051800275
:105430000128494141F0004121FA03F0C3F1200362
:10544000994071F1004150417047100070476FF072
:10545000000013EB103F5CBF000E42EAC0507047E3
:10546000014648B1B0FA80F18840C91CC1F5846199
:10547000090501EBD021400570470000C0F3C7517A
:1054800081B1FF2906D0C110400721F0E04101F1B0
:105490006051704741020CBF40F4E0016FF00041E1
:1054A0000020704700F0004100020AD0B0FA80FCF2
:1054B00000FA0CF001F16051A1EB0C5101EBD0218D
:1054C000400570470CB430B583B00A4606A9029176
:1054D000044600250194009502AB01A908487844D0
:1054E0001E3003F00DF9019A157000284EBF0446D6
:1054F0000198041B204603B030BC5DF80CFB00BFD4
:105500008FFCFFFF80B5012240212348FCF74FFDAF
:105510002249234800F04EFA00F01EF8012000F066
:1055200005F800F0D1FA00F01FFA01BD704711B57F
:1055300081B0194C002240212000FCF738FD4FF4C7
:105540007A73012201A9174804F03AF90122402197
:105550002000FCF72CFD13BD10B50F4C002240219C
:105560002000FCF724FD002280212000FCF71FFD15
:10557000012000F019F8052000F016F80122802122
:105580002000FCF714FD052000F00EF80122402158
:105590002000FCF70CFD10BD000800486828002022
:1055A000EC1000205C25002010B50400200001F064
:1055B00065F910BD01480068704700BF78280020D9
:1055C00070B4039CDFF88052286029716A71AB7156
:1055D000EC7100262E7270BC70472DE9F84F040064
:1055E0000D00160000275FF00008DFF85C9299F8C4
:1055F0000500082880F2FC80300099F80610C0B23F
:10560000884205D399F807003100C9B2884201D217
:105610002E200600402099F80510491C90FBF1F05F
:105620002900C9B2814280F2E38099F8040050FA5F
:1056300084F0802880F2DC8099F805305B1C99F8B2
:10564000050003FB05035B1CDBB299F8042012196B
:10565000D2B299F80500401C15FB00F1C9B2200038
:10566000C0B200F029F90021080099F80420C0B266
:10567000904280F0BD80002015FB00F00200D2B205
:10568000082392FBF3F21700C0B2082290FBF2F35A
:1056900002FB13008046FF226C4BD3F800C0380099
:1056A000C0B250FA85FE802000FB0EFE5EFA84FE3A
:1056B000D3F800A03800C0B250FA85FB802000FB70
:1056C0000BFB5BFA84F01AF800A0D8F1080B10006D
:1056D00050FA0BF010EA0A0A0CF80EA0D3F800C03A
:1056E0003800C0B250FA85FE802000FB0EFE5EFA44
:1056F00084F00090D3F800E03800C0B250FA85FA88
:10570000802000FB0AFA5AFA84F01EF800E0D9F86B
:1057100000A0B3465FFA8BFB99F80600BBEB0000D4
:1057200099F804B00BFB00FB0AEB0B008A465FFA0A
:105730008AFA10F80A0010FA08F050EA0E00DDF8B4
:1057400000E00CF80E00D3F800C03800C0B250FAE8
:1057500085FE802000FB0EFE5EFA84F08444D3F8C0
:1057600000E03800C0B250FA85FA802000FB0AFA47
:105770005AFA84F0704490F8800012FA08F202405D
:105780008CF880201A683800C0B250FA85FC80205E
:1057900000FB0CFC5CFA84F002441B683800C0B2C9
:1057A00050FA85FC802000FB0CFC5CFA84F0184465
:1057B00090F88030D9F800C0B6465FFA8EFE99F8AE
:1057C0000600BEEB000E99F8040000FB0EFE0CEB89
:1057D0000E008C465FFA8CFC10F80C00D8F1080C17
:1057E00050FA0CF0034382F88030641C491C3BE7FC
:1057F000BDE8F18FF8B507000C001600124D68796E
:10580000082820DA307800281DD032782100C9B26B
:105810003800C0B2FFF7E1FE761C2879401CC7199A
:10582000287950FA87F0401C812802DB002007000D
:10583000641C40206979491C90FBF1F02100C9B239
:105840008142DFDBFFE7F1BD402800206C2800200B
:10585000020001200B00DBB21B0113445870002032
:105860000B00DBB21B01134458600120704738B5B0
:1058700004000D0001202900C9B20901214448702B
:10588000FFF798FE2900C9B20901214448600120B0
:1058900032BD020000200B00DBB21B011344587024
:1058A0000120704780B5034800F024FC00F0CDF8DB
:1058B00001BD0000F0E5000870B40400E4B2802CE3
:1058C00001DB7F2420001400E4B2802C01DB7F2464
:1058D00022000C00E4B2402C01DB3F2421001C001C
:1058E000E4B2402C01DB3F242300354C0500266840
:1058F0003678EDB2B54201D2256828702568AD78BA
:105900001600F6B2B54201D22568AA700D002668CD
:105910007678EDB2B54201D2256869702568ED78D8
:105920001E00F6B2B54201D22468E37070BC704725
:1059300023487F21026811700021026891703F2185
:105940000268517000210068C17070471C48002136
:10595000026811707F210268917000210268517005
:105960003F210068C170704770B54FF48064002516
:10597000144806682A002100300000F0D3F83F23C5
:105980007F2200210020FFF797FF00F05EF870BD36
:1059900070B54FF4806400250A4806682A0021008B
:1059A000300000F0BFF83F237F2200210020FFF7E6
:1059B00083FF70BD034A1060014A11607047000008
:1059C000702800206C28002010B5040000224FF43D
:1059D00080713A48FCF7EBFA2000C0B2FFF7A7FD50
:1059E00010BD10B5040001224FF480713348FCF75C
:1059F000DEFA2000C0B2FFF79AFD10BD10B504001A
:105A000014F00F0050F0B000C0B2FFF7DDFF10BD82
:105A100010B504002000C0B200F005F82000C0B2AC
:105A200000F00CF810BD10B504002000C0B2000951
:105A300050F01000C0B2FFF7C7FF10BD10B5040052
:105A400014F00F00FFF7C0FF10BD70B50024200058
:105A5000C0B210282EDA1A4D286840782100C9B249
:105A6000491CB0EBC10F23DA2868C0782100C9B205
:105A7000B0EBC10F1EDB2000C0B2FFF7BFFF2868EC
:105A80000078FFF7C5FF286806782868807831001D
:105A9000C9B288420CD30B4801682200D2B28020E0
:105AA000424352FA86F0085CFFF79BFF761CECE756
:105AB000641CCCE7FFF73CFF70BD00000008004805
:105AC000702800206C28002080B5AE20FFF77CFFF6
:105AD000A220FFF779FFA020FFF776FFC820FFF78D
:105AE00073FF2F20FFF770FF322000F0C7FEA420C5
:105AF000FFF76AFF4020FFF767FF2520FFF764FFED
:105B00000A2000F0BBFE8120FFF75EFF1220FFF7A6
:105B10005BFFFFF729FFAF20FFF756FF052000F0DE
:105B2000ADFE01BD62F30F2262F31F42401810F078
:105B3000030308D0C91A1FD3DB0748BF00F8012DA3
:105B400028BF20F8022D130030B414461546103932
:105B500028BF20E93C00FAD8490728BF20E90C00FB
:105B600048BF40F8042D890028BF20F8022D48BF07
:105B700000F8012D30BC7047C91818BF00F8012D7E
:105B8000CB0728BF00F8012D7047000070B4039CBC
:105B9000DFF88453286029716A71AB71EC710126BA
:105BA0002E7270BC70472DE9F74F04000D00DFF82E
:105BB00068639DF80800B179884204D3F0799DF8B4
:105BC0000810884202D22E208DF80800307A002872
:105BD00045D1002738003179C0B288423DD23168C2
:105BE0009DF80820B079121A3079424301EB020087
:105BF0003900C9B210F80190002080464046C0B27A
:105C0000082828DA3800C0B250FA84F0802805DA73
:105C10004046C0B250FA85F0402801DB00205DE12B
:105C2000012010FA08F04946C9B2014208D0012209
:105C300018EB0501C9B23819C0B200F06FF907E0DE
:105C4000002218EB0501C9B23819C0B200F066F99C
:105C500018F10108D2E77F1CBCE730793EE1307AC9
:105C6000012840F08E807079082190FBF1F201FB51
:105C70001200012806DB7079082190FBF1FB1BF173
:105C8000010B03E07079082190FBF1FB3179584654
:105C9000C0B24143491C8DF8011031689DF80820BD
:105CA000B079121A9DF80100424301EB020001781D
:105CB0008DF80010401C01905FF0000840469DF8F0
:105CC0000010C0B2884259D25FF0000948465946D8
:105CD000C0B2C9B288424ED201994246D2B25846A9
:105CE000C0B2424301EB02004946C9B210F801A01C
:105CF000002007003800C0B2082839DA4046C0B298
:105D000050FA84F0802808DA4846C0B2C00050FA41
:105D100085F050FA87F0402801DB0020DEE048469D
:105D2000C0B2C00050FA87F0717988421EDA0121B2
:105D3000B9405046C0B208420CD001225FFA89F93E
:105D400015EBC9017918C9B218EB0400C0B200F014
:105D5000E5F80BE000225FFA89F915EBC901791823
:105D6000C9B218EB0400C0B200F0D8F87F1CC1E73C
:105D700019F10109AAE718F101089FE79DF8000051
:105D8000ACE0307A022840F0A8807079082190FBBE
:105D9000F1F0401C8DF8000030799DF8001010FBE8
:105DA00001F08DF8020031689DF80820B079121AD0
:105DB0009DF80200424301EB0200019096F804B006
:105DC00000208DF8010000210020002210009DF825
:105DD0000030C0B298420CD23079431E9DF80100C9
:105DE0001B1A13FB02F0019BC0B2185C0100521C8D
:105DF000ECE70800C0B200280BD1BBF1010B5846FC
:105E0000C0B2002805D09DF80100401C8DF80100AB
:105E1000D9E7002738009DF80010C0B2884259D257
:105E20005FF0000840465946C0B2C9B288424FD21E
:105E300001993A00D2B23079424301EB0200414667
:105E4000C9B210F801905FF0000A5046C0B20828AD
:105E50003BDA4046C0B250FA84F0802808DA3800B5
:105E6000C0B2C00050FA85F050FA8AF0402801DB39
:105E7000002033E03800C0B2C00050FA8AF07179D7
:105E800088421FDA012111FA0AF14846C0B20842DD
:105E90000CD00122FFB215EBC7011AEB0101C9B208
:105EA00018EB0400C0B200F039F80BE00022FFB29A
:105EB00015EBC7011AEB0101C9B218EB0400C0B21F
:105EC00000F02CF81AF1010ABFE718F10108A9E760
:105ED0007F1C9FE75846C0B200E00020BDE8FE8F5F
:105EE000F8B504000F0015000B484079D0F13F00D1
:105EF0003900C9B288420EDB287800280BD02A78F6
:105F00003900C9B22000C0B2FFF74DFE0600701C78
:105F100004196D1CF0E7F1BD40280020F8B504001D
:105F20000D0016002000C0B2802803DA2800C0B29D
:105F3000402800DB57E03000C0B2002824D0290000
:105F4000C9B20822DFF8CC312800C0B2082790FB84
:105F5000F7F78020474357FA84F72800C0B25FF074
:105F6000080C90FBFCFC802000FB0CFC5CFA84F02D
:105F7000185C5FF0010C91FBF2FE02FB1E111CFA93
:105F800001F10143D95524E02900C9B20822DFF804
:105F900084312800C0B2082790FBF7F780204743E0
:105FA00057FA84F72800C0B25FF0080C90FBFCFCA5
:105FB000802000FB0CFC5CFA84F0185C5FF0010CA4
:105FC00091FBF2FE02FB1E111CFA01F130EA010105
:105FD000D9552B00DBB22200D2B22900C9B2200071
:105FE000C0B2FFF769FCF1BD2DE9F84F05000E00C6
:105FF000170098460A9C3800C0B22900C9B2401A5E
:1060000003F0F7FD81464046C0B23100C9B2401AE4
:1060100003F0EFFD814502DA5FF0010B01E05FF074
:10602000000B5846C0B2002805D0280035000600F5
:1060300038004746804638002900C0B2C9B28842BD
:1060400005D228003D000700300046468046434602
:10605000DBB23A00D2B23100C9B22800C0B2FFF7B9
:106060002BFC781B8DF800004046C0B23100C9B24D
:10607000401A03F0BEFD8DF801009DF800000221DA
:1060800090FBF1F930004146C0B2C9B2884202D259
:106090005FF0010A01E05FF0FF3A38002900C0B26A
:1060A000C9B2884224D35846C0B2002808D0220082
:1060B000D2B22900C9B23000C0B2FFF72FFF07E00B
:1060C0002200D2B23100C9B22800C0B2FFF726FFC9
:1060D0009DF80100B9EB0009484640B2002805D5FB
:1060E0001AEB06069DF8000010EB09096D1CD4E7B9
:1060F000BDE8F18FF8B504004FF48065260006482E
:1061000007682A003100380001F06AFCFFF71EFC26
:10611000F1BD0000EC1000206C28002030B403001A
:106120004FF6FF7000248C4213DA1A5D50400822AB
:10613000002A0CD0C50706D580B2400880F4204064
:1061400090F0010001E080B24008521EF0E7641CAC
:10615000E9E780B230BC70472DE9F84305000E0036
:1061600017009846089C5FF000092868494689B2E4
:10617000465419F101092868494689B2475419F172
:106180000109404680B2000A29684A4692B2885402
:1061900019F101092868494689B200F8018019F10E
:1061A0000109200080B2000A29684A4692B2885448
:1061B00019F101092868494689B2445419F10109C5
:1061C000494689B22868FFF7A9FF010028684A46B6
:1061D00092B2815419F10109080080B2000A2A68BC
:1061E0004B469BB2D05419F10109A5F80490012047
:1061F000BDE8F2832DE9F84F06000F00904699465E
:106200000A9DDDF82CA0002400213068220092B203
:106210008754641C3068220092B200F80280641C2B
:10622000484680B2000A326823009BB2D054641CF6
:106230003068220092B200F80290641C4046C0B25E
:10624000062802D0102807D01CE0280080B20128C0
:1062500001D0002040E015E0280080B2000A32683A
:1062600023009BB2D054641C3068220092B2855443
:10627000641C2800C0B24000326823009BB2D05496
:10628000641CFFE75FF0000B584680B2290089B21A
:10629000B0EB410F0BDA584680B21AF800003168B3
:1062A000220092B28854641C1BF1010BECE7210020
:1062B00089B23068FFF732FF01003068220092B2E5
:1062C0008154641C080080B2000A326823009BB22B
:1062D000D054641CB4800120BDE8F28F2DE9F84F42
:1062E00005000E00170098460A9CDDF82C905FF020
:1062F000000B002029685A4692B28E541BF1010B04
:1063000029685A4692B28F541BF1010B2100C9B281
:1063100049002A685B469BB2D1541BF1010B5FF028
:10632000000A504680B2210089B2B0EB410F0CDA6E
:10633000504680B219F8000029685A4692B2885433
:106340001BF1010B1AF1010AEBE7594689B22868E3
:10635000FFF7E4FE010028685A4692B281541BF10F
:10636000010B080080B2000A2A685B469BB2D05439
:106370001BF1010BA5F804B00120BDE8F28F2DE957
:10638000F84F05000E00170098460A9CDDF82C9087
:106390005FF0000B5FF0000A2868594689B2465446
:1063A0001BF1010B2868594689B247541BF1010BB8
:1063B000404680B2000A29685A4692B288541BF1BE
:1063C000010B2868594689B200F801801BF1010BC6
:1063D0003800C0B2062802D010281DD02CE02000C2
:1063E00080B2012801D000203EE0002082465046C5
:1063F00080B2210089B2B0EB410F0CDA504680B276
:1064000019F8000029685A4692B288541BF1010B12
:106410001AF1010AEBE70FE0200080B2000A2968B8
:106420005A4692B288541BF1010B2868594689B22A
:1064300044541BF1010BFFE7594689B22868FFF766
:106440006DFE010028685A4692B281541BF1010B7F
:10645000080080B2000A2A685B469BB2D0541BF148
:10646000010BA5F804B00120BDE8F28F80B5D44837
:10647000D44901605FF4E131416000218160002175
:10648000C160002101610C21416100218161002175
:1064900001620021416200F005FA002801D003F0FA
:1064A0000BFC01BD80B5C848C84901604FF41651C6
:1064B0004160002181600021C160002101610C2147
:1064C0004161002181610021C1610021016200213F
:1064D000416200F0E7F9002801D003F0EDFB01BDB7
:1064E00080B5BB48BB4901604FF4165141600021A3
:1064F00081600021C160002101610C214161002106
:1065000081610021C161002101620021416200F02E
:10651000C9F9002801D003F0CFFB01BD38B59EB00A
:10652000040014220021684603F0C8FB6022002109
:1065300006A803F0C3FB2068A249884252D120205C
:1065400006900020119006A803F0C2FB002801D09D
:1065500003F0B2FBA048016851F00101016000683E
:1065600010F00100059005989C48016851F0020167
:106570000160006810F00200059005984FF440603B
:106580000090022001900120029003200390082037
:10659000049069469248FBF76BFB924D9248286045
:1065A000042068600020A8600020E8608020286146
:1065B000002068610020A8610020E86100202862B6
:1065C000280003F0F9FD002801D003F075FB656792
:1065D000AC6200220021462004F08FF8462004F02F
:1065E000A1F8ABE020687949884251D1012006909A
:1065F00000200E9006A803F06BFB002801D003F0EA
:106600005BFB7A48016851F480410160006810F436
:106610008040059005987148016851F002010160C1
:10662000006810F0020005900598C020009002203C
:1066300001900020029003200390072004906946F7
:106640006748FBF715FB6A4D6A48286002206860BE
:106650000020A8600020E860802028610020686198
:106660000020A8610020E86100202862280003F0D3
:10667000A3FD002801D003F01FFB6567AC62002278
:106680000021252004F039F8252004F04BF855E0CE
:1066900020685049884251D1042006900020109073
:1066A00006A803F015FB002801D003F005FB5248B3
:1066B000016851F480210160006810F48020059089
:1066C00005984648016851F004010160006810F027
:1066D0000400059005984FF440600090022001905E
:1066E000002002900320039007200490694643484D
:1066F000FBF7BEFA424D4348286002206860002044
:10670000A8600020E86080202861002068610020E7
:10671000A8610020E86100202862280003F04CFDF9
:10672000002801D003F0C8FA6567AC62002200219E
:10673000272003F0E2FF272003F0F4FF1FB030BD55
:1067400010B5040020681F49884210D12248016812
:106750004908490001604FF440612148FBF769FB9B
:10676000606F03F099FD462003F0E3FF27E0206807
:10677000164988420FD11D48016831F480410160FB
:10678000C0211748FBF755FB606F03F085FD2520FE
:1067900003F0CFFF13E020680E4988420FD116485E
:1067A000016831F4802101604FF440611348FBF728
:1067B00040FB606F03F070FD272003F0BAFF10BDAF
:1067C000CC200020008000405421002000380140EF
:1067D000DC210020004800405C1002404C100240C8
:1067E000000400482426002080040240601002407B
:1067F0006C26002058000240581002400008004853
:10680000B42600203000024080B51848FBF738FC61
:1068100002201749087001BD80B5012215491648AC
:1068200000F0E3F800220121272003F066FF272073
:1068300003F078FF01BD704738B504000B480D49DF
:106840000A78036885885A558288521C828082881B
:1068500040F2FF139A4201D30022828001220648AF
:1068600000F0C3F801200249087031BDE40B00209C
:10687000C9280020C8280020DC21002070B50400B1
:10688000FEF798FE0500260016F1010F02D004481D
:1068900000783618FEF78EFE401BB042FAD370BD6A
:1068A000370C002010B50400002C01D1012035E088
:1068B000A0690028FFD1E06F002805D1002084F8EE
:1068C00078002000FFF72AFE2420E0672068006897
:1068D0004008400021680860606A002802D020005B
:1068E00000F0DEFB200000F05FFA012801D101205A
:1068F00014E02068406830F49040216848602068C7
:10690000806830F02A00216888602068006850F0B4
:10691000010021680860200000F02FFC10BD2DE967
:10692000FC4706000D0017009846F06F202859D14B
:10693000002D03D0380080B2002801D1012052E0A0
:106940000020C6F884002120F067FEF733FE814660
:10695000A6F85070A6F85270B068B0F5805F05D107
:106960003069002802D10024AA4602E02C005FF022
:10697000000AB6F85200002822D0CDF800804B461D
:1069800000228021300000F061FC002803D020208C
:10699000F067032027E0002C08D1BAF80000C005FA
:1069A000C00D316808851AF1020A03E020783168C9
:1069B0000885641CB6F85200401EA6F85200D8E7BD
:1069C000CDF800804B4600224021300000F03EFC14
:1069D000002803D02020F067032004E02020F06787
:1069E000002000E00220BDE8F68770B505000C002D
:1069F0001600D5F88000202824D1002C03D03000C8
:106A000080B2002801D101201DE0002028662868FE
:106A1000DFF8901388420ED02868406800020AD53B
:106A2000286850E8000F50F0806001002A6842E8B2
:106A300000100028F4D1320092B22100280000F0AA
:106A400054FC00E0022070BD2DE9F04706003068DC
:106A5000C7693068D0F800803068D0F8089040F6F8
:106A60000F043C40002C0BD1B80609D55FEA8860C2
:106A700006D5B06E002802D03000B16E88478FE195
:106A8000002C00F0AA805FEAC97005D4DFF8080680
:106A900018EA000F00F0A18017F00100C0B2002832
:106AA0000BD05FEAC85008D5012031680862D6F8DB
:106AB000840050F00100C6F88400B8070DD519F025
:106AC0000100C0B2002808D0022031680862D6F860
:106AD000840050F00400C6F8840078070DD519F042
:106AE0000100C0B2002808D0042031680862D6F83E
:106AF000840050F00200C6F88400380710D55FEA21
:106B0000886004D419F00100C0B2002808D0082021
:106B100031680862D6F8840050F00800C6F8840096
:106B200038050CD55FEA481009D54FF4006031688C
:106B30000862D6F8840050F02000C6F88400D6F829
:106B40008400002848D0B80608D55FEA886005D5DB
:106B5000B06E002802D03000B16E8847D6F88400AD
:106B6000050030688068400602D415F0280F2DD04B
:106B7000300000F09EFC30688068400622D5306806
:106B8000083050E8000F30F040000100306810F18C
:106B9000080242E800100028F1D1706F00280DD0E3
:106BA000DFF8F804716F8863706F03F055FC0028FC
:106BB00012D0706F716F896B88470DE0300003F061
:106BC00011FE09E0300003F00DFE05E0300003F097
:106BD00009FE0020C6F88400E2E0306E012840F093
:106BE000BD80F80640F1BA805FEAC86040F1B68027
:106BF0001020316808623068806840066DD5706F7B
:106C00000068D0F804A0504680B2002852D0504608
:106C1000B6F8581080B288424CD2A6F85AA0706FCD
:106C200000680068800639D4306850E8000F30F4FE
:106C300080700100326842E800100028F4D130680A
:106C4000083050E8000F400840000100306810F1A3
:106C5000080242E800100028F1D13068083050E8FE
:106C6000000F30F040000100306810F1080242E8E7
:106C700000100028F1D12020C6F8800000203066E6
:106C8000306850E8000F30F010000100326842E830
:106C900000100028F4D1706F03F0B4FB022070667E
:106CA000B6F85810B6F85A00091A89B2300003F045
:106CB0007AFD11E05046B6F8581080B288420BD1E8
:106CC000706F00680068800606D502207066B6F80E
:106CD0005810300003F067FD62E0B6F85800B6F8CF
:106CE0005AA0B0EB0A0AB6F85A00002835D0504630
:106CF00080B2002831D0306850E8000F30F4907036
:106D00000100326842E800100028F4D130680830F1
:106D100050E8000F400840000100306810F1080200
:106D200042E800100028F1D12020C6F880000020A1
:106D300030660020B066306850E8000F30F0100078
:106D40000100326842E800100028F4D10220706689
:106D5000514689B2300003F026FD21E0F8020AD541
:106D60005FEA492007D55FF480103168086230007F
:106D700003F0CAFD14E0380609D55FEA086006D5BD
:106D8000F06E002802D03000F16E884708E07806E7
:106D900006D55FEA486003D5300000F054FCFFE7F9
:106DA000BDE8F087008000402DE9F0470400002690
:106DB000DFF8A81920688842FFD0A2682069024342
:106DC00060690243E069024320680368DFF89009C4
:106DD00003401343206803602068436833F4405342
:106DE000E068034320684360D4F818802068884234
:106DF00002D0206A50EA08082068806830F43060C9
:106E000058EA0000226890602068DFF8482A904223
:106E100016D1DFF8440A006810F00300002805D0FE
:106E2000022805D006D3032806D007E0012760E03A
:106E300002275EE004275CE008275AE0102758E0AC
:106E40002068DFF8182A904217D1DFF80C0A006892
:106E500010F00C00002806D0042808D0082804D020
:106E60000C2806D007E0002743E0022741E0042772
:106E70003FE008273DE010273BE02068DFF8E029ED
:106E8000904217D1DFF8D009006810F030000028D8
:106E900006D0102808D0202804D0302806D007E0DB
:106EA000002726E0022724E0042722E0082720E02C
:106EB00010271EE0206888421AD1DFF89C0900687C
:106EC00010F44060002809D0B0F5806F0AD0B0F50A
:106ED000006F05D0B0F5406F06D007E0002708E04E
:106EE000022706E0042704E0082702E0102700E05C
:106EF00010272068884246D13800C0B2002806D04A
:106F0000022808D0042809D008280BD00DE004F08E
:106F10006BF981460DE0DFF84C990AE004F0F7F8D0
:106F2000814606E04FF4004903E05FF000090120CC
:106F30000600B9F1000F00F0A5806168032041430D
:106F4000894505D361684FF480504143494502D2D9
:106F50000120060096E04FF480726068400800212E
:106F6000E2FB09016268002300F08EFD0500B5F523
:106F7000407F05D3B5F5801F02D22068C56081E04F
:106F8000012006007EE0E069B0F5004F41D13800F5
:106F9000C0B2002808D001280AD002280CD004284A
:106FA0000DD008280FD011E004F01EF9814611E041
:106FB00004F027F981460DE0DFF8A8980AE004F014
:106FC000A6F8814606E04FF4004903E05FF00009AF
:106FD00001200600B9F1000F54D06068400810EBA2
:106FE00049006168B0FBF1F00500102D0ED3B5F536
:106FF000803F0BD24FF6F0712940C5F342000143A8
:107000008A46504680B22168C8603BE001200600F5
:1070100038E03800C0B2002808D001280AD0022881
:107020000CD004280DD008280FD011E004F0DCF8B3
:10703000814611E004F0E5F881460DE0DFF8249880
:107040000AE004F064F8814606E04FF4004903E0EA
:107050005FF0000901200600B9F1000F12D060684E
:1070600019EB50006168B0FBF1F00500102D07D35B
:10707000B5F5803F04D2280080B22168C86001E0E5
:10708000012006000020A0660020E0663000C0B2AB
:10709000BDE8F08700000000200100042D76000804
:1070A00090F82410090707D501684A6832F40042B5
:1070B000416B0A4301684A6090F82410C90707D55C
:1070C00001684A6832F40032816A0A4301684A6002
:1070D00090F82410890707D501684A6832F4803295
:1070E000C16A0A4301684A6090F82410490707D52D
:1070F00001684A6832F48022016B0A4301684A60E1
:1071000090F82410C90607D501688A6832F48052C5
:10711000816B0A4301688A6090F82410890607D5BC
:1071200001688A6832F40052C16B0A4301688A60C0
:1071300090F82410490613D501684A6832F4801289
:10714000016C0A4301684A60016CB1F5801F07D1E8
:1071500001684A6832F4C002416C0A4301684A601F
:1071600090F82410090607D501684A6832F4002215
:10717000816C0A4301684A60704738B504000020FA
:10718000C4F88400FEF716FA0500206800680007BE
:107190001DD57FF07E4000902B0000225FF400118F
:1071A000200000F053F8002811D0206850E8000FAC
:1071B00030F080000100226842E800100028F4D17D
:1071C0002020E067002084F8780003203DE020685C
:1071D000006840072CD57FF07E4000902B000022F5
:1071E0005FF48001200000F031F8002820D02068F2
:1071F00050E8000F30F490700100226842E800105F
:107200000028F4D12068083050E8000F4008400002
:107210000100206810F1080242E800100028F1D1B6
:107220002020C4F88000002084F8780003200CE0BF
:107230002020E0672020C4F8800000202066002085
:107240006066002084F87800002032BD2DE9F0410E
:1072500005000E0090461F00069C2868C06930405B
:10726000B04201D1012000E000204146C9B288426D
:1072700038D114F1010FF0D0FEF79CF9C01B844205
:1072800001D3002C01D103202DE0286800684007BD
:10729000E3D5802EE1D0402EDFD02868C0690007FA
:1072A0000DD5082029680862280000F002F908209E
:1072B000C5F88400002085F87800012013E02868D4
:1072C000C0690005C9D54FF400602968086228002C
:1072D00000F0EFF82020C5F88400002085F8780041
:1072E000032000E00020BDE8F08130B403005965C0
:1072F000A3F85820A3F85A20002098669868B0F5A3
:10730000805F0BD11869002804D140F2FF10A3F868
:107310005C0023E0FF20A3F85C001FE098680028D1
:107320000AD11869002803D1FF20A3F85C0015E0FA
:107330007F20A3F85C0011E09868B0F1805F0AD16B
:107340001869002803D17F20A3F85C0006E03F20E5
:10735000A3F85C0002E00020A3F85C000020C3F862
:1073600084002220C3F880001868083050E8000F1D
:1073700050F001000400186810F1080545E80040CD
:107380000028F1D19868B0F5805F06D1186900280F
:1073900003D10FF2D130986602E00FF2D520986643
:1073A000186900280BD0186850E8000F50F490704E
:1073B00004001D6845E800400028F4D10AE0186880
:1073C00050E8000F50F0200004001D6845E8004020
:1073D0000028F4D1002030BC704770B504000D00C7
:1073E00016006565A4F858600020C4F884002220C7
:1073F000C4F88000606F002821D00FF21510616F73
:10740000C8620FF2B110616F08630FF2D110616FA3
:1074100048630020616F886333009BB2626D20680F
:1074200010F12401606F02F0A1FF002807D01020A6
:10743000C4F884002020C4F8800001202AE02069DC
:1074400000280AD0206850E8000F50F48070010036
:10745000226842E800100028F4D12068083050E883
:10746000000F50F001000100206810F1080242E80E
:1074700000100028F1D12068083050E8000F50F0CB
:1074800040000100206810F1080242E800100028C6
:10749000F1D1002070BD016851E8001F31F0C0013A
:1074A0000A00036843E800210029F4D12021C167C4
:1074B0007047016851E8001F31F490710A000368B9
:1074C00043E800210029F4D10168083151E8001F88
:1074D000490849000A00016811F1080343E8002146
:1074E0000029F1D1016E01290AD1016851E8001F7C
:1074F00031F010010A00036843E800210029F4D1AB
:107500002021C0F8801000210166002181667047AB
:1075100038B50400A56A2068006880063AD40020C7
:10752000A5F85A00286850E8000F30F48070010078
:107530002A6842E800100028F4D12868083050E892
:10754000000F400840000100286810F1080242E8DE
:1075500000100028F1D12868083050E8000F30F002
:1075600040000100286810F1080242E800100028DD
:10757000F1D12020C5F88000286E01280AD12868A2
:1075800050E8000F30F0100001002A6842E80010B7
:107590000028F4D100206866286E012805D1B5F8CE
:1075A0005810280003F0FFF802E0280003F0E0F88C
:1075B00031BD000038B50400A56A01206866286E58
:1075C000012807D1B5F85810490889B2280003F0FE
:1075D000EAF802E0280003F097FE31BDF8B5040098
:1075E000A56AEE6FD5F8807028688068000607D518
:1075F000212E05D10020A5F852002800FFF74BFFEF
:1076000028688068400607D5222F05D10020A5F8FC
:107610005A002800FFF74DFFD5F8840050F0100005
:10762000C5F88400280003F0DDF8F1BD38B504008A
:10763000A56A0020A5F85A000020A5F852002800ED
:1076400003F0D0F831BD10B50400206850E8000FF9
:1076500030F040000100226842E800100028F4D118
:107660002020E0670020E066200003F04EFE10BD01
:1076700070B50500B5F85C60D5F88000222866D1A9
:107680002868808C040016EA0400696D0870686D33
:10769000401C6865B5F85A00401EA5F85A00B5F8B8
:1076A0005A00002859D1286850E8000F30F4907033
:1076B00001002A6842E800100028F4D12868083048
:1076C00050E8000F400840000100286810F108024F
:1076D00042E800100028F1D12020C5F880000020E9
:1076E000A8660020686628681C4988420ED0286871
:1076F000406800020AD5286850E8000F30F080602A
:1077000001002A6842E800100028F4D1286E012800
:1077100019D100202866286850E8000F30F01000CA
:1077200001002A6842E800100028F4D12868C069E6
:10773000C00602D5102029680862B5F85810280044
:1077400003F031F809E0280003F012F805E028689A
:10775000008B50F008002968088370BD008000404D
:10776000F369FFEFF8B50500B5F85C70D5F8800057
:10777000222867D12868808C0400686D060017EA0B
:1077800004003080686D801C6865B5F85A00401EA2
:10779000A5F85A00B5F85A00002859D1286850E8D1
:1077A000000F30F4907001002A6842E800100028B1
:1077B000F4D12868083050E8000F4008400001006C
:1077C000286810F1080242E800100028F1D12020BA
:1077D000C5F880000020A866002068662868224955
:1077E00088420ED02868406800020AD5286850E810
:1077F000000F30F0806001002A6842E80010002885
:10780000F4D1286E012819D100202866286850E894
:10781000000F30F0100001002A6842E80010002834
:10782000F4D12868C069C00602D510202968086212
:10783000B5F85810280002F0B6FF09E0280002F061
:1078400097FF05E02868008B50F00800296808833E
:10785000F1BD0000003801408810024000440040A3
:10786000004800400024F400008000402DE9F74F5C
:1078700082B000265FF0000A5FF0000B54465D46C0
:10788000002000900127DDF80C80DDF808900498B6
:1078900010F0070F2BD10498C008002182468B46B8
:1078A00003F08CFD4FF47A7003F0A0FD0020060079
:1078B000300080B20021594517D801D3504514D269
:1078C000D8E9000104000D0022002B0049460020E9
:1078D00003F01CFD07003800C0B2012805D019F1E3
:1078E000080918F10808761CE2E703F078FD380073
:1078F000C0B205B0BDE8F08F70B50400012503F0FB
:107900005DFD06004FF47A7003F070FD3000C0B2E8
:1079100000280FD1C4F3CC20B0F5807F05D201211F
:10792000C4F3CC2003F0CEFD04E00121C4F3CC204D
:1079300003F0C8FD4FF47A7003F058FD05000548C8
:10794000016831F00201016003F049FD2800C0B276
:1079500070BD0000142002402DE9F041C0B00400C9
:107960000D00160000274FF480710022E8464046C3
:10797000FEF7D8F82000FFF7BFFFA5208DF8000024
:1079800030008DF801005FF000084046310080B201
:1079900089B288420AD2404680B2285C6946424693
:1079A00092B21144887018F10108EEE7B61C30005D
:1079B00080B20821B6B20836361A90FBF1F001FB0E
:1079C0000066320092B269462000FFF74FFF0028A0
:1079D00001D0002000E0012040B0BDE8F0810000AF
:1079E00062B38B0708D0521E11F8013B00F8013B2F
:1079F00000F024808B07F6D1830740F0208000BF81
:107A0000103A07D330B4B1E83810103AA0E8381073
:107A1000F9D230BC530724BFB1E80810A0E8081021
:107A200044BF51F8043B40F8043BD20724BF31F86F
:107A3000022B20F8022B44BF0B7803707047121FF3
:107A400017D35B0009D151F8043B20F8023B1B0C13
:107A5000121F20F8023BF6D20BE051F8043B00F86D
:107A6000013B1B0A20F8023B1B0C121F00F8013BD4
:107A7000F3D238BF121D521E24BF11F8013B00F88B
:107A8000013BF8D870470000BBBBE1B1B2F5803FC5
:107A900080F07E80022A1ED98C46B1FBF2F102FBF7
:107AA00011C31B0443EA1043B3FBF2FC02FB1C337B
:107AB00080B240EA0343B3FBF2F002FB103240EA2B
:107AC0000C4000237047022A05D98446B0FBF2F02F
:107AD00002FB10C270474AB105D100F0010249080B
:107AE0005FEA3000704700220023704703F03ABD80
:107AF0000B000200002100207047904271EB030C44
:107B0000F6D3B3F5803F2FD2F0B5B3FA83F7B1FACD
:107B100081F4A7F10F0E3D1B5340CEF1200602FA6F
:107B20000EF2F3415340B5F10F0746D80F3C2C44F9
:107B30004140C4F12006A040F1414140B1FBF3F6C1
:107B400003FB1611A2FB0645001BA94102D2761EBB
:107B50008018594180EA010221FA0EF362FA0EF20E
:107B600000215A403046F0BD30B4B1FBF3FC03FBBA
:107B70001C11A2FB0C45001BA94103D2ACF1010C66
:107B80008018594130BC02460B46604600217047C0
:107B9000B2F1807F65D3F0B5B2FA82F7B1FA81F421
:107BA000C7F10F063D1B22FA06F307F1110EF24151
:107BB00020355A40B5F10F07B8D94140C4F120062D
:107BC000A040F1414140B1FBF3FC03FB1C11A2FBBF
:107BD0000C45001BA94103D2BCF1010C801859418E
:107BE0000F2F12D30F3FC90341EA5041B1FBF3F607
:107BF00003FB1611A2FB0645D4EBC030A94102D20B
:107C0000761E8018594146EACC3C07B34140C7F183
:107C10002006B840F1414140B1FBF3F603FB1611D9
:107C2000A2FB0645001BA94102D2761E80185941CD
:107C300080EA010221FA0EF3C7F1200462FA0EF283
:107C40000CFA07F05A402CFA04F13043F0BD80EAF8
:107C5000010221FA0EF3002162FA0EF260465A4048
:107C6000F0BD8C46B1FBF2F102FB11C31B0243EAEB
:107C70001063B3FBF2FC02FB1C331B024CEA002036
:107C800043EA1063B3FBF2FC02FB1C331B024CEA19
:107C9000002043EA1063B3FBF2FC02FB1C331B021F
:107CA0004CEA002043EA1063B3FBF2FC02FB1C32F7
:107CB0004CEA002000237047B0B581EA030C0CF0B9
:107CC000004C40F2FF7515EA11541DBF15EA135719
:107CD000AC42AF4239E0E41923EA455343F4801340
:107CE000C90241F0004141EA505EC7021100A7FB02
:107CF000020200284FF00000EEFB01204FF00001CF
:107D0000E3FB072118BF42F001024018002149415E
:107D1000E3FB0E01A4F580640F0302D25200404140
:107D2000494154F101046CDD470872F1004250F101
:107D3000000051EB0451A1F580115CBF41EA0C0138
:107D4000B0BD4CEA05510020B0BD05EA1357AC4266
:107D500014BFAF4241E050EA410E1CBF52EA430E4D
:107D600002E061460020B0BD24423C441BD15FEAE2
:107D7000070EF6D0090302BF01460020AEF1140E33
:107D8000B1FA81F7AEEB070401FA07FE0C37C7F131
:107D9000200100FA07F7C8404EEA000E23EA4553D7
:107DA00043F48013A2E733F00043B3FA83F704BF30
:107DB000B2FA82FE77440B3FE41BB7F1200E2FBFCF
:107DC00002FA0EF3BB40C7F1200E22FA0EFE38BFB6
:107DD00043EA0E03BA40641C82E750EA410E14BF26
:107DE00052EA430E6FF000014FF4001717EB430FF8
:107DF0008ABF194617EB410FB5E74CEA0551002041
:107E0000B0BDD4F10104B4F120070FDAC4F12007AA
:107E1000520828BF42F0010210FA07F501FA07F7ED
:107E2000E1BF2A43E0403843E1400FE0352C98DCC5
:107E3000C7F1200452EA400220FA07F218BF42F0CC
:107E4000010231FA07F0A1400A43002172F1004219
:107E500050F1000051EB0C01B0BD000070B44FF0C8
:107E6000004591EA030F43F187836B40841A71EB5D
:107E7000030604D26E40001BB141121973414FF446
:107E8000001C1CEB410F34BF7CEB430683E00C0D60
:107E9000A4EB1356362E00F37C80012E45EAC32353
:107EA00041DC43EA525312BFD20292025B0824051E
:107EB00045EAC12141EA5051D2EBC020994125D475
:107EC00007D1B0FA80F610FA06F162D00020203611
:107ED00008E0B1FA81F6B140C6F1200220FA02F2C0
:107EE0001143B0404FEAF474B4EB465434F0010649
:107EF0004FEA74040AD8D6F50016760D04F0004453
:107F0000F04061FA06F25040F1404840C00A40EAB1
:107F1000415021F0004128BF5FEA500550F10000B8
:107F200044EBD12135E0DB0A45EAC121C90AB6F1AB
:107F300020050EDD42EA0242120CC5F1200603FACA
:107F400006F6EB4042EA06056D42984161F10001F8
:107F50000DE062FA06F5F240554063FA06FC82EA4B
:107F60000C02F3405A406D42904161EB030111F461
:107F7000801F05D1641E620502D06D004041494159
:107F800021F48011430875F1004350F1000041EBEA
:107F9000045170BC70471CEB410F15D223F0004315
:107FA00052EA43060BD04FEA4C0CBCEB410F04D80D
:107FB0000C0D661E342EB7DDEBE7801A994150EAAE
:107FC000410608BF0021E4E708BF1CEB430F28BFB0
:107FD0006FF00001DDE70000C1F30A5340F2FE320A
:107FE0009B1A14DDD3F120034FEAE17208DDC902C8
:107FF00041EA505141F00040D8408018504070474D
:1080000003F2E13010B1D24382F00040704700200B
:10801000704700002DE9F04D2DED0A8B41EC190B56
:1080200043EC182B51EC180B20F0000431F0004504
:1080300008BF002C84B000F0088353EC192B0020FB
:10804000DFF88C1603F002FB00F0FF82DFF8141655
:1080500003F0FCFA08D151EC180B48004015401C05
:1080600002D1090300F0F18251EC190B48004015D0
:10807000401C00F00E8251EC190B31F0004108BF9A
:10808000002800F0068251EC180B48004015401CF7
:1080900000F0FF8151EC180B4B0043EAD073420013
:1080A000002B08BF002A04D1B0EE48AAF0EE68AA5F
:1080B00019E040F23344A4EB5352352A04DB00F0BC
:1080C000000001F000410CE0202A03DD203AD140FD
:1080D000914000E001D1002003E0002AC4BFD0405D
:1080E000904041EC1A0B51EC190BC80F0BD053EC1C
:1080F000182B51EC1A0B03F0A9FA04D0AFF300804F
:108100009FED3F9BA3E253EC192B23F00041B1F507
:10811000801F22F000000DD20022002908BF002895
:10812000009216D06A4651EC190B03F09FFA41EC0D
:10813000190B0EE0DFF8AC45DFF82C7504EB11509D
:1081400000903B40DFF82405924643EA000B4BECDD
:1081500019AB51EC190BC80F36D021F0004053EC8D
:10816000192B034643EC192B51EC1A0B4B0043EA35
:10817000D0734200002B08BF002A04D1B0EE4A0A97
:10818000F0EE6A0A19E040F23444A4EB5352352A67
:1081900004DB00F0000001F000410CE0202A03DDC8
:1081A000203AD140914000E001D1002003E0002AB4
:1081B000C4BFD040904041EC100B53EC1A2B51EC53
:1081C000100B03F043FA01D1002600E001260098CD
:1081D00001281DD151EC190BDFF89424DFF89434F9
:1081E00003F07CFA14D253EC192B00204FF080419D
:1081F000FFF762FD00279FED04BB41EC190B27E060
:10820000FFFFFFFFFFFFFF7F000000000000F03FC7
:1082100053EC192B0020DFF86014FFF74DFD9FEDA4
:1082200078AB53EC1A2BFFF719FEFFF7D5FEA0F140
:1082300020042046FCF79AFF0022DFF84034FFF7C5
:108240003BFD53EC1A2BFFF709FE41EC1B0B6701BA
:1082500051EC190B53EC1B2B03F086F941EC1A0B74
:1082600053EC192B51EC1B0BFFF7F8FD02460B46A4
:1082700051EC1A0BFCF79CFF41EC190B53EC192B3A
:10828000FFF71AFD41EC1C0B53EC1C2BDFF8F0033D
:10829000DFF8F013FFF710FDDFF8EC23DFF8EC3325
:1082A000FFF7DCFD53EC1C2BFFF706FDDFF8E023A6
:1082B000DFF8E033FFF7D2FD53EC1C2BFFF7FCFC9B
:1082C000DFF8D423DFF8D433FFF7C8FD53EC1C2BC1
:1082D000FFF7F2FCDFF8C823DFF8C833FFF7BEFD75
:1082E00053EC1C2BFFF7E8FCDFF8BC23DFF8BC33B2
:1082F000FFF7B4FD53EC1C2BFFF7DEFCDFF8B023D7
:10830000DFF8B033FFF7AAFD53EC1C2BFFF7D4FCCA
:1083100053EC1A2B03F028F904460D460020DFF831
:10832000B01353EC1B2B03F01FF900224FF08043D6
:10833000FFF7C2FC22462B46FFF790FD53EC192BAA
:10834000FFF7BAFC41EC100BDFF86C03784400F542
:108350005A70074453EC1A2B51EC100BFFF77EFDBB
:1083600041EC190B0098FCF701FFD7E90023FFF758
:1083700075FD41EC1A0B53EC192BDFF84003DFF8C5
:108380004013FFF799FC53EC1A2BFFF767FD53ECF2
:10839000182BFFF791FC0022DFF8283303F09EF939
:1083A00041EC1B0B69D30122C74B03F0AFF961D934
:1083B000C80F53EC1B2B1ABF0020C449AB49FFF771
:1083C0004DFDFFF709FE0022C14BCDE90123804698
:1083D000CDF8008053EC192B51EC180BFFF76CFC17
:1083E00004460D46D7E90201D7E90423FFF736FD1D
:1083F00053EC182BFFF760FC9FEDB6BB04E000BF09
:10840000000000000000E03F53EC1B2BFFF754FC82
:1084100022462B46FFF722FD07468B4653EC1A2BCC
:1084200051EC180BFFF748FC04460D464046FCF79C
:108430009DFE02460B462046294603F095F853EC74
:108440001B2BFFF739FC3A465B46FFF707FDDDE9DA
:10845000012303F073F941EC190B31F0004108BF1F
:1084600000280AD051EC190B48004015401C06D1D9
:10847000090304D19FEDA09B01E09FED9B9B002E83
:1084800000F0E58051EC190B81F0004141EC190B33
:10849000DDE051EC190B48004015401C02D10903E6
:1084A00040F0D58051EC180B48004015401C06D117
:1084B000090304D0B0EE489AF0EE689AC7E051EC98
:1084C000180B480001244015401C61D051EC180BDA
:1084D0004B0043EAD0734200002B08BF002A04D1AE
:1084E000B0EE48AAF0EE68AA19E040F23345A5EBD9
:1084F0005352352A04DB00F0000001F000410CE08B
:10850000202A03DD203AD140914000E001D1002033
:1085100003E0002AC4BFD040904041EC1A0B53EC5A
:10852000182B51EC1A0B03F091F818BF00244B00E4
:1085300043EAD0734200002B08BF002A04D1B0EEFA
:108540004A0AF0EE6A0A19E040F23445A5EB5352AC
:10855000352A04DB00F0000001F000410CE0202A85
:1085600003DD203AD140914000E001D1002003E03A
:10857000002AC4BFD040904041EC100B44B153ECF2
:108580001A2B51EC100B03F061F80CBF00240124EE
:1085900051EC190B48004015401C0AD1090308D1C1
:1085A00051EC190BC80F21D153EC182BDA0F49D01D
:1085B00040E051EC180B48004015401C1ED1090347
:1085C0001CD153EC192B23F00041B1F5801F22F090
:1085D000000021D20022002908BF002800921FD0ED
:1085E0006A4651EC190B03F041F819E051EC180BF5
:1085F000C80F01D1002C21E0E4B10AE0002C1ABF21
:1086000051EC190BC80F002053EC182BDA0F14D1C2
:1086100080B19FED329B1AE0324C04EB1150009078
:1086200051EC180BC80F009802D100280ADC01E0B9
:10863000002807DD9FED2C9B09E0002818BF9FED67
:108640002C9B04D19FED2C9B01E09FED049B04B07B
:1086500051EC190BBDEC0A8BBDE8F08D0000000059
:108660000000F03F0000F0BFFFFF0F800000E03F80
:10867000CD3B7F669EA0E63F000050400000903F4B
:10868000F7DE29BFD8F8C23FF4B3FECC1A99C33F36
:1086900062CB68D96F46C73FC6C912DAC471CC3FF6
:1086A0004AE98A942449D23FF75F97999999D93F2B
:1086B000BC5555555555E53F185B0000FE822B65AE
:1086C0004715F73F0000E0C00000E0400000E0BFB9
:1086D0000000F03FEF39FAFE422EE63F00000000B6
:1086E0000000008002FCFFFF00000000000000000E
:1086F000000000000000F0FF000000000000F07F1C
:108700002DE9F14FB0B0924604910DF142013A9A31
:108710002B9199464A7000200AE01AF8011B049830
:10872000309A90470028049000F0B6860D98401CBF
:108730000D909AF8000050B12528EED100210022BA
:108740000791089209910A920B910C9204E00D98FE
:1087500000F0A4BE41F001011AF8010F2028F9D061
:1087600023280CD02B2804D02D2805D0302809D060
:108770000BE041F00201EFE741F00401ECE741F0CA
:108780000801E9E741F01001E6E72A280FD1D9F8FE
:10879000002052F8040BC9F8002000280F9003D5E0
:1087A00040420F9041F004010AF1010A14E00F92D7
:1087B000DFF828380AE00F98984205DA00EB8004C9
:1087C00002EB4402303A0F920AF1010A9AF80020B3
:1087D000A2F130000A28EED39AF800002E2803D028
:1087E0004FF0FF320E9229E01AF8010F2A2809D122
:1087F000D9F8000050F8042BC9F800000E920AF1D5
:10880000010A1BE02D280CBF0AF1010A00200022FA
:108810000E92DFF8C8470BE040B90E9AA24205DA83
:1088200002EB820503EB4503303B0E930AF1010A8C
:108830009AF80030A3F130020A2AEDD3ADF84010C7
:10884000DFF89C07784400F5F3609AF8001003F015
:1088500069F908B11AF8010B8DF842009DF8420041
:10886000682805D19AF8000068280CD1622106E03A
:108870006C2804BF9AF800006C2804D171218DF88F
:1088800042100AF1010A12A806901AF801BBBBF1C6
:1088900025012CD01C3900F0D081091F022940F29B
:1088A000CC81133900F02385093900F0C681891E77
:1088B00000F0B885491E00F06585491E022940F286
:1088C000BC81091F00F05E85491F00F02881491E08
:1088D00000F00D85491E00F0D080C91E0DD0891E04
:1088E00000F00585C91E00F0028500F0A6BD252315
:1088F0008DF84830012100F0ABBDD9F8000050F8E8
:10890000044BC9F80000002C059440F0A3802B997B
:108910004878002800F099804FF0FF340FF684303B
:1089200003F00CF9201A40F0B78500F092BD6D1EDF
:1089300040F0A9853096079D12AF75B1309E17F8AB
:10894000012B02A9304600F073FE002801D46D1EF1
:10895000F5D10028309640F09F850A9D3020002DEB
:108960008DF804000CDD309E012301AA02A93046D7
:1089700000F06EFE002840F08F856D1EF4D1309619
:10898000059F089D75B1309E17F8012B02A930464E
:1089900000F04EFE002801D46D1EF5D1002830965F
:1089A00040F07A850B9D3020002D8DF804000CDD01
:1089B000309E012301AA02A9304600F049FE00289A
:1089C00040F06A856D1EF4D1309605980899099D8E
:1089D000471875B1309E17F8012B02A9304600F0F8
:1089E00027FE002801D46D1EF5D10028309640F0F6
:1089F00053850C9D3020002D8DF804000CDD309E39
:108A0000012301AA02A9304600F022FE002840F00E
:108A100043856D1EF4D130969DF8400041077FF5E7
:108A200088AE2020002C8DF804007FF782AE309DA8
:108A3000012301AA02A9284600F00AFE002840F0FE
:108A40002B85641EF4D1309573E60FF664400590D3
:108A500000F0FFBC0E9D002D04D52046FCF74EFB18
:108A6000044607E02A46204603F088F8002814BF91
:108A7000041B2C46089400F0ECBCD9F8001051F807
:108A8000040BC9F8001020F00004002121F0FF358C
:108A900012ABCDE902450593DDE9022306993C249A
:108AA00013B90AB90E9898B102F00F053035641E5B
:108AB000EEB23A2EA8BF2735120942EA03721B090B
:108AC0000D5508BF002A03D005980D19A842EBD315
:108AD00008190590C4F13C020E98089282420ADA05
:108AE000BDF84010821A4FF6EF7001400A92ADF8BF
:108AF000401000F0AEBC002840F1AB849DF840006F
:108B000000F01400102840F0A4840F9B07990A98E5
:108B10005B1A1B1A9A1A002A40F39B84E5E32B99EF
:108B2000487820B14FF0FF340FF65430F8E69DF846
:108B30004200622861D0682817D06A283FD06C288C
:108B400006D0712847D074282CD07A281DD064E034
:108B5000D9F8001051F8040BC9F80010002868D1AA
:108B60004FF0FF340FF63030DAE6D9F8001051F844
:108B7000040BC9F8001020B94FF0FF340FF618307D
:108B8000CEE60D99018000F064BCD9F8001051F8D0
:108B9000040BC9F8001000284BD14FF0FF340FF63A
:108BA000F820BDE6D9F8001051F8040BC9F8001000
:108BB00000283ED14FF0FF340FF6DC20B0E6D9F8A4
:108BC000001051F8040BC9F8001080B94FF0FF34C1
:108BD0000FF6C420A4E6D9F8001051F8040BC9F828
:108BE000001020B94FF0FF340FF6AC2098E60D9A34
:108BF000D317C0E9002300F02CBCD9F8001051F8BD
:108C0000040BC9F8001020B94FF0FF340FF688208C
:108C100086E60D99017000F01CBCD9F8001051F8DF
:108C2000040BC9F8001020B94FF0FF340FF668208C
:108C300076E60D99016000F00CBCD9F80020D21D39
:108C400022F00702C9F80020D2E900010832C9F871
:108C50000020CDE90201C80F02D007982D210AE0BB
:108C6000BDF84000810702D507982B2103E0C0071B
:108C700005D50798202112AA1154401C0790DDE960
:108C80000223079912A8CDE92C2308444BF02001B8
:108C90006129059021AC0BD00E99002902D506213F
:108CA0000E9105E001BF4BF02001672901220E92D1
:108CB000DDE9022359004915491C0DD11A030BD0D7
:108CC000ABF1610503211A2D089102D20FF6E411D0
:108CD00010E00FF6E4110DE059004915491C0DD1C3
:108CE0001A030BD1ABF1610503211A2D089119D399
:108CF0000FF6CC110322FEF773FEAAE3DDE90201B1
:108D0000CDE92E01DDE92E2323F00047B7F5801FC2
:108D100022F000060DD20022002F08BF002E009284
:108D200003D116E00FF69411E4E76A4602F09EFCC8
:108D30000FE0DFF8DC08DFF8DC1800EB17500090DC
:108D4000DDE92E234FF0FF301940DFF8CC781040DA
:108D50003943CDE902014BF0200061280DD105987F
:108D600030210170821CBBF1610F05920CBF78218C
:108D7000582141700798801C0790DDE9020120F01E
:108D8000000231F0004308BF002A02D1002600256E
:108D900068E14BF02008B8F1610F40F0B4800E9804
:108DA000002847BF21210191401C0190019FDDE96E
:108DB0002C017F1C00220023DDE9024502F08EFC1D
:108DC00000998DF8842038BF85F00045091F002FD9
:108DD00000910DF1850653DD20462946002200232F
:108DE00002F094FC4CD24800400D00F11C0212D05D
:108DF000002A10DD40F2FF739A4206DBDFF81C18F0
:108E000005F000400143002011E06FF31E5141EADC
:108E1000025120460BE024F0000035F0004108BF6D
:108E200000280FBF29461C22294602F0D3FE044623
:108E30000D46FFF7D1F8FF1F002F804609DDFCF734
:108E400095F902460B462046294602F08DFB044662
:108E50000D46F01D0721B8F1000F0CDD491E5EBF65
:108E600008F00F0200F8012D4FEA2818F3D502E0B0
:108E7000002200F8012D491EFAD5C61D002FABDCDB
:108E80000DF18500361A01988642D8BF3046002879
:108E90000DF1850430D4B04206DA0DF185010A5C8B
:108EA000082AA8BF0F2100DA0021024621AB134493
:108EB00000E0401E13F80159521E8D42F9D00F29CF
:108EC00004D10DF185018B5C5B1C8B54002A04D509
:108ED0000099091D21AC401C0091411E0CD4621860
:108EE000ABF13A0613783033DDB23A2DA8BFF31850
:108EF000491E02F80139F5D50E99002940F1B080DC
:108F0000421E0E92ACE00099DFF8142747F297500A
:108F1000414391FBF2F2DDE92C45009225F000453A
:108F2000D2F1070204DD2046294600F04EFB0BE09B
:108F300052420020DFF8EC1600F047FB02460B46D9
:108F400020462946FCF734F90446B8F1660F0E981E
:108F500006BF009F0A3706273F18142FC8BF1427E3
:108F600030200D468DF884000DF18506002F39DD87
:108F70002046294602F0CCFE01460A4606F10803C7
:108F800004200A26B2FBF6F606EB860EA2EB4E0292
:108F9000303203F8012C0A22B6FBF2F202EB820E09
:108FA000A6EB4E063036401E03F8026DE9D1083FAD
:108FB000002F03F10806D9DD0846FCF751FA0246F6
:108FC0000B462046294602F0CFFA0022DFF8583639
:108FD000FEF772FE04460D46CAE700BFCBCCCC0CB0
:108FE000286800000DF18500361A0DF1850404E0B3
:108FF0000098401E761E0090641C20783028F7D020
:10900000B8F1660F02D10099491C04E0B8F1650F70
:109010000CBF012100210E9808188642B8BF701EAF
:1090200000281DD4B04204DA215C3429C8BF39219C
:1090300000DC30210246631E9D1800E0401E15F83A
:109040000169521E8E42F9D0392902D1A15C491C16
:10905000A154002A04D50099491C1C46401C0091CB
:109060000646009D02F068FE406A0778DDF8388009
:1090700030B2002802DC01260FF248644BF02000D9
:10908000662808BF6D1C16D0672846D128B210F19B
:10909000040F48DB404546DA9DF840006D1C01078F
:1090A00003D430B24045B8BF804628B2B8EB0008C0
:1090B00048BF4FF000080FFA85FBBBF1000F00F32B
:1090C000B5800898411C0891302205990A54B8F1DE
:1090D000000F03DC9DF84000010704D50898411CEF
:1090E000089105990F5418EB0B0FB8BFC8F1000594
:1090F0002DB268420B90A84432B29045B8BF4646A4
:10910000059B089836B20996324621461844FEF768
:1091100067FCA8EB06000C90D2E0BBF1610F17D101
:109120004FF0700B19E030B2404504DA9DF8401062
:109130000A0758BF8046B8F1010848BF4FF0000841
:10914000BBF1670F14BF4FF0450B4FF0650B04E008
:10915000BBF1410F08BF4FF0500B0898411C08911C
:10916000B8F1000F059914F8012B0A5403DC9DF89F
:10917000400001071AD50898411C0891B8F1000F6A
:1091800005990F5412DD761E30B280450598089B74
:10919000B8BF464632B221461844FEF721FC089972
:1091A00036B271180891A8EB06000B900598089943
:1091B000084429B2002980F800B003D42B22427061
:1091C000821C04E02D2242700D46821C6D4200215B
:1091D0002CAB28460AE004460A2094FBF0F000EB92
:1091E0008005A4EB450403F8014B491C00B200289C
:1091F000F1DC012906DC4BF02000652804BF30209B
:1092000002F8010B00292CAB08D1302002F8010B29
:1092100006E0491E585C303002F8010B0029F8DCEA
:10922000059908980844121A099249E030B229B207
:1092300088421CDA0598089B32B221461844FEF792
:10924000CFFB089936B27118ABEB0606B8F1000FE8
:1092500008910B9603DC9DF84000020704D50598A1
:1092600047540999491C0991CDF8308028E00598A8
:10927000089B2AB221461844FEF7B2FB0898761BD9
:109280005844B8F1000F089003DC9DF840100A071D
:1092900003D5411C089105990F5430B280450598BB
:1092A000089BB8BF464632B204EB0B011844FEF7E8
:1092B00097FB089836B230180890A8EB06000B9080
:1092C0009DF8400000F01400102840F0C280079A7A
:1092D00008990B988A18099982180C988A1882188C
:1092E0000F98824280F2B580821A0A92B1E09DF80E
:1092F0004200622808D068280ED06A2814D06C2852
:109300001FD0712810D01CE0D9F8001051F8040BC0
:10931000C9F80010C0B21AE0D9F8001051F8040BD7
:10932000C9F8001080B212E0D9F80020D21D22F056
:109330000702C9F80020D2E900010832C9F800206C
:1093400006E0D9F8001051F8040BC9F8001000210C
:10935000CDE902019DF8400001075AD5DDE902235D
:10936000002B08BF002A54D04BF02000782850D1A1
:10937000079812A930220A54401C431C079301F895
:1093800000B046E09DF84200622808D068280ED060
:109390006A2814D06C281FD0712810D01CE0D9F88E
:1093A000001051F8040BC9F8001040B21AE0D9F8C7
:1093B000001051F8040BC9F8001000B212E0D9F8FF
:1093C0000020D21D22F00702C9F80020D2E90001D6
:1093D0000832C9F8002006E0D9F8001051F8040B53
:1093E000C9F80010C117CDE90201002902D507987C
:1093F0002D210AE0BDF84000810702D507982B21F6
:1094000003E0C00705D50798202112AA1154401C7B
:10941000079012A807990144059102A8594600F047
:109420004FF816E001200790D9F8000050F8041B0F
:10943000C9F800008DF848100BE025210122BBF18E
:10944000000F8DF84810079203D08DF849B0022123
:1094500007910F9A07980A990C9C121A0898521AA9
:109460000B99121A0998521A121A9DF84000141BEF
:1094700041073FF560AA2020002C8DF804007FF7FB
:109480005AAA309E2546012301AA02A9304600F0BF
:10949000DFF800283FF44BAA4FF0FF3031B0BDE8B1
:1094A000F08F00007072696E74665F733A206261BB
:1094B0006420257320617267756D656E740000000D
:1094C0002DE9FC4307466F293E6908BF082405D0F3
:1094D00041F02000782814BF0A2410243C25D7E945
:1094E0000023642918BF69299046994605D1002BAD
:1094F00003D5D8F1000869EB4909B9F1000F08BF9D
:10950000B8F1000F0CD1386B50B9082C39D197F84D
:109510003800010735D530203B2586F83B0030E088
:109520008DF80010404649462246E317FEF7ACFA94
:109530003032D0B26D1E3A28019504DB9DF8000050
:10954000A0F151018A187255404649462246E31758
:10955000FEF79AFA80465FEA010908BFB8F1000FEA
:1095600003D0F86871198842DCD3082C09D197F828
:109570003800010705D5705D302802D06D1E3020FF
:109580007055C5F13C02BA617119F960386B8242BD
:1095900008DA821A3A624FF6EF70398F0140398744
:1095A000BDE8F38300280ED597F8380000F01400CA
:1095B000102808D17B6B7969386A5B1A1B1A9A1AD2
:1095C000002AC8BF3A62BDE8F3832DE9D0430646BE
:1095D0000F4614464FF00008DFF8509012E0E00705
:1095E00007D542464B4630463946FEF765FB0646F0
:1095F0000F464046494642464B46FEF75DFB641027
:1096000080468946002CEAD130463946BDE8D083F1
:1096100002FCFFFFFFFF0F800000E03F0000F07F33
:10962000A08601000000F03F84D79741000024404D
:1096300010B503460C461146A0689847A06020B1BB
:10964000E06A401CE062002010BD4FF0FF3010BD0A
:10965000F8B505460E4617461C4600205CB117F8C3
:10966000011BB068A847B06030B1F06A401CF062DE
:109670000020641EF3D1F2BD4FF0FF30F2BD0000B8
:109680007072696E74665F733A20256E2064697328
:10969000616C6C6F776564007072696E74663A20F5
:1096A00062616420256E20617267756D656E74005D
:1096B000000000006E616E004E414E00696E660053
:1096C000494E46003000000010B50400002C01D1C6
:1096D000012074E0606A002806D16068B0F5827FDE
:1096E00006D00020E06103E00020206100206061DE
:1096F0000020A06294F85D00002805D1002084F8C5
:109700005C00200002F044FB022084F85D00206829
:10971000006830F0400021680860E06840F20171A4
:10972000884201D3002101E04FF48051E068B0F598
:10973000706F05D0E068B0F5E06F01D00020A06246
:10974000606810F48270A26812F404421043227C14
:1097500012F002021043227D12F001021043A269AE
:1097600012F400721043227F12F03802104394F872
:10977000202012F080021043A26A12F4005210431B
:1097800022681060A269120C12F0040294F82400FE
:1097900010F01000024394F8340010F00800024367
:1097A000E06810F47060024311F4805002432068B6
:1097B000426000202066012084F85D00002010BD7A
:1097C0002DE9F84306000D0017001C00FBF7F2FE20
:1097D0008046B94696F85D00012801D00220ECE0F1
:1097E000002D03D0380080B2002801D10120E4E030
:1097F00096F85C00012801D10220DEE0012086F805
:109800005C00032086F85D0000203066B563B787F2
:10981000F787002030640020A6F844000020A6F856
:109820004600002030650020F064B068B0F5004FBD
:109830000BD13068006830F0400031680860306853
:10984000006850F480403168086030680068400665
:1098500005D43068006850F0400031680860F06856
:1098600040F20171884235D37068002803D0484621
:1098700080B2012809D1B06B00883168C860B06B34
:10988000801CB063F08F401EF087F08F002873D0EB
:109890003068806880070AD5B06B00883168C8607E
:1098A000B06B801CB063F08F401EF087EDE7FBF7D4
:1098B00081FEB0EB0800A04202D314F1010F01D1E8
:1098C000002CE2D1012086F85D00002086F85C00C3
:1098D000032072E07068002803D0484680B2012857
:1098E00017D1F08F02280AD3B06B00883168C860A6
:1098F000B06B801CB063F08F801EF08709E0B06B06
:10990000007831680873B06B401CB063F08F401E64
:10991000F087F08F00282FD030688068800718D536
:10992000F08F02280AD3B06B00883168C860B06B32
:10993000801CB063F08F801EF087EAE7B06B007880
:1099400031680873B06B401CB063F08F401EF08725
:10995000DFE7FBF72FFEB0EB0800A04202D314F1C3
:10996000010F01D1002CD4D1012086F85D00002028
:1099700086F85C00032020E042462100300000F021
:1099800003F9002801D020203066B068002808D1F3
:10999000002000903068C0680090306880680090B7
:1099A0000098012086F85D00002086F85C00306E8B
:1099B000002801D0012000E00020BDE8F2832DE95D
:1099C000FC4705000E0017009846DDF82890FBF7CD
:1099D000F1FD0400B8EB040419EB0404FBF7EAFD05
:1099E0008246684800684001000D00FB04F00090CA
:1099F000286880683040B04201D1012000E000209A
:109A00003900C9B2884243D018F1010FF0D0FBF7FA
:109A1000D1FDB0EB0A00A04201D2002C2FD1286862
:109A2000406830F0E000296848606868B0F5827FDF
:109A30000DD1A868B0F5004F03D0A868B0F5806FCD
:109A400005D12868006830F0400029680860A86ADD
:109A5000B0F5005F0BD12868006830F40050296829
:109A600008602868006850F40050296808600120E8
:109A700085F85D00002085F85C00032009E000986F
:109A8000002801D1002004000098401E0090AFE79C
:109A90000020BDE8F6872DE9FE4F06000F001400F8
:109AA0009846DDF8309000208DF80000FBF782FD2D
:109AB0000500B8EB050519EB0505FBF77BFD8246B4
:109AC000306810F10C0B2F48016823204143090D29
:109AD00001FB05F10191306880683840A0424ED00A
:109AE000B7F5C06F07D1002C05D19BF800008DF8A9
:109AF00000009DF8000018F1010FECD0FBF75AFDB3
:109B0000B0EB0A00A84201D2002D2FD13068406886
:109B100030F0E000316848607068B0F5827F0DD1A8
:109B2000B068B0F5004F03D0B068B0F5806F05D1D4
:109B30003068006830F0400031680860B06AB0F505
:109B4000005F0BD13068006830F400503168086065
:109B50003068006850F4005031680860012086F8D1
:109B60005D00002086F85C00032009E001980028D1
:109B700001D1002005000198401E0190ABE70020B4
:109B8000BDE8FE8F0C0500207CB504000D0016001A
:109B900000962B0000224FF4C0512000FFF77BFFFE
:109BA000002805D0206E50F02000206603201FE022
:109BB00000962B00002280212000FFF700FF0028E4
:109BC00005D0206E50F020002066032010E00096A3
:109BD0002B0000224FF4C0612000FFF75CFF00283B
:109BE00005D0206E50F020002066032000E0002009
:109BF00076BD002848BF4042704780B502F004F9A6
:109C000000F011F802F012F902F0F8F9FCF72EFC5E
:109C100002F024FA02F094F8FCF744FCFCF760FC34
:109C200002F046FBFEE710B596B04421002205ACD9
:109C30002000FBF777FF142100226C462000FBF781
:109C400071FF4FF4007002F00FFD002801D000F00A
:109C500033F81820059001200A9001200B90002075
:109C60000C9060200D9002200F9001201090012098
:109C700011902820129007201390022014900220A7
:109C8000159005A800F042FE002801D000F014F85D
:109C90000F200090032001900020029000200390EC
:109CA000002004900421684601F074F9002801D0D6
:109CB00000F002F816B010BD72B6FEE710B504460B
:109CC00010460A4601462046FBF72CFF204610BDF1
:109CD0002DE9F84F05005FF000080027286800050F
:109CE00027D5686C00280DD0B0F5000F03D0B0F573
:109CF000400F0DD00DE0DFF82403016851F48031EE
:109D0000016008E00021281D00F092F9804602E081
:109D100001E0012080464046C0B2002808D1DFF8AB
:109D20000C130A6832F44002686C02430A6000E0D7
:109D30004746286880037AD55FF00009DFF8E0A283
:109D4000DAF80000C0000DD4DAF8000050F08050BE
:109D5000CAF80000DAF8000010F080500090009877
:109D600001208146DFF8BCB2DBF8000050F48070BF
:109D7000CBF80000FBF71EFC0600DBF80000C00576
:109D800006D4FBF717FC801B0328F6D3032080467C
:109D90004046C0B200283FD1DFF88CB2DBF80000AB
:109DA00010F440700400002C15D0E86D844212D0ED
:109DB000DBF8000030F440700400DBF8000050F4E1
:109DC0008030CBF80000DBF8000030F48030CBF8B6
:109DD0000000CBF80040E0070FD5FBF7EBFB0600D7
:109DE000DBF80000800708D4FBF7E4FB801B41F29E
:109DF00089318842F4D3032080464046C0B200280F
:109E000008D1DBF8001031F44071E86D0143CBF864
:109E1000001002E0474600E047464846C0B201282D
:109E200005D1DAF8000030F08050CAF80000287838
:109E3000C00707D5DFF8F4110A6892089200286A73
:109E400002430A602878800707D5DFF8E0110A6826
:109E500032F00C02686A02430A602878400707D58E
:109E6000DFF8C8110A6832F03002A86A02430A60BB
:109E70002878800607D5DFF8B4110A6832F440620A
:109E8000E86A02430A602868800507D5DFF89C115C
:109E90000A6832F44022E86B02430A6028684005F1
:109EA00007D5DFF888110A6832F44012286C0243A3
:109EB0000A602878400607D5DFF870110A6832F486
:109EC0004052286B02430A602878000607D5DFF865
:109ED0005C110A6832F44042686B02430A602868E9
:109EE000C00507D5DFF844110A6832F44032A86B88
:109EF00002430A602868800420D5DFF830110A6820
:109F000032F04062A86C02430A60A86CB0F1006FA6
:109F100006D1DFF80801016851F4801101600DE0FD
:109F2000A86CB0F1806F09D10121281D00F080F8E4
:109F300080464046C0B2002800D04746286800034B
:109F400020D5DFF8E8100A6832F04062E86C02437E
:109F50000A60E86CB0F1006F06D1DFF8C00001685C
:109F600051F4801101600DE0E86CB0F1806F09D10F
:109F70000121281D00F05CF880464046C0B2002850
:109F800000D047462868400320D5DFF8A0100A68B3
:109F900032F04062286D02430A60286DB0F1006F14
:109FA00006D1DFF87800016851F4801101600DE0FE
:109FB000286DB0F1806F09D10121281D00F038F81B
:109FC00080464046C0B2002800D04746286840047A
:109FD00015D5DFF858100A6832F04052686D024318
:109FE0000A60686DB0F1805F09D10221281D00F080
:109FF0001FF880464046C0B2002800D04746286877
:10A00000000407D5DFF824100A6832F08042A86DFA
:10A0100002430A603800C0B2BDE8F28F0C10024063
:10A02000581002400070004090100240881002401A
:10A030002DE9F04105000C0000275949086810F08F
:10A04000030F12D0086810F003002A68904209D16B
:10A050002868002806D00868C0F30210401C696810
:10A06000884232D0012007002FE02868012804D060
:10A070001BD303280FD007D317E04A480068800796
:10A0800001D40120070012E046480068400501D4D1
:10A09000012007000BE043480268920304D40068E3
:10A0A000400301D40120070001E00120070038002F
:10A0B000C0B2002809D10A6832F07302286802434E
:10A0C0006868401E52EA00120A603800C0B20028D8
:10A0D00061D1DFF8D080D8F8000030F08060C8F897
:10A0E0000000FBF767FA0600D8F80000000106D56B
:10A0F000FBF760FA801B0328F6D303200700380023
:10A10000C0B2002847D1002C0BD127490A68274844
:10A110000240A86852EA0022E86852EAC0620A6077
:10A120001CE0012C0DD120490A6821480240A86892
:10A1300052EA002228694008401E52EA40520A6052
:10A140000CE019490A681B480240A86852EA00223C
:10A1500068694008401E52EA40620A60D8F8000070
:10A1600050F08060C8F80000FBF724FA0600D8F829
:10A170000000000106D4FBF71DFA801B0328F6D36C
:10A18000032007003800C0B2002804D106490A683D
:10A19000A86902430A603800C0B2BDE8F08100003F
:10A1A0000C1002400010024010100240FF80FF0718
:10A1B000FF809FFFFF80FFF930B40100002901D12B
:10A1C000012067E00868624A90420AD20A68614842
:10A1D00082181420B2FBF0F0800048645E480864E6
:10A1E00009E00A685D4882181420B2FBF0F0800094
:10A1F00048645B480864022081F82500086802680A
:10A200006FF30E128B68C8680343086903434869FB
:10A21000034388690343C8690343086A03431A4335
:10A22000086802608868B0F5804F2AD0086C4A4BF5
:10A23000984213D14B4803680F2491F8445015F00D
:10A240001C05AC40A343036003684C6891F844507C
:10A2500015F01C05AC402343036012E0424803683C
:10A260000F2491F8445015F01C05AC40A343036043
:10A2700003684C6891F8445015F01C05AC4023432A
:10A2800003600020C863012081F82500002081F8C8
:10A290002400002030BC704710B40100002901D117
:10A2A000012053E008680068400840000A68106018
:10A2B0000868274A90420AD20A6826488218142061
:10A2C000B2FBF0F0800048642348086409E00A68A3
:10A2D000224882181420B2FBF0F080004864204825
:10A2E000086400200A681060012091F8442012F0F0
:10A2F0001C0290400A6C5060086C174A90420AD1C8
:10A30000184802680F2391F8444014F01C04A3403D
:10A310009A43026009E0144802680F2391F8444010
:10A3200014F01C04A3409A4302600020C86200207D
:10A33000086300204863002088630020C863002071
:10A3400081F82500002081F82400002010BC70470F
:10A3500008040240F8FFFDBF00000240F8FBFDBF0B
:10A3600000040240A8000240A80402402DE9F04188
:10A3700004000D0016001F005FF0000894F8240090
:10A38000012801D102203BE0012084F8240094F848
:10A39000250001282DD1022084F825000020E0634B
:10A3A0002068006840084000216808603B003200D7
:10A3B0002900200000F0F8F8206B002806D0206863
:10A3C000006850F00E00216808600BE0206800680B
:10A3D00030F00400216808602068006850F00A002E
:10A3E000216808602068006850F00100216808605A
:10A3F00004E0002084F82400022080464046C0B2D9
:10A40000BDE8F0810100002291F82500022806D065
:10A410000420C863002081F8240001201BE00868A4
:10A42000006830F00E000B6818600868006840088B
:10A4300040000B681860012091F8443013F01C03B1
:10A4400098400B6C5860012081F82500002081F8AD
:10A4500024001000C0B2704738B50400002594F8FD
:10A460002500022804D00420E063012005001FE03D
:10A470002068006830F00E002168086020680068DD
:10A480004008400021680860012094F8441011F051
:10A490001C018840216C4860012084F825000020C0
:10A4A00084F82400A06B002802D02000A16B88470C
:10A4B0002800C0B232BD70B50400206C0568206869
:10A4C0000668042094F8441011F01C0110FA01F100
:10A4D0000D4219D0710717D521680968890605D47E
:10A4E0002168096831F004012268116094F8441071
:10A4F00011F01C018840216C4860206B002852D06C
:10A500002000216B88474EE0022094F8441011F09F
:10A510001C0110FA01F10D421FD0B1071DD52168B1
:10A520000968890608D42168096831F00A0122689F
:10A530001160012184F8251094F8441011F01C01D9
:10A540008840216C4860002084F82400E06A0028DC
:10A5500029D02000E16A884725E0082094F84410BB
:10A5600011F01C01884005421DD030071BD5206822
:10A57000006830F00E0021680860012094F8441053
:10A5800011F01C018840216C48600120E06301202B
:10A5900084F82500002084F82400606B002802D095
:10A5A0002000616B884770BD30B4012490F844509E
:10A5B00015F01C05AC40056C6C6004686360846831
:10A5C000102C04D10468A2600468E16003E0046810
:10A5D000A1600468E26030BC7047000010B410F065
:10A5E0000703DFF8684122684FF6FF010A40DFF8F1
:10A5F000601151EA03210A43226010BC7047DFF862
:10A600004C010068C0F3022070470000010049B20D
:10A6100000290AD4012210F01F018A40DFF834110A
:10A6200003005BB25B0941F823207047010049B287
:10A6300000290DD4012210F01F018A404649030071
:10A640005BB25B0941F82320BFF34F8FBFF36F8FDD
:10A65000704710B4020052B2002A05D40A013F4BE1
:10A66000040064B21A5508E00A013D4B040064B2CC
:10A6700014F00F04234403F8042C10BC704770B48A
:10A68000030013F00704D4F10700052801D30420C8
:10A6900001E0D4F10700251D072D01D2002500E0BF
:10A6A000E51E012616FA00F0401E0140A94016FAE8
:10A6B00005F56D1E2A401143080070BC704710B5A7
:10A6C0000400601EB0F1807F01D301200EE0601E07
:10A6D000244908600F215FF0FF30FFF7BAFF002028
:10A6E00021490860072021490860002010BD10B5ED
:10A6F00004002000FFF772FF10BD2DE9F0410400B7
:10A700000D0016000027FFF77AFF8046320029006F
:10A710004046FFF7B4FF0100200040B2FFF799FF69
:10A72000BDE8F08110B50400200040B2FFF76EFFD5
:10A7300010BD10B50400200040B2FFF777FF10BD38
:10A7400010B504002000FFF7BAFF10BD0CED00E0CB
:10A750000000FA0500E100E080E100E000E400E034
:10A7600018ED00E014E000E018E000E010E000E088
:10A7700010B50400206841490968884202D10120CF
:10A7800001F067FE20683E490968884202D1012035
:10A7900001F0BEFF20683B490968884202D10120D0
:10A7A000FCF74AF810BD38B504000D0020683349A5
:10A7B0000968884203D1280080B201F04AFE20686F
:10A7C0002F490968884203D1280080B201F0A0FF18
:10A7D00020682C490968884203D1280080B2FCF720
:10A7E0002BF831BD10B5040020682449096888425F
:10A7F00002D1002024490870206821490968884254
:10A8000002D102202049087020681E490968884248
:10A8100002D104201C49087002211C48FBF718F8DB
:10A8200010BD1CB5184C20780090194B0022002157
:10A83000032001F095FF207800280ED101F008FEDA
:10A8400014480188491C01800188142903DB002178
:10A85000018001F0E7FD01F0E9FD20782078022871
:10A8600003D101F054FF01F043FF20782078042841
:10A8700003D1FBF7E0FFFBF7CFFF13BDCC20002097
:10A8800054210020DC210020CD28002010050020CC
:10A8900080F10008BA28002070B505000C001600F1
:10A8A000D5F8800020282DD1002C03D0300080B2B4
:10A8B000002801D1012026E00120286600206866DA
:10A8C000320092B221002800FCF787FD0100080049
:10A8D000C0B2002813D1286E01280ED110202A689A
:10A8E0001062286850E8000F50F0100002002B683A
:10A8F00043E800200028F4D101E001200100080015
:10A90000C0B200E0022070BD704700002DE9FE4F8C
:10A910000500002D01D101203AE3DFF80499D9F8B0
:10A92000004014F00C04DFF81889D8F8007017F014
:10A9300003072878C00640F1C680002C03D00C2CF9
:10A940007AD1012F78D1DFF8D4A8DAF80000800797
:10A9500004D5A869002801D1012019E3DAF8000024
:10A96000000704D5DAF8000010F0F00005E0DFF889
:10A9700060090068000910F0F000296A88421ED2C0
:10A98000286A00F05FFC002801D0012000E3DAF81B
:10A99000000050F00800CAF80000DAF8001031F0AA
:10A9A000F001286A0143CAF80010DFF8280901689D
:10A9B00031F47F41EA6951EA022101601FE0DAF8CF
:10A9C000000050F00800CAF80000DAF8001031F07A
:10A9D000F001286A0143CAF80010DFF8F80801689E
:10A9E00031F47F41EA6951EA02210160002C06D16D
:10A9F000286A00F027FC002801D00120C8E200F0FE
:10AA000086FBDFF8D418D9F80020C2F30312895C62
:10AA100011F01F01C840DFF80C180860DFF80808C3
:10AA2000006801F0BBFF8DF800009DF800000028D1
:10AA300049D09DF80000ABE2A86900282DD0DFF8CE
:10AA4000DC97D9F8000050F00100C9F80000FAF7CF
:10AA5000B1FD0600D9F80000800706D4FAF7AAFD78
:10AA6000801B0328F6D3032092E2D9F8000050F0AF
:10AA70000800C9F80000D9F8001031F0F001286A88
:10AA80000143C9F80010DFF84C08016831F47F4138
:10AA9000EA6951EA0221016015E0DFF88097D9F8F0
:10AAA000000040084000C9F80000FAF783FD0600E6
:10AAB000D9F80000800706D5FAF77CFD801B032833
:10AAC000F6D3032064E22878C00754D5082C03D0BD
:10AAD0000C2C0BD1032F09D1DFF84007006880034D
:10AAE00049D56868002846D1012051E26868B0F570
:10AAF000803F06D1DFF82407016851F480310160FE
:10AB000018E06868B0F5A02F0AD1DFF810070168D7
:10AB100051F480210160016851F48031016009E045
:10AB2000DFF8F806016831F480310160016831F422
:10AB300080210160686800280ED0FAF73BFD06000E
:10AB4000DFF8D8060068800315D4FAF733FD801BC0
:10AB50006528F5D303201BE2FAF72CFD0600DFF889
:10AB6000BC060068800306D5FAF724FD801B652823
:10AB7000F5D303200CE22878800752D5042C03D0AB
:10AB80000C2C15D1022F13D1DFF890060068400578
:10AB900004D5E868002801D10120F9E1DFF8340785
:10ABA000016831F0F8512A6951EA0261016038E028
:10ABB000E86800281FD0DFF86496D9F8000050F448
:10ABC0008070C9F80000FAF7F5FC0600D9F800001B
:10ABD000400506D4FAF7EEFC801B0328F6D30320C9
:10ABE000D6E1DFF8F006016831F0F8512A6951EA40
:10ABF0000261016015E0DFF82496D9F8000030F416
:10AC00008070C9F80000FAF7D5FC0600D9F80000FA
:10AC1000400506D5FAF7CEFC801B0328F6D30320A7
:10AC2000B6E1287800072ED56869002815D0DFF82E
:10AC3000A096D9F8000050F00100C9F80000FAF71A
:10AC4000B9FC0600D9F8000080071CD4FAF7B2FC62
:10AC5000801B0328F6D303209AE1DFF87496D9F815
:10AC6000000040084000C9F80000FAF7A3FC060005
:10AC7000D9F80000800706D5FAF79CFC801B032852
:10AC8000F6D3032084E12878400740F181805FF00B
:10AC90000009DFF848A6DAF80000C0000DD4DAF8A1
:10ACA000000050F08050CAF80000DAF8000010F000
:10ACB00080500190019801208146DFF824B6DBF82E
:10ACC0000000C00513D4DBF8000050F48070CBF80E
:10ACD0000000FAF76FFC0600DBF80000C00506D4A0
:10ACE000FAF768FC801B0328F6D3032050E1A8681C
:10ACF000012806D1DFF8EC05016851F0010101607F
:10AD000017E0A86805280AD1DFF8D805016851F0D6
:10AD100004010160016851F00101016009E0DFF800
:10AD2000C4050168490849000160016831F0040167
:10AD30000160A868002810D0FAF73CFC0600DFF894
:10AD4000A4050068800719D4FAF734FC801B41F28F
:10AD500089318842F3D303201AE1FAF72BFC06006D
:10AD6000DFF880050068800708D5FAF723FC801B10
:10AD700041F289318842F3D3032009E14846C0B249
:10AD8000012805D1DAF8000030F08050CAF8000040
:10AD9000287880062ED5686A002815D0DFF84895F7
:10ADA000D9F8000050F00100C9F80000FAF702FCE1
:10ADB0000600D9F8000080071CD4FAF7FBFB801BC3
:10ADC0000328F6D30320E3E0DFF81C95D9F8000050
:10ADD00040084000C9F80000FAF7ECFB0600D9F87B
:10ADE0000000800706D5FAF7E5FB801B0328F6D3A1
:10ADF0000320CDE0A86A002800F0C980A86A0228D4
:10AE000040F0A380D8F80000070017F00300E96ABB
:10AE1000884222D117F07000296B491EB0EB011F48
:10AE20001BD117F4FE40696BB0EB012F15D117F061
:10AE30007840A96BB0EBC16F0FD117F4C000E96B7C
:10AE40004908491EB0EB415F07D117F0C060296C7B
:10AE50004908491EB0EB416F57D00C2C53D0DFF896
:10AE6000BCA3DAF80000400101D5012090E0DAF837
:10AE7000000030F08070CAF80000FAF79BFB8146B2
:10AE8000DAF80000800107D5FAF794FBB0EB09006F
:10AE90000328F5D303207BE0D8F80010DFF84C043A
:10AEA0000140E86A0143286B401E51EA0011686BBB
:10AEB00051EA0021E86B4008401E51EA4051286CDD
:10AEC0004008401E51EA4061A86B51EAC061C8F8D1
:10AED0000010DAF8000050F08070CAF80000D8F8CE
:10AEE000000050F08070C8F80000FAF763FB06001D
:10AEF000DAF8000080014AD4FAF75CFB801B0328D3
:10AF0000F6D3032044E0012042E0DFF81093D9F8A3
:10AF1000000080013BD4D9F8000050F08070C9F8DF
:10AF20000000D8F8000050F08070C8F80000FAF770
:10AF300041FB0600D9F80000800128D4FAF73AFB5B
:10AF4000801B0328F6D3032022E00C2C1DD0DFF851
:10AF5000CC92D9F8000030F08070C9F80000FAF700
:10AF600029FB0600D9F80000800106D5FAF722FB7C
:10AF7000801B0328F6D303200AE0D8F80010DFF87E
:10AF800070030140C8F8001001E0012000E000203B
:10AF9000BDE8FE8F2DE9F04104000D00002C01D129
:10AFA0000120B2E0DFF84C73386810F00700A842C7
:10AFB0000BD23868C008C00028433860386810F0E9
:10AFC0000700A84201D001209FE0207880070DD51E
:10AFD000DFF84C12086810F0F000A268904205D229
:10AFE0000A6832F0F002A06802430A602078C007C5
:10AFF00042D56068032806D1DFF82002006880018E
:10B000001CD4012081E06068022806D1DFF80C0220
:10B010000068800312D4012077E06068002806D120
:10B02000DFF8F8010068800708D401206DE0DFF840
:10B03000EC010068400501D4012066E0DFF8E08102
:10B04000D8F800108908890060680143C8F800102A
:10B05000FAF7B0FA0600D8F8000010F00C006168AA
:10B06000B0EB810F08D0FAF7A5FA801B41F28931C5
:10B070008842F0D3032048E0207880070CD5684947
:10B08000A0680A6812F0F002904205D20A6832F015
:10B09000F002A06802430A60386810F00700854299
:10B0A0000BD23868C008C00028433860386810F0F8
:10B0B0000700A84201D0012027E02078400706D5EC
:10B0C00057490A6832F4E062E06802430A60207877
:10B0D000000707D55248016831F46051226951EAEE
:10B0E000C201016000F013F8DFF8EC114C4A12685D
:10B0F000C2F30312895C11F01F01C840494908607E
:10B100004948006801F04AFCC0B2BDE8F0812DE971
:10B11000F041002600204249096811F00C01DFF8D7
:10B1200020C1DCF8007017F00307002903D00C29B8
:10B130001AD1012F18D1DFF8E4E0DEF800805FEAD1
:10B14000087806D4DFF888E1DEF800E0CEF3032EBD
:10B1500003E0DEF800E0CEF3031E674E56F82E60E3
:10B1600000290CD130000AE0042903D1DFF88CE17A
:10B17000704604E0082902D1DFF884E170460C290A
:10B180002DD1DCF800E01EF0030E73469E46BEF1A2
:10B19000020F03D0BEF1030F03D005E0DFF85CE13E
:10B1A00003E0DFF85CE100E0B646DCF80020C2F323
:10B1B0000212521C1500DCF80020C2F3062202FB2A
:10B1C0000EFEBEFBF5F2DCF800C0CCF3416C1CF1C6
:10B1D000010C5FEA4C0C6446B2FBF4FC6046BDE82F
:10B1E000F08110480068704780B5FFF7FAFF4549C5
:10B1F0000B4A1268C2F30222895C11F01F01C84099
:10B2000002BD80B5FFF7EDFF3E49054A1268C2F363
:10B21000C222895C11F01F01C84002BD001002402B
:10B22000081002400C050020E804002028490868A6
:10B2300010F07E400A6852F400020A607047000075
:10B240000C1002407CB504000025244E3068C0007C
:10B2500003D501F003FA01000FE0306850F0805090
:10B260003060306810F080500090009801F0F6F9DE
:10B270000100306830F080503060B1F5007F09D1B6
:10B28000812C15D3A12C02D30220050010E001204F
:10B2900005000DE0812C02D30320050008E0802C7E
:10B2A00002D10220050003E0702C01D1012005002D
:10B2B00010480268D208D2002A430260006810F0E9
:10B2C0000700A84201D0012000E0002076BD000068
:10B2D0009410024004100240E0F2000858100240AE
:10B2E0000070004090100240981002408C809D0138
:10B2F000FCFFEEFE00200240F8EF00080024F400FE
:10B3000000127A0098F70008704770472DE9F84F4F
:10B3100082468B4614001D000026DFF884713878C1
:10B32000012801D1022047E0012038704CF250384A
:10B33000404600F05BF881464846C0B2002837D14D
:10B3400000207860DFF85C010168490506D50168D6
:10B3500031F4806101600220387701E00020387705
:10B36000BAF1000F07D122002B00584600F071F807
:10B37000012006000FE0BAF1010F02D0BAF1020F6E
:10B3800009D12100584600F071F8BAF1020F02D13C
:10B390005FF480200600404600F028F88146002E29
:10B3A00004D0DFF804010168B143016000F09FF8A8
:10B3B000002038704846C0B2BDE8F28F00203A49FC
:10B3C0000A68002A09D53C4A3C4B13603C4B136089
:10B3D0000968002901D501210800C0B27047324830
:10B3E000016851F0004101600020704770B5040011
:10B3F000FAF7E0F805002D4A1068C00309D514F1EA
:10B40000010FF8D0FAF7D6F8401BA042F3D303207F
:10B410001EE0116826480140002913D020484368E7
:10B420000B43436011F0404F05D0224B1E6811F0D2
:10B43000404006431E60880002D021F0404010606A
:10B44000012005E01068C00701D501201060002030
:10B4500070BD10B414490C6854F001040C60026013
:10B46000BFF36F8F011D0B6010BC704770B4402399
:10B4700004000D000C4A166856F480261660EFF39F
:10B48000108272B62E682660241D2D1D5B1E1E00C4
:10B49000F6B2002EF6D182F3108870BC704700001F
:10B4A000EC04002000200240142002401020024042
:10B4B000FAC3020018200240082002402301674519
:10B4C000AB89EFCD10B4DFF89820136833F47E73A6
:10B4D000C40014F4FF6423431360136853F00203A1
:10B4E0001360136853F48033136010BC7047DFF8A7
:10B4F0006800017F0A00D2B2012A03D00A00D2B24A
:10B50000032A11D1DFF85420136833F40073136059
:10B51000136853F400631360136833F4006313601B
:10B52000136853F4007313600A00D2B2022A03D0E6
:10B530000A00D2B2032A0CD1084A136853F480538C
:10B540001360136833F480531360136853F48063FB
:10B550001360002202777047EC04002000200240B4
:10B56000142002407047000070B44FF0004591EA8B
:10B57000030F7CF57BAC6B40841A71EB030603D29E
:10B58000001BB141121973414FF4001C1CEB410F19
:10B5900034BF7CEB430442E00C0DA4EB1356352E74
:10B5A0004FDC45EAC323DB0A45EAC121C912B6F1E3
:10B5B00020050DDD63FA05F6EB4086EA030512422D
:10B5C00018BF45F00105C01851F100010CD213E07D
:10B5D00062FA06F5F2405540F3415A40B340F34059
:10B5E0005A408018594107D349085FEA30005FEAA2
:10B5F000350528BF45F0010501F58011420875F1B8
:10B60000004250F1000041EB04514E0016F5001FBE
:10B6100070BC38BF70470020090D090570471CEB4E
:10B62000410F10D252EA43060BD0BCEB410F05D8B4
:10B630000C0DAB43661E342EB6DD02E0AB43801822
:10B64000594170BC704770BC7047000090420CD1EB
:10B6500041EA030C50EA4C0C07D0994205D14FF453
:10B66000001C1CEB410F38BF8942704710B51446CF
:10B6700000F002F8226010BDC1F30A5343B14A0042
:10B6800012F5001F28D2A3F2FE32A1EB025170473F
:10B6900050EA410C20D001F0004C31EA0C01B1FA23
:10B6A00081F204BFB0FA80F3D2180B3AB2F1200352
:10B6B0002CBF00FA03F1914041EA0C013EBFC2F1F8
:10B6C000200C20FA0CF319439040524240F2FD3313
:10B6D000D21A01EB03517047002270474FF4001C4F
:10B6E0001CEB410F94BF1CEB430F09E041EA030C34
:10B6F00050EA4C0C52EA0C0C03D2994208BF90421B
:10B70000704714BF8B428242704700004FF4001C08
:10B710001CEB410F94BF1CEB430F09E041EA030C03
:10B7200050EA4C0C52EA0C0C03D28B4208BF824206
:10B73000704714BF9942904270470000F8B52DED54
:10B740000A8B41EC1A0B48004015109D401C43EC3D
:10B75000182B23D051EC1A0B31F0004108BF002800
:10B760001CD051EC180B48004015401C16D051EC71
:10B77000180B31F0004108BF00280FD051EC1A0B14
:10B780000022DFF84833FFF7A9FF80F0A38055ECD3
:10B79000184B9FED800B05F00042ACE051EC1A0B0A
:10B7A00048004015401C02D1090340F0898151EC4A
:10B7B000180B48004015401C01D1090353D151EC2E
:10B7C000180B31F0004308BF002A08D151EC1A0BC6
:10B7D00048004015401C46D1090344D10DE0480003
:10B7E0004015401C12D1090310D151EC1A0B48002E
:10B7F0004015401C37D1090335D1AFF30080BDECB3
:10B800000A8B4FF0FF306FF00041F4BD51EC1A0B82
:10B8100031F0004108BF002828D151EC180B480036
:10B82000400D05EB000234D151EC180B31F0004112
:10B8300008BF002806D02A4651EC180B00F0CAF9C0
:10B8400041EC180B51EC180B20F0000231F00043D2
:10B8500008BF002A05D048004015401C03D1090349
:10B8600001D1AFF3008051EC180B2BE151EC1A0B16
:10B8700048004015401C26D1090324D153EC1A2B53
:10B8800051EC180BBDEC0A8B01B0BDE8F040FCF7A1
:10B8900013BA002AC8DD40F2FF70824209DB9FED37
:10B8A0009F0B53EC102B01F000410B4343EC182B82
:10B8B000C8E76FF31E5141EA025155EC184B0D4693
:10B8C00045EC184BBEE755EC184B9FED320B05F0DD
:10B8D000004210E001227E4BFFF718FF11D89FEDC8
:10B8E0008F0B51EC100B55EC184BAFF3008005F0AB
:10B8F000004040EA010251EC100BBDEC0A8B1146EE
:10B90000F4BD53EC1A2B73487349FCF7D5F941EC9D
:10B91000100B53EC102B9FED719B03F0004251EC88
:10B92000190B0C46144353EC192B51EC100B234606
:10B93000FCF794FAFCF750FB0446F9F717FC41ECCE
:10B940001B0B53EC1B2B4FF078406649FCF7B4F906
:10B9500002460B4651EC1A0BFFF706FE06460F4651
:10B9600053EC1B2B60486149FCF7A6F902460B46D5
:10B9700030463946FFF7F8FD41EC1A0B21F0004143
:10B9800000225B4BFFF7AAFE08D2B0EE48AAF0EE09
:10B9900068AA55E0000000000000000053EC1A2BDC
:10B9A00051EC1A0BFCF788F941EC1B0B53EC1B2BE9
:10B9B00050485149FCF780F9504A514BFCF74EFA78
:10B9C00053EC1B2BFCF778F941EC1C0B53EC1B2BB5
:10B9D0004C484D49FCF770F94C4A4D4BFCF73EFA88
:10B9E00053EC1B2BFCF768F953EC192BFCF736FAD8
:10B9F00053EC1A2BFCF760F941EC190B53EC1C2BA0
:10BA0000FCF72CFA9FED43AB53EC1A2BFCF726FA0C
:10BA100006460F4651EC1C0B53EC192BFFF7A4FD07
:10BA200053EC1A2BFCF71AFA02460B4630463946FD
:10BA3000F9F7BEFB53EC182BFCF73EF941EC1A0B5F
:10BA400051EC1A0B2A194800400D02EB000319D0E3
:10BA5000002B17DD40F2FF70834209DB9FED2F0BB7
:10BA600053EC102B01F000410B4343EC1A2B16E072
:10BA70006FF31E5141EA035155EC1A4B0D4645EC4C
:10BA80001A4B0CE051EC1A0B31F0004108BF0028B2
:10BA900005D051EC1A0B00F09DF841EC1A0B51EC5B
:10BAA0001A0B20F0000231F0004308BF002A05D035
:10BAB00048004015401C03D1090301D1AFF30080B9
:10BAC00051EC1A0BBDEC0A8BF4BD000000C89CC001
:10BAD00000C89C40FE822B654715F73F0000000020
:10BAE0000000E03F422EE63FF2E4D5BCE7E84B3EE3
:10BAF0000000903C112E5781A03F503F5843128CBC
:10BB00008F71BC3F4BE8A541B752013F0BBDF3DA43
:10BB1000E8708C3F000000000000F03F00000000D3
:10BB20000000F07FC9B202788A421AB11CBF10F837
:10BB3000012FF9E718BF00207047000080B500B959
:10BB400006A005490B681BB122220021984701E09D
:10BB500000F054FF222002BDA8280020636F6E73FE
:10BB6000747261696E742068616E646C65723A20EB
:10BB7000626164206D65737361676500C9B2830794
:10BB800006D0521E22D310F8013B9942F7D11FE094
:10BB9000083A13D302F1040241EA012141EA0141CA
:10BBA00050F8043B121F21BF4B40A3F1013C2CEA8B
:10BBB000030C1CF0803FF3D0C9B2001F083210F80C
:10BBC000013B521E28BF91EA030FF8D818BF01208D
:10BBD000401E7047124254D440F2FF7C1CEA1153BD
:10BBE0000FD0634531D09B1863453CBF01EB025138
:10BBF000704701F0004141EA0C510020AFF3008092
:10BC0000704750EA410320D001F0004C91EA0C014A
:10BC10001CD0B1FA81F30B3B9A420DD9D21A99404C
:10BC200051EA0C01C3F1200C20FA0CFC614498404D
:10BC3000531C40F2FF7CD7E7914041EA0C01C2F16E
:10BC4000200C20FA0CF3194390407047B0FA80F3AF
:10BC50001533202BE0D3202AEED3203A203B9A4202
:10BC600009D9D21A00FA03F141EA0C010020531C51
:10BC700040F2FF7CB8E700FA02F141EA0C01002033
:10BC80007047524240F2FF7C1CEA11530DD06345CD
:10BC9000DBD0B2EB030C3CBFA1EB025170470CF1BF
:10BCA000010221EA035141F4801150EA410CCCD049
:10BCB00001F0004C352A27DC30B481EA0C01B2F1E6
:10BCC000200309DAC2F12003044601FA03F5D0404B
:10BCD0002843D1409C400CE0C3F12002450020FAEB
:10BCE00003F418BF44F0010421FA03F091400C431F
:10BCF000002174F1004550F1000051EB0C01244289
:10BD000030BC7FF47BAF70476146002076E70000CF
:10BD1000400D491840EA81200CD2490DA1F58061FF
:10BD2000491C40F0004005DBD1F11F0154BFC84061
:10BD3000C01770470020704700487047FC0B002078
:10BD400080B52C482C4901604FF48271416000217C
:10BD500081604FF4E061C160002101610021416117
:10BD60004FF4007181610021C16100210162002155
:10BD70004162002181620721C16200210163082123
:10BD80004163FDF7A1FC002801D0FDF795FF01BD3F
:10BD900010B586B004001422002101A8FDF78EFF23
:10BDA00020681549884222D11448016851F4804125
:10BDB0000160006810F4804000900098104801680D
:10BDC00051F002010160006810F00200009000983C
:10BDD0004FF42040019002200290002003900320A5
:10BDE00004900520059001A90648F5F741FF06B02B
:10BDF00010BD00005C2500200038004058100240B3
:10BE00004C1002400004004810B500240320FEF747
:10BE10006EFC0F2000F0C2FD002802D001200400BB
:10BE200001E000F0EFFD2000C0B210BD70B586B09B
:10BE3000142200216846FDF741FF6B48016851F06C
:10BE400004010160016811F0040105910599016880
:10BE500051F080010160016811F0800105910599A0
:10BE6000016851F001010160016811F001010591C3
:10BE70000599016851F002010160016811F00201A9
:10BE800005910599016851F008010160006810F002
:10BE9000080005900598554C002243F2C13120005E
:10BEA000F6F785F800224FF4F8515FF09040F6F76E
:10BEB0007EF84F4D002204212800F6F778F84D4E09
:10BEC000002238213000F6F772F842F2C1300090BB
:10BED000012001900020029000200390694620007C
:10BEE000F5F7C6FE4CF21E000090032001900020E2
:10BEF000029069462000F5F7BBFE0B20009003205E
:10BF000001900020029069463B48F5F7B1FE48F2E7
:10BF1000FF000090032001900020029069465FF02E
:10BF20009040F5F7A5FE2020009000200190012010
:10BF3000029069462000F5F79BFE07200090002044
:10BF400001900120029069463000F5F791FE4FF410
:10BF5000A640009003200190002002906946300026
:10BF6000F5F786FE4FF4F850009001200190002074
:10BF700002900020039069465FF09040F5F778FE4C
:10BF80004FF4805000900120019000200290032087
:10BF9000039069462000F5F76BFE04200090012015
:10BFA0000190002002900020039069462800F5F7D8
:10BFB0005FFE1820009001200190002002900020D8
:10BFC000039069463000F5F753FE202000900120D1
:10BFD0000190002002900320039069463000F5F79D
:10BFE00047FE06B070BD00BF4C100240000800487C
:10BFF000000C004800040048001C004880B51648AA
:10C00000016851F002010160016811F00201009124
:10C010000099016851F001010160006810F0010011
:10C0200000900098002200210D20FEF766FB0D20F5
:10C03000FEF778FB002200210F20FEF75EFB0F20A9
:10C04000FEF770FB002200214520FEF756FB45203D
:10C05000FEF768FB01BD00BF4810024018B591B063
:10C060001422002101A8FDF729FE042200216846C0
:10C07000FDF724FE2C22002106A8FDF71FFE484CE8
:10C0800048482060002060607F20A060FF20E060C2
:10C0900000202061002060610020A0610020E0619C
:10C0A000200000F0CBFC002801D0FDF705FE0020A9
:10C0B0008DF8040000208DF8050000208DF80600A2
:10C0C0000020049000200590012201A9200000F02A
:10C0D0001AFD002801D0FDF7EFFD01208DF80000CA
:10C0E00001208DF8010001208DF8020000208DF85C
:10C0F000030001226946200000F0B3FD002801D0B2
:10C10000FDF7DAFD00208DF8180000208DF81900E9
:10C1100000208DF81A0000200790002009900020D0
:10C120000A9000200B9000200D9000200E9001201E
:10C130008DF83C004FF480701090012206A9200079
:10C1400000F01EFE002801D0FDF7B6FD12B010BDB4
:10C1500010B598B00400602200216846FDF7AEFDDE
:10C1600020681049884219D15FF4003000904FF4E4
:10C17000007017906846FDF7ABFD002801D0FDF771
:10C180009BFD0948016851F4004101600022002133
:10C190002920FEF7B2FA2920FEF7C4FA18B010BD24
:10C1A00078270020002800409010024010B50400BD
:10C1B00001F0EFF8012010BD38B50400DFF8581485
:10C1C000087800280ED101200870DFF8500480881C
:10C1D000DFF84C1408802100C9B2DFF84804F9F7F1
:10C1E00046FB22E0DFF83804DFF83054AA880388E1
:10C1F0009A4212D100200870AA8829680220F5F717
:10C200005DFF92A10220F5F76FFF0121280001F0E8
:10C2100065F92800F5F734FF07E0A98801802100BF
:10C22000C9B2DFF80004F9F722FB012032BD10B5D6
:10C230000400FEF7F6FA012010BD10B50400DFF887
:10C24000E8130320F5F75EFF0421DFF8D803F9F7C0
:10C250000EFB012010BD01000120704701000120EC
:10C26000704701000120704780B500F0AFFF01F07A
:10C2700023FA01BD1CB500F039F801F0AAFAF5F770
:10C28000C5FFF7F7EFFEDFF8A443002000900FF2A0
:10C29000291300225FF0FF31200000F0A1FFDFF83A
:10C2A0009013200001F058F8200000F0BFFF13BDEC
:10C2B000F8B50024FFF7D8FFFFF7DCFF00F096F891
:10C2C000012803D14FF4FA60FAF7D8FA002500F0FC
:10C2D0001DF806002E4301F087FA07003743F7F7F1
:10C2E000E5FE38430400F6F713F8EFE780B500F0F9
:10C2F00099F800F09BF80FF2B500DFF838130860EA
:10C300000FF2D100DFF83013086001BD70B50020D6
:10C31000002400252800C0B207283ADAC14E2800C0
:10C32000C0B2000130444078012830D12800C0B2AA
:10C33000042801D0012004002800C0B200013044CC
:10C34000406800280ED0F9F735F92900C9B2090173
:10C3500031444968401A2900C9B209013144896849
:10C36000884214D300202900C9B209013144487021
:10C37000F9F720F92900C9B20901314448602800C1
:10C38000C0B22900C9B209013144C96888476D1C8F
:10C39000C0E7A44A92F84100002803D1042110000C
:10C3A000F9F765FA2000C0B270BD000080B5002129
:10C3B0009C48F9F74DFA01BD10B504009F490320D0
:10C3C000F5F792FE05219748F9F742FA00F001F8D7
:10C3D00010BD704738B504000D004FF47A732A0081
:10C3E00092B221009648FAF79AFA31BD38B5002585
:10C3F0000024FEF71BFF0100880110D4C8000ED4F2
:10C4000088000CD448000AD4002908D4480102D579
:10C410000120040003E0080101D5012004002000F0
:10C42000C0B232BD80B5FAF721F801BD80B5012256
:10C4300084498348FAF7D9FA002201214620FEF701
:10C440005CF94620FEF76EF901BD00000D0A000000
:10C4500070472DE9F0410400002500217A4A168832
:10C460007A4FF869002823D16C48828812FA84F246
:10C47000B2F5966F01D3002282805FF0000841463A
:10C48000220089B292B291420ED201688288114490
:10C49000424692B26E4BC4461FFA8CFC13F80C3025
:10C4A0008B5418F10108EAE781886118818077E0F0
:10C4B0003000230080B29BB2984229D2A01B050015
:10C4C0005648838813FA85F3B3F5966F01D300239A
:10C4D00083805FF0000841462B0089B29BB29942ED
:10C4E00012D201688388194443469BB2DFF860C1C9
:10C4F000C6461FFA8EFE1EFA86FE1CF80EC001F814
:10C5000003C018F10108E6E781886918818046E0D8
:10C51000D6F164000500414B988810FA84F010FAB7
:10C5200085F0B0F5966F01D30020988000200100BF
:10C53000AC4689B21FFA8CFC614513D21968B3F876
:10C5400004C0614484461FFA8CFCDFF804E1804695
:10C550001FFA88F818FA86F81EF808E001F80CE0CF
:10C56000401CE4E75FF000084046210080B289B239
:10C57000884210D2186899880844414689B2DFF889
:10C58000D0C0C6461FFA8EFE1CF80EC000F801C0CF
:10C5900018F10108E8E79988281941189980148052
:10C5A000F86900280AD1642229492548FEF774F960
:10C5B0003868006830F004003968086001211948C3
:10C5C000F9F746F9BDE8F08101002248016000203A
:10C5D000704780B52048016851F4804101600168CE
:10C5E00031F4804101601648FAF7AAF8002002BD34
:10C5F00038B504000D00104A1068002804D0290046
:10C6000089B22000126890470020124909688847C3
:10C61000002032BD00000000C22800208805002054
:10C62000B4280020100500209CF1000808280020F4
:10C6300080A9030094280020A428002064F10008A9
:10C64000CC200020C1280020B22800202426002071
:10C65000C02500208028002040100240DFF8800024
:10C66000006810F4C06070470200B2F5007F26D168
:10C67000DFF86C00036813F4C063B3F5007F2CD0BF
:10C68000036833F4C06353F400730360DFF85400AD
:10C69000036832204343DFF85000B3FBF0F0401C46
:10C6A0000100DFF8480003685B0503D5002901D0CD
:10C6B000491EF6E7006840050FD503200EE0DFF8BD
:10C6C0002000036813F4C063B3F5806F05D00368DE
:10C6D00033F4C06353F480630360002070470000AC
:10C6E000007000400C05002040420F001470004014
:10C6F00080B5012217491848FAF777F9002201217D
:10C700002520FDF7FAFF2520FEF70CF801BD704744
:10C7100038B504000D480F490A78036885885A55D2
:10C720008288521C8280828840F2FF139A4201D391
:10C730000022828001220848FAF757F901200449B3
:10C74000087002210548F9F792F831BDEC0B002082
:10C75000CB280020CA28002054210020F006002009
:10C760002DE9F84785B005000E0014001F000020D9
:10C77000ADF802005FF0000ADFF80C22107AA84240
:10C7800002D27FF0040055E0D0683040B04202D0C1
:10C790007FF005004EE05068002806D0002C04D041
:10C7A0000DF1020101A8526890470DF13808434687
:10C7B0003A004FF40071DFF8DC0101F020F9814606
:10C7C00000F0CFF86946BDF8020010EB090080B216
:10C7D00000F076F810F1010F28D05FF0000A504603
:10C7E000BDF8021080B2884210D201A8514689B229
:10C7F000405CDFF89811BDF800208854BDF80000B7
:10C80000401CADF800001AF1010AE8E743463A007F
:10C810004FF40071DFF87401BDF800C0604401F00E
:10C82000EEF800F0A3F800F008F803E000F09EF83E
:10C830007FF0020006B0BDE8F08770B50024002547
:10C8400000F099F8002837D100F08BF84E4E308A6E
:10C85000718A88422ED0B07801280ED13188308A72
:10C86000091AB1820220B07000203080B08A0028FE
:10C8700003D10020B07000203082B07800280CD1A5
:10C88000308A718A884204D2718A308A091AB18248
:10C8900003E0308AD0F58060B0823C48318A084499
:10C8A000050000F079F8B18A2800394A926890476B
:10C8B000040001E000F05AF8200040B270BD000012
:10C8C00070B402005FF0FF302F4B5C8A1D8AAC42CF
:10C8D00016D15C8AD4F5806415002600ADB2B6B2DC
:10C8E000B5422BD315001E8AADB2B54226D2012522
:10C8F0009D705D8A1D801D8A2C0000255D821DE0D3
:10C900001C8A5D8AAC4216D25C8AD4F5806415001C
:10C910002600ADB2B6B2B54210D315001E8AADB234
:10C92000B5420BD201259D705D8A1D801D8A2C00A9
:10C9300000255D8202E01D8A5C8A2C1B1500260002
:10C94000ADB2B6B2B54209D25D8A0D805D8A15FAE4
:10C9500082F5AD05AD0D5D820023180000B270BCFC
:10C9600070470948C18A491CC18270470648C18A7C
:10C97000491EC18270470448C08A002801D10020A6
:10C9800000E0012070470000F0270020EC14002098
:10C99000ACF50008EC1800207047000038B5040022
:10C9A00000251349087800281DD04FF47A700978C3
:10C9B000B0FBF1F00F490968B1FBF0F0FDF7C0FEE4
:10C9C00000280DD1102C08D2002221005FF0FF308A
:10C9D000FDF793FE0848046007E00120050004E02D
:10C9E0000120050001E0012005002800C0B232BD91
:10C9F000370C00200C050020E8040020012001F085
:10CA0000EFB8000081B00B48016851F001010160EE
:10CA1000006810F00100009000980748016851F08C
:10CA200080510160006810F080500090009801B0C3
:10CA3000704700BF601002405810024070B50400FB
:10CA40000125002C5CD094F82100002805D100209D
:10CA500084F820002000FFF77BFB022084F82100EF
:10CA60002068C068C00642D4CA20216848625320AA
:10CA700021684862200000F02AFB06003000C0B2A6
:10CA800000281AD120688168DFF8E8060140206894
:10CA9000816020688168626820690243A06902435E
:10CAA000114320688160E06821680861206800699E
:10CAB000A16850EA014021680861200000F02DFBC8
:10CAC00005002800C0B200280DD12068C06C800885
:10CAD00080002168C8642068C16CE2696069024313
:10CAE00011432068C164FF202168486201E00020F2
:10CAF00005002800C0B2002802D1012084F82100DE
:10CB00002800C0B270BD2DE9F04705000E001400EA
:10CB100095F82000012801D102206DE0012085F860
:10CB20002000022085F82100CA202968486253208D
:10CB300029684862280000F0CAFA80464046C0B220
:10CB400000284AD1002C20D128688068400601D4F2
:10CB50000020F070307800F01FFB8246707800F003
:10CB60001BFB8146B07800F017FB5FFA8AFA5FFA88
:10CB700089F95FEA092959EA0A49C0B250EA090964
:10CB8000F07859EA80594F4610E0286880684006DE
:10CB900001D40020F07030787178090251EA004128
:10CBA000B0780143F07851EA80510F00DFF8C805F2
:10CBB0003840296808602868806830F48020296837
:10CBC000886028688168F2683069024311432868E8
:10CBD0008160280000F0A1FA8046FF2029684862A1
:10CBE0004046C0B2002802D1012085F82100002073
:10CBF00085F820004046C0B2BDE8F087F8B50500D2
:10CC00000E0014002868806A70602868006940047B
:10CC1000400CB06028680768DFF85C050740380002
:10CC2000000C10F03F0030703800000A10F07F0058
:10CC3000707017F07F00B0703800800D10F00100A8
:10CC4000F070002C0BD1307800F0B4FA30707078AE
:10CC500000F0B0FA7070B07800F0ACFAB07000205C
:10CC6000F2BD2DE9F04105000E00140095F82000FA
:10CC7000012801D1022058E0012085F8200002207F
:10CC800085F82100002C07D17078C00604D5707893
:10CC900010F0EF000A307070002C16D1F07800F020
:10CCA0007BFA8046707800F077FA0700B07800F0E1
:10CCB00073FA5FFA88F8FFB23F0257EA0847C0B23A
:10CCC0000743307857EA403709E0F07877783F0239
:10CCD00057EA0047B0780743307857EA4037CA2010
:10CCE00029684862532029684862280000F0EFF95B
:10CCF00080464046C0B2002808D1DFF880043840A2
:10CD000029684860280000F008FA8046FF2029685A
:10CD100048624046C0B2002802D1012085F82100B7
:10CD2000002085F820004046C0B2BDE8F081F8B58B
:10CD300005000E00140028684768DFF8400407402B
:10CD40003800000CF0703800000A10F01F007070FE
:10CD500017F03F00B0703800400B10F00700307043
:10CD6000002C0BD1F07800F025FAF070707800F00C
:10CD700021FA7070B07800F01DFAB0700020F2BD9A
:10CD80002DE9F84305000E00140095F82000012855
:10CD900001D10220E5E0012085F82000022085F87D
:10CDA0002100002C2DD128688068400601D4002085
:10CDB000F070306A0028FFD0307800F0EDF980463E
:10CDC000707800F0E9F90700B07800F0E5F98146E5
:10CDD00096F8240000F0E0F95FFA88F8FFB23F020D
:10CDE00057EA08475FFA89F959EA0707F17857EADD
:10CDF0008157C0B257EA0067306A0743706907433A
:10CE000017E028688068400601D40020F070307870
:10CE100077783F0257EA0047B0780743F07857EA3F
:10CE2000805796F8240057EA0067306A0743706914
:10CE30000743D6F80480F06950EA0808CA20296838
:10CE40004862532029684862B06AB0F5807F39D1C2
:10CE50002868806830F48070296888602868C06815
:10CE600010F0800070F4C0702968C860F8F7A2FB69
:10CE700081462868C068C00712D4F8F79BFBB0EB66
:10CE8000090040F2E9318842F3D3FF202968486263
:10CE9000032085F82100002085F82000032060E0B1
:10CEA0002868C7612868C0F844802868806850F402
:10CEB0008070296888602868806850F480502968EC
:10CEC000886038E02868806830F4007029688860DD
:10CED0002868C06810F0800070F420702968C8606D
:10CEE000F8F768FB81462868C068800712D4F8F715
:10CEF00061FBB0EB090040F2E9318842F3D3FF2037
:10CF000029684862032085F82100002085F8200068
:10CF1000032026E0286807622868C0F8488028684F
:10CF2000806850F40070296888602868806850F430
:10CF3000005029688860DFF84802016851F48021B8
:10CF40000160DFF84002016851F480210160FF2098
:10CF500029684862012085F82100002085F820001A
:10CF60000020BDE8F28370B504000D0094F82000A5
:10CF7000012801D1022062E0012084F82000022073
:10CF800084F82100CA202168486253202168486241
:10CF9000B5F5807F24D12068806830F480702168E6
:10CFA00088602068806830F4805021688860F8F7D5
:10CFB00001FB06002068C068C00736D4F8F7FAFA0B
:10CFC000801B40F2E9318842F4D3FF202168486297
:10CFD000032084F82100002084F8200003202EE0A4
:10CFE0002068806830F4007021688860206880685C
:10CFF00030F4005021688860F8F7DCFA06002068F9
:10D00000C068800711D4F8F7D5FA801B40F2E931E7
:10D010008842F4D3FF2021684862032084F821006D
:10D02000002084F82000032009E0FF2021684862E6
:10D03000012084F82100002084F82000002070BD29
:10D0400010B504005FF480204F49086020688068B4
:10D05000C0040ED52068C068C0050AD52068C06825
:10D0600010F0800070F4C0702168C860200000F0EB
:10D0700049FE2068806880040ED52068C06880055D
:10D080000AD52068C06810F0800070F42070216814
:10D09000C860200000F082FF012084F8210010BD4C
:10D0A00038B5040039482168C860F8F783FA0500EC
:10D0B0002068C068800608D4F8F77CFA401B40F26C
:10D0C000E9318842F4D3032000E0002032BD70B57E
:10D0D000040000262068C06840061BD45FF0FF30C3
:10D0E0002168C860F8F766FA05002068C068400645
:10D0F00010D43000C0B203280CD0F8F75BFA401B04
:10D1000040F2E9318842F0D303200600032084F87E
:10D110002100EAE73000C0B270BD70B50400002500
:10D120001B48016831F0800101601A4E30688006AA
:10D130000AD42000FFF7B4FF002817D0032084F89A
:10D1400021000320050011E0306830F0200030603D
:10D150002000FFF7A5FF002804D0032084F8210059
:10D1600003200500306850F0200030602800C0B275
:10D1700070BD0000BFFF8FFF7F7F7F003FFFFF007C
:10D180000004014008040140140401405FFF030053
:10D190000C2800400828004001000022080003007D
:10D1A000DBB20A2B02D3521C0A38F8E750EA02100D
:10D1B000C0B270470100C9B209090A2211FB02F18D
:10D1C00010F00F004018C0B27047000080B500207A
:10D1D000DFF800130860DFF800030068804702BD35
:10D1E0002DE9F04104000D0016001F00DDF8188045
:10D1F000002C18D03800002815D00020206028000E
:10D20000DFF8D412496A884760600020207200204D
:10D2100060720020A072E760C4F81080E6720020FF
:10D220006061002000E00120BDE8F0812DE9F047B9
:10D2300004005FF00008002C3BD0200000F002F951
:10D24000002836D1607A002833D160680700DFF803
:10D250008892D9F8200080470600B74200D23700F4
:10D26000276000202072012060720020A072DFF889
:10D2700064A2DAF80000002806D1D9F8100080472F
:10D28000200000F019F916E0D9F8180080470500D1
:10D290002068281820602068DAF8001009688842A1
:10D2A00003D2200000F008F905E0200000F0EDF8BE
:10D2B00001E0012080464046C0B2BDE8F0872DE97C
:10D2C000F04105000026002D40D0DFF80882D8F894
:10D2D0000070D8F800400120A872D8F8000000289B
:10D2E00036D000206872D8F80000A8421AD1002079
:10D2F000D8F800100872D8F800004069002809D05A
:10D30000D8F800004069C8F80000D8F8000000F024
:10D31000A6F818E0DFF8C001C06880470020C8F810
:10D32000000010E0002C0ED0AC4209D1606900284A
:10D3300002D064697C6102E0002004007C6102E0AC
:10D3400027006469EEE70020060001E001200600E6
:10D350003000C0B2BDE8F08170B504000D000026B9
:10D36000002C02D10120060010E028005A49496A29
:10D3700088476060200000F065F8002806D0200093
:10D38000FFF79DFF2000FFF751FF06003000C0B2FD
:10D3900070BD2DE9F843504D686980470600286943
:10D3A00080470700B7EB0608DFF82891D9F800009E
:10D3B00000280FD0D9F8000004002068804504D26E
:10D3C0002068B0EB0800206001E000202060646964
:10D3D000002CF2D1D9F80000002824D0D9F80000A0
:10D3E0000068002806D0A8698047D9F800100968AD
:10D3F000814218D2D9F800000400D9F80000406931
:10D40000C9F8000000202072002060722069E168E5
:10D410008847E07A0128DDD1A07A0028DAD12000FF
:10D42000FFF704FFD6E7D9F80000002808D0D9F8A4
:10D430000000007A002803D1D9F8000000F00FF8AE
:10D44000BDE8F183020023480168002905D091421C
:10D4500001D1012002E04969F7E70020704770B56B
:10D4600004001D4D286A8047060001202072A8692B
:10D47000804721683018814203D2A869804730185C
:10D4800020602068A968884770BD10B411490A68F7
:10D4900009684B695169002909D019680468A142DB
:10D4A00002D21A005B69F5E75061436102E0506106
:10D4B0000021416110BC704738B50500054804687B
:10D4C000002C01D0002121726C6105600068FFF71B
:10D4D000C6FF31BD9828002028F000082DE9FC4740
:10D4E00004000D005FF0FF3600226E4BD3E900010F
:10D4F000CDE900015FF000094846A18880B288426A
:10D5000024D22068494689B2405C3D2805D0206875
:10D51000494689B2405C3F2800D117E0206849465F
:10D5200089B2405C41280EDB2068494689B2405CE4
:10D530005B2808DA2068494689B2405C20302168BF
:10D540004A4692B2885419F10109D5E700273800FC
:10D55000C0B2412880F2A280DFF84C81210038005F
:10D56000C0B200014044083000F019FD0600002E52
:10D5700000F192803800C0B20001404440680028A9
:10D5800000F08A803800C0B20001404440680028A2
:10D5900008D14FF47A73A28821004448F9F7BFF903
:10D5A00001207CE0DFF808A15046F4F769FD002077
:10D5B000010089B2A288921B914223DA216831448A
:10D5C000020092B2895C3F290AD0216831440200EE
:10D5D00092B2895C3D2903D0BAF80410802900DB9F
:10D5E00010E021683144020092B2895CDAF8002030
:10D5F000BAF80430D154BAF80410491CAAF804103F
:10D60000401CD5E73900C9B209014144898916FA9D
:10D6100081F6B1464846A18880B2884226D2206869
:10D62000494689B2405C0D280CD1484680B2A18899
:10D63000491E884206DA2068494689B20844407883
:10D640000A2813D0BDF8040080280CD2206849466F
:10D6500089B2405C0099BDF804208854BDF80400EC
:10D66000401CADF8040019F10109D3E71148057019
:10D670002800C0B2401E012802D9801E09D009E04E
:10D68000002168463A00D2B21201424452689047E3
:10D6900000E0FFE7012002E07F1C58E70020BDE822
:10D6A000F68700BFF0F70008D4070020CC20002048
:10D6B000CC070020C728002010B586B0DFF848400E
:10D6C000002201A92000FFF799FA002269462000F4
:10D6D000FFF72DFBDFF834009DF8061081709DF8F0
:10D6E000051041709DF8041001709DF80010C17084
:10D6F0009DF8021001719DF8011041719DF8031011
:10D70000817106B010BD0000782700205828002045
:10D7100010B50400012210215448F4F748FC012000
:10D7200010BD70B50400524D524E30786978884271
:10D7300007D05148697850F8210000F02BF868783C
:10D7400030702100C9B24D48F8F791F8012070BD42
:10D7500010B504004A48C078012802D14948F7F7BB
:10D76000ECF803214548F8F782F84648F4F788FCBE
:10D77000012010BD10B504003F483D49497850F8DC
:10D78000210000F007F82100C9B23C48F8F76FF813
:10D79000012010BD10B504003B483C4901604460C5
:10D7A000002181600021C160002101610C214161E3
:10D7B000002181610021C1610021016200214162DB
:10D7C000F9F770F8002801D0FCF776FAFEF790FF21
:10D7D00010BD80B5F7F799F827482549497850F8E2
:10D7E0002100FFF7D7FF01BD70B500200024002500
:10D7F0002800C0B2042836DA204E2800C0B200014A
:10D800003044407801282CD1012004002800C0B207
:10D8100000013044406800280ED0F7F7CBFE290005
:10D82000C9B2090131444968401A2900C9B2090145
:10D8300031448968884214D300202900C9B2090103
:10D8400031444870F7F7B6FE2900C9B209013144E6
:10D8500048602800C0B22900C9B209013144C96832
:10D8600088476D1CC4E72000C0B270BD00040048AA
:10D87000340C0020C3280020BC060020F006002045
:10D8800088280020EC0B00205421002000380140A3
:10D89000020000201168097830290CDB1168097832
:10D8A0003A2908DA11684B1C13600A23097803FB34
:10D8B00000103038EEE770472DE9F04F91B00400CA
:10D8C000DDF868801B9D1C9EDFF808030768700662
:10D8D00003D5DFF8040300680700022B01DB252BCA
:10D8E00001DB002088E0F00702D55FF0300C01E09A
:10D8F0005FF0200C5FF0000EB00706D5002A04D5BB
:10D900002D2086465242B8F101085FF00009002A36
:10D9100006D13020EA460AF8090019F1010910E0A1
:10D92000002A0ED010009A46B0FBFAFB0AFB1B003F
:10D93000385CEA460AF8090019F10109B2FBF3F272
:10D94000EEE74D4500DA4D46B8EB0508F0070DD47B
:10D950004046B0F10108012808DB20202070641C3B
:10D96000491E002901D1200046E0F1E77046C0B20F
:10D97000002807D084F800E0641C491E002901D16A
:10D98000200039E04046B0F10108012808DB84F8A6
:10D9900000C0641C491E002901D120002CE0F1E7E1
:10D9A0002800451E814508DA30202070641C491E7D
:10D9B000002901D120001FE0F2E74846B0F101093B
:10D9C00001280ADB684610F809002070641C491E13
:10D9D000002901D120000FE0EFE74046B0F1010837
:10D9E000012808DB20202070641C491E002901D179
:10D9F000200001E0F1E7200011B0BDE8F08F2DE933
:10DA0000F74F88B005001E000998012801DA0020B0
:10DA1000DDE0AA460A980078002806D1BAEB050096
:10DA20000999491E8842C0F2CC80BAEB05000999D9
:10DA3000491E884280F2C5800A980078252806D0C1
:10DA40000A9800788AF800001AF1010AB5E000206F
:10DA500080460A98401C0A900A980078302801D124
:10DA600058F001085FF0FF3BD9460A98007830284B
:10DA700007DB0A9800783A2803DA0AA8FFF708FFBC
:10DA80008146CDF81CB0CDF818B00A2005900A9850
:10DA90000078582843D063280AD0642844D06928E5
:10DAA00042D0732816D0752840D0782839D03EE06F
:10DAB000B9F10109B9F1010F05DB20208AF8000056
:10DAC0001AF1010AF4E73068361D8AF800001AF1ED
:10DAD000010A72E03068361D0400002C01D13F4875
:10DAE00004002000F7F70AFB04904846B0F1010952
:10DAF0000499814205DA20208AF800001AF1010A0F
:10DB0000F3E7002007000498874207DA20788AF8B4
:10DB10000000641C1AF1010A7F1CF4E74DE058F084
:10DB200040081020059026E058F0020823E00A98EB
:10DB30000078252804D025208AF800001AF1010A6F
:10DB4000BAEB05000999491E884214DA0A98007850
:10DB5000002806D00A9800788AF800001AF1010A15
:10DB600002E00A98401E0A90BAEB05000999491E86
:10DB7000884200DA21E006986C2803D13068361D0F
:10DB8000039009E05FEA887003D53068361D039082
:10DB900002E03068361D0390CDF8088007980190A8
:10DBA000CDF80090059B039A0999491EBAEB050030
:10DBB000091A5046FFF780FE82460A98401C0A90D8
:10DBC00028E700208AF80000BAEB050528000BB012
:10DBD000BDE8F08FF40B0020F80B0020F8F70008E8
:10DBE00080B5AFF30080024A11001820ABBEFBE7FE
:10DBF0002600020080B5DFF87003DFF870130160C3
:10DC0000002141601F21816040F2FF31C16000218D
:10DC1000016100214161002181610021C161FEF7A4
:10DC20000DFF002801D0FCF747F801BD38B5DFF83B
:10DC30004043207800280FD1FFF7DCFFDFF828539E
:10DC40004FF480712800FFF78EF9280000F09AFA4F
:10DC500000F01CF801202070002032BD10B5040037
:10DC6000200000F055F8002010BD80B5DFF8F80264
:10DC70000168C96811F0800171F4C0710268D16057
:10DC80004FF48071FFF76FF9002002BD10B5DFF887
:10DC9000E442211D14F1180000F01DF920602068F5
:10DCA00010BDDFF8D0020068704780B586B001A9CA
:10DCB000684600F010F9AF490968401A07B000BD86
:10DCC00010B586B00024AA480078012804D101A923
:10DCD000684600F000F90400200006B010BD0320E3
:10DCE000704700B58021A1FB00017D220023F9F7D8
:10DCF000CBFE00BD7D21A1FB0001C00940EA4160CF
:10DD0000C909704710B504009B480068804710BDE2
:10DD10002DE9F04F99B004004021002209AD280000
:10DD2000F7F700FF5FF000085FF0000A0026002709
:10DD30005FF0000B8F4D04A8291D1422F9F760FE37
:10DD4000A8690390FFF791FF40F2FF30059D451B46
:10DD500020008005800D4519A40A9DF80E90874883
:10DD6000844204D38648041919F10109F7E79DF8A4
:10DD70001080B4F5616F04D3B4F5616418F1010843
:10DD8000F7E79DF811703C2C02D33C3C7F1CFAE76E
:10DD90009DF81200210051FA80F6280080B2B0F5FB
:10DDA000806F03DBB5F58065761CF6E7300080B246
:10DDB0003C2802D33C3E7F1CF8E7380080B23C2868
:10DDC00003D33C3F18F10108F7E7404680B218281A
:10DDD00004D3B8F1180819F10109F6E79DF80F000E
:10DDE000042190FBF1F201FB1200002817D16549D4
:10DDF0009DF80D00084410F8010C4A4680B292B21A
:10DE0000904223D21FFA89F948469DF80D2011440B
:10DE100011F8011C90FBF1F901FB190916E05A49B0
:10DE20009DF80D00084410F8010C4A4680B292B2E9
:10DE300090420BD21FFA89F948469DF80D201144F3
:10DE400011F8011C90FBF1F901FB1909DFF83CA165
:10DE500040F2FF31280080B2091ACAF804105FF0BE
:10DE60002060CAF81C008AF802608AF801708AF8FB
:10DE700000808AF824909DF813008AF8030000209F
:10DE8000CAF820005FF00040CAF814004FF4807018
:10DE9000CAF828000020CAF80C000020CAF81000B8
:10DEA000002251463048FEF76BFF002810D0DAF808
:10DEB000040002909AF8020001909AF80100009084
:10DEC0009AF800309AF82420314909A8F7F7FAFAAD
:10DED00019B0BDE8F08FF8B504000D000026224F00
:10DEE000002221003800FEF722FF0022290038001E
:10DEF000FEF784FEE17840F2B5504143C91C890821
:10DF0000E078042290FBF2F302FB1300002801D119
:10DF1000204A00E0204A63783D2043433C3B0220F6
:10DF200093FBF0F041186078401EC0B2400013002F
:10DF3000C34013F00303C91AA078401E41180F48CC
:10DF40004143AB786E783C204643F3182E784FF46B
:10DF5000616000FB06335918890201F2FF316868DD
:10DF6000091A0800F2BD00007827002000280040B0
:10DF7000CC280020BC2700209428002080510100DC
:10DF800080AEFEFF20F7000814F70008FC260020F2
:10DF900010F1000850554400A0AA990070472DE9DF
:10DFA000FE4F04000D000020002600270021ADF8E0
:10DFB00004105FF001085FF000095FF0000A2168BB
:10DFC0000978212901D101218A465FF0000B5846CA
:10DFD00000B2A988884272DA20685146C9B2405C12
:10DFE00029685A4612B2895C884265D10120804670
:10DFF0005046C0B2401C0600002081460020ADF80B
:10E000000400300000B2A18888424ADA206831005A
:10E0100009B2405C7C281ED1BDF90400002804D15F
:10E020000120814616EB0B00070001A800903B0081
:10E030001BB22A002100701C00B200F059F8804683
:10E040004046C0B2012806D15146C9B2584600B276
:10E0500000F03DF839E04846C0B200280FD12068F2
:10E06000310009B2405C29685A4612B211443200AC
:10E0700012B2895C884202D00020804611E04846F6
:10E08000C0B2002801D1761CBBE73000BDF90410F6
:10E0900000B2884203DABDF904000600B1E7761C3D
:10E0A000AFE74046C0B2012806D15146C9B2584632
:10E0B00000B200F00CF808E01BF1010B87E75146B5
:10E0C000C9B25FF0FF3000F002F8BDE8FE8F020039
:10E0D0000800C0B2002802D1100000B207E0100012
:10E0E00000B2002802D45FF0FF3000E0002070474B
:10E0F000F0B50400059D0120002637003FB207FA65
:10E1000084F7B1F804C067453ADA0F68A4460FFAFD
:10E110008CFC6744B4460FFA8CFC17F80C707C2F0B
:10E1200003D137192F8000B22BE09788B4460FFA3D
:10E130008CFC0CFA83FC674506DAB2F904707F1C8C
:10E140002F805FF0FF3738000F68A4460FFA8CFC71
:10E150006744B4460FFA8CFC17F80C70D2F800C074
:10E160009E460FFA8EFEF444B6460FFA8EFE1CF859
:10E170000EC0674502D05FF0FF373800761CBCE761
:10E1800000B2F0BD010091F82000012801D1022069
:10E190001BE0012081F82000022081F82100CA2024
:10E1A0000A68506253200A6850620868806850F01C
:10E1B00020000A689060FF200A685062012081F800
:10E1C0002100002081F8200000207047000000009E
:10E1D000000000000000F0BF000000000000008010
:10E1E00000000000000000800000000000000000AF
:10E1F000000000C05294EEBF00000048204E51BE07
:10E20000000000F86467BCBC0000000000000000D3
:10E21000000000208133EDBF00000080B3DB14BE9E
:10E22000000000506706A3BC0000000000000000D2
:10E23000000000D0E9DCEBBF00000008C39259BE2B
:10E2400000000080B0D3B8BC000000000000000057
:10E2500000000070F98FEABF000000C0A51028BEC2
:10E26000000000E8BFC0B0BC0000000000000000DB
:10E2700000000070284CE9BF00000060134B42BE54
:10E28000000000C03D20B8BC0000000000000000FD
:10E2900000000050FA10E8BF000000C05FF62BBE7F
:10E2A000000000905C71A7BC0000000000000000AE
:10E2B00000000020FCDDE6BF000000C0F8F154BE05
:10E2C00000000018E9F6B9BC0000000000000000E2
:10E2D000000000D0C3B2E5BF00000070E43254BEBD
:10E2E00000000050DB06B4BC00000000000000008D
:10E2F00000000010EF8EE4BF00000020F36252BE69
:10E30000000000C02A879ABC000000000000000046
:10E31000000000B02272E3BF000000F0E8E056BE4B
:10E3200000000028352DBDBC0000000000000000EA
:10E33000000000000A5CE2BF000000B0FA8E41BE9F
:10E3400000000040AE6FBDBC0000000000000000F7
:10E3500000000000564CE1BF000000F015CD5FBE8C
:10E3600000000000141C90BC000000000000000031
:10E3700000000040BD42E0BF00000030F93457BE4D
:10E38000000000E06C1E93BC0000000000000000D4
:10E39000000000E0F57DDEBF000000B08A535EBEE5
:10E3A00000000080DA77AABC000000000000000036
:10E3B000000000C09D81DCBF00000000FFA226BE5F
:10E3C0000000006057E2B0BC000000000000000048
:10E3D00000000060F98FDABF000000580A8151BECA
:10E3E000000000F05F60B8BC00000000000000000A
:10E3F0000000000098A8D8BF000000607A7F45BEEA
:10E40000000000D05433A3BC000000000000000056
:10E41000000000600FCBD6BF000000D091CB40BE03
:10E42000000000406D1BA0BC0000000000000000C8
:10E43000000000A0FBF6D4BF00000098C5CE52BE7D
:10E44000000000003A397EBC00000000000000001F
:10E45000000000E0FE2BD3BF0000004073872BBEFE
:10E4600000000000926879BC00000000000000007D
:10E4700000000040C069D1BF00000058F16353BEE6
:10E4800000000080438D7CBC000000000000000004
:10E4900000000080D85FCFBF000000181F8354BE6B
:10E4A000000000B03F42A2BC0000000000000000DD
:10E4B0000000008067FCCBBF00000060FAFF53BE85
:10E4C00000000050E00DB8BC00000000000000009B
:10E4D0000000000098A8C8BF000000607A7F35BE29
:10E4E000000000C0543393BC000000000000000096
:10E4F00000000000DC63C5BF00000058D6FF54BE1A
:10E5000000000000396490BC000000000000000022
:10E51000000000C0AD2DC2BF00000080A45915BE90
:10E52000000000E0484BABBC000000000000000011
:10E53000000000801A0BBEBF00000050BF3C5ABE56
:10E54000000000A0B364B6BC0000000000000000A2
:10E550000000008004D6B7BF00000040BBCF36BE2D
:10E560000000008076CEA8BC000000000000000083
:10E570000000008032BBB1BF000000402A0043BE53
:10E5800000000028C60CBDBC000000000000000018
:10E59000000000009473A7BF000000182B3B59BE79
:10E5A000000000C0E55DA5BC000000000000000008
:10E5B00000000000EE4397BF000000A0E6C340BE8D
:10E5C00000000020958DB5BC000000000000000098
:10E5D000000000000000008000000000000000803B
:10E5E00000000000000000800000000000000000AB
:10E5F000000000000000000000000000000000001B
:10E60000000000000000000000000000000000000A
:10E6100000000000000000000000000000000000FA
:10E6200000000000000000000000000000000000EA
:10E6300000000000000000000000000000000000DA
:10E6400000000000000000000000000000000000CA
:10E6500000000000000000000000000000000000BA
:10E6600000000000000000000000000000000000AA
:10E67000000000000000000000000000000000009A
:10E680000000000000C0F0FCFFFEF8C00000000029
:10E69000000000000000000000000000000000007A
:10E6A000000000000000000000000000000000006A
:10E6B000000000000000000000000000000000005A
:10E6C000000000000000000000000000000000004A
:10E6D000000000000000000000000000000000003A
:10E6E000000000000000000000000000000000002A
:10E6F000000000000000000000000000000000001A
:10E7000000C0F0FCFFFFFFFFFFFFFFFFFFFCF0C0BA
:10E7100000000000000000000000000080C0C0C039
:10E72000C0E0F0F0F0F070383C3C3C3C3F3F0F0361
:10E7300000000000000000000000000000000000D9
:10E7400000000000000000000000000000000000C9
:10E7500000000000000000000000000000000000B9
:10E7600000000000000000000000000000000000A9
:10E7700000000000000000000000000000C0F0FCED
:10E78000FFFFFFFFFF3F0F0F03070F3FFFFFFFFFDD
:10E79000FFFC30383C3C1C0E8FCFC7C3C3C3E373B0
:10E7A00071303030383C0C0000000070F8CCCC0CDC
:10E7B0000C0000C0F03C0CFCFC000000C0F01C0C85
:10E7C0000C8CFCF00000000000000CFCFC0000C001
:10E7D0003C0C00C0FCFC0C0000FCFCCCCCCCCC0CF9
:10E7E000000C8CFCFC1C0C0C0C0000000000000059
:10E7F000000000000000000000C0F0FCFFFF7F3FB1
:10E800000F07C3C040303018CCCCC7C3033330101F
:10E810000C8CCCC4C3C3E3F33130303038380C0037
:10E82000000000000000000000000C0C0C0C0F03A6
:10E83000030C0F030303030F0F000000030F0C0C66
:10E840000C0F0301000000000000000F0F0C03007C
:10E8500000000C0F0F0000000F0F0F0C0C0C00003D
:10E8600000000F0F0000000000000000000000008A
:10E870000000000000C0F0FC3F3F0F0703000C0049
:10E88000C3C13030CCCC03333300000C0C00030385
:10E890000300000001030F0F3C78C00000000000DF
:10E8A0000000000000000000000000000000000068
:10E8B0000000000000000000000000000000000058
:10E8C0000000000000000000000000000000000048
:10E8D0000000000000000000000000000000000038
:10E8E0000000000000000000000000000000000028
:10E8F0000000C0300F030300000000000000000013
:10E900000000000300000000000000000000000004
:10E910000000000000000000000000030C30C000F8
:10E9200000000000000000000000000000000000E7
:10E9300000000000000000000000000000000000D7
:10E9400000000000000000000000000000000000C7
:10E9500000000000000000000000000000000000B7
:10E9600000000000000000000000000000000000A7
:10E970000000000000000000000000000000000097
:10E980000000000000000000000000000000000087
:10E990000000000000000000000000000000000077
:10E9A0000000000000000000000000000000000067
:10E9B0000000000000000000000000000000000057
:10E9C0000000000000000000000000000000000047
:10E9D0000000000000000000000000000000000037
:10E9E0000000000000000000000000000000000027
:10E9F0000600000000000000000F00000F00000FE4
:10EA000000000F00000000000000000000000000F7
:10EA100000000000000000000000000000000700EF
:10EA2000001E00E01F00FF1FF8FF03FF1F00FF0193
:10EA3000000F0000000000000000000000000000C7
:10EA40000000000000000000000000000E000000B8
:10EA5000C07F00F8FF01FCFF07FCFF073E800F0EA0
:10EA6000000E0E000E0E000E1E800FFCFF07FCFFB6
:10EA700007F8FF01C07F000000000E0000007000DA
:10EA80000E38000E38000E1C000E0E000EFEFF0F9A
:10EA9000FEFF0FFEFF0FFEFF0F00000E00000E0036
:10EAA000000E00000E0000000E00000060000F7855
:10EAB000800F7CC00F7CE00F1EF00F0EF80E0E7C56
:10EAC0000E0E3E0E1E1F0EFE0F0EFC070EF8030E5E
:10EAD000F0010E0000000E000000308001388003BD
:10EAE0003C80073C800F1E000F0E0E0E0E0E0E0E09
:10EAF0000E0E1E1F0FFEFF0FFCFB07FCF903F0E0DC
:10EB0000010000000F00000000F00000F80000FE0F
:10EB10000080EF00C0E700F0E1007CE0003EE00094
:10EB2000FEFF0FFEFF0FFEFF0FFEFF0F00E00000D5
:10EB3000E0000E000000008001F88703FE8707FE5A
:10EB4000870FFE070F0E030E8E030E8E030E8E0729
:10EB50000F8EFF070EFF070EFE0300FC00000000F3
:10EB60000E000000C07F00F0FF01F8FF07FCFF0768
:10EB70003E0E0F0E070E0E070E0E070E1E0F0F3E57
:10EB8000FF0F3CFE0738FE0330F8010000000E00C6
:10EB900000000E00000E00000E00000E000F0EE040
:10EBA0000F0EF80F0EFE0F8EFF00CE0F00FE0300BB
:10EBB000FE00003E00001E00000000000E000000ED
:10EBC000F0E001F8FB03FCFB07FEFF0F1E1F0F0E1A
:10EBD0000E0E0E0E0E0E0E0E1E1F0FFEFF0FFCFB76
:10EBE00007FCFB03F0E0010000000E000000F083D2
:10EBF00001F88703FC8F07FE9F0F1E1E0F0E1C0ED1
:10EC00000E1C0E0E1C0E1E8E0FFCFF07FCFF03F8E1
:10EC1000FF01C07F00000000000000000000005F56
:10EC200000000007000700147F147F14242A7F2AA5
:10EC30001223130864623649552250000503000070
:10EC4000001C2241000041221C00082A1C2A08083E
:10EC5000083E080800503000000808080808006056
:10EC600060000020100804023E5149453E00427FEA
:10EC7000400042615149462141454B311814127FF1
:10EC80001027454545393C4A49493001710905037A
:10EC90003649494936064949291E003636000000E2
:10ECA0005636000000081422411414141414412292
:10ECB0001408000201510906324979413E7E1111C2
:10ECC000117E7F494949363E414141227F414122DF
:10ECD0001C7F494949417F090901013E41415132A7
:10ECE0007F0808087F00417F41002040413F017FAD
:10ECF000081422417F404040407F0204027F7F048D
:10ED000008107F3E4141413E7F090909063E4151BD
:10ED1000215E7F09192946464949493101017F0190
:10ED2000013F4040403F1F2040201F7F2018207F90
:10ED300063140814630304780403615149454300D4
:10ED4000007F4141020408102041417F000004027D
:10ED5000010204404040404000010204002054549D
:10ED600054787F4844443838444444203844444824
:10ED70007F3854545418087E090102081454543C36
:10ED80007F0804047800447D40002040443D00009A
:10ED90007F10284400417F40007C041804787C08E0
:10EDA00004047838444444387C14141408081414B7
:10EDB000187C7C080404084854545420043F444000
:10EDC000203C4040207C1C2040201C3C4030403CEB
:10EDD00044281028440C5050503C4464544C440087
:10EDE0000836410000007F00000041360800080896
:10EDF0002A1C08081C2A08086070787C7E1C362AA9
:10EE0000361C303E3F3E3007087F09077C444444AF
:10EE1000387C7C4444387C7C7C44387C7C7C7C38EA
:10EE20001E3276321E00000205020000FEE7FEE7F9
:10EE3000FEE7FEE7FEE770477047704780B500F0D9
:10EE40005FF824480168491C016023480168491C97
:10EE500001600168C92918D3002101601F490878A1
:10EE6000002802D10120087001E000200870087815
:10EE7000012805D1012201211948F3F798F804E08F
:10EE8000002201211648F3F792F801BD80B515481C
:10EE9000FBF711FB01BD80B51348FBF70CFB01BD6F
:10EEA00080B51248F7F7D0FD01BD80B51048F7F7DF
:10EEB000CBFD01BD80B50F48FEF7C2F801BD80B59E
:10EEC0000D48FBF7F8FA01BD80B50C48F7F7BCFD1B
:10EED00001BD00009C2800207C280020C0280020C4
:10EEE00000080048B42600206C2600205421002091
:10EEF000DC2100207827002024260020CC200020C0
:10EF000003480168034A127889180160704700BFFE
:10EF100078280020370C0020F0B40246106895686D
:10EF20001318506803EB5004C0071CD54D441AE079
:10EF300013F8017B05F8017B491EF9D198B113F84C
:10EF4000011BC6F38106032E08BF13F8016B01EB0A
:10EF500006214942801C294405D011F8016B05F8AF
:10EF6000016B401EF9D1A3420ED013F8016B16F0CD
:10EF7000030104BF13F8011BC91C30090F28DBD1A2
:10EF800013F8010B0F30D7E7F0BC02F10C0070470B
:10EF9000494420536C6176653A200000000000006F
:10EFA0000000000000000000000000000000000061
:10EFB0000000000000000000000000000000000051
:10EFC00000000000425220536C6176653A20000038
:10EFD0000000000000000000000000000000000031
:10EFE0000000000000000000000000000000000021
:10EFF0000000000000000000A0860100400D03009A
:10F00000801A060000350C0040420F0080841E006C
:10F0100000093D0000127A000024F40000366E0161
:10F020000048E801006CDC022DDC00080000000054
:10F030005DDC00086BDC00088DDC0008A3DC000848
:10F04000ABDC0008C1DC0008DFDC0008E3DC000802
:10F05000F5DC000830313233343536373839616207
:10F06000636465666768696A6B6C6D6E6F707172F8
:10F07000737475767778797A000000003031323316
:10F080003435363738394142434445464748494A82
:10F090004B4C4D4E4F505152535455565758595A48
:10F0A0000000000010B5074979441831064C7C4433
:10F0B000163404E00A68081D114488470146A1423D
:10F0C000F8D110BD2C000000480000004EF6885119
:10F0D000CEF20001086840F470000860BFF34F8F63
:10F0E000BFF36F8F4FF00070E1EE100A7047000021
:10F0F0004360FFFF941C00003C0C00200000000057
:10F1000019FEFFFF04080000960A0000000000201E
:10F11000616C61726D206661696C3A2025642D25F1
:10F12000643A25643A25643A25640D0A000000001B
:10F1300000F00DF8002801D0FFF7B4FFAFF3008016
:10F140000020AFF30080FAF758FD00F002F801202C
:10F15000704700F001B8000007463846FEF740FD52
:10F16000FBE70000755F6170705F636F6D6D3A2043
:10F1700074782074696D65722063620D0A00000066
:10F18000755F6170705F636F6D3A20756172742096
:10F190002564206572726F72210D0A00755F6170BF
:10F1A000705F636F6D6D3A207365742072746321B4
:10F1B0000D0A000073616F7669657467726F757010
:10F1C0002E636F6D2E766E00535654485F53564D26
:10F1D0005F444C535F56315F315F310061742B7275
:10F1E000646C617374666F726C6F673D0000000041
:10F1F00061742B72646C617374666F726F70657288
:10F20000613D000061742B72646C617374666F728F
:10F210006576656E743D000061742B72646C617379
:10F2200074666F726770733D0000000061742B722A
:10F230006573746F7265736C6176653F00000000E2
:10F2400053565F454E56495F434D5F4E483400006C
:10F25000456E7465722050617373776F726400003D
:10F26000312E4D6F646275732052545500000000BA
:10F27000362E496E666F726D6174696F6E000000A4
:10F28000534554204D4F444255532052545500008D
:10F29000312E49442020202020203A200000000068
:10F2A000322E42617564726174653A20000000007C
:10F2B00043414C49422053454E534F5200000000F9
:10F2C00052414E47452053455454494E4700000093
:10F2D0005375636365737366756C6C792100000008
:10F2E00000000000000000000102030406070809F6
:10F2F000526573746F7265204F4B210D0A00000038
:10F3000061742B6D7174746D61696E3D0000000055
:10F3100061742B6D7174746D61696E3F0000000043
:10F3200061742B6D7174746261636B75703D000064
:10F3300061742B6D7174746261636B75703F000052
:10F3400061742B726573657470756C73653F000032
:10F3500061742B666C6F777468726573683D00002A
:10F3600061742B666C6F777468726573683F000018
:10F3700061742B7175616E7468726573683D00000D
:10F3800061742B7175616E7468726573683F0000FB
:10F3900061742B6261747468726573683D0000006B
:10F3A00061742B6261747468726573683F00000059
:10F3B00061742B65726173656D656D3F00000000BF
:10F3C00061742B667776657273696F6E3F0000001B
:10F3D00061742B6C6F67696E6465783F0000000094
:10F3E00061742B72646C6173746C6F673F00000012
:10F3F00061742B6C6576656C63616C69623D0000BD
:10F4000061742B6C6576656C63616C69623F0000AA
:10F4100061742B6C6576656C7468726573683D0009
:10F4200061742B6C6576656C7468726573683F00F7
:10F4300061742B65786261747468726573683D00ED
:10F4400061742B65786261747468726573683F00DB
:10F4500061742B776D6368616E6E656C3D000000B2
:10F4600061742B776D6368616E6E656C3F000000A0
:10F4700061742B6D6F64696E666F723D00000000F1
:10F4800061742B6D6F64696E666F723F00000000DF
:10F4900061742B7072657373696E666F723D0000E4
:10F4A00061742B7072657373696E666F723F0000D2
:10F4B00061742B7265736574736C6176653F0000CF
:10F4C0000148804701480047D1F400082DF70008A3
:10F4D0000248016851F470010160704788ED00E056
:10F4E00054656D7020203A2000000000332E4F66D6
:10F4F0006673657400000000342E5761726E696E89
:10F5000067000000312E5A65726F203A200000001B
:10F51000322E536C6F70653A20000000312E4E4839
:10F520003420203A20000000322E54656D70203ABD
:10F53000200000005741524E494E47204E483400AB
:10F54000312E4D6F6465203A20000000322E557038
:10F550007065723A20000000332E4C6F7765723A66
:10F5600020000000312E555F4E48342B3A20000019
:10F57000322E4C5F4E48342B3A200000332E555F1C
:10F5800054656D703A200000342E4C5F54656D70E8
:10F590003A2000002A56657273696F6E0000000001
:10F5A000576562736974653A00000000C9C50008B8
:10F5B000D3C50008F1C500085265736574204F4B30
:10F5C000210D0A0061742B736572693D0000000013
:10F5D00061742B736572693F0000000061742B73C6
:10F5E000696D736572693F0061742B73777365721F
:10F5F0007665720061742B647574793D00000000BB
:10F6000061742B647574793F0000000061742B668F
:10F610007265716D696E3D0061742B667265716D06
:10F62000696E3F0061742B73617665626F783F008D
:10F6300061742B6E756D77616B653D0061742B7223
:10F640006561646C6F673D0061742B70756C7365E8
:10F650003D00000061742B70756C73653F00000005
:10F6600061742B64656275673D00000061742B64F2
:10F67000656275673F00000061742B6D726573658C
:10F68000743F000061742B7573657275726C3D0078
:10F6900061742B757365726674703D0061742B74B0
:10F6A0006573746C6F673F0061742B726561646C85
:10F6B0006F673F0061742B736C6176653D000000DD
:10F6C00061742B736C6176653F00000061742B6F71
:10F6D0006E74656D683F000061742B6F66667465BB
:10F6E0006D683F0061742B6964736C6176653F00DF
:10F6F00061742B6964736C6176653D0061742B6283
:10F7000072736C6176653F0061742B6272736C6119
:10F7100076653D001F1C1F1E1F1E1F1F1E1F1E1F64
:10F720001F1D1F1E1F1E1F1F1E1F1E1FAFF3008049
:10F73000FFF7CCFCFFF7FCFC4E48345F4E2E000078
:10F740006D672F4C000000004C6F6767696E00000A
:10F7500053455454494E4700322E43616C69620050
:10F76000352E52616E6765004E48343A2000000025
:10F77000206D672F4C000000332E526573657400B6
:10F780004F46465345540000496E666F722E000086
:10F790002A4D6F64656C0000000000000102030444
:10F7A000642200200000000064230020000000000C
:10F7B0004552524F520000000000000000000000BF
:10F7C000000000000C000000000000000C00000021
:10F7D00061742B7274633D0061742B7274633F001B
:10F7E00061742B6770733F0061742B656E64000059
:10F7F000E4230020000000003C4E554C4C3E00002D
:10F80000252E2A6600000000686A6C747A4C00009D
:10F810004F4646004F4E000020894300FFF7FEBFD1
:10F82000FFF7FEBFFFF7FEBFFFF7FEBFFFF7FEBF0C
:10F83000FFF7FEBFFFF7FEBFFFF7FEBFFFF7FEBFFC
:10F84000FFF7FEBFFFF7FEBFFFF7FEBFFFF7FEBFEC
:10F85000FFF7FEBFFFF7FEBFFFF7FEBFFFF7FEBFDC
:10F86000FFF7FEBFFFF7FEBFFFF7FEBFFFF7FEBFCC
:10F87000FFF7FEBFFFF7FEBFFFF7FEBFFFF7FEBFBC
:10F88000FFF7FEBFFFF7FEBFFFF7FEBFFFF7FEBFAC
:10F89000FFF7FEBFFFF7FEBFFFF7FEBFFFF7FEBF9C
:10F8A000FFF7FEBFFFF7FEBFFFF7FEBFFFF7FEBF8C
:10F8B000FFF7FEBFFFF7FEBFFFF7FEBFFFF7FEBF7C
:10F8C000FFF7FEBFFFF7FEBFFFF7FEBFFFF7FEBF6C
:10F8D000FFF7FEBFFFF7FEBFFFF7FEBFFFF7FEBF5C
:10F8E000FFF7FEBFFFF7FEBFFFF7FEBFFFF7FEBF4C
:10F8F000FFF7FEBFFFF7FEBFFFF7FEBFFFF7FEBF3C
:10F90000FFF7FEBFFFF7FEBFD003313233340001F3
:10F910004008F40100008F23000801011A1003D0F1
:10F92000070000E1105202291264085003892400E4
:10F930000803105007881300000525000804102153
:10F9400028128310520510120A0812B71012060866
:10F9500052050412CF10617812FE01F20600012157
:10F960006CF0010CE8030001100340F200080E23C4
:10F97000123101B2200120100000456E7465722022
:10F98000746F20536574757000002010055761690D
:10F9900074696E670B4110200320446F6E65095235
:10F9A000001030034572726F721F40050010F8009E
:10F9B0000814F8AC4338F70892078F92010C21A77E
:10F9C0004740F708250443E0F43021181218442179
:10F9D00038210CF2014848220134C350F218900338
:10F9E00002180001056061182402033000014CF286
:10F9F00001504822020CE26048200112000211D29C
:10FA0000583012031812090CC3ECF418120418250C
:10FA1000B4D2F818120518220B60D1481206181239
:10FA20000C0CD27078120718120D0CD2801811012C
:10FA30002603B08B90F20421011003020400030F8F
:10FA40001152A018695012031812100CF201B0489C
:10FA50001304110C526890652C230205C3111D82FA
:10FA6000F5183B70F7B01A04ABD3001018116813E7
:10FA700004140CD278D811201304150CF6018068F8
:10FA80001305160CD21C4815F41305170C922818F0
:10FA900025F811781305180CF30034F548130619EE
:10FAA0000CD24018114813061A0CF2014CC0130670
:10FAB0001B0CF20158C013061C0CF601C0201307E2
:10FAC0001D0CF20164A823071E0CF1016013071F2F
:10FAD0000CD27CC011602E070C03D28818110823A9
:10FAE000072118F501201308220CE294D880031C8A
:10FAF000000823000179881002040008240CD29029
:10FB000048120430F2022530120530F20326481064
:10FB100002180009270CD6D008F004010318020AC5
:10FB2000100001E20114B3093D126002ADC10008EA
:10FB30002429208FB9C1040521108F2FC20405216B
:10FB400001123B105204312DB4048F57C204052119
:10FB5000014F5DC2040561011263102802C8F10063
:10FB60000894E0023C0C00208F172542008242845A
:10FB70002108122B104359428852010412D110431C
:10FB8000FF428C520204436D433C2D44036D9004AC
:10FB900052C71421945206144321441421105208D0
:10FBA000145279142540520A6452CF142124520B66
:10FBB0001452FD142D4404520C14432B45142138C7
:10FBC000520D145259142138520E145283142138F4
:10FBD0004300101412AD1412DB04313842108C4C67
:10FBE0000457460008B546E0055203141003754754
:10FBF0000008CF0412B0D912607D1EC0ED031A8038
:10FC0000291340381D124B0C1DE8051300961812DD
:10FC1000DA0812E1045403C20100E422607F01000B
:10FC200084064F11D7E40661104723D758210C25CD
:10FC3000E01251105203201003E09304007510618C
:10FC4000401A1069472D2E9C211012DC05833F2E8F
:10FC500040210447A92E94210C2D540747E92E90EA
:10FC600021102D3407179F2F8C5150100360EA008C
:10FC700000B31092061012B91022076111012D84F1
:10FC8000071767308051202D180712EB106B84285E
:10FC900038C802803F64244447C4F5B05143530040
:10FCA000D01069C447DCF59479C446F3906D7805AB
:10FCB0005210105205104720F38869C45230106D5D
:10FCC000680352E85052081052F47062096042F61C
:10FCD00010520A10430CF630520B10521810520CEE
:10FCE00010524060520D108B24F644210152301006
:10FCF000520F10523C106DEC0352504052111052F2
:10FD00006010521210527010521310528010521480
:10FD1000104B90F38C52151052A0105216104B48F5
:10FD2000F6FC5217105254105218104FD0F74403DB
:10FD300052191052D810521A10526030521B1052E1
:10FD40006C10521C104F78F64803521D1056B0909C
:10FD5000521E1052C090521F1056840069055290D6
:10FD60001052211052D040522210529C206D940506
:10FD700052A81052241052E0606D84051EDCAC04C1
:10FD8000255C6D7C0512F010254C5227104304F2BF
:10FD90001062282055505329000142F410522A10B5
:10FDA00012101025BC522B10522010622C8055309E
:10FDB000522D104318F280522E1056B430522F108C
:10FDC00052C0105230105230505231105240105226
:10FDD000321056CC6052331056D8006D110B47507C
:10FDE000F4005235105260105236104770F45052E1
:10FDF00037105280105238105290F052391052A0E1
:10FE000010523A1052B010523B10522CE0523C109B
:10FE100052E4906D960652F010523E1052FC105271
:10FE20003F104308F7105241104FE8F7D8054BEC4C
:10FE30001A1343EC1C08100354F000087C04F30967
:10FE4000F6530452FF01E3AE51141D5004000203A7
:03FE50002D01037E
:040000050800F72DCB
:00000001FF
