:020000040800F2
:10000000D02D002059010108A5FA0008A7FA000820
:10001000A9FA0008ABFA0008ADFA000800000000D9
:10002000000000000000000000000000AFFA00081F
:10003000B1FA000800000000B3FA0008B5FA0008A1
:10004000BD040108C1040108C5040108C904010870
:10005000CD040108D1040108D5040108D904010820
:10006000DD040108E1040108E5040108E9040108D0
:10007000ED04010805FB0008F10401080FFB00086E
:10008000F5040108F9040108FD040108010501084F
:1000900005050108090501080D05010811050108FC
:1000A00015050108190501081D05010821050108AC
:1000B00025050108000000000000000029050108D6
:1000C0002D0501083105010835050108390501082C
:1000D0003D05010819FB00084105010823FB000844
:1000E000450501082DFB000800000000000000008D
:1000F0000000000000000000000000000000000000
:100100000000000049050108000000004D0501083D
:10011000000000000000000051050108550501081D
:10012000590501085D05010861050108650501081B
:100130006905010800000000000000000000000048
:100140006D050108710501087505010879050108AB
:100150007D05010837FB000841FB00088105010807
:1001600085050108890501088D05010800000000CA
:100170009105010895050108990501080000000096
:100180009D050108A1050108A505010810B5040099
:100190000121DFF81C0D01F0CEFE012010BD30B5AD
:1001A00087B004001421002202AD280001F0DEFE19
:1001B000DFF8540CD0E90023CDE9002302A8009019
:1001C000DFF8485C2978684600F002FA2878687001
:1001D000BDF80410009800F0A0FE00202870DFF8A1
:1001E000D05C0221280001F097FE0321280001F0D5
:1001F000A2FE2100C9B2280001F09DFE012007B037
:1002000030BD10B50400DFF8281C8888002810D005
:10021000DFF8200C02888B889A4208D100210180E7
:100220000321DFF88C0C01F077FE012008E08988BB
:1002300001802100C9B2DFF8780C01F07CFE0120BA
:1002400010BD2DE9F041040000250026DFF8E07B19
:10025000B88803283DDB3868B988084410F8010CD9
:100260003968BA88114411F8021C51EA00210E00C5
:10027000B988891E386801F0ACFE050028003100FD
:1002800080B289B288421DD10721DFF8240C01F029
:1002900052FE3868007803280DD1DFF8708B0121F9
:1002A00098F8010000F0ADF998F80120D7E90001B5
:1002B00000F097F913E00021DFF8500B407800F0D0
:1002C000A0F90CE00021DFF8440B407800F099F928
:1002D00005E00021DFF8340B407800F092F9DFF8F8
:1002E0002C0B407800F0E8F80221DFF8C40B01F095
:1002F00034FE0120BDE8F0810100DFF8280D02780E
:10030000032A01D00422027001207047010001205D
:10031000704710B50400DFF8440C0178012936D18C
:10032000DFF83C1CC978012931D1DFF8381C91ED88
:10033000030AD0ED020AB4EE600AF1EE10FA08DA10
:1003400091ED030AD0ED010AB4EE600AF1EE10FA65
:100350000ED501224FF400615FF0904002F09DF94C
:1003600001224FF480515FF0904002F096F91CE0BA
:1003700000224FF400615FF0904002F08EF90022FD
:100380004FF480515FF0904002F087F90DE00022B9
:100390004FF400615FF0904002F07FF900224FF4CB
:1003A00080515FF0904002F078F9DFF8040B4FF4D1
:1003B0007A7181662100C9B201F0BDFD012010BD36
:1003C00038B50400DFF8601C087800281FD1012030
:1003D0000870DFF8585C01221021280002F05DF956
:1003E00000220821280002F058F900220421DFF839
:1003F000400C02F052F94FF4FA60DFF8B41A886743
:1004000002F0A6F902F04FFB02F03EFB12E00020E2
:10041000087001220821DFF8140C02F03EF90122D5
:100420000421DFF80C0C02F038F94EF66020DFF8FA
:10043000801A88672100C9B2DFF8740A01F07BFDD9
:10044000012032BD10B50400DFF8181B0878002821
:1004500002D10020087718E0DFF8700C8278042AB7
:100460000ED082780A2A02D1027A042A08D0827831
:10047000052A05D082780A2A05D1007A052802D1FA
:100480000320087701E002200877DFF8D40AC0785B
:10049000012804D1012048770120887703E000205B
:1004A0004877002088772100C9B2DFF8040A01F0FC
:1004B00042FD012010BD000070B52DED028B04003F
:1004C0009FEDC58A2000C0B2002866D1DFF8945A9B
:1004D00095ED010ADFEDC10A20EE200ABDEEC00A4B
:1004E00010EE100A00F0FEF985ED010ADFF8586DF4
:1004F0006868306096ED000A00F0F2FA86ED010AB5
:100500007068686095ED010A00F05AFA85ED030AFB
:1005100095ED020A00F0B8FA85ED040A95ED040A9B
:10052000D5ED060A30EE200ADFF8740CD0ED020A91
:10053000F4EE400AF1EE10FA02D5D0ED020A0BE01B
:10054000D0ED030AB4EE600AF1EE10FA02D5D0ED58
:10055000030A01E0F0EE400AC5ED040AD5ED030AF6
:1005600095ED051A30EE818AD0ED000AF4EE480AC6
:10057000F1EE10FA02D590ED000A0BE090ED010AC1
:10058000B4EE408AF1EE10FA02D590ED010A01E0D6
:10059000B0EE480A85ED030AFFE7DFF8C85928786E
:1005A000002807D10020686095ED010A00F008FAE4
:1005B00085ED030A2878002807D10020A86095ED72
:1005C000020A00F061FA85ED040ABDEC028B70BDF1
:1005D00038B504000D002900C9B2200000F01BF856
:1005E00031BD70B504000D00160020000078C0B2C7
:1005F000032805D13200D2B22000290000F078F89B
:1006000070BD38B504000D002900C9B22000C0B289
:1006100000F0E6F831BD3EB504000D002800C0B280
:10062000002806D0022822D00CD3042849D033D386
:100630005CE004200090002303220321200001F04D
:10064000E6FC53E0DFF8680D818802290ED10168CD
:1006500001918088022190FBF1F080B200904FF46C
:10066000805306220321200001F01FFD3EE0DFF849
:10067000400D818802290ED10168019180880221F4
:1006800090FBF1F080B2009041F2040306220321B6
:10069000200001F00AFD29E0DFF8140D818802290D
:1006A0000ED1016801918088022190FBF1F080B2A7
:1006B000009041F2020306220321200001F0F5FC24
:1006C00014E0DFF8EC0C818802290ED10168019159
:1006D0008088022190FBF1F080B2009042F220036A
:1006E00006220321200001F0E0FCFFE737BD0000F7
:1006F0002DE9F84F2DED028B82B004000D009146DC
:100700000020ADF800009FED348A00264846C0B2B4
:10071000002803D0401E032856D958E00320ADF826
:10072000000002226946200000F0C4FB08EE900A97
:1007300002226946200000F0BDFB8046DFF82478E5
:10074000B8EE680A10EE100A02F0D0F982468B4625
:10075000404602F0EFF941EC110B9FEDC90B02F09E
:10076000FEF953EC102B5046594602F001FA02F004
:1007700023FB786002226946200000F09BFB00EE1C
:10078000100AB0EE408A02226946200000F092FB77
:100790000600B8EE480A10EE100A02F0A7F98246E9
:1007A0008B46300002F0C6F941EC110B9FEDB40B03
:1007B00002F0D5F953EC102B5046594602F0D8F907
:1007C00002F0FAFAB86002E000F011FBFFE702B0B5
:1007D000BDEC028BBDE8F18F000000000000C842B4
:1007E0000200D2B2002A042A1BD80A00D2B2012A7F
:1007F0000ED1DFF87027002353700123137002001D
:10080000D2B2002A0CD10122DFF85437DA7007E0A7
:10081000DFF850275378032B02DA53785B1C5370B0
:10082000FFE7DFF840375A78002A0CD05A78032ABD
:1008300009DB00221A7000225A6000229A6000220E
:10084000DFF81C37DA7070472DE9F04100242500ED
:10085000EDB20A2D43DA00252E00F6B2092E3CDA5D
:100860002E00F6B201EB860676682F00FFB251F833
:100870002770BE422FDA00262F00FFB251F82770F2
:10088000AC465FFA8CFC01EB8C0CDCF804C0AE4685
:100890005FFA8EFE41F82EC0AC465FFA8CFC01EB8D
:1008A0008C0CCCF80470AC465FFA8CFC50F82CC071
:1008B000AE465FFA8EFE00EB8E0EDEF804E0A84630
:1008C0005FFA88F840F828E0AE465FFA8EFE00EB4B
:1008D0008E0ECEF804C06D1CBEE7641CB7E7BDE801
:1008E000F081000038B52DED028B04009FED768A73
:1008F000DFF8D81B087800282AD1012008700021D1
:100900000800C0B20A2815DA0800C0B2DFF8C02B10
:100910000B00DBB242F82300DFF8B82B0800C0B2AE
:1009200052F82000002803D10800C0B242F820404D
:10093000491CE5E7DFF89C5B092300222900DFF86A
:10094000900BFFF781FF95ED050AB8EEC00A30E085
:1009500000200100C9B20A291EDADFF8741B020068
:10096000D2B251F82220092A0BD100220300DBB2B7
:1009700041F82320DFF85C1B0200D2B241F822408C
:1009800008E00200D2B251F82220521C0300DBB270
:1009900041F82320401CDCE7DFF8385B0923002204
:1009A0002900DFF82C0BFFF74FFF95ED050AB8EE95
:1009B000C00ADFED460A80EE200ABDEC028B31BD95
:1009C000F0EE400A9FED421A9FED423ADFED3E3ACB
:1009D000F5EE400AF1EE10FA40D0F0EE603A9FEDED
:1009E0003E0ADFF8F40D90ED004A34EE634AB4EEAF
:1009F000404AF1EE10FA08DA90ED004A33EEC44AAC
:100A0000B4EE404AF1EE10FA03DB9FED340A21EE1A
:100A1000001ADFF8C40A90ED000AF0EE401ADFF881
:100A2000BC1A91ED000A30EE010AB0EE402A32EE17
:100A3000030A82EE000AF0EE402A33EEE10AB0EE3D
:100A4000614A00EE224A80ED004AB7EE000A30EE1D
:100A5000620A20EE020A81ED000A08E0DFF87C0A53
:100A60005FF07E510160DFF8700A00210160DFF85D
:100A7000680ADFF8641D02680A6090ED000A70479A
:100A8000000000000000244070470000F0EE402A03
:100A90009FED0D3AF4EE601AF1EE10FA04D0B4EEC8
:100AA000412AF1EE10FA02D1B0EE620A0BE032EE0A
:100AB000E00A72EE413A20EE230A71EEE03A80EE4F
:100AC000230A30EE010A7047000000000000C8420F
:100AD00095BFD63317B7D138CDCC4C3E00007A4401
:100AE000F8B52DED028B9CB0B0EE408A0024DFF803
:100AF0005817087A00280DD00CAA2300DBB20C206E
:100B0000434302EB030011F1080292E8680080E819
:100B10006800641C087D00280DD00CAA2300DBB2FD
:100B20000C20434302EB030011F1140292E8680029
:100B300080E86800641C91F8200000280DD00CAA01
:100B40002300DBB20C20434302EB030011F120022F
:100B500092E8680080E86800641C91F82C00002886
:100B60000CD00CAA2300DBB20C20434302EB0300A1
:100B70002C3191E82C0080E82C00641C2000C0B2CD
:100B8000022802DAB0EE480A2DE100200100C9B2C5
:100B90002200D2B2521E91423EDA411C0A002300CA
:100BA000D2B2DBB29A4235D20C220CAB0D00EDB2C0
:100BB00055432B4493ED010A0CAB0500EDB25543B0
:100BC0002B44D3ED010AB4EE600AF1EE10FA1FD502
:100BD0000CAB18AD0600F6B256431E4496E88050A2
:100BE00085E880500500EDB255431D440E00F6B275
:100BF00056431E4496E8805085E880500D00EDB2C3
:100C000002FB05F21A4418AB93E8E00082E8E0002A
:100C1000491CC3E7401CB9E700200100C9B222000B
:100C2000D2B2521E914236DA0C210CAA0300DBB27A
:100C30004B431A4492ED010A0CAA0300DBB24B436A
:100C40001A44D2ED040AB4EE600AF1EE10FA12D0A2
:100C50000CAA0300DBB24B431A4492ED020A0CAA21
:100C60000300DBB24B431A44D2ED050AB4EE600A2E
:100C7000F1EE10FA0DDB00220CAB0500EDB24D4396
:100C80005A550CAA0300DBB201FB03F11144002208
:100C90000A73401CC1E70025002108002200C0B2F1
:100CA000D2B2904218D20C220CAB0800C0B2504312
:100CB000185C00280ED068462E00F6B25643304429
:100CC0000E00F6B202FB06F21A4492E8C80080E871
:100CD000C8006D1C491CE0E72800C0B2022802DAF7
:100CE000B0EE480A7FE0684690ED010AB4EE480A8B
:100CF000F1EE10FA0CDB90ED052AD0ED041A90ED20
:100D0000021AD0ED010AB0EE480AFFF7BFFE6AE012
:100D100000263000C0B22900C9B2491E88423CDA20
:100D20000C2069463200D2B24243114491ED010ACF
:100D3000B4EE408AF1EE10FA2DDB69463200D2B2F1
:100D40004243114491ED040AB4EE480AF1EE10FA60
:100D500021DB69463200D2B24243114491ED052AAB
:100D600069463200D2B242431144D1ED041A6946B9
:100D70003200D2B24243114491ED021A6946320068
:100D8000D2B200FB02F00844D0ED010AB0EE480AEE
:100D9000FFF77CFE27E0761CBBE70C2069462A00A3
:100DA000D2B242431144091F91ED002A69462A003C
:100DB000D2B2424311440839D1ED001A69462A00E3
:100DC000D2B242431144103991ED001A69462A000B
:100DD000D2B200FB02F008441438D0ED000AB0EEA5
:100DE000480AFFF753FE1CB0BDEC028BF1BD80B585
:100DF00003208C49087004212D4801F0AEF8322000
:100E000002F0FFF901BD00004C040108B4290020E4
:100E100080B5DFF8C8090078DFF8C419087002202F
:100E2000804908700421224801F085F801BD0000C6
:100E30005C0C0020B22900202DE9F04104000D00D7
:100E400016002F00DFF86885404602F069FE30008A
:100E500080B2022802D004280BD01DE07878D8F8A0
:100E6000001008703878D8F800104870A8F80460AE
:100E700015E07878D8F8001008703878D8F80010A5
:100E80004870F878D8F800108870B878D8F8001052
:100E9000C870A8F8046002E00020A8F80400DFF899
:100EA0003C0904700120DFF83C190870BDE8F081AE
:100EB000A8070020F0B4030000200C881500EDB254
:100EC000042D16D12500ADB21D44AE782500ADB27B
:100ED0001D44ED7855EA06252600B6B29E5D270032
:100EE000BFB21F447F7857EA062757EA0547380004
:100EF0000DE01500EDB2022D09D12500ADB25D5D0A
:100F00002600B6B21E44767856EA052630000D88D3
:100F100055FA82F50D80F0BC704770B504000D00E5
:100F2000DFF8C06B01224FF48051300001F0B5FBB7
:100F30000A2002F0BBFE01F09FFD4FF47A732A00F5
:100F400092B22100DFF80C0E02F001FF00224FF4F4
:100F50008051300001F0A1FB70BD00004829002045
:100F600084290020982800202DE9F0412DED028BE6
:100F70008EB0F0EE408AB0EE608A322100226C46DC
:100F8000200000F0F3FF002700240025DFF8588B35
:100F9000C8ED058A88ED068A98ED050A04F072F816
:100FA000060098ED060A04F06DF8804668463100A8
:100FB000090E3A00D2B281547F1C3100090C3A006C
:100FC000D2B281547F1C3100090A3A00D2B2815456
:100FD0007F1C3900C9B246547F1C4146090E3A00B5
:100FE000D2B281547F1C4146090C3A00D2B28154DE
:100FF0007F1C4146090A3A00D2B281547F1C390055
:10100000C9B200F801807F1C3A00D2B292B26946A0
:10101000DFF8340B04F0BEF80EB0BDEC028BBDE877
:10102000F08100007C000020C1290020000400485D
:10103000000C004870B500240025DFF80C0B007888
:10104000C0B2FF283AD0DFF8040B0178C9B2090614
:10105000DFF8FC0A0078C0B251EA0041DFF8F40A78
:101060000078C0B251EA0021DFF8840B0078C0B2EA
:1010700001430C00DFF87C0B0178C9B20906DFF8E8
:10108000780B0078C0B251EA0041DFF8700B0078AD
:10109000C0B251EA0021DFF8680B0078C0B201430A
:1010A0000D00DFF8446A16F11401200003F012FF6E
:1010B00016F11801280003F00DFF05E0DFF8280AFB
:1010C000002141610021816170BD00001C290020C8
:1010D0002DE9F0472DED028B8EB00400F0EE408A32
:1010E000B0EE608A322100226D46280000F03EFFFB
:1010F000002500260027DFF860AB8AF800408AED63
:10110000028ACAED018A9AED020A03F0BBFF80460B
:101110009AED010A03F0B6FF814668469AF800107E
:101120002A00D2B281546D1C4146090E2A00D2B267
:1011300081546D1C4146090C2A00D2B281546D1CA9
:101140004146090A2A00D2B281546D1C2900C9B255
:1011500000F801806D1C4946090E2A00D2B2815464
:101160006D1C4946090C2A00D2B281546D1C4946B7
:10117000090A2A00D2B281546D1C2900C9B200F8B4
:1011800001906D1C2A00D2B292B26946DFF8600B62
:1011900004F000F80EB0BDEC028BBDE8F087000053
:1011A0002C29002070B500240025DFF8440B0078BE
:1011B000C0B2FF283DD0DFF8A06ADFF8380B007816
:1011C0003070DFF8340B0178C9B20906DFF82C0B58
:1011D0000078C0B251EA0041DFF8240B0078C0B2B9
:1011E00051EA0021DFF81C0B0078C0B201430C006B
:1011F000DFF8140B0178C9B20906DFF8100B00788C
:10120000C0B251EA0041DFF8580B0078C0B251EA91
:101210000021DFF8500B0078C0B201430D0016F139
:101220000801200003F056FE311D280003F052FE95
:1012300008E0DFF8240A00210170DFF8B41B8160A8
:101240000021416070BD0000C02700202DE9F84F4B
:101250002DED048B8EB0F0EE409AB0EE608AF0EE89
:10126000418AB0EE619A3221002201AC200000F0E8
:101270007DFE5FF0000B002000900024002500267A
:10128000DFF8E4AACAED009A8AED018ACAED028A63
:101290008AED039A9AED000A03F0F4FE07009AED36
:1012A000010A03F0EFFE80469AED020A03F0EAFE1F
:1012B00081469AED030A03F0E5FE824601A8390053
:1012C000090E5A46D2B281541BF1010B3900090CA8
:1012D0005A46D2B281541BF1010B3900090A5A4611
:1012E000D2B281541BF1010B5946C9B247541BF1CC
:1012F000010B4146090E5A46D2B281541BF1010B33
:101300004146090C5A46D2B281541BF1010B4146A9
:10131000090A5A46D2B281541BF1010B5946C9B28F
:1013200000F801801BF1010B4946090E5A46D2B262
:1013300081541BF1010B4946090C5A46D2B2815423
:101340001BF1010B4946090A5A46D2B281541BF1DE
:10135000010B5946C9B200F801901BF1010B51462F
:10136000090E5A46D2B281541BF1010B5146090CA9
:101370005A46D2B281541BF1010B5146090A5A4612
:10138000D2B281541BF1010B5946C9B200F801A039
:101390001BF1010B5A46D2B292B201A9DFF8540AEE
:1013A00003F0F8FE0EB0BDEC048BBDE8F18F000039
:1013B000380800202DE9F0410024002500260027F0
:1013C000DFF8300A0078C0B2FF2871D0DFF8280AB1
:1013D0000178C9B20906DFF8240A0078C0B251EAE0
:1013E0000041DFF81C0A0078C0B251EA0021DFF8A2
:1013F000140A0078C0B201430C00DFF80C0A01782F
:10140000C9B20906DFF8040A0078C0B251EA004107
:10141000DFF8FC090078C0B251EA0021DFF8F409D6
:101420000078C0B201430D00DFF8EC090178C9B2C1
:101430000906DFF8E8090078C0B251EA0041DFF898
:10144000E0090078C0B251EA0021DFF8D80900783D
:10145000C0B201430E00DFF8D0090178C9B2090615
:10146000DFF8C8090078C0B251EA0041DFF8C009CE
:101470000078C0B251EA0021DFF8B8090078C0B2A4
:1014800001430F00DFF8E0884146200003F022FD11
:1014900018F10401280003F01DFD18F108013000C7
:1014A00003F018FD18F10C01380003F013FD0BE0F8
:1014B000DFF8B408DFF83819016000214160DFF877
:1014C000781981600021C160BDE8F081C229002047
:1014D000242800204C2800208829002040080020D3
:1014E0002DE9F34F81B02DED028BA2B0F0EE408AD2
:1014F000B0EE608A6421002208AC200000F036FDC6
:101500005FF0000B9DF89400002805D0022817D04A
:101510000CD303281FD029E0DFF820099DF898108C
:101520000172C0ED038A80ED048A1FE0DFF80C0928
:101530009DF898100175C0ED068A80ED078A15E0C8
:10154000DFF8F8089DF8981080F82010C0ED098A9F
:1015500080ED0A8A0AE0DFF8E4089DF8981080F828
:101560002C10C0ED0C8A80ED0D8AFFE70020019061
:101570000020009000200790002006900020059099
:10158000002004900020039000200290DFF8AC4877
:1015900094ED030A03F076FD019094ED040A03F044
:1015A00071FD009094ED060A03F06CFD050094EDCA
:1015B000070A03F067FD060094ED090A03F062FDD7
:1015C000070094ED0A0A03F05DFD804694ED0C0AD5
:1015D00003F058FD814694ED0D0A03F053FD824659
:1015E00008A8217A5A4692B281541BF1010B019945
:1015F000090E5A4692B281541BF1010B0199090C54
:101600005A4692B281541BF1010B0199090A5A46BC
:1016100092B281541BF1010B01995A4692B2815446
:101620001BF1010B0099090E5A4692B281541BF12D
:10163000010B0099090C5A4692B281541BF1010B1F
:101640000099090A5A4692B281541BF1010B009984
:101650005A4692B281541BF1010B217D5A4692B237
:1016600081541BF1010B2900090E5A4692B2815494
:101670001BF1010B2900090C5A4692B281541BF14F
:10168000010B2900090A5A4692B281541BF1010B41
:10169000594689B245541BF1010B3100090E5A46D7
:1016A00092B281541BF1010B3100090C5A4692B2DF
:1016B00081541BF1010B3100090A5A4692B2815440
:1016C0001BF1010B594689B246541BF1010B94F8EA
:1016D00020105A4692B281541BF1010B3900090EB9
:1016E0005A4692B281541BF1010B3900090C5A463B
:1016F00092B281541BF1010B3900090A5A4692B289
:1017000081541BF1010B594689B247541BF1010B5F
:101710004146090E5A4692B281541BF1010B4146D3
:10172000090C5A4692B281541BF1010B4146090A39
:101730005A4692B281541BF1010B594689B200F806
:1017400001801BF1010B94F82C105A4692B281547F
:101750001BF1010B4946090E5A4692B281541BF106
:10176000010B4946090C5A4692B281541BF1010BF8
:101770004946090A5A4692B281541BF1010B594657
:1017800089B200F801901BF1010B5146090E5A462F
:1017900092B281541BF1010B5146090C5A4692B288
:1017A00081541BF1010B5146090A5A4692B28154E9
:1017B0001BF1010B594689B200F801A01BF1010B86
:1017C0005A4692B208A9DFF8780603F0E3FC22B08B
:1017D000BDEC028BBDE8F78F8C290020C0290020CA
:1017E000B42900207C0000202DE9F84F0020009053
:1017F00000240025002600275FF000085FF00009A4
:101800005FF0000ADFF838060078C0B2FF2800F069
:10181000F780DFF828B6DFF82C0600788BF8080090
:10182000DFF824060178C9B20906DFF8200600783F
:10183000C0B251EA0041DFF818060078C0B251EAA0
:101840000021DFF810060078C0B201430091DFF8F4
:1018500008060178C9B20906DFF800060078C0B2B0
:1018600051EA0041DFF8F8050078C0B251EA0021E2
:10187000DFF8F0050078C0B201430C00DFF8E8059E
:1018800000788BF81400DFF8E4050178C9B2090686
:10189000DFF8DC050078C0B251EA0041DFF8D4057A
:1018A0000078C0B251EA0021DFF8CC050078C0B260
:1018B00001430D00DFF8C4050178C9B20906DFF85D
:1018C000C0050078C0B251EA0041DFF8B8050078E1
:1018D000C0B251EA0021DFF8B0050078C0B2014380
:1018E0000E00DFF8A80500788BF82000DFF8A005CF
:1018F0000178C9B20906DFF89C050078C0B251EA48
:101900000041DFF894050078C0B251EA0021DFF809
:101910008C050078C0B201430F00DFF88405017820
:10192000C9B20906DFF87C050078C0B251EA00416F
:10193000DFF874050078C0B251EA0021DFF86C05C9
:101940000078C0B201438846DFF8640500788BF860
:101950002C00DFF860050178C9B20906DFF85805E8
:101960000078C0B251EA0041DFF850050078C0B2FB
:1019700051EA0021DFF848050078C0B201438946EA
:10198000DFF840050178C9B20906DFF83C050078A8
:10199000C0B251EA0041DFF834050078C0B251EA24
:1019A0000021DFF82C050078C0B201438A461BF104
:1019B0000C01009803F08EFA1BF11001200003F0D7
:1019C00089FA1BF11801280003F084FA1BF11C01AD
:1019D000300003F07FFA1BF12401380003F07AFA9B
:1019E0001BF12801404603F075FA1BF1300148460F
:1019F00003F070FA1BF13401504603F06BFA1BE060
:101A0000DFF83804002101720021C160002101616A
:101A100000210175002181610021C161002180F850
:101A200020100021416200218162002180F82C10E9
:101A30000021016300214163BDE8F18F78B591B0C9
:101A400004000D003C21002202AE300000F08EFAAE
:101A50000020ADF804000321012003F030FF0B202B
:101A600000900023DFF86C2401A902A803F01CFAFF
:101A70004FF47A73BDF8042002A9DFF85C0402F089
:101A800066F912B070BD78B591B004000D003C212C
:101A9000002202AE300000F069FA0020ADF8040028
:101AA000294803F047FB924803F044FB6A480021B1
:101AB0000170CF498160002141600D20009000231A
:101AC000DFF8182401A902A803F0EEF94FF47A73A5
:101AD000BDF8042002A9DFF8000402F038F912B0C2
:101AE00070BD0000000800489828002038B590B06C
:101AF00004000D0003A8DFF8E813322204F0F4F824
:101B0000DFF8E003D0E90023CDE9012303A8019029
:101B10000023DFF8D403027802A903A803F04FF9E9
:101B20000220009000238CA202A903A803F0BCF9B4
:101B30004FF47A73BDF808200199DFF89C0302F096
:101B400006F911B030BD00000008020802080208C2
:101B50000308020804080208F8B504000D00002676
:101B60002068007830283ADB206800783A2836DA96
:101B7000002700200100C9B2A28889B291420FD289
:101B800021680200D2B2895C302905DB216802009D
:101B9000D2B2895C3A2900DB02E07F1C401CE9E7F5
:101BA0003900C9B2206803F037FA0600B6F5807F25
:101BB0000DD2CD4841783000C0B203F080FE4FF422
:101BC0007A73022265A1C44802F0C1F80EE04FF416
:101BD0007A730522C549C04802F0B9F806E04FF40F
:101BE0007A730522C149BC4802F0B1F8F1BD00008A
:101BF0000508020806080208070802080808020883
:101C00000908020838B590B004000D0003A8B849CF
:101C1000322204F069F8B748D0E90023CDE9012366
:101C200003A801900023B048427802A903A803F05A
:101C3000C6F802200090002347A202A903A803F0DF
:101C400033F94FF47A73BDF808200199A24802F0E5
:101C50007EF811B030BD000048290020F8B504001E
:101C60000D00002620680078302839DB20680078D5
:101C70003A2835DA002700200100C9B2A28889B2CB
:101C800091420FD221680200D2B2895C302905DB73
:101C900021680200D2B2895C3A2900DB02E07F1C95
:101CA000401CE9E73900C9B2206803F0B5F9060025
:101CB0000C2E0DD23100C9B28B48007803F0FFFD25
:101CC0004FF47A73022225A1834802F040F80EE017
:101CD0004FF47A73052285497F4802F038F806E010
:101CE0004FF47A73052281497B4802F030F8F1BD48
:101CF0000010020802100208031002080410020873
:101D00000510020806100208071002080810020851
:101D100080B5FFF78FF9FFF745FAFFF74BFBFFF7A9
:101D200063FD75487549C0F8A4137549C0F8B4132C
:101D30007449C0F8C4137449C0F8D4137349C0F887
:101D4000E4137349C0F8F41300F0ADFE00F09CFEFC
:101D500001BD0000182300200D0A00004F4B0000B9
:101D6000091002080A1002082C29002070B5002072
:101D7000002400252800C0B2092836DA654E280064
:101D8000C0B200013044407801282CD10120040069
:101D90002800C0B200013044406800280ED003F093
:101DA000F7FF2900C9B2090131444968401A2900E6
:101DB000C9B2090131448968884214D3002029003E
:101DC000C9B209013144487003F0E2FF2900C9B2E9
:101DD0000901314448602800C0B22900C9B2090194
:101DE0003144C96888476D1CC4E72000C0B270BD8B
:101DF00000006041002002080220020803200208BF
:101E00000420020805200208062002080720020814
:101E100008200208092002080A2002080B200208F4
:101E20000C2002080D2002080E2002080F200208D4
:101E300010200208112002080000A042C027002044
:101E40000018020802180208031802080418020801
:101E500005180208061802080718020808180208E0
:101E6000091802080A1802080B1802080C180208C0
:101E70000D1802080E1802080F18020810180208A0
:101E80001118020812180208131802081418020880
:101E90001518020816180208171802081818020860
:101EA000191802081A1802081B1802081C18020840
:101EB0001D1802081E1802081F1802082018020820
:101EC0002118020822180208231802082418020800
:101ED000251802085C0201080822002088FF00087B
:101EE00008FC000854040108AC0C0020440401085C
:101EF0003CFC00085C0401084C0800203D1A000866
:101F0000871A0008ED1A0008591B0008051C000874
:101F10005D1C0008A8070020020001200B00DBB2B6
:101F20001B011344587000200B00DBB21B0113444B
:101F300058600120704738B504000D0001202900C9
:101F4000C9B209012144487003F022FF2900C9B237
:101F5000090121444860012032BD020000200B002D
:101F6000DBB21B01134458700120704762F30F224B
:101F700062F31F42401810F0030308D0C91A1FD3A0
:101F8000DB0748BF00F8012D28BF20F8022D130001
:101F900030B414461546103928BF20E93C00FAD861
:101FA000490728BF20E90C0048BF40F8042D8900EC
:101FB00028BF20F8022D48BF00F8012D30BC704723
:101FC000C91818BF00F8012DCB0728BF00F8012D54
:101FD000704730B403004FF6FF7000248C4213DAD0
:101FE0001A5D50400822002A0CD0C50706D580B2E1
:101FF000400880F4204090F0010001E080B24008E9
:10200000521EF0E7641CE9E780B230BC70472DE94E
:10201000F84305000E0017009846089C5FF0000981
:102020002868494689B2465419F101092868494689
:1020300089B2475419F10109404680B2000A296863
:102040004A4692B2885419F101092868494689B272
:1020500000F8018019F10109200080B2000A296806
:102060004A4692B2885419F101092868494689B252
:10207000445419F10109494689B22868FFF7A9FFBC
:10208000010028684A4692B2815419F101090800FA
:1020900080B2000A2A684B469BB2D05419F101095C
:1020A000A5F804900120BDE8F2832DE9F84F060061
:1020B0000F00904699460A9DDDF82CA000240021CF
:1020C0003068220092B28754641C3068220092B2B9
:1020D00000F80280641C484680B2000A326823007F
:1020E0009BB2D054641C3068220092B200F8029077
:1020F000641C4046C0B2062802D0102807D01CE05D
:10210000280080B2012801D0002040E015E028001E
:1021100080B2000A326823009BB2D054641C30683D
:10212000220092B28554641C2800C0B2400032687C
:1021300023009BB2D054641CFFE75FF0000B5846AD
:1021400080B2290089B2B0EB410F0BDA584680B259
:102150001AF800003168220092B28854641C1BF106
:10216000010BECE7210089B23068FFF732FF010074
:102170003068220092B28154641C080080B2000AC8
:10218000326823009BB2D054641CB4800120BDE8A7
:10219000F28F2DE9F84F05000E00170098460A9CB3
:1021A000DDF82C905FF0000B002029685A4692B2AF
:1021B0008E541BF1010B29685A4692B28F541BF1C1
:1021C000010B2100C9B249002A685B469BB2D15479
:1021D0001BF1010B5FF0000A504680B2210089B26A
:1021E000B0EB410F0CDA504680B219F800002968B4
:1021F0005A4692B288541BF1010B1AF1010AEBE71F
:10220000594689B22868FFF7E4FE010028685A465B
:1022100092B281541BF1010B080080B2000A2A68B7
:102220005B469BB2D0541BF1010BA5F804B0012012
:10223000BDE8F28F2DE9F84F05000E001700984613
:102240000A9CDDF82C905FF0000B5FF0000A286814
:10225000594689B246541BF1010B2868594689B288
:1022600047541BF1010B404680B2000A29685A46C8
:1022700092B288541BF1010B2868594689B200F8C4
:1022800001801BF1010B3800C0B2062802D01028D3
:102290001DD02CE0200080B2012801D000203EE0BB
:1022A00000208246504680B2210089B2B0EB410F37
:1022B0000CDA504680B219F8000029685A4692B2EA
:1022C00088541BF1010B1AF1010AEBE70FE0200023
:1022D00080B2000A29685A4692B288541BF1010B59
:1022E0002868594689B244541BF1010BFFE759464F
:1022F00089B22868FFF76DFE010028685A4692B23D
:1023000081541BF1010B080080B2000A2A685B4669
:102310009BB2D0541BF1010BA5F804B00120BDE81D
:10232000F28F30B4002513E050F8042BD30744BFDC
:10233000A9F101039A18091F042942F8045BFAD293
:1023400013468C0744BF15809B1CC90748BF1D70EE
:1023500050F8041B0029E7D130BC7047F8B40300E3
:1023600000250868E840002800F0D78001260F68A3
:1023700016FA05F007403A00002A00F0CC800879F0
:1023800010F00300012804D0087910F0030002289F
:102390001DD19F685FF0030C2800C0B240001CFAFA
:1023A00000FC37EA0C07D1F80CC02800C0B240008E
:1023B0001CFA00FC5CEA07079F605868AE40B04317
:1023C0004E68C6F30016AE40304304005C600879E6
:1023D00010F0030003280ED0DE6803272800C0B2E7
:1023E00040008740BE438F682800C0B2400087404D
:1023F0003E433400DC60087910F00300022818D155
:102400002800C00803EB8000066A0F2715F00700BC
:10241000C0B280008740BE430F6915F00700C0B20C
:10242000800087403E4334002800C00803EB800052
:1024300004621E6803272800C0B240008740BE43E4
:102440000F7917F003072800C0B2400087403E43D1
:1024500034001C60486810F4403F5CD09548066822
:1024600056F001060660006810F001000090009828
:10247000914F2800800857F820605FF00F0C15F08E
:102480000300C0B280001CFA00FC36EA0C06B3F16F
:10249000904F01D1002414E08848834201D10124E7
:1024A0000FE08748834201D102240AE08548834235
:1024B00001D1032405E08448834201D1042400E0D3
:1024C000072415F00300C0B2800084402643280092
:1024D000800847F820607D4C206890434F68FF02D9
:1024E00000D5104320607A4E346894434F68BF0291
:1024F00000D514433460774E306890434F68BF0373
:1025000000D510433060744E346894434F68FF0325
:1025100000D5144334606D1C23E7F1BC70472DE9EE
:10252000F041030000250800E840002800F0A880E2
:10253000012616FA05F008400200002A00F09E80ED
:10254000DFF874C1280080085CF820000F2715F020
:10255000030E5FFA8EFE5FEA8E0E17FA0EFE1EEA7B
:1025600000000400B3F1904F02D15FF0000E19E0BB
:102570005248834202D15FF0010E13E0504883427B
:1025800002D15FF0020E0DE04E48834202D15FF0AF
:10259000030E07E04C48834202D15FF0040E01E0D5
:1025A0005FF0070E15F00300C0B280001EFA00FEB7
:1025B00074452CD14848D0F800E03EEA020EC0F83D
:1025C00000E04448D0F800E03EEA020EC0F800E027
:1025D0003F48D0F800E03EEA020EC0F800E03B4879
:1025E000D0F800E03EEA020EC0F800E015F003006B
:1025F000C0B2800017FA00F00400280080085CF8E0
:102600002000A043AE465FEA9E0E4CF82E005FF01D
:10261000030C1868AE465FFA8EFE5FEA4E0E1CFA97
:102620000EFE5EEA000018602800C00803EB800E72
:102630002800C00803EB8000D0F8208015F00700C8
:10264000C0B28000874038EA0707CEF8207098684B
:102650002F00FFB27F001CFA07F7B8439860586854
:10266000AE4030EA06065E60DE682800C0B2400078
:102670001CFA00FC36EA0C0CC3F80CC06D1C52E7C7
:10268000BDE8F081020010690B009BB2184201D036
:10269000012000E00020C0B270471300DBB2002B25
:1026A00003D00B009BB2836102E00B009BB28362FC
:1026B000704700006010024008000140000400481C
:1026C00000080048000C00480010004808040140C1
:1026D0000C040140040401400004014080B5D448CA
:1026E000D44901605FF4E131416000218160002143
:1026F000C160002101610C21416100218161002143
:1027000001620021416201F0E5FA002801D003F0E6
:10271000A4FB01BD80B5C848C84901604FF41651FB
:102720004160002181600021C160002101610C2114
:102730004161002181610021C1610021016200210C
:10274000416201F0C7FA002801D003F086FB01BD09
:1027500080B5BB48BB4901604FF416514160002170
:1027600081600021C160002101610C2141610021D3
:1027700081610021C161002101620021416201F0FB
:10278000A9FA002801D003F068FB01BD38B59EB05E
:10279000040014220021684603F061FB602200213E
:1027A00006A803F05CFB2068A249884252D1202091
:1027B00006900020119006A803F05CFB002801D0D1
:1027C00003F04BFBA048016851F001010160006873
:1027D00010F00100059005989C48016851F0020135
:1027E0000160006810F00200059005984FF4406009
:1027F0000090022001900120029003200390082005
:10280000049069469248FFF7A9FD924D92482860CE
:10281000042068600020A8600020E8608020286113
:10282000002068610020A8610020E8610020286283
:10283000280003F093FD002801D003F00EFB65672C
:10284000AC6200220021462004F029F8462004F062
:102850003BF8ABE020687949884251D101200690CD
:1028600000200E9006A803F005FB002801D003F01D
:10287000F4FA7A48016851F480410160006810F46C
:102880008040059005987148016851F0020101608F
:10289000006810F0020005900598C020009002200A
:1028A00001900020029003200390072004906946C5
:1028B0006748FFF753FD6A4D6A4828600220686048
:1028C0000020A8600020E860802028610020686166
:1028D0000020A8610020E86100202862280003F0A1
:1028E0003DFD002801D003F0B8FA6567AC62002214
:1028F0000021252003F0D3FF252003F0E5FF55E05C
:1029000020685049884251D1042006900020109040
:1029100006A803F0AFFA002801D003F09EFA52484F
:10292000016851F480210160006810F48020059056
:1029300005984648016851F004010160006810F0F4
:102940000400059005984FF440600090022001902B
:10295000002002900320039007200490694643481A
:10296000FFF7FCFC424D43482860022068600020CD
:10297000A8600020E86080202861002068610020B5
:10298000A8610020E86100202862280003F0E6FC2E
:10299000002801D003F061FA6567AC6200220021D3
:1029A000272003F07CFF272003F08EFF1FB030BDEF
:1029B00010B5040020681F49884210D122480168E0
:1029C0004908490001604FF440612148FFF7A7FD25
:1029D000606F03F033FD462003F07DFF27E02068A1
:1029E000164988420FD11D48016831F480410160C9
:1029F000C0211748FFF793FD606F03F01FFD2520EE
:102A000003F069FF13E020680E4988420FD1164891
:102A1000016831F4802101604FF440611348FFF7F1
:102A20007EFD606F03F00AFD272003F054FF10BD08
:102A30000822002000800040902200200038014041
:102A400018230020004800405C1002404C10024057
:102A500000040048E8260020800402406010024084
:102A6000302700205800024058100240000800485B
:102A7000782700203000024080B5184801F050F857
:102A800002201749087001BD80B50122154916487A
:102A900001F0C3F900220121272003F000FF2720C5
:102AA00003F012FF01BD704738B504000B480D4913
:102AB0000A78036885885A558288521C82808288E9
:102AC00040F2FF139A4201D300228280012206487D
:102AD00001F0A3F901200249087031BD5C0C00200F
:102AE000C5290020C429002018230020C0F3C751A5
:102AF00081B1FF2906D0C110400721F0E04101F16A
:102B00006051704741020CBF40F4E0016FF000419A
:102B10000020704700F0004100020AD0B0FA80FCAB
:102B200000FA0CF001F16051A1EB0C5101EBD02146
:102B300040057047014648B1B0FA80F18840C91C91
:102B4000C1F58461090501EBD02140057047026899
:102B5000531C03601170704741EC100B01BD80B530
:102B600053EC112B51EC100B03F0D4FEF4E72E00C4
:102B7000F0B540F2FF7581EA030C0CF0004C15EA49
:102B800011541DBF15EA1357AC42AF42E5E0BC41FA
:102B9000C1F31301C3F31303801A994143F4801363
:102BA00004D2641E4000494180185941C90241EADB
:102BB0005051B1FBF3F603FB1611A2FB0675D7EBE0
:102BC000C020A94102D2761E80185941C90241EAAB
:102BD0005051B1FBF3FE03FB1E11A2FB0E75D7EBA8
:102BE000C020A94103D2AEF1010E801859418902DB
:102BF00041EA9051760546EA8E2EB1FBF3F603FBCF
:102C00001611A2FB0675D7EB8020A94102D2761ED1
:102C100080185941C90241EA50514EEA060EB1FBF3
:102C2000F3F603FB1611A2FB0675D7EBC020A941F2
:102C300002D2761E80185941C90241EA5051B1FBB7
:102C4000F3F703FB1711A2FB0735D3EBC020A94113
:102C500067F100070CBF004247F0010766F3D52774
:102C60004FEA1E31B80814F5806412DDBD0775F116
:102C7000004250EB0E5051EB045111F5801F5CBF28
:102C800041EA0C01F0BD4CF07F6141F0E0410020D1
:102C9000F0BDBD076D0840EA0E5041F48011D4F13B
:102CA0000104B4F120060ADAC4F120060200E04073
:102CB00001FA06F3E1401843B24015430EE0342C0C
:102CC00013DCC6F1200445EA40056D0820FA06F23F
:102CD000154321FA06F0A1400D43002175F1004291
:102CE00050F1000051EB0C01F0BD00205FEA0C0137
:102CF000F0BDCFB992185B41B3FA83F704BFB2FAC3
:102D000082F6BF190B3FB7F120062FBF02FA06F378
:102D1000BB40C7F1200622FA06F638BF3343BA405B
:102D20001CB1E419641E33E77F4231F00041B1FA6F
:102D300081F404BFB0FA80F6A4190B3CB4F120066C
:102D40002FBF00FA06F1A140C4F1200620FA06F6D2
:102D500038BF3143A0403C1B1AE7AC421ABF05EA1A
:102D60001357AF4212E050EA41061CBF52EA430635
:102D7000BFE750EA4107304661461CBF41EA0551B2
:102D8000F0BD52EA430C08BFC143F0BD00204FF430
:102D9000001616EB410F98BF16EB430F08BF16EB5A
:102DA000410F24BFC14305E016EB430F0CBF614642
:102DB0004CEA0551F0BD000001F000428B1AA3F16E
:102DC0006051B1F5801F0ADBB1F17F6F1FD242EA7B
:102DD000C102C10071F1004142EB507070470B1508
:102DE000C3F10903212B10D2890241EA90518002DC
:102DF0000128494141F0004121FA03F0C3F12003C9
:102E0000994071F1004150417047100070476FF0D8
:102E1000000013EB103F5CBF000E42EAC050704749
:102E200080B500224FF40071DFF8CC0BFFF735FCC2
:102E300000224FF400715FF09040FFF72EFC04F089
:102E4000DFF8DFF8B80BDFF8B81BC162DFF8B41B9E
:102E5000421CC1F85821021DC1F8702110F1140262
:102E60000A62027A81F8252010F118028A63427AF8
:102E700081F83D2010F10C02C1F8A021037A81F8FD
:102E8000A531C1F81822027A81F81D2210F1400202
:102E9000C1F83022027A81F8352210F14402C1F8DB
:102EA0004822027A81F84D2210F11C02C1F89022CA
:102EB000027A81F8952210F12002C1F8A822427A04
:102EC00081F8AD2210F12402C1F8F022827A81F853
:102ED000F52210F12802C1F80823827A81F80D2327
:102EE00010F13002C1F83823C27A81F83D2310F185
:102EF0003402C1F85023C27A81F8552310F1380208
:102F0000C1F86823C27A81F86D2310F13C02C1F840
:102F10008023C07A81F88503DFF8EC0A0068C1F8E5
:102F2000C803DFF8EC0A0068C1F8F80301BD38B542
:102F3000002000242000C0B2072835DADFF8D85A74
:102F40002000C0B200012844407801282AD1200086
:102F5000C0B200012844406800280ED002F018FFDB
:102F60002100C9B2090129444968401A2100C9B2A7
:102F7000090129448968884214D300202100C9B27C
:102F800009012944487002F003FF2100C9B2090178
:102F9000294448602000C0B22100C9B20901294477
:102FA000C9688847641CC5E7002032BD38B50400F5
:102FB000DFF8685A687800281FD100224FF40071AA
:102FC000DFF8340AFFF769FB00224FF400715FF06D
:102FD0009040FFF762FB04F013F889200090202353
:102FE00007220521DFF8380A04F062F80120687032
:102FF0000221DFF8240AFEF78FFF012032BD7CB5E5
:103000000400DFF8205A2878002803D0022823D0B3
:1030100003D33DE004F094F93AE004F007FA892084
:103020000090202307220521DFF8F40904F040F87E
:10303000DFF8F42903212C2004F054F9DFF8EC29FF
:103040000421082004F04EF904F04DFA41F28830D2
:10305000DFF8C41988611BE00120DFF8C01948704F
:1030600089200090202307220521DFF8B40904F00D
:103070001FF8DFF8A46902213000FEF74DFF03219D
:103080003000FEF749FF04213000FEF745FFFFE75F
:103090002878401C28702100C9B2DFF87C09FEF7AF
:1030A0004AFF012076BD70B5040000F0BCF8DFF8DF
:1030B0006C596878012803D1A87800F0CCFB04E0B3
:1030C0000021DFF85409FEF727FFDFF86409A9782B
:1030D0000278914207D0A9780170DFF8580900689A
:1030E000DFF854190860A8780B2812D1DFF8486976
:1030F0004FF4FA61306800F0CBFC012809D1DFF809
:10310000340900683060062215F10801A81C00F09F
:1031100067FD2100C9B2DFF80009FEF70CFF0120AE
:1031200070BD10B50400DFF81419DFF81409006948
:1031300000F0AEFC012827D1DFF808090178012949
:1031400005D1002101700020DFF8D0188870DFF869
:10315000F8080188491C018042F21071DFF8B82894
:103160002300DBB21B011A449268B1FBF2F1028822
:103170008A420DD300210180DFF8A018887800284A
:1031800006D00020887003E00120DFF8B81808702E
:103190002100C9B2DFF88008FEF7CDFE012010BD86
:1031A00038B5040004F025FADFF89458287A01288D
:1031B00008D10521DFF86008FEF7AEFEDFF87408DD
:1031C000006828612100C9B2DFF84C08FEF7B3FEA1
:1031D000012032BD10B5040004F0F2F9DFF86008F8
:1031E0000021017000210172012010BD10B5040002
:1031F00000224FF40051DFF80008FFF74EFA0120DB
:1032000010BD10B5040001224FF40051DFF8E807AB
:10321000FFF743FADFF80008210089B28166062132
:10322000FEF789FE10BD38B5DFF8D047DFF81C087F
:10323000E16A097850F82100DFF8C817C1F8D80210
:10324000DFF80C0801786170DFF80818407851F851
:1032500020006060207A01F021FD00EE100ADFF806
:10326000F857B8EE400AD5ED010A20EE200ABDEE6F
:10327000C00A84ED030A607A01F010FD00EE100A26
:10328000B8EE400AD5ED020A20EE200ABDEEC00AD3
:1032900084ED040A207A01F001FD00EE100AB8EE78
:1032A000400AD5ED030A20EE200ABDEEC00A84EDE7
:1032B000050A607A01F0F2FC00EE100AB8EE400A4E
:1032C000D5ED040A20EE200ABDEEC00A84ED060A00
:1032D000207A01F0E3FC00EE100AB8EE400AD5EDCA
:1032E000050A20EE200ABDEEC00A84ED070A607AC6
:1032F00001F0D4FC00EE100AB8EE400AD5ED060A43
:1033000020EE200ABDEEC00A84ED080AA07A01F082
:10331000C5FC00EE100ADFF8E856B8EE400AD5ED1D
:10332000020A20EE200ABDEEC00A84ED090AA07A46
:1033300001F0B4FC00EE100AB8EE400AD5ED010A27
:1033400020EE200ABDEEC00A84ED0A0AE07A01F000
:10335000A5FC00EE100ADFF80457B8EE400AD5EDE0
:10336000000A20EE200ABDEEC00A84ED0C0AE07AC5
:1033700001F094FC00EE100AB8EE400AD5ED010A07
:1033800020EE200ABDEEC00A84ED0D0AE07A01F0BD
:1033900085FC00EE100AB8EE400AD5ED020A20EED8
:1033A000200ABDEEC00A84ED0E0AE07A01F076FC38
:1033B00000EE100AB8EE400AD5ED030A20EE200A0E
:1033C000BDEEC00A84ED0F0A207A01F067FC00EE22
:1033D000100ADFF88C56B8EE400AD5ED070A20EE49
:1033E000200ABDEEC00A84ED100A207A01F056FCD6
:1033F00000EE100AB8EE400AD5ED0A0A20EE200AC7
:10340000BDEEC00A84ED110A31BD2DE9F84F8AB036
:1034100006002021002202AC2000FEF7A7FD0024B8
:10342000002500208DF8050000208DF806001827E3
:10343000DFF8D0853000C0B27843404490F8159052
:103440003000C0B2784340444068002842D0012197
:103450003000C0B200F0A9F900280ED13000C0B28F
:103460007843404442683000C0B278434044017D14
:103470004846C0B203F036FF1EE05FF0000A30009D
:10348000C0B278434044406805F054FF5146C9B289
:10349000814207D2202002A95246D2B288541AF1A2
:1034A000010AECE702AA3000C0B278434044017D33
:1034B0004846C0B203F016FF3000C0B27843404423
:1034C000406805F037FFDFF89C150979491C48432F
:1034D00010FA89F93000C0B278434044806800286F
:1034E00000F03A813000C0B278434044007B0028AD
:1034F0000BD002281ED012D3042830D024D30628A3
:1035000045D036D307283ED044E03000C0B27843DF
:10351000404480680078002104000D003AE030004B
:10352000C0B278434044806890F90000C11704009D
:103530000D002FE03000C0B278434044806800881E
:10354000002104000D0025E03000C0B27843404463
:103550008068B0F90000C11704000D001AE03000C7
:10356000C0B27843404480680068002104000D0028
:1035700010E03000C0B27843404480680068C11752
:1035800004000D0006E001208DF8050002E0022095
:103590008DF805009DF8050000280CD13000C0B260
:1035A00078434044407B40420200D2B202A920004E
:1035B00000F086FA26E09DF8050001281AD13000B7
:1035C000C0B278434044806805F0B4FE202819D288
:1035D0003000C0B278434044806805F0ABFE020082
:1035E00092B23000C0B278434044816802A800F033
:1035F000F7FA07E03000C0B27843404480680078B2
:103600008DF8080002213000C0B200F0CEF8012889
:1036100023D13000C0B278434044807DC0B200095D
:103620008DF806009DF806000F2805D0202002A97D
:103630009DF80620885410E05FF0000A02A805F00B
:1036400079FE5146C9B2814207D2202002A95246D2
:10365000D2B288541AF1010AF0E73000C0B2012852
:103660005ED15FF0000A00208DF804003000C0B287
:1036700078434044407B002802D009208DF80400A4
:10368000392000902E2315220F21DFF8DC0305F0EE
:103690006DFE02A805F04EFE8346DFF8C8030079F0
:1036A000401C00FB0BFB5846C0B2022190FBF1F01E
:1036B0001F280BDA5846C0B2022190FBF1F0D0F17E
:1036C00040009DF8041050FA81FA07E05846C0B255
:1036D000D0F15F009DF8041050FA81FA02AA300080
:1036E000C0B278434044007D401CC0B2DFF8741380
:1036F0004979D1EBC001491EC9B25046C0B205F0AC
:10370000DFFF5AFA8BF09DF80490B0EB090989208D
:103710000090202307220521C14803F0C9FC1BE0CB
:1037200089200090202307220521BD4803F0C0FC1A
:1037300002AA3000C0B278434044017D4846C0B27E
:1037400003F0D0FD02A805F0F5FDC6490979491C32
:10375000484310FA89F081463000C0B278434044B3
:10376000006900281ED03000C0B278434044806811
:10377000002817D03000C0B2784340448068BB496D
:1037800088420FD03000C0B2784340440269300014
:10379000C0B207FB00F708EB0700017D4846C0B246
:1037A00003F0A0FD0BB0BDE8F08FF8B504000D00EC
:1037B00094492200D2B21820424301EB0200817DDD
:1037C0002800C0B201402800C0B281422FD1B426E7
:1037D000A74F4FF496712800C0B2704338442200BE
:1037E000D2B250F8220000F053F901282AD1280063
:1037F000C0B206FB00F607EB06002100C9B28D4AF5
:10380000126840F821202D209A492A00D2B2424362
:103810000A442300DBB22E00F6B200FB06F0084497
:103820002100C9B2405CD0F10100D0540AE09149B6
:103830002A00D2B22D20424301EB02002100C9B27E
:10384000002242548B49EDB22D20454301EB050087
:10385000E4B2005DF2BD70B50400002603F0E6FDA1
:1038600000F077F82000C0B200F07DF82000C0B270
:1038700000F093F80025280080B22D2811DA614964
:103880002A0092B21820424301EB0200C07D2100C1
:10389000C9B2884203D12800C0B2FFF7B6FD6D1C43
:1038A000E9E703F020FE70BDF0B44271C4780379FB
:1038B0002500EDB2AB420AD3F025524E2700FFB2ED
:1038C00018235F4306EB07039D75641CEFE718237D
:1038D0004C4C85785D4325444679AE75002904D06B
:1038E000857803FB05F323449960F0BC70472DE90C
:1038F000F84F0700884691469A460A9E0B9DDDF8D0
:1039000030B00D9C87F8008087F8019087F802A0FE
:10391000FE703D712200D2B259463800FFF7C4FF55
:10392000BDE8F18F10B4010000221000C0B20428DD
:103930000CD21000C0B2085C4F4B1400E4B21B5D07
:10394000984201D0002002E0521CEEE7012010BC9A
:10395000704780B50120009008237F2208210020B5
:1039600005F032FF01BD10B504002000C0B20028F0
:1039700012D139480078002807D124A2214890F8B4
:103980004410782003F0AEFC06E022A21D4890F817
:103990004410782003F0A6FC10BD0100C9B20A292A
:1039A00024D116490978002906D002290ED008D35F
:1039B000042915D00FD318E03049124AC2F8101468
:1039C00018E02F490F4AC2F8101413E02D490D4A90
:1039D000C2F810140EE02C490A4AC2F8101409E08B
:1039E0002A49084AC2F8101404E003E02349054AB2
:1039F000C2F8101470470000000800487C00002046
:103A00004829002028010020F8050020200000009F
:103A1000C40000204E0000000C0000201C290020E3
:103A200090F80008B9290020440201082CFE000883
:103A3000BA290020982900207029002080EE360045
:103A4000D4280020BB290020AC2900202001002020
:103A5000AC0C002034070020982800202C290020DE
:103A6000C02700203C29002068F60008AE0C00208A
:103A70006419002080210020CC000020D00000200C
:103A8000E0000020F00000200001002010010020D4
:103A900038B504000D00DFF8FC010168200000F0DB
:103AA00006F8A84201D3012000E0002032BD814287
:103AB00004D25FF0FF32101A081800E0081A7047AD
:103AC00038B52DED048B08EE100A0C001500DFED63
:103AD000438A2800C0B2FB2810DBB8EEC89A280041
:103AE000C0B24042C0B200F08BF829EE009A00212B
:103AF0002000B0EE490A00F0B1F80EE0B8EEC89A26
:103B00002800C0B200F07CF889EE009A2900C9B202
:103B10002000B0EE490A00F0A1F8BDEC048B31BDE5
:103B200010B400210A00838892B29A4206D2002281
:103B300003680C00A4B21A55491CF3E700228280E6
:103B400010BC704710B4040013005A1E9BB2002B27
:103B500002D02170641CF7E710BC704770B50400F8
:103B60000D001600DFF8240100782100C9B2884258
:103B700009D3DFF824211068002804D0310089B26D
:103B800028001268904770BD38B504000D00280069
:103B900005F0D0FB020092B229002000C0B2FFF76E
:103BA000DDFF31BD70B504000D00280005F0C2FB3B
:103BB000020092B229002000C0B2FFF7CFFFDFF869
:103BC000DC603068002807D0280005F0B3FB010056
:103BD00089B228003268904770BD000000000000E4
:103BE00030B404000D0013005A1E9BB2002B04D009
:103BF0002B7823706D1C641CF5E730BC7047000007
:103C000010B504002000C0B2FB2816DB2000C0B2B3
:103C1000D0F5807005F072FE41EC110B9FED200B8A
:103C2000FEF79DFF53EC102B00201949FEF7A0FF73
:103C3000FFF7C2F800EE100A0FE02000C0B2FEF756
:103C400079FF41EC110B9FED160BFEF788FF51EC4D
:103C5000100BFFF7B1F800EE100A10BD38B52DEDCE
:103C6000028B82B0B0EE408A04000D0018EE100AFC
:103C7000FEF73CFFCDE900012A000B49200005F0CA
:103C80004FFE02B0BDEC028B31BD0000B00C002035
:103C90000000F03F98290020A02900209C29002046
:103CA00000000000000024409404010870B50400E6
:103CB00002F06EF80500260016F1010F02D004484C
:103CC0000078361802F064F8401BB042FAD370BD99
:103CD000AF0C002010B50400002C01D1012035E00C
:103CE000A0690028FFD1E06F002805D1002084F8EA
:103CF00078002000FEF74AFD2420E0672068006875
:103D00004008400021680860606A002802D0200056
:103D100000F0DEFB200000F05FFA012801D1012055
:103D200014E02068406830F49040216848602068C2
:103D3000806830F02A00216888602068006850F0B0
:103D4000010021680860200000F02FFC10BD2DE963
:103D5000FC4706000D0017009846F06F202859D147
:103D6000002D03D0380080B2002801D1012052E09C
:103D70000020C6F884002120F06702F009F881468F
:103D8000A6F85070A6F85270B068B0F5805F05D103
:103D90003069002802D10024AA4602E02C005FF01E
:103DA000000AB6F85200002822D0CDF800804B4619
:103DB00000228021300000F061FC002803D0202088
:103DC000F067032027E0002C08D1BAF80000C005F6
:103DD000C00D316808851AF1020A03E020783168C5
:103DE0000885641CB6F85200401EA6F85200D8E7B9
:103DF000CDF800804B4600224021300000F03EFC10
:103E0000002803D02020F067032004E02020F06782
:103E1000002000E00220BDE8F68770B505000C0028
:103E20001600D5F88000202824D1002C03D03000C3
:103E300080B2002801D101201DE0002028662868FA
:103E4000DFF8901388420ED02868406800020AD537
:103E5000286850E8000F50F0806001002A6842E8AE
:103E600000100028F4D1320092B22100280000F0A6
:103E700054FC00E0022070BD2DE9F04706003068D8
:103E8000C7693068D0F800803068D0F8089040F6F4
:103E90000F043C40002C0BD1B80609D55FEA8860BE
:103EA00006D5B06E002802D03000B16E88478FE191
:103EB000002C00F0AA805FEAC97005D4DFF808067C
:103EC00018EA000F00F0A18017F00100C0B200282E
:103ED0000BD05FEAC85008D5012031680862D6F8D7
:103EE000840050F00100C6F88400B8070DD519F021
:103EF0000100C0B2002808D0022031680862D6F85C
:103F0000840050F00400C6F8840078070DD519F03D
:103F10000100C0B2002808D0042031680862D6F839
:103F2000840050F00200C6F88400380710D55FEA1C
:103F3000886004D419F00100C0B2002808D008201D
:103F400031680862D6F8840050F00800C6F8840092
:103F500038050CD55FEA481009D54FF40060316888
:103F60000862D6F8840050F02000C6F88400D6F825
:103F70008400002848D0B80608D55FEA886005D5D7
:103F8000B06E002802D03000B16E8847D6F88400A9
:103F9000050030688068400602D415F0280F2DD047
:103FA000300000F09EFC30688068400622D5306802
:103FB000083050E8000F30F040000100306810F188
:103FC000080242E800100028F1D1706F00280DD0DF
:103FD000DFF8F804716F8863706F02F00FFB002840
:103FE00012D0706F716F896B88470DE0300005F05B
:103FF000F1FC09E0300005F0EDFC05E0300005F0D3
:10400000E9FC0020C6F88400E2E0306E012840F0B0
:10401000BD80F80640F1BA805FEAC86040F1B68022
:104020001020316808623068806840066DD5706F76
:104030000068D0F804A0504680B2002852D0504604
:10404000B6F8581080B288424CD2A6F85AA0706FC9
:1040500000680068800639D4306850E8000F30F4FA
:1040600080700100326842E800100028F4D1306806
:10407000083050E8000F400840000100306810F19F
:10408000080242E800100028F1D13068083050E8FA
:10409000000F30F040000100306810F1080242E8E3
:1040A00000100028F1D12020C6F8800000203066E2
:1040B000306850E8000F30F010000100326842E82C
:1040C00000100028F4D1706F02F06EFA02207066C2
:1040D000B6F85810B6F85A00091A89B2300005F03F
:1040E0005AFC11E05046B6F8581080B288420BD105
:1040F000706F00680068800606D502207066B6F80A
:104100005810300005F047FC62E0B6F85800B6F8E9
:104110005AA0B0EB0A0AB6F85A00002835D050462B
:1041200080B2002831D0306850E8000F30F4907031
:104130000100326842E800100028F4D130680830ED
:1041400050E8000F400840000100306810F10802FC
:1041500042E800100028F1D12020C6F8800000209D
:1041600030660020B066306850E8000F30F0100074
:104170000100326842E800100028F4D10220706685
:10418000514689B2300005F006FC21E0F8020AD55C
:104190005FEA492007D55FF480103168086230007B
:1041A00005F0AAFC14E0380609D55FEA086006D5D8
:1041B000F06E002802D03000F16E884708E07806E3
:1041C00006D55FEA486003D5300000F054FCFFE7F5
:1041D000BDE8F087008000402DE9F047040000268C
:1041E000DFF8A81920688842FFD0A268206902433E
:1041F00060690243E069024320680368DFF89009C0
:1042000003401343206803602068436833F440533D
:10421000E068034320684360D4F81880206888422F
:1042200002D0206A50EA08082068806830F43060C4
:1042300058EA0000226890602068DFF8482A90421F
:1042400016D1DFF8440A006810F00300002805D0FA
:10425000022805D006D3032806D007E0012760E036
:1042600002275EE004275CE008275AE0102758E0A8
:104270002068DFF8182A904217D1DFF80C0A00688E
:1042800010F00C00002806D0042808D0082804D01C
:104290000C2806D007E0002743E0022741E004276E
:1042A0003FE008273DE010273BE02068DFF8E029E9
:1042B000904217D1DFF8D009006810F030000028D4
:1042C00006D0102808D0202804D0302806D007E0D7
:1042D000002726E0022724E0042722E0082720E028
:1042E00010271EE0206888421AD1DFF89C09006878
:1042F00010F44060002809D0B0F5806F0AD0B0F506
:10430000006F05D0B0F5406F06D007E0002708E049
:10431000022706E0042704E0082702E0102700E057
:1043200010272068884246D13800C0B2002806D045
:10433000022808D0042809D008280BD00DE006F088
:104340004BF881460DE0DFF84C990AE005F0D7FF05
:10435000814606E04FF4004903E05FF000090120C8
:104360000600B9F1000F00F0A58061680320414309
:10437000894505D361684FF480504143494502D2D5
:104380000120060096E04FF480726068400800212A
:10439000E2FB09016268002306F0AEF80500B5F5FE
:1043A000407F05D3B5F5801F02D22068C56081E04B
:1043B000012006007EE0E069B0F5004F41D13800F1
:1043C000C0B2002808D001280AD002280CD0042846
:1043D0000DD008280FD011E005F0FEFF814611E056
:1043E00006F007F881460DE0DFF8A8980AE005F02E
:1043F00086FF814606E04FF4004903E05FF00009C4
:1044000001200600B9F1000F54D06068400810EB9D
:1044100049006168B0FBF1F00500102D0ED3B5F531
:10442000803F0BD24FF6F0712940C5F342000143A3
:104430008A46504680B22168C8603BE001200600F1
:1044400038E03800C0B2002808D001280AD002287D
:104450000CD004280DD008280FD011E005F0BCFFC7
:10446000814611E005F0C5FF81460DE0DFF8249894
:104470000AE005F044FF814606E04FF4004903E0FE
:104480005FF0000901200600B9F1000F12D060684A
:1044900019EB50006168B0FBF1F00500102D07D357
:1044A000B5F5803F04D2280080B22168C86001E0E1
:1044B000012006000020A0660020E0663000C0B2A7
:1044C000BDE8F08700000000200100045D4A0008FC
:1044D00090F82410090707D501684A6832F40042B1
:1044E000416B0A4301684A6090F82410C90707D558
:1044F00001684A6832F40032816A0A4301684A60FE
:1045000090F82410890707D501684A6832F4803290
:10451000C16A0A4301684A6090F82410490707D528
:1045200001684A6832F48022016B0A4301684A60DC
:1045300090F82410C90607D501688A6832F48052C1
:10454000816B0A4301688A6090F82410890607D5B8
:1045500001688A6832F40052C16B0A4301688A60BC
:1045600090F82410490613D501684A6832F4801285
:10457000016C0A4301684A60016CB1F5801F07D1E4
:1045800001684A6832F4C002416C0A4301684A601B
:1045900090F82410090607D501684A6832F4002211
:1045A000816C0A4301684A60704738B504000020F6
:1045B000C4F8840001F0ECFB0500206800680007E7
:1045C0001DD57FF07E4000902B0000225FF400118B
:1045D000200000F053F8002811D0206850E8000FA8
:1045E00030F080000100226842E800100028F4D179
:1045F0002020E067002084F8780003203DE0206858
:10460000006840072CD57FF07E4000902B000022F0
:104610005FF48001200000F031F8002820D02068ED
:1046200050E8000F30F490700100226842E800105A
:104630000028F4D12068083050E8000F40084000FE
:104640000100206810F1080242E800100028F1D1B2
:104650002020C4F88000002084F8780003200CE0BB
:104660002020E0672020C4F8800000202066002081
:104670006066002084F87800002032BD2DE9F0410A
:1046800005000E0090461F00069C2868C069304057
:10469000B04201D1012000E000204146C9B2884269
:1046A00038D114F1010FF0D001F072FBC01B84422D
:1046B00001D3002C01D103202DE0286800684007B9
:1046C000E3D5802EE1D0402EDFD02868C0690007F6
:1046D0000DD5082029680862280000F002F908209A
:1046E000C5F88400002085F87800012013E02868D0
:1046F000C0690005C9D54FF4006029680862280028
:1047000000F0EFF82020C5F88400002085F878003C
:10471000032000E00020BDE8F08130B403005965BB
:10472000A3F85820A3F85A20002098669868B0F59E
:10473000805F0BD11869002804D140F2FF10A3F864
:104740005C0023E0FF20A3F85C001FE098680028CD
:104750000AD11869002803D1FF20A3F85C0015E0F6
:104760007F20A3F85C0011E09868B0F1805F0AD167
:104770001869002803D17F20A3F85C0006E03F20E1
:10478000A3F85C0002E00020A3F85C000020C3F85E
:1047900084002220C3F880001868083050E8000F19
:1047A00050F001000400186810F1080545E80040C9
:1047B0000028F1D19868B0F5805F06D1186900280B
:1047C00003D10FF2D130986602E00FF2D52098663F
:1047D000186900280BD0186850E8000F50F490704A
:1047E00004001D6845E800400028F4D10AE018687C
:1047F00050E8000F50F0200004001D6845E800401C
:104800000028F4D1002030BC704770B504000D00C2
:1048100016006565A4F858600020C4F884002220C2
:10482000C4F88000606F002821D00FF21510616F6E
:10483000C8620FF2B110616F08630FF2D110616F9F
:1048400048630020616F886333009BB2626D20680B
:1048500010F12401606F01F05BFE002807D01020EA
:10486000C4F884002020C4F8800001202AE02069D8
:1048700000280AD0206850E8000F50F48070010032
:10488000226842E800100028F4D12068083050E87F
:10489000000F50F001000100206810F1080242E80A
:1048A00000100028F1D12068083050E8000F50F0C7
:1048B00040000100206810F1080242E800100028C2
:1048C000F1D1002070BD016851E8001F31F0C00136
:1048D0000A00036843E800210029F4D12021C167C0
:1048E0007047016851E8001F31F490710A000368B5
:1048F00043E800210029F4D10168083151E8001F84
:10490000490849000A00016811F1080343E8002141
:104910000029F1D1016E01290AD1016851E8001F77
:1049200031F010010A00036843E800210029F4D1A6
:104930002021C0F8801000210166002181667047A7
:1049400038B50400A56A2068006880063AD40020C3
:10495000A5F85A00286850E8000F30F48070010074
:104960002A6842E800100028F4D12868083050E88E
:10497000000F400840000100286810F1080242E8DA
:1049800000100028F1D12868083050E8000F30F0FE
:1049900040000100286810F1080242E800100028D9
:1049A000F1D12020C5F88000286E01280AD128689E
:1049B00050E8000F30F0100001002A6842E80010B3
:1049C0000028F4D100206866286E012805D1B5F8CA
:1049D0005810280004F0DFFF02E0280004F0C0FFB8
:1049E00031BD000038B50400A56A01206866286E54
:1049F000012807D1B5F85810490889B2280004F0F9
:104A0000CAFF02E0280005F08FFE31BDF8B50400B2
:104A1000A56AEE6FD5F8807028688068000607D513
:104A2000212E05D10020A5F852002800FFF74BFFEA
:104A300028688068400607D5222F05D10020A5F8F8
:104A40005A002800FFF74DFFD5F8840050F0100001
:104A5000C5F88400280004F0BDFFF1BD38B504009E
:104A6000A56A0020A5F85A000020A5F852002800E9
:104A700004F0B0FF31BD10B50400206850E8000F0D
:104A800030F040000100226842E800100028F4D114
:104A90002020E0670020E066200005F046FE10BD03
:104AA00070B50500B5F85C60D5F88000222866D1A5
:104AB0002868808C040016EA0400696D0870686D2F
:104AC000401C6865B5F85A00401EA5F85A00B5F8B4
:104AD0005A00002859D1286850E8000F30F490702F
:104AE00001002A6842E800100028F4D12868083044
:104AF00050E8000F400840000100286810F108024B
:104B000042E800100028F1D12020C5F880000020E4
:104B1000A8660020686628681C4988420ED028686C
:104B2000406800020AD5286850E8000F30F0806025
:104B300001002A6842E800100028F4D1286E0128FC
:104B400019D100202866286850E8000F30F01000C6
:104B500001002A6842E800100028F4D12868C069E2
:104B6000C00602D5102029680862B5F85810280040
:104B700004F011FF09E0280004F0F2FE05E02868C7
:104B8000008B50F008002968088370BD0080004049
:104B9000F369FFEFF8B50500B5F85C70D5F8800053
:104BA000222867D12868808C0400686D060017EA07
:104BB00004003080686D801C6865B5F85A00401E9E
:104BC000A5F85A00B5F85A00002859D1286850E8CD
:104BD000000F30F4907001002A6842E800100028AD
:104BE000F4D12868083050E8000F40084000010068
:104BF000286810F1080242E800100028F1D12020B6
:104C0000C5F880000020A866002068662868224950
:104C100088420ED02868406800020AD5286850E80B
:104C2000000F30F0806001002A6842E80010002880
:104C3000F4D1286E012819D100202866286850E890
:104C4000000F30F0100001002A6842E80010002830
:104C5000F4D12868C069C00602D51020296808620E
:104C6000B5F85810280004F096FE09E0280004F07A
:104C700077FE05E02868008B50F00800296808835B
:104C8000F1BD00000038014088100240004400409F
:104C9000004800400024F4000080004001000800AB
:104CA000C0B2002801D1012021E00800C0B2FF28D5
:104CB00001D10A201BE00800C0B2FE2801D1642007
:104CC00015E00800C0B2FD2802D14FF47A700EE062
:104CD0000800C0B2FC2802D142F2107007E00800C0
:104CE000C0B2FB2802D1DFF8980300E00120704732
:104CF0002DE9F24F82469346002000210A26002724
:104D0000B046B946009A1588BBF1000F08D5DBF113
:104D100000042D202A0092B20AF802006D1C00E067
:104D20005C462000002142464B4605F0E5FB002989
:104D300001D1002808D0A6FB080106FB091107FBDA
:104D4000081180468946ECE7404649460A2200237E
:104D500005F0D2FB06000F00002F01D1002E28D055
:104D60002000002132003B0005F0C6FB3030290056
:104D700089B20AF801006D1CA0465FF0000920000E
:104D8000002132003B0005F0B7FBA6FB002306FB29
:104D9000013307FB0033B8EB020079EB0301040099
:104DA000300039000A22002305F0A6FB06000F00A0
:104DB000D2E7009805802800C0B2BDE8F28F2DE947
:104DC000FE4F06000F0090460020ADF800000020C6
:104DD000002400215FF0000BB7F80090B8F1000F3D
:104DE00002D5D8F1000500E04546424639003000C2
:104DF000FFF77EFFB7F800A0002D4FD09DF8080008
:104E0000FFF74CFF01008D4205D20A2045431BF1FC
:104E1000010B002DF7D15846C0B2002821D05046D2
:104E20000200D2B2324412F8012C2D2A06D0020020
:104E3000D2B24B4692B29BB29A4208D130220300C2
:104E4000DBB2F2541AF1010ABBF1010BE3E70200F5
:104E5000D2B2324412F8012C0300DBB2F254401EED
:104E6000DEE70A20B1FBF0F450468346002C15D053
:104E70000A20B4FBF0F45846C0B2304410F8010CDC
:104E80005946C9B27054BBF1010B002CEED12E2053
:104E90005946C9B270541AF1010AE7E7A7F800A011
:104EA0005046C0B2BDE8FE8FF0B4049C00252E0031
:104EB000B6B2A6420BD20E88771C0F802F00BFB26D
:104EC00017FA83F7D75DB6B287556D1CEFE7F0BCD4
:104ED000704700002DE9F34F81B02DED028B9FED5F
:104EE000658A002401250026F7EE008A0027380095
:104EF000C0B2202864DA0398F84010F001000400E2
:104F00003800C0B2172829DA18EE900AFDF7EEFD36
:104F100082468B462000C0B2FDF70CFE80468946D3
:104F20003800C0B2D0F117005FF0FF31484304F001
:104F3000E5FC41EC110B9FED500BFDF710FE51EC21
:104F4000100B42464B4605F0F1FB52465B4605F01E
:104F5000BFFCFDF731FF08EE900A2FE03800C0B229
:104F60001F2824DA3000C0B2FDF7E4FD82468B46EC
:104F70002000C0B2FDF7DEFD804689463800C0B291
:104F8000173804F0BBFC41EC110B9FED3B0BFDF718
:104F9000E6FD51EC100B42464B4605F0C7FB52466E
:104FA0005B4605F095FC05F051FD060006E020008B
:104FB000C0B2012802D15FF0FF3005007F1C96E7E8
:104FC000280040B204F09AFC804689463000C0B206
:104FD0007F3804F093FC41EC110B9FED270BFDF79C
:104FE000BEFD51EC100B42464B4605F09FFB804640
:104FF000894618EE900AFDF779FD42464B4605F0CA
:1050000095FBFDF7D9FE00EE100A049880ED000A2A
:10501000BDEC028BBDE8F78F70B4030000220024C2
:10502000002000252A000E00D2B2F6B2B2421FD2F2
:105030002A00D2B29A5C302A0ADB2A00D2B29A5CE9
:105040003A2A05DA2A00D2B29A5C303A140001E01A
:10505000002214002A00D2B2002A03D12200D2B2C8
:10506000100003E00A22504350FA84F06D1CD9E787
:1050700070BC70470000000000000000000000400D
:10508000A086010010B42DED010A00206A4600231D
:10509000042B07D2D45C1900C9B2C9008C4020434C
:1050A0005B1CF5E712BC70472DE9F74F82B0002674
:1050B0005FF0000A5FF0000B54465D460020009050
:1050C0000127DDF80C80DDF80890049810F0070F38
:1050D0002BD10498C008002182468B4605F02CFD98
:1050E0004FF47A7005F040FD00200600300080B2D9
:1050F0000021594517D801D3504514D2D8E90001F1
:1051000004000D0022002B004946002005F0BCFCE5
:1051100007003800C0B2012805D019F1080918F1BC
:105120000808761CE2E705F018FD3800C0B205B0AB
:10513000BDE8F08F70B50400012505F0FDFC060008
:105140004FF47A7005F010FD3000C0B200280FD186
:10515000C4F3CC20B0F5807F05D20121C4F3CC206C
:1051600005F06EFD04E00121C4F3CC2005F068FDDC
:105170004FF47A7005F0F8FC05000548016831F03D
:105180000201016005F0E9FC2800C0B270BD00001A
:10519000142002402DE9F041C0B004000D001600BB
:1051A00000274FF480710022E8464046FCF7DEFEFF
:1051B0002000FFF7BFFFA5208DF8000030008DF81C
:1051C00001005FF000084046310080B289B2884299
:1051D0000AD2404680B2285C6946424692B21144E7
:1051E000887018F10108EEE7B61C300080B2082183
:1051F000B6B20836361A90FBF1F001FB00663200B9
:1052000092B269462000FFF74FFF002801D000202E
:1052100000E0012040B0BDE8F08100000200002065
:10522000704730B40200DFF8900A002304688588D4
:10523000635583885B1C8380DFF8803A1B780468A1
:105240008588635583885B1C8380012030BC704750
:10525000F8B504000D00002000212E002268330064
:10526000DBB2D25C23683700FFB23B445F7857EA79
:1052700002273A0092B2B2F5807F23DA380080B27A
:1052800000281FD0DFF8300A21683200D2B2895CD2
:1052900002688388D1548188491C8180216832004A
:1052A000D2B21144497802688388D1548188491C5C
:1052B0008180DFF8080A41783800C0B200F0FFFAB8
:1052C000012000E00020F2BD30B40200DFF8E80960
:1052D000002304688588635583885B1C8380DFF81E
:1052E000DC395B7804688588635583885B1C838020
:1052F000012030BC7047F8B504000D0000200021EB
:105300002E0022683300DBB2D25C23683700FFB284
:105310003B445F7857EA02273A0092B20B2A1FDA21
:10532000DFF8940921683200D2B2895C0268838870
:10533000D1548188491C818021683200D2B2114445
:10534000497802688388D1548188491C818039005A
:10535000C9B2DFF86809007800F0B1FA012000E076
:105360000020F2BDF8B504000D000026DFF850095A
:1053700090ED030AFFF786FE0100DFF83C090A0002
:10538000120A03688788DA558288521C8280026874
:105390008388D1548288521C82800A00120E0368CE
:1053A0008788DA558288521C82800A00120C0368B2
:1053B0008788DA558288521C82800120F2BDF8B5B8
:1053C00004000D000026DFF8F80890ED040AFFF74E
:1053D00059FE0100DFF8E0080A00120A0368878816
:1053E000DA558288521C828002688388D154828870
:1053F000521C82800A00120E03688788DA55828860
:10540000521C82800A00120C03688788DA55828851
:10541000521C82800120F2BDF8B504000D00002668
:105420009FEDA10AFFF72EFE0100DFF88C080A00AD
:10543000120A03688788DA558288521C82800268C3
:105440008388D1548288521C82800A00120E03681D
:105450008788DA558288521C82800A00120C036801
:105460008788DA558288521C82800120F2BD0000B4
:10547000F8B504000D0000269FED8B0AFFF702FE31
:105480000100DFF834080A00120A03688788DA5539
:105490008288521C828002688388D1548288521C80
:1054A00082800A00120E03688788DA558288521CAF
:1054B00082800A00120C03688788DA558288521CA1
:1054C00082800120F2BD30B40200DFF8EC07002337
:1054D00004688588635583885B1C8380DFF8E03728
:1054E0001B7F04688588635583885B1C838001204B
:1054F00030BC704730B40200DFF8BC0700230468FA
:105500008588635583885B1C8380DFF8B4375B7FB5
:1055100004688588635583885B1C8380012030BCC8
:10552000704730B40200DFF89007002304688588D4
:10553000635583885B1C8380DFF884379B7F046816
:105540008588635583885B1C8380012030BC70474D
:1055500030B40200DFF860070023046885886355D3
:1055600083885B1C83800023046885886355838857
:105570005B1C8380012030BC704730B40200DFF830
:105580003807002304688588635583885B1C838003
:10559000002304688588635583885B1C8380012011
:1055A00030BC704730B40200DFF80C0700230468F9
:1055B0008588635583885B1C8380DFF808371B78F8
:1055C00004688588635583885B1C8380012030BC18
:1055D0007047F8B504000D00002000212E0022685D
:1055E0003300DBB2D25C23683700FFB23B445F7804
:1055F00057EA02273A0092B2012A03D0380080B25B
:10560000002822D1DFF8B00621683200D2B2895CCE
:1056100002688388D1548188491C818021683200C6
:10562000D2B21144497802688388D1548188491CD8
:105630008180DFF89006D0ED020A90ED010A380073
:10564000C0B2FBF745FD012000E00020F2BDF8B537
:1056500004000D000026DFF86C0690ED020AFFF74B
:1056600011FD0100DFF850060A00120A036887885E
:10567000DA558288521C828002688388D1548288DD
:10568000521C82800A00120E03688788DA558288CD
:10569000521C82800A00120C03688788DA558288BF
:1056A000521C82800120F2BD000000002DE9F84369
:1056B00004000D000026002000900027A846206866
:1056C0004146C9B20844817820684246D2B21044AB
:1056D000C07850EA012021684246D2B2895C226833
:1056E0004346DBB21A4492F8019059EA012959EA7B
:1056F0000049DFF8C40521684246D2B2895C0268DD
:105700008388D1548188491C818021684246D2B265
:105710001144497802688388D1548188491C81806A
:1057200021684246D2B21144897802688388D154F4
:105730008188491C818021684246D2B21144C978CF
:1057400002688388D1548188491C81806946484613
:10575000FFF7C0FBDFF86C05DDED000A90ED010AF4
:105760000078FBF7B5FC0120BDE8F283F8B5040032
:105770000D000026DFF84C0590ED010AFFF782FCD2
:105780000100DFF834050A00120A03688788DA5539
:105790008288521C828002688388D1548288521C7D
:1057A00082800A00120E03688788DA558288521CAC
:1057B00082800A00120C03688788DA558288521C9E
:1057C00082800120F2BD2DE9F84304000D0000267F
:1057D000002000900027A84620684146C9B208442E
:1057E000817820684246D2B21044C07850EA012045
:1057F00021684246D2B2895C22684346DBB21A4431
:1058000092F8019059EA012959EA0049DFF8A80401
:1058100021684246D2B2895C02688388D15481886B
:10582000491C818021684246D2B2114449780268FD
:105830008388D1548188491C818021684246D2B234
:105840001144897802688388D1548188491C8180F9
:1058500021684246D2B21144C97802688388D15483
:105860008188491C818069464846FFF733FBDFF891
:105870005404D0ED020A9DED000A0078FBF728FCE5
:105880000120BDE8F28370B504000D00DFF8386434
:10589000012220213000FCF700FF0A20FEF706FA63
:1058A0004FF47A732A0092B22100DFF82004FEF749
:1058B0004EFA002220213000FCF7EFFE70BD7CB5CF
:1058C00004000D00082100226E463000FCF74EFB5C
:1058D0000026DFF8E803047045706946027833005B
:1058E000DBB2CA54761C40783200D2B28854761C9F
:1058F0003200D2B292B26946DFF8D403FFF74AFC15
:1059000073BDDFF8CC030078C0B2FF280AD0DFF8FF
:10591000AC03DFF8C01309780170DFF8BC13097815
:10592000417005E0DFF8940301210170032141700B
:1059300070472DE9F04F87B0040000275FF00008A2
:105940005FF000090025DFF89423D2E90001CDE9DA
:1059500002010026DFF88823D2E90001CDE9040125
:10596000DFF854A35046FEF7DBF8A0880828C0F201
:105970009E812068A188084410F8010C2168A28843
:10598000114411F8021C51EA0021ADF81810A18849
:10599000891E2068FCF71DFBADF81A00BDF81A003F
:1059A000BDF81810884240F0808120680078C34913
:1059B0000978884240F07981206880782168CF7822
:1059C00057EA002720684078032807D0042805D02C
:1059D00006286DD0102800F0C48062E120680079AC
:1059E0002168497951EA00210D005FF00108404625
:1059F000C0B20F2836DA5FF01409DFF8E8B240468B
:105A0000C0B209FB00F058444068390089B28842AE
:105A100025D1280080B24146C9B209FB01F15944A1
:105A2000896888421BDB002100204246D2B209FB74
:105A300002F25A44D268904701280FD14046C0B2C2
:105A400009FB00F0584480682D1A4046C0B209FB9B
:105A500000F90BEB09008068C71900E002E018F1BB
:105A60000108C4E7BAF80400002820D0BAF80400FE
:105A7000022190FBF1F201FB1200002817D1DAF8A5
:105A800000000190BAF80400022190FBF1F080B20E
:105A900000903B009BB2206842782068017804A8FF
:105AA000FCF777FBBDF814100498FFF7ECFEFAE062
:105AB00004200100C9B2A288921E91420EDA216828
:105AC0000200D2B2895C029ABDF80C30D154BDF804
:105AD0000C10491CADF80C10401CEAE75FF00108FF
:105AE0004046C0B20F2817DA14227E4B4046C0B29F
:105AF000504318444068390089B2884209D10021D6
:105B000002A8C4465FFA8CFC02FB0CF21A4412692C
:105B1000904718F10108E3E7BAF8040000281FD005
:105B2000BAF80400022190FBF1F201FB12000028F8
:105B300016D1DAF800000190BAF80400022190FBB7
:105B4000F1F080B200903B009BB206222068017801
:105B500004A8FCF76FFBBDF814100498FFF793FE40
:105B6000A1E000200600206800792168497951EA07
:105B700000210D0007200100C9B2A288921E9142A7
:105B80000EDA21680200D2B2895C029ABDF80C30AC
:105B9000D154BDF80C10491CADF80C10401CEAE7BC
:105BA000280080B240002168897988424DD1BDF833
:105BB0000C002168897989B2884246D15FF00108DA
:105BC0004046C0B20F2840DA5FF01409DFF814B184
:105BD0004046C0B209FB00F058444068390089B221
:105BE00088422FD1280080B24146C9B209FB01F199
:105BF00059448968884225DB310089B202A84246AF
:105C0000D2B209FB02F25A4412699047012818D116
:105C10004046C0B209FB00F058448068400010FACA
:105C200086F64046C0B209FB00F0584480682D1A41
:105C30004046C0B209FB00F90BEB09008068C719A8
:105C400000E002E018F10108BAE7BAF80400002801
:105C500026D0BAF80400022190FBF1F201FB1200F9
:105C600000281DD1206880782168C97851EA002178
:105C70000F00DAF800000190BAF80400022190FB4E
:105C8000F1F080B200903B009BB2102220680178B6
:105C900004A8FCF7CFFABDF814100498FFF7F3FD41
:105CA00001E0002004E0012002E0002000E00020EC
:105CB00007B0BDE8F08F000060070020AC0C0020AA
:105CC0009828002048290020000400489022002045
:105CD0000000020802000208030002083404010860
:105CE0003C0401080806002062B38B0708D0521E4E
:105CF00011F8013B00F8013B00F024808B07F6D13E
:105D0000830740F0208000BF103A07D330B4B1E8D9
:105D10003810103AA0E83810F9D230BC530724BF2D
:105D2000B1E80810A0E8081044BF51F8043B40F85F
:105D3000043BD20724BF31F8022B20F8022B44BFCA
:105D40000B7803707047121F17D35B0009D151F80D
:105D5000043B20F8023B1B0C121F20F8023BF6D23A
:105D60000BE051F8043B00F8013B1B0A20F8023B12
:105D70001B0C121F00F8013BF3D238BF121D521E3C
:105D800024BF11F8013B00F8013BF8D87047000030
:105D900001480068704700BF7429002080B504F0F6
:105DA0009FFF00F011F804F0ADFF05F093F8FCF749
:105DB00095FC05F0BFF805F065F9FCF7ABFCFCF7C6
:105DC000C7FC05F045FAFEE710B596B04421002265
:105DD00005AC2000FCF7CAF8142100226C46200014
:105DE000FCF7C4F84FF4007005F00EFC002801D059
:105DF00000F033F81820059001200A9001200B9044
:105E000000200C9060200D9002200F900120109037
:105E10000120119028201290072013900220149046
:105E20000220159005A803F069FE002801D000F0BB
:105E300014F80F2000900320019000200290002011
:105E40000390002004900421684604F09BF9002888
:105E500001D000F002F816B010BD72B6FEE710B522
:105E6000044610460A4601462046FCF77FF82046C5
:105E700010BD00002DE9F84F05005FF00008002775
:105E80002868000527D5686C00280DD0B0F5000FF4
:105E900003D0B0F5400F0DD00DE0DFF8240301680A
:105EA00051F48031016008E00021281D00F092F9D2
:105EB000804602E001E0012080464046C0B2002852
:105EC00008D1DFF80C130A6832F44002686C024310
:105ED0000A6000E04746286880037AD55FF0000931
:105EE000DFF8E0A2DAF80000C0000DD4DAF8000014
:105EF00050F08050CAF80000DAF8000010F080502E
:105F00000090009801208146DFF8BCB2DBF8000069
:105F100050F48070CBF80000FFF73AFF0600DBF882
:105F20000000C00506D4FFF733FF801B0328F6D31B
:105F3000032080464046C0B200283FD1DFF88CB233
:105F4000DBF8000010F440700400002C15D0E86D60
:105F5000844212D0DBF8000030F440700400DBF81B
:105F6000000050F48030CBF80000DBF8000030F483
:105F70008030CBF80000CBF80040E0070FD5FFF7EA
:105F800007FF0600DBF80000800708D4FFF700FFDA
:105F9000801B41F289318842F4D303208046404679
:105FA000C0B2002808D1DBF8001031F44071E86D70
:105FB0000143CBF8001002E0474600E04746484660
:105FC000C0B2012805D1DAF8000030F08050CAF8DC
:105FD00000002878C00707D5DFF8F4110A68920896
:105FE0009200286A02430A602878800707D5DFF804
:105FF000E0110A6832F00C02686A02430A602878ED
:10600000400707D5DFF8C8110A6832F03002A86AE5
:1060100002430A602878800607D5DFF8B4110A68C1
:1060200032F44062E86A02430A602868800507D5B6
:10603000DFF89C110A6832F44022E86B02430A60E0
:106040002868400507D5DFF888110A6832F4401245
:10605000286C02430A602878400607D5DFF87011E3
:106060000A6832F44052286B02430A60287800061E
:1060700007D5DFF85C110A6832F44042686B0243CE
:106080000A602868C00507D5DFF844110A6832F4B1
:106090004032A86B02430A602868800420D5DFF8EC
:1060A00030110A6832F04062A86C02430A60A86CA2
:1060B000B0F1006F06D1DFF80801016851F48011DA
:1060C00001600DE0A86CB0F1806F09D10121281D9D
:1060D00000F080F880464046C0B2002800D0474615
:1060E0002868000320D5DFF8E8100A6832F0406223
:1060F000E86C02430A60E86CB0F1006F06D1DFF88B
:10610000C000016851F4801101600DE0E86CB0F14D
:10611000806F09D10121281D00F05CF880464046BF
:10612000C0B2002800D047462868400320D5DFF8D9
:10613000A0100A6832F04062286D02430A60286DA0
:10614000B0F1006F06D1DFF87800016851F48011DA
:1061500001600DE0286DB0F1806F09D10121281D8B
:1061600000F038F880464046C0B2002800D04746CC
:106170002868400415D5DFF858100A6832F04052FC
:10618000686D02430A60686DB0F1805F09D1022139
:10619000281D00F01FF880464046C0B2002800D0FD
:1061A00047462868000407D5DFF824100A6832F053
:1061B0008042A86D02430A603800C0B2BDE8F28F89
:1061C0000C10024058100240007000409010024035
:1061D000881002402DE9F04105000C0000275949C4
:1061E000086810F0030F12D0086810F003002A6846
:1061F000904209D12868002806D00868C0F3021030
:10620000401C6968884232D0012007002FE02868CE
:10621000012804D01BD303280FD007D317E04A4826
:106220000068800701D40120070012E0464800689A
:10623000400501D4012007000BE0434802689203A7
:1062400004D40068400301D40120070001E00120CC
:1062500007003800C0B2002809D10A6832F0730282
:10626000286802436868401E52EA00120A6038003B
:10627000C0B2002861D1DFF8D080D8F8000030F03B
:106280008060C8F80000FFF783FD0600D8F8000022
:10629000000106D5FFF77CFD801B0328F6D3032001
:1062A00007003800C0B2002847D1002C0BD1274985
:1062B0000A6827480240A86852EA0022E86852EAC1
:1062C000C0620A601CE0012C0DD120490A682148F7
:1062D0000240A86852EA002228694008401E52EA9B
:1062E00040520A600CE019490A681B480240A8683D
:1062F00052EA002268694008401E52EA40620A6081
:10630000D8F8000050F08060C8F80000FFF740FDAA
:106310000600D8F80000000106D4FFF739FD801B05
:106320000328F6D3032007003800C0B2002804D1A8
:1063300006490A68A86902430A603800C0B2BDE88D
:10634000F08100000C1002400010024010100240CA
:10635000FF80FF07FF809FFFFF80FFF930B401003F
:10636000002901D1012067E00868624A90420AD200
:106370000A68614882181420B2FBF0F0800048647B
:106380005E48086409E00A685D4882181420B2FB80
:10639000F0F0800048645B480864022081F8250022
:1063A000086802686FF30E128B68C86803430869B7
:1063B00003434869034388690343C8690343086A80
:1063C00003431A43086802608868B0F5804F2AD0FA
:1063D000086C4A4B984213D14B4803680F2491F83C
:1063E000445015F01C05AC40A343036003684C689F
:1063F00091F8445015F01C05AC402343036012E0B3
:10640000424803680F2491F8445015F01C05AC4035
:10641000A343036003684C6891F8445015F01C05D1
:10642000AC40234303600020C863012081F82500AD
:10643000002081F82400002030BC704710B4010017
:10644000002901D1012053E008680068400840009D
:106450000A6810600868274A90420AD20A682648EB
:1064600082181420B2FBF0F08000486423480864CE
:1064700009E00A68224882181420B2FBF0F080007C
:1064800048642048086400200A681060012091F8E0
:10649000442012F01C0290400A6C5060086C174AAD
:1064A00090420AD1184802680F2391F8444014F032
:1064B0001C04A3409A43026009E0144802680F23B9
:1064C00091F8444014F01C04A3409A430260002059
:1064D000C862002008630020486300208863002011
:1064E000C863002081F82500002081F824000020E6
:1064F00010BC704708040240F8FFFDBF00000240D6
:10650000F8FBFDBF00040240A8000240A8040240BE
:106510002DE9F04104000D0016001F005FF0000897
:1065200094F82400012801D102203BE0012084F8E6
:10653000240094F8250001282DD1022084F825009C
:106540000020E0632068006840084000216808607F
:106550003B0032002900200000F0F8F8206B0028F2
:1065600006D02068006850F00E00216808600BE03B
:106570002068006830F00400216808602068006826
:1065800050F00A00216808602068006850F001009F
:106590002168086004E0002084F82400022080467E
:1065A0004046C0B2BDE8F0810100002291F825000C
:1065B000022806D00420C863002081F824000120AE
:1065C0001BE00868006830F00E000B68186008686F
:1065D0000068400840000B681860012091F84430C2
:1065E00013F01C0398400B6C5860012081F82500C3
:1065F000002081F824001000C0B2704738B50400B4
:10660000002594F82500022804D00420E06301202E
:1066100005001FE02068006830F00E002168086067
:10662000206800684008400021680860012094F854
:10663000441011F01C018840216C4860012084F84E
:106640002500002084F82400A06B002802D0200040
:10665000A16B88472800C0B232BD70B50400206C21
:10666000056820680668042094F8441011F01C01A5
:1066700010FA01F10D4219D0710717D52168096888
:10668000890605D42168096831F004012268116087
:1066900094F8441011F01C018840216C4860206B74
:1066A000002852D02000216B88474EE0022094F849
:1066B000441011F01C0110FA01F10D421FD0B10776
:1066C0001DD521680968890608D42168096831F058
:1066D0000A0122681160012184F8251094F8441001
:1066E00011F01C018840216C4860002084F82400CF
:1066F000E06A002829D02000E16A884725E00820C8
:1067000094F8441011F01C01884005421DD0300758
:106710001BD52068006830F00E0021680860012059
:1067200094F8441011F01C018840216C486001204D
:10673000E063012084F82500002084F82400606BC9
:10674000002802D02000616B884770BD30B401245E
:1067500090F8445015F01C05AC40056C6C60046862
:1067600063608468102C04D10468A2600468E1604E
:1067700003E00468A1600468E26030BC7047000078
:1067800010B410F00703DFF8684122684FF6FF01EC
:106790000A40DFF8601151EA03210A43226010BC6D
:1067A0007047DFF84C010068C0F30220704700001A
:1067B000010049B200290AD4012210F01F018A40C9
:1067C000DFF8341103005BB25B0941F82320704706
:1067D000010049B200290DD4012210F01F018A40A6
:1067E000464903005BB25B0941F82320BFF34F8F9A
:1067F000BFF36F8F704710B4020052B2002A05D465
:106800000A013F4B040064B21A5508E00A013D4BEF
:10681000040064B214F00F04234403F8042C10BCE9
:10682000704770B4030013F00704D4F10700052883
:1068300001D3042001E0D4F10700251D072D01D26A
:10684000002500E0E51E012616FA00F0401E01407A
:10685000A94016FA05F56D1E2A401143080070BCC8
:10686000704710B50400601EB0F1807F01D3012095
:106870000EE0601E244908600F215FF0FF30FFF733
:10688000BAFF002021490860072021490860002044
:1068900010BD10B504002000FFF772FF10BD2DE9F8
:1068A000F04104000D0016000027FFF77AFF804634
:1068B000320029004046FFF7B4FF0100200040B23B
:1068C000FFF799FFBDE8F08110B50400200040B249
:1068D000FFF76EFF10BD10B50400200040B2FFF7B7
:1068E00077FF10BD10B504002000FFF7BAFF10BD00
:1068F0000CED00E00000FA0500E100E080E100E0BE
:1069000000E400E018ED00E014E000E018E000E032
:1069100010E000E02DE9F04D2DED0A8B41EC190B54
:1069200043EC182B51EC180B20F0000431F000451B
:1069300008BF002C84B000F0088353EC192B002012
:10694000DFF88C1604F0A4FE00F0FF82DFF81416C6
:1069500004F09EFE08D151EC180B48004015401C75
:1069600002D1090300F0F18251EC190B48004015E7
:10697000401C00F00E8251EC190B31F0004108BFB1
:10698000002800F0068251EC180B48004015401C0E
:1069900000F0FF8151EC180B4B0043EAD07342002A
:1069A000002B08BF002A04D1B0EE48AAF0EE68AA76
:1069B00019E040F23344A4EB5352352A04DB00F0D3
:1069C000000001F000410CE0202A03DD203AD14014
:1069D000914000E001D1002003E0002AC4BFD04074
:1069E000904041EC1A0B51EC190BC80F0BD053EC33
:1069F000182B51EC1A0B04F04BFE04D0AFF30080BF
:106A00009FED3F9BA3E253EC192B23F00041B1F51E
:106A1000801F22F000000DD20022002908BF0028AC
:106A2000009216D06A4651EC190B04F041FE41EC7D
:106A3000190B0EE0DFF8AC45DFF82C7504EB1150B4
:106A400000903B40DFF82405924643EA000B4BECF4
:106A500019AB51EC190BC80F36D021F0004053ECA4
:106A6000192B034643EC192B51EC1A0B4B0043EA4C
:106A7000D0734200002B08BF002A04D1B0EE4A0AAE
:106A8000F0EE6A0A19E040F23444A4EB5352352A7E
:106A900004DB00F0000001F000410CE0202A03DDDF
:106AA000203AD140914000E001D1002003E0002ACB
:106AB000C4BFD040904041EC100B53EC1A2B51EC6A
:106AC000100B04F0E5FD01D1002600E0012600983E
:106AD00001281DD151EC190BDFF89424DFF8943410
:106AE00004F01EFE14D253EC192B00204FF080410D
:106AF00003F01CFE00279FED04BB41EC190B27E0BF
:106B0000FFFFFFFFFFFFFF7F000000000000F03FDE
:106B100053EC192B0020DFF8601403F007FE9FED03
:106B200078AB53EC1A2B03F0D3FE03F08FFFA0F1E8
:106B30002004204602F0E2FE0022DFF8403403F099
:106B4000F5FD53EC1A2B03F0C3FE41EC1B0B670160
:106B500051EC190B53EC1B2B04F0FAFD41EC1A0B12
:106B600053EC192B51EC1B0B03F0B2FE02460B4603
:106B700051EC1A0BFBF7FCFF41EC190B53EC192BF2
:106B800003F0D4FD41EC1C0B53EC1C2BDFF8F0039D
:106B9000DFF8F01303F0CAFDDFF8EC23DFF8EC3385
:106BA00003F096FE53EC1C2B03F0C0FDDFF8E0234E
:106BB000DFF8E03303F08CFE53EC1C2B03F0B6FD42
:106BC000DFF8D423DFF8D43303F082FE53EC1C2B20
:106BD00003F0ACFDDFF8C823DFF8C83303F078FE1C
:106BE00053EC1C2B03F0A2FDDFF8BC23DFF8BC3311
:106BF00003F06EFE53EC1C2B03F098FDDFF8B0237E
:106C0000DFF8B03303F064FE53EC1C2B03F08EFD71
:106C100053EC1A2B04F09CFD04460D460020DFF8CF
:106C2000B01353EC1B2B04F093FD00224FF0804374
:106C300003F07CFD22462B4603F04AFE53EC192B51
:106C400003F074FD41EC100BDFF86C03784400F5A1
:106C50005A70074453EC1A2B51EC100B03F038FE1A
:106C600041EC190B009802F049FED7E9002303F02C
:106C70002FFE41EC1A0B53EC192BDFF84003DFF821
:106C8000401303F053FD53EC1A2B03F021FE53EC99
:106C9000182B03F04BFD0022DFF8283304F040FDF1
:106CA00041EC1B0B69D30122C74B04F0C3FD61D932
:106CB000C80F53EC1B2B1ABF0020C449AB4903F08B
:106CC00007FE03F0C3FE0022C14BCDE9012380463D
:106CD000CDF8008053EC192B51EC180B03F026FD76
:106CE00004460D46D7E90201D7E9042303F0F0FD7D
:106CF00053EC182B03F01AFD9FEDB6BB04E000BF68
:106D0000000000000000E03F53EC1B2B03F00EFDE1
:106D100022462B4603F0DCFD07468B4653EC1A2B2C
:106D200051EC180B03F002FD04460D46404602F0FC
:106D3000E5FD02460B462046294604F009FD53ECCA
:106D40001B2B03F0F3FC3A465B4603F0C1FDDDE983
:106D5000012304F087FD41EC190B31F0004108BF1D
:106D600000280AD051EC190B48004015401C06D1F0
:106D7000090304D19FEDA09B01E09FED9B9B002E9A
:106D800000F0E58051EC190B81F0004141EC190B4A
:106D9000DDE051EC190B48004015401C02D10903FD
:106DA00040F0D58051EC180B48004015401C06D12E
:106DB000090304D0B0EE489AF0EE689AC7E051ECAF
:106DC000180B480001244015401C61D051EC180BF1
:106DD0004B0043EAD0734200002B08BF002A04D1C5
:106DE000B0EE48AAF0EE68AA19E040F23345A5EBF0
:106DF0005352352A04DB00F0000001F000410CE0A2
:106E0000202A03DD203AD140914000E001D100204A
:106E100003E0002AC4BFD040904041EC1A0B53EC71
:106E2000182B51EC1A0B04F033FC18BF00244B0054
:106E300043EAD0734200002B08BF002A04D1B0EE11
:106E40004A0AF0EE6A0A19E040F23445A5EB5352C3
:106E5000352A04DB00F0000001F000410CE0202A9C
:106E600003DD203AD140914000E001D1002003E051
:106E7000002AC4BFD040904041EC100B44B153EC09
:106E80001A2B51EC100B04F003FC0CBF002401245E
:106E900051EC190B48004015401C0AD1090308D1D8
:106EA00051EC190BC80F21D153EC182BDA0F49D034
:106EB00040E051EC180B48004015401C1ED109035E
:106EC0001CD153EC192B23F00041B1F5801F22F0A7
:106ED000000021D20022002908BF002800921FD004
:106EE0006A4651EC190B04F0E3FB19E051EC180B66
:106EF000C80F01D1002C21E0E4B10AE0002C1ABF38
:106F000051EC190BC80F002053EC182BDA0F14D1D9
:106F100080B19FED329B1AE0324C04EB115000908F
:106F200051EC180BC80F009802D100280ADC01E0D0
:106F3000002807DD9FED2C9B09E0002818BF9FED7E
:106F40002C9B04D19FED2C9B01E09FED049B04B092
:106F500051EC190BBDEC0A8BBDE8F08D0000000070
:106F60000000F03F0000F0BFFFFF0F800000E03F97
:106F7000CD3B7F669EA0E63F000050400000903F62
:106F8000F7DE29BFD8F8C23FF4B3FECC1A99C33F4D
:106F900062CB68D96F46C73FC6C912DAC471CC3F0D
:106FA0004AE98A942449D23FF75F97999999D93F42
:106FB000BC5555555555E53F907E0000FE822B652A
:106FC0004715F73F0000E0C00000E0400000E0BFD0
:106FD0000000F03FEF39FAFE422EE63F00000000CD
:106FE0000000008002FCFFFF000000000000000025
:106FF000000000000000F0FF000000000000F07F33
:1070000080B5012240212348FBF747FB2249234852
:1070100000F01EFA00F01EF8012000F005F800F064
:10702000A1FA00F0EFF901BD704711B581B0194C1C
:10703000002240212000FBF730FB4FF47A7301223D
:1070400001A9174804F07EFE012240212000FBF731
:1070500024FB13BD10B50F4C002240212000FBF78C
:107060001CFB002280212000FBF717FB012000F011
:1070700019F8052000F016F8012280212000FBF706
:107080000CFB052000F00EF8012240212000FBF748
:1070900004FB10BD00080048642900206411002092
:1070A0002026002010B504002000FCF7FFFD10BDD5
:1070B00070B4039CDFF88052286029716A71AB714B
:1070C000EC7100262E7270BC70472DE9F84F040059
:1070D0000D00160000275FF00008DFF85C9299F8B9
:1070E0000500082880F2FC80300099F80610C0B234
:1070F000884205D399F807003100C9B2884201D20D
:107100002E200600402099F80510491C90FBF1F054
:107110002900C9B2814280F2E38099F8040050FA54
:1071200084F0802880F2DC8099F805305B1C99F8A7
:10713000050003FB05035B1CDBB299F80420121960
:10714000D2B299F80500401C15FB00F1C9B220002D
:10715000C0B200F0FFF80021080099F80420C0B286
:10716000904280F0BD80002015FB00F00200D2B2FA
:10717000082392FBF3F21700C0B2082290FBF2F34F
:1071800002FB13008046FF226C4BD3F800C038008E
:10719000C0B250FA85FE802000FB0EFE5EFA84FE2F
:1071A000D3F800A03800C0B250FA85FB802000FB65
:1071B0000BFB5BFA84F01AF800A0D8F1080B100062
:1071C00050FA0BF010EA0A0A0CF80EA0D3F800C02F
:1071D0003800C0B250FA85FE802000FB0EFE5EFA39
:1071E00084F00090D3F800E03800C0B250FA85FA7D
:1071F000802000FB0AFA5AFA84F01EF800E0D9F861
:1072000000A0B3465FFA8BFB99F80600BBEB0000C9
:1072100099F804B00BFB00FB0AEB0B008A465FFAFF
:107220008AFA10F80A0010FA08F050EA0E00DDF8A9
:1072300000E00CF80E00D3F800C03800C0B250FADD
:1072400085FE802000FB0EFE5EFA84F08444D3F8B5
:1072500000E03800C0B250FA85FA802000FB0AFA3C
:107260005AFA84F0704490F8800012FA08F2024052
:107270008CF880201A683800C0B250FA85FC802053
:1072800000FB0CFC5CFA84F002441B683800C0B2BE
:1072900050FA85FC802000FB0CFC5CFA84F018445A
:1072A00090F88030D9F800C0B6465FFA8EFE99F8A3
:1072B0000600BEEB000E99F8040000FB0EFE0CEB7E
:1072C0000E008C465FFA8CFC10F80C00D8F1080C0C
:1072D00050FA0CF0034382F88030641C491C3BE7F1
:1072E000BDE8F18FF8B507000C001600124D687963
:1072F000082820DA307800281DD032782100C9B261
:107300003800C0B2FFF7E1FE761C2879401CC7198F
:10731000287950FA87F0401C812802DB0020070002
:10732000641C40206979491C90FBF1F02100C9B22E
:107330008142DFDBFFE7F1BD3C2900206829002006
:1073400080B5034802F0C6FA00F0CDF801BD000098
:1073500068F2000870B40400E4B2802C01DB7F24E2
:1073600020001400E4B2802C01DB7F2422000C00FA
:10737000E4B2402C01DB3F2421001C00E4B2402C8D
:1073800001DB3F242300354C050026683678EDB23A
:10739000B54201D2256828702568AD781600F6B28E
:1073A000B54201D22568AA700D0026687678EDB244
:1073B000B54201D2256869702568ED781E00F6B2E5
:1073C000B54201D22468E37070BC704723487F2126
:1073D000026811700021026891703F2102685170AB
:1073E00000210068C17070471C48002102681170BC
:1073F0007F21026891700021026851703F2100686E
:10740000C170704770B54FF4806400251448066859
:107410002A0021003000FAF7A9FD3F237F22002136
:107420000020FFF797FF00F05EF870BD70B54FF4D5
:10743000806400250A4806682A0021003000FAF717
:1074400095FD3F237F2200210020FFF783FF70BDC1
:10745000034A1060014A1160704700006C29002047
:107460006829002010B5040000224FF480713A48CA
:10747000FBF713F92000C0B2FFF7D7FD10BD10B520
:10748000040001224FF480713348FBF706F9200015
:10749000C0B2FFF7CAFD10BD10B5040014F00F0014
:1074A00050F0B000C0B2FFF7DDFF10BD10B5040012
:1074B0002000C0B200F005F82000C0B200F00CF8C7
:1074C00010BD10B504002000C0B2000950F010003B
:1074D000C0B2FFF7C7FF10BD10B5040014F00F00D5
:1074E000FFF7C0FF10BD70B500242000C0B2102807
:1074F0002EDA1A4D286840782100C9B2491CB0EB39
:10750000C10F23DA2868C0782100C9B2B0EBC10FDF
:107510001EDB2000C0B2FFF7BFFF28680078FFF72E
:10752000C5FF28680678286880783100C9B288428B
:107530000CD30B4801682200D2B28020424352FA99
:1075400086F0085CFFF79BFF761CECE7641CCCE739
:10755000FFF73CFF70BD0000000800486C290020C8
:107560006829002080B5AE20FFF77CFFA220FFF73E
:1075700079FFA020FFF776FFC820FFF773FF2F20C9
:10758000FFF770FF3220FCF791FBA420FFF76AFFA2
:107590004020FFF767FF2520FFF764FF0A20FCF774
:1075A00085FB8120FFF75EFF1220FFF75BFFFFF7EF
:1075B00029FFAF20FFF756FF0520FCF777FB01BD41
:1075C00080B551480078012806D0022807D0042849
:1075D00008D0082809D00BE000F0A2F808E000F07D
:1075E0006FFF05E001F05AF902E001F031FBFFE71F
:1075F00001BD2DE9F0470024444D2888002804D01F
:107600002888401E288000207CE03F4E307A0028E9
:1076100077D120213E48FBF735F8002801D101271A
:1076200000E00027DFF8EC8004214046FBF72AF851
:10763000002802D15FF0010901E05FF0000902219A
:107640004046FBF71FF8002802D15FF0010A01E075
:107650005FF0000A01214046FBF714F8002801D131
:10766000012000E0002057EA490757EA8A073C005A
:1076700054EAC0042000C0B2012805D0022803D07B
:10768000042801D0082834D17068401C70607068EC
:1076900050282DD33470012030721F4908681428F7
:1076A00001D2192028801D4822000378D2B29A42C4
:1076B00019D10A68521C0A600A681E2A02D20021E7
:1076C000716014E00A68B42A02D2412171600EE0B0
:1076D0000A68F02A02D24621716008E04E227260E8
:1076E000F0220A6003E00022726000220A60047047
:1076F00007E0002009490870282070600020064932
:1077000008603078BDE8F087D4280020A829002040
:10771000000800480004004860290020B829002023
:10772000F8B584B0DFF8E84CA07800281AD001281A
:107730003DD002286DD0032800F0FE80042800F020
:107740008281052800F0E381062800F08582072861
:1077500000F00983082800F0D4830A2800F0DF84B1
:1077600000F09DBEDFF83C5D0020E860DFF8386D7A
:107770000A2200213000FCF7E5F93020307030207B
:1077800070703020B0703020F070E8680001801C0C
:10779000C0B20390029605200190042000900523BA
:1077A00000220121A01CFCF7A2F800F078BEDFF84F
:1077B000F40CC168491CC160C16804291EDBDFF8F4
:1077C000E80CFCF7AFF8012815D1A51C062229000A
:1077D00014F10800FCF704FAF12003900020029055
:1077E0000C2001900720009007230022022128008E
:1077F000FCF77DF80BE00020A07008E0C0680001F5
:10780000801C0200D2B20021A01CFCF74DF800F051
:1078100046BE207907280AD0C0F08C80092832D0D3
:107820001BD30B285BD044D30C286ED082E0A51C60
:107830000622290014F10800FCF7D2F9F120039088
:10784000002002900F2001900E2000900E230022B5
:1078500003212800FCF74BF86CE0A51C0622290048
:1078600014F10800FCF7BCF9F1200390002002900D
:1078700014200190122000901223002204212800DD
:10788000FCF735F856E0A51C0622290014F1080083
:10789000FCF7A6F9F1200390002002901C20019033
:1078A0001B2000901B23002206212800FCF71FF854
:1078B00040E0A51C0622290014F10800FCF790F90D
:1078C000F120039000200290202001901E200090C3
:1078D0001E23002207212800FCF709F82AE0A51C36
:1078E0000622290014F10800FCF77AF9F120039030
:1078F00000200290252001902220009022230022C7
:1079000008212800FBF7F3FF14E0A51C062229003C
:1079100014F10800FCF764F90020039000200290A5
:1079200028200190282000902823002209212800E7
:10793000FBF7DDFF00F0B3BD20790E2802D00F2841
:1079400040D07EE0E078002802D001281FD038E047
:10795000A61C0622310014F10800FCF741F9DFF8FB
:10796000445BF220039015F10C0002900F2001906F
:107970000E2000900E23E278521CD2B20321300078
:10798000FBF7B5FFDFF8240B4078E86019E0A51C91
:107990000622290014F10800FCF722F9F0200390D8
:1079A000002002902B2001902B2000902B230022FE
:1079B0000A212800FBF79BFF0120DFF8F01A08706E
:1079C000FFE73EE0E078002802D001281FD038E031
:1079D000A61C0622310014F10800FCF701F9DFF8BB
:1079E000C45AF220039015F10C0002900F20019070
:1079F0000F2000900F23E278521CD2B203213000F6
:107A0000FBF775FFDFF8A40A4068E86019E0A51CE1
:107A10000622290014F10800FCF7E2F8F020039098
:107A2000002002902B2001902B2000902B2300227D
:107A30000A212800FBF75BFF0120DFF8701A0870AD
:107A4000FFE700F02CBD2079122804D05DD3142864
:107A50003DD01ED359E0A51C0622290014F10800D0
:107A6000FCF7BEF8F0200390002002902B2001903C
:107A70002B2000902B2300220A212800FBF737FF40
:107A8000DFF8381A0020088002220120F9F7D4F923
:107A90003BE0A51C0622290014F10800FCF7A0F821
:107AA000F0200390002002902B2001902B200090CA
:107AB0002B2300220A212800FBF719FFDFF8FC190D
:107AC0000020088002220220F9F7B6F91DE0A51C6B
:107AD0000622290014F10800FCF782F8F020039038
:107AE000002002902B2001902B2000902B230022BD
:107AF0000A212800FBF7FBFEDFF8C01900200880F0
:107B000002220420F9F798F9FFE700F0C8BC2079B9
:107B1000172806D0C0F09E80192800F0828040D33C
:107B200098E0E078002802D001281FD038E0A61C99
:107B30000622310014F10800FCF752F8DFF864590E
:107B4000F220039015F10C000290192001901720EB
:107B500000901723E278521CD2B205213000FBF7C7
:107B6000C6FEDFF84809006CE86019E0A51C062293
:107B7000290014F10800FCF733F8F02003900020EE
:107B800002902B2001902B2000902B2300220A2111
:107B90002800FBF7ACFE0120DFF810190870FFE7A2
:107BA00058E0E078002802D001281FD038E0A61C59
:107BB0000622310014F10800FCF712F8DFF8E4584F
:107BC000F220039015F10C0002901920019017206B
:107BD00000901823E278521CD2B205213000FBF746
:107BE00086FEDFF8C808406CE86019E0A51C062294
:107BF000290014F10800FBF7F3FFF02003900020A8
:107C000002902B2001902B2000902B2300220A2190
:107C10002800FBF76CFE0120DFF890180870FFE7E2
:107C200018E0A51C0622290014F10800FBF7D8FF74
:107C3000F0200390002002902B2001902B20009038
:107C40002B2300220A212800FBF751FE0120DFF838
:107C50005C18087000F023BC20791B2802D01C2877
:107C600040D07FE0E078002802D001281FD038E023
:107C7000A61C0622310014F10800FBF7B1FFDFF863
:107C80002458F220039015F10C0002901C20019062
:107C90001B2000901B23E278521CD2B20621300038
:107CA000FBF725FEDFF80408C069E86019E0A51CB1
:107CB0000622290014F10800FBF792FFF020039040
:107CC000002002902B2001902B2000902B230022DB
:107CD0000A212800FBF70BFE0120DFF8D0170870FF
:107CE000FFE73FE0E078002802D001281FD038E00D
:107CF000A61C0622310014F10800FBF771FFDFF823
:107D0000A457F220039015F10C0002901C20019062
:107D10001B2000901C23E278521CD2B206213000B6
:107D2000FBF7E5FDDFF88407006AE86019E0A51CB1
:107D30000622290014F10800FBF752FFF0200390FF
:107D4000002002902B2001902B2000902B2300225A
:107D50000A212800FBF7CBFD0120DFF8501708703F
:107D6000FFE7FFE79BE320791E2806D0C0F0C8801C
:107D7000202800F0858043D3C2E0E078002802D0BC
:107D8000012822D03BE0A71C0622390014F108008C
:107D9000FBF726FFDFF80C5715F10C06F2200390D5
:107DA0000296202001901E2000901E23E278521C93
:107DB000D2B207213800FBF79AFDDFF8D40A007829
:107DC000E860DFF8E806C66219E0A51C0622290073
:107DD00014F10800FBF704FFF0200390002002904C
:107DE0002B2001902B2000902B2300220A21280019
:107DF000FBF77DFD0120DFF8B4160870FFE77FE098
:107E0000E078002802D001281FD038E0A61C062206
:107E1000310014F10800FBF7E3FEDFF88856F2208A
:107E2000039015F10C000290202001901E2000907C
:107E30001F23E278521CD2B207213000FBF757FD16
:107E4000DFF86806406AE86019E0A51C06222900F0
:107E500014F10800FBF7C4FEF0200390002002900C
:107E60002B2001902B2000902B2300220A21280098
:107E7000FBF73DFD0120DFF834160870FFE73FE017
:107E8000E078002802D001281FD038E0A61C062286
:107E9000310014F10800FBF7A3FEDFF80856F220CA
:107EA000039015F10C000290202001901E200090FC
:107EB0002023E278521CD2B207213000FBF717FDD5
:107EC000DFF8E805806AE86019E0A51C06222900B1
:107ED00014F10800FBF784FEF020039000200290CC
:107EE0002B2001902B2000902B2300220A21280018
:107EF000FBF7FDFC0120DFF8B4150870FFE7FFE792
:107F0000CDE22079222809D0C0F00881242800F091
:107F1000858043D3252800F0C180FFE0E078002869
:107F200002D001281FD038E0A61C0622310014F12F
:107F30000800FBF755FEDFF86C55F220039015F1B1
:107F40000C00029025200190222000902223E2784C
:107F5000521CD2B208213000FBF7C9FCDFF84C05F7
:107F6000006BE86019E0A51C0622290014F1080046
:107F7000FBF736FEF0200390002002902B200190AA
:107F80002B2000902B2300220A212800FBF7AFFCB6
:107F90000120DFF818150870FFE7BFE0E07800283F
:107FA00002D001281FD038E0A61C0622310014F1AF
:107FB0000800FBF715FEDFF8EC54F220039015F1F2
:107FC0000C00029025200190222000902323E278CB
:107FD000521CD2B208213000FBF789FCDFF8CC0438
:107FE000406BE86019E0A51C0622290014F1080086
:107FF000FBF7F6FDF0200390002002902B2001906B
:108000002B2000902B2300220A212800FBF76FFC75
:108010000120DFF898140870FFE77FE0E07800287F
:1080200002D001281FD038E0A61C0622310014F12E
:108030000800FBF7D5FDDFF86C54F220039015F132
:108040000C00029025200190222000902423E27849
:10805000521CD2B208213000FBF749FCDFF84C0477
:10806000806BE86019E0A51C0622290014F10800C5
:10807000FBF7B6FDF0200390002002902B2001902A
:108080002B2000902B2300220A212800FBF72FFC35
:108090000120DFF818140870FFE73FE0E0780028BF
:1080A00002D001281FD038E0A61C0622310014F1AE
:1080B0000800FBF795FDDFF8EC53F220039015F173
:1080C0000C00029025200190222000902523E278C8
:1080D000521CD2B208213000FBF709FCDFF8CC03B8
:1080E000C06BE86019E0A51C0622290014F1080005
:1080F000FBF776FDF0200390002002902B200190EA
:108100002B2000902B2300220A212800FBF7EFFBF5
:108110000120DFF898130870FFE7FFE7BFE1207A3E
:1081200003280DD0C0F0BA81052800F05E81C0F0B0
:108130002E8107286FD037D3082800F0B380ADE137
:108140003220FBF75EF80320DFF860130870A07A96
:108150000E2802D00F280AD025E0DFF83807417832
:10816000DFF84003C068C0B2FDF7A9FB1BE00020A8
:108170000100C9B20B290FDADFF81C170200D2B2D6
:1081800051F82210C74AD268914203D1DFF8041790
:10819000487001E0401CEBE7DFF8F8064178007812
:1081A000FDF78DFBFFE779E1C04D032028703220F9
:1081B000FBF727F8A07A1B2802D01C2815D029E04D
:1081C000287AFCF76BFD00EE100ADFF8680AD0EDA4
:1081D000060AB44890ED031AB8EEC11AB8EE400A88
:1081E00081EE000AF8F7C0FE14E0687AFCF756FD4D
:1081F00000EE100AAB48D0ED030AF8EEE00AB8EE44
:10820000400AC0EE800ADFF82C0A90ED050AF8F764
:10821000ABFEFFE742E1A54D032028703220FAF7BC
:10822000F0FFA07A1E2804D03BD3202823D00CD303
:1082300037E0DFF85C06D0ED020A90ED010A9948BC
:10824000C068C0B2F8F744FF2BE0A87AFCF726FD1F
:1082500000EE100ADFF838069249D1ED030AF8EE75
:10826000E00AB8EE400AC0EE800A90ED010A0078FC
:10827000F8F72EFF15E0A87AFCF710FD00EE100AC3
:10828000DFF80C06D0ED020A864991ED031AB8EE2C
:10829000C11AB8EE400A81EE000A0078F8F718FF1C
:1082A000FFE7FBE0814D032028703220FAF7A9FF99
:1082B000A07A222806D069D3242835D01BD32528BC
:1082C0004BD063E0E87AFCF7E9FC00EE100ADFF837
:1082D0006809D0ED031A90ED021AD0ED010A714839
:1082E00090ED032AB8EEC22AB8EE400A82EE000AE8
:1082F000F8F7ACFF4AE0E87AFCF7D0FC00EE100A91
:10830000DFF83409D0ED031A90ED021A6549D1ED7A
:10831000030AF8EEE00AB8EE400AC0EE800A90EDDB
:10832000000AF8F793FF31E0E87AFCF7B7FC00EEBB
:10833000100ADFF80409D0ED031A5A49D1ED030AF7
:10834000F8EEE00AB8EE400A80EE801AD0ED010A9D
:1083500090ED000AF8F77AFF18E0E87AFCF79EFC47
:1083600000EE100ADFF8D0084E49D1ED030AF8EE0E
:10837000E00AB8EE400AC0EE801A90ED021AD0ED85
:10838000010A90ED000AF8F761FFFFE786E0A07AA6
:10839000122804D016D3142813D009D312E09FED6D
:1083A000440AF0EE400A01210020F9F799F809E0AB
:1083B0009FED400AF0EE400A01210320F9F790F802
:1083C00000E0FFE7DFED3C0A9FED3B0A00210120C2
:1083D000F9F786F8DFED380A9FED370A0021022011
:1083E000F9F77EF8F8F714FD58E0DFF84808407F09
:1083F00001284FD13220FAF704FF2C4803210170E5
:10840000A17A172906D044D3192931D019D340E0D5
:108410001C290020007AFCF741FC00EE100A2148DC
:10842000D0ED030AF8EEE00AB8EE400AC0EE800A8A
:10843000DFF8080890ED000A01210120F9F750F853
:108440002BE0007AFCF72AFC00EE100A1548D0ED6C
:10845000030AF8EEE00AB8EE400AC0EE800ADFF840
:10846000DC0790ED000A01210220F9F739F814E049
:10847000DFED110A9FED100A00210120F9F730F815
:10848000DFED0D0A9FED0C0A00210220F9F728F814
:1084900003E002E0042005490870FFE7FFE705B0AC
:1084A000F0BD00BFD4280020000000207C00002088
:1084B0001F85DB4048E1124100000000AA2900208E
:1084C0001FB5DFF87C47A078002810D0022820D004
:1084D0000ED3042878D029D3062800F0DA80C0F023
:1084E0008080082800F06081C0F00681CFE1CEE1F5
:1084F000DFF85007DFF85017CA68825C521CCB685F
:10850000C254CA68825C3A2A02DB3022C9684254EB
:10851000BDE160792179884202D22079401E207124
:10852000F1220021A01CFBF7BFF9B0E1E0780028A0
:108530000CD160792179884202D22079401E2071C5
:10854000F1220021A01CFBF7AFF93CE020790E28B6
:1085500002D00F2812D036E0E078002802D001289F
:1085600001D00AE009E0DFF8E006C168B1F5807FDC
:1085700002DAC168491CC160FFE724E0E078002806
:1085800002D0012801D01EE01DE000210800C0B289
:108590000B2817DADFF80023DFF8AC060B00DBB29C
:1085A00052F82330C468A3420AD10B00DBB20A2B75
:1085B00006DA0B00DBB202EB83025268C26001E014
:1085C000491CE3E7FFE762E160792179884202D242
:1085D0002079401E2071F1220021A01CFBF764F9D4
:1085E00055E1E07800281BD160792179884208D2D2
:1085F0002079401E2071F1220021A01CFBF754F9C4
:1086000046E0F120039000200290142001901220F7
:108610000090142300220421A01CFBF768F937E026
:108620002079172804D033D3192831D018D32FE05C
:10863000E078002802D0012801D010E00FE0DFF838
:108640000C06007AFCF72AFBDFF8FC25D3680E2124
:108650004843834202D2D068401CD060FFE717E055
:10866000E078002802D0012801D010E00FE0DFF808
:10867000DC05007AFCF712FBDFF8CC25D3680E216D
:108680004843834202D2D068401CD060FFE7FFE736
:10869000FDE0E07800280CD160792179884202D28F
:1086A0002079401E2071F1220021A01CFBF7FCF86C
:1086B00021E020791B2802D01C280ED01BE0E07896
:1086C000002802D0012801D006E005E0DFF8780597
:1086D000C168491CC160FFE70DE0E078002802D0C6
:1086E000012801D006E005E0DFF85C05C168491CFF
:1086F000C160FFE7FFE7CAE0E07800280CD16079AD
:108700002179884202D22079401E2071F122002175
:10871000A01CFBF7C9F846E020791E2804D042D3FC
:1087200020282CD013D33EE0E078002802D0012886
:1087300001D00BE00AE0DFF81015C868002802D16C
:108740000120C86001E00020C860FFE72BE0E0786E
:10875000002802D0012801D010E00FE0DFF8EC047F
:10876000807AFCF79BFADFF8E024D3680E214843B7
:10877000834202D2D068401CD060FFE713E0E0786B
:10878000002802D0012801D00CE00BE0DFF8B8048B
:10879000C168DFF8B824526A914202DAC168491C04
:1087A000C160FFE7FFE772E0E07800280CD1607954
:1087B0002179884202D22079401E2071F1220021C5
:1087C000A01CFBF771F861E02079222806D05DD368
:1087D00024282FD01AD3252844D057E0E078002849
:1087E00002D0012801D010E00FE0DFF86004C07A69
:1087F000FCF754FADFF85024D3680E214843834233
:1088000002D2D068401CD060FFE73FE0E07800284B
:1088100002D0012801D00CE00BE0DFF82C04C16885
:10882000DFF82824126B914202DAC168491CC1604A
:10883000FFE72BE0E078002802D0012801D010E00B
:108840000FE0DFF80804C07AFCF728FADFF8F82315
:10885000D36850214843834202D2D068401CD06084
:10886000FFE713E0E078002802D0012801D00CE0F7
:108870000BE0DFF8D403C168DFF8D023926B91429C
:1088800002DAC168491CC160FFE7FFE7FFE71FBDCF
:1088900048290020AC0C0020340700201FB5DFF869
:1088A000A043A078002810D0022820D00ED304289E
:1088B00078D029D3062800F0CD80C0F09280082817
:1088C00000F04C81C0F0F780B3E1B2E1DFF874034F
:1088D000DFF87413CA68825C521ECB68C254CA683F
:1088E000825C302A02DA3922C9684254A1E1207937
:1088F000A179884202D22079401C2071F122002106
:10890000A01CFAF7D1FF94E1E07800280CD120797F
:10891000A179884202D22079401C2071F1220021E5
:10892000A01CFAF7C1FF3CE020790E2802D00F28E6
:1089300011D036E0E078002802D0012801D009E00B
:1089400008E0DFF80403C168012902DBC168491EA1
:10895000C160FFE725E0E078002802D0012801D0BF
:108960001FE01EE00A221000C0B2002818D0DFF875
:108970008439DFF8D4121000C0B253F82000CC685C
:10898000A0420BD11000C0B2002807D01000C0B226
:1089900003EB800050F8040CC86001E0521EE2E7CF
:1089A000FFE746E1E07800281AD12079A1798842D2
:1089B0000ED1F12003900020029019200190172081
:1089C0000090172300220521A01CFAF790FF07E072
:1089D0002079401C2071F1220021A01CFAF764FFCD
:1089E00027E1E07800280CD12079A179884202D2D1
:1089F0002079401C2071F1220021A01CFAF754FFBD
:108A000027E02079172804D023D3192821D010D3A8
:108A10001FE0E078002802D0012801D008E007E03C
:108A20008948C168012902DBC168491EC160FFE7AE
:108A30000FE0E078002802D0012801D008E007E02C
:108A40008148C168012902DBC168491EC160FFE796
:108A5000FFE7EEE0E07800280CD12079A179884288
:108A600002D22079401C2071F1220021A01CFAF7CB
:108A70001BFF1FE020791B2802D01C280DD019E015
:108A8000E078002802D0012801D005E004E06E481B
:108A9000C168491EC160FFE70CE0E078002802D001
:108AA000012801D005E004E06748C168491EC160A3
:108AB000FFE7FFE7BDE0E07800280CD12079A1793D
:108AC000884202D22079401C2071F1220021A01C92
:108AD000FAF7EAFE41E020791E2804D03DD3202891
:108AE00025D012D339E0E078002802D0012801D047
:108AF0000AE009E05449C868002802D10120C86092
:108B000001E00020C860FFE727E0E078002802D0FD
:108B1000012801D00AE009E04B484C49896AC26843
:108B2000914202DAC168491EC160FFE715E0E078B2
:108B3000002802D0012801D00EE00DE04348807AE1
:108B4000FCF7ACF8404A00214843D168884202D281
:108B5000D068401ED060FFE7FFE76AE0E0780028B9
:108B60000CD12079A179884202D22079401C207151
:108B7000F1220021A01CFAF797FE59E02079222863
:108B800006D055D324282BD014D325283AD04FE033
:108B9000E078002802D0012801D00AE009E02A4844
:108BA0002A49496BC268914202DAC168491EC16014
:108BB000FFE73DE0E078002802D0012801D00EE078
:108BC0000DE02248C07AFCF769F81F4A00214843AB
:108BD000D168884202D2D068401ED060FFE727E00B
:108BE000E078002802D0012801D00AE009E0164808
:108BF0001649C96BC268914202DAC168491EC16058
:108C0000FFE715E0E078002802D0012801D00EE04F
:108C10000DE00E48C07AFCF741F80B4A00214843AA
:108C2000D168884202D2D068401ED060FFE7FFE7DB
:108C3000FFE71FBD982800202C290020C027002016
:108C40001C29002000000020D42800207C000020E7
:108C50007FB5DFF8A446A078002816D0022818D0E7
:108C600014D3042800F08B8016D3062800F02E8140
:108C7000C0F0A080082800F04782C0F09A810A283E
:108C800000F02A83C0F0218333E332E30020A07098
:108C90002FE30020A0702CE320790E2802D00F28AB
:108CA00036D06BE0E078002802D0012816D02EE004
:108CB000A51CF1200390002002900C2001900720B9
:108CC00000900723002202212800FAF710FE062256
:108CD000290014F10800FAF783FF18E0A51C06220A
:108CE000290014F10800FAF77BFFF1200390DFF868
:108CF0000C0602900F2001900E2000900E23E078C9
:108D0000421ED2B203212800FAF7F1FDFFE735E059
:108D1000E078002802D0012816D02EE0A51CF12012
:108D20000390002002900C20019007200090072360
:108D3000002202212800FAF7DAFD0622290014F1A8
:108D40000800FAF74DFF18E0A51C0622290014F1CF
:108D50000800FAF745FFF1200390DFF8A405029020
:108D60000F2001900E2000900F23E078421ED2B217
:108D700003212800FAF7BBFDFFE7FFE7B9E22079FE
:108D80001238022815D8A51CF1200390002002906B
:108D90000C200190072000900823002202212800C7
:108DA000FAF7A5FD0622290014F10800FAF718FFCA
:108DB000FFE79EE22079172805D0C0F086801928A9
:108DC0006DD036D381E0E078002802D0012816D09B
:108DD0002EE0A51CF1200390002002900C200190B1
:108DE000072000900823002202212800FAF77FFDC7
:108DF0000622290014F10800FAF7F2FE18E0A51C7B
:108E00000622290014F10800FAF7EAFEF120039087
:108E1000DFF8F0040290192001901720009017232A
:108E2000E078421ED2B205212800FAF760FDFFE784
:108E30004BE0E078002802D0012816D02EE0A51CD7
:108E4000F1200390002002900C2001900720009058
:108E50000823002202212800FAF749FD06222900F2
:108E600014F10800FAF7BCFE18E0A51C0622290040
:108E700014F10800FAF7B4FEF1200390DFF888043B
:108E8000029019200190172000901823E078421ECC
:108E9000D2B205212800FAF72AFDFFE715E0A51C4C
:108EA000F1200390002002900C20019007200090F8
:108EB0000823002202212800FAF719FD06222900C2
:108EC00014F10800FAF78CFEFFE712E220791B2864
:108ED00002D01C2836D06BE0E078002802D00128B0
:108EE00016D02EE0A51CF1200390002002900C204B
:108EF0000190072000900923002202212800FAF7A0
:108F0000F6FC0622290014F10800FAF769FE18E0C1
:108F1000A51C0622290014F10800FAF761FEF120D1
:108F20000390DFF8E80302901C2001901B200090C2
:108F30001B23E078421ED2B206212800FAF7D7FCA4
:108F4000FFE735E0E078002802D0012816D02EE0B7
:108F5000A51CF1200390002002900C200190072016
:108F600000900923002202212800FAF7C0FC062203
:108F7000290014F10800FAF733FE18E0A51C0622B8
:108F8000290014F10800FAF72BFEF1200390DFF816
:108F9000800302901C2001901B2000901C23E0788D
:108FA000421ED2B206212800FAF7A1FCFFE7FFE734
:108FB0009FE120791E2805D0C0F0A58020286DD023
:108FC00037D3A0E0E078002802D0012816D02FE0A7
:108FD000A51CF1200390002002900C200190072096
:108FE00000900A23002202212800FAF780FC0622C2
:108FF000290014F10800FAF7F3FD19E0A51C062278
:10900000290014F10800FAF7EBFDC24EF12003909D
:109010000296202001901E2000901E23E078421E20
:10902000D2B207212800FAF762FCBB48C662FFE70C
:1090300069E0E078002802D0012816D02DE0A51CB8
:10904000F1200390002002900C2001900720009056
:109050000A23002202212800FAF749FC06222900EF
:1090600014F10800FAF7BCFD17E0A51C0622290040
:1090700014F10800FAF7B4FDF1200390A74802901C
:10908000202001901E2000901F23E078421ED2B2C3
:1090900007212800FAF72BFCFFE734E0E0780028EE
:1090A00002D0012816D02DE0A51CF120039000204D
:1090B00002900C200190072000900A230022022138
:1090C0002800FAF714FC0622290014F10800FAF728
:1090D00087FD17E0A51C0622290014F10800FAF705
:1090E0007FFDF12003908E480290202001901E20E9
:1090F00000902023E078421ED2B207212800FAF720
:10910000F6FBFFE7FFE7F4E02079222808D0C0F063
:10911000DB8024286ED038D3252800F0A080D3E04F
:10912000E078002802D0012816D02DE0A51CF120FF
:109130000390002002900C200190072000900B2348
:10914000002202212800FAF7D2FB0622290014F19E
:109150000800FAF745FD17E0A51C0622290014F1C6
:109160000800FAF73DFDF12003906E48029025209B
:109170000190222000902223E078421ED2B20821E2
:109180002800FAF7B4FBFFE79EE0E078002802D061
:10919000012816D02DE0A51CF1200390002002909C
:1091A0000C200190072000900B23002202212800B0
:1091B000FAF79DFB0622290014F10800FAF710FDCA
:1091C00017E0A51C0622290014F10800FAF708FD93
:1091D000F120039054480290252001902220009015
:1091E0002323E078421ED2B208212800FAF77FFB41
:1091F000FFE769E0E078002802D0012816D02DE0D2
:10920000A51CF1200390002002900C200190072063
:1092100000900B23002202212800FAF768FB0622A7
:10922000290014F10800FAF7DBFC17E0A51C062260
:10923000290014F10800FAF7D3FCF12003903B4811
:10924000029025200190222000902423E078421EE5
:10925000D2B208212800FAF74AFBFFE734E0E078B1
:10926000002802D0012816D02DE0A51CF120039083
:10927000002002900C200190072000900B23002278
:1092800002212800FAF733FB0622290014F1080016
:10929000FAF7A6FC17E0A51C0622290014F1080025
:1092A000FAF79EFCF12003902148029025200190BE
:1092B000222000902523E078421ED2B20821280007
:1092C000FAF715FBFFE7FFE713E0062214F10801A8
:1092D000A01CFAF785FC0CE00F4D2878022807D077
:1092E000062214F10801A01CFAF77AFC002028706D
:1092F000FFE77FBD340700201C2900207D000020EF
:1093000080000020BC000020C00000209800002049
:109310009C000020482900207C000020A0000020A4
:10932000A4000020AC000020B0000020B400002009
:10933000B800002000F10103810704D010F8011BE0
:10934000820781B1FAD10268A2F10131914311F093
:10935000803104BF50F8042FF6E709BAB1FA81F161
:1093600000EBD100401CC01A7047000070B4039C91
:10937000DFF88453286029716A71AB71EC710126A2
:109380002E7270BC70472DE9F74F04000D00DFF816
:1093900068639DF80800B179884204D3F0799DF89C
:1093A0000810884202D22E208DF80800307A00285A
:1093B00045D1002738003179C0B288423DD23168AA
:1093C0009DF80820B079121A3079424301EB02006F
:1093D0003900C9B210F80190002080464046C0B262
:1093E000082828DA3800C0B250FA84F0802805DA5C
:1093F0004046C0B250FA85F0402801DB00205DE114
:10940000012010FA08F04946C9B2014208D00122F1
:1094100018EB0501C9B23819C0B200F06FF907E0C6
:10942000002218EB0501C9B23819C0B200F066F984
:1094300018F10108D2E77F1CBCE730793EE1307AB1
:10944000012840F08E807079082190FBF1F201FB39
:109450001200012806DB7079082190FBF1FB1BF15B
:10946000010B03E07079082190FBF1FB317958463C
:10947000C0B24143491C8DF8011031689DF80820A5
:10948000B079121A9DF80100424301EB0200017805
:109490008DF80010401C01905FF0000840469DF8D8
:1094A0000010C0B2884259D25FF0000948465946C0
:1094B000C0B2C9B288424ED201994246D2B2584691
:1094C000C0B2424301EB02004946C9B210F801A004
:1094D000002007003800C0B2082839DA4046C0B280
:1094E00050FA84F0802808DA4846C0B2C00050FA2A
:1094F00085F050FA87F0402801DB0020DEE0484686
:10950000C0B2C00050FA87F0717988421EDA01219A
:10951000B9405046C0B208420CD001225FFA89F926
:1095200015EBC9017918C9B218EB0400C0B200F0FC
:10953000E5F80BE000225FFA89F915EBC90179180B
:10954000C9B218EB0400C0B200F0D8F87F1CC1E724
:1095500019F10109AAE718F101089FE79DF8000039
:10956000ACE0307A022840F0A8807079082190FBA6
:10957000F1F0401C8DF8000030799DF8001010FBD0
:1095800001F08DF8020031689DF80820B079121AB8
:109590009DF80200424301EB0200019096F804B0EE
:1095A00000208DF8010000210020002210009DF80D
:1095B0000030C0B298420CD23079431E9DF80100B1
:1095C0001B1A13FB02F0019BC0B2185C0100521C75
:1095D000ECE70800C0B200280BD1BBF1010B5846E4
:1095E000C0B2002805D09DF80100401C8DF8010094
:1095F000D9E7002738009DF80010C0B2884259D240
:109600005FF0000840465946C0B2C9B288424FD206
:1096100001993A00D2B23079424301EB020041464F
:10962000C9B210F801905FF0000A5046C0B2082895
:109630003BDA4046C0B250FA84F0802808DA38009D
:10964000C0B2C00050FA85F050FA8AF0402801DB21
:10965000002033E03800C0B2C00050FA8AF07179BF
:1096600088421FDA012111FA0AF14846C0B20842C5
:109670000CD00122FFB215EBC7011AEB0101C9B2F0
:1096800018EB0400C0B200F039F80BE00022FFB282
:1096900015EBC7011AEB0101C9B218EB0400C0B207
:1096A00000F02CF81AF1010ABFE718F10108A9E748
:1096B0007F1C9FE75846C0B200E00020BDE8FE8F47
:1096C000F8B504000F0015000B484079D0F13F00B9
:1096D0003900C9B288420EDB287800280BD02A78DE
:1096E0003900C9B22000C0B2FFF74DFE0600701C61
:1096F00004196D1CF0E7F1BD3C290020F8B5040009
:109700000D0016002000C0B2802803DA2800C0B285
:10971000402800DB57E03000C0B2002824D02900E8
:10972000C9B20822DFF8CC312800C0B2082790FB6C
:10973000F7F78020474357FA84F72800C0B25FF05C
:10974000080C90FBFCFC802000FB0CFC5CFA84F015
:10975000185C5FF0010C91FBF2FE02FB1E111CFA7B
:1097600001F10143D95524E02900C9B20822DFF8EC
:1097700084312800C0B2082790FBF7F780204743C8
:1097800057FA84F72800C0B25FF0080C90FBFCFC8D
:10979000802000FB0CFC5CFA84F0185C5FF0010C8C
:1097A00091FBF2FE02FB1E111CFA01F130EA0101ED
:1097B000D9552B00DBB22200D2B22900C9B2200059
:1097C000C0B2FDF7C7FDF1BD2DE9F84F05000E0051
:1097D000170098460A9C3800C0B22900C9B2401A46
:1097E00002F0C9FC81464046C0B23100C9B2401AFD
:1097F00002F0C1FC814502DA5FF0010B01E05FF08D
:10980000000B5846C0B2002805D0280035000600DD
:1098100038004746804638002900C0B2C9B28842A5
:1098200005D228003D0007003000464680464346EA
:10983000DBB23A00D2B23100C9B22800C0B2FDF7A3
:1098400089FD781B8DF800004046C0B23100C9B2D6
:10985000401A02F090FC8DF801009DF800000221F2
:1098600090FBF1F930004146C0B2C9B2884202D241
:109870005FF0010A01E05FF0FF3A38002900C0B252
:10988000C9B2884224D35846C0B2002808D022006A
:10989000D2B22900C9B23000C0B2FFF72FFF07E0F3
:1098A0002200D2B23100C9B22800C0B2FFF726FFB1
:1098B0009DF80100B9EB0009484640B2002805D5E3
:1098C0001AEB06069DF8000010EB09096D1CD4E7A1
:1098D000BDE8F18FF8B504004FF480652600064816
:1098E00007682A0031003800FCF7FEF9FDF77CFD1F
:1098F000F1BD00006411002068290020C11768B183
:109900004840401AB0FA80F29040D21CC907C2F514
:10991000846241EA025202EBD02140057047000008
:109920000CB430B583B00A4606A90291044600255E
:109930000194009502AB01A9084878441E3002F05A
:109940001FFC019A157000284EBF04460198041BA5
:10995000204603B030BC5DF80CFB00BFF391FFFF65
:1099600010B50400206841490968884202D10120ED
:1099700001F03FFD20683E490968884202D101207C
:1099800003F0F2FB20683B490968884202D10120BC
:10999000F9F78AF810BD38B504000D002068334986
:1099A0000968884203D1280080B201F022FD2068B6
:1099B0002F490968884203D1280080B203F0D4FB04
:1099C00020682C490968884203D1280080B2F9F741
:1099D0006BF831BD10B5040020682449096888423D
:1099E00002D1002024490870206821490968884272
:1099F00002D102202049087020681E490968884267
:109A000002D104201C49087002211C48F8F784FA8E
:109A100010BD1CB5184C20780090194B0022002175
:109A2000032003F0C9FB207800280ED101F0E0FCF0
:109A300014480188491C01800188142903DB002196
:109A4000018001F0BFFC01F0C1FC207820780228E1
:109A500003D103F088FB03F077FB207820780428FB
:109A600003D1F9F720F8F9F70FF813BD0822002009
:109A70009022002018230020C929002088050020FA
:109A8000F8FD0008B629002070B505000C0016008E
:109A9000D5F8800020282DD1002C03D0300080B2D2
:109AA000002801D1012026E00120286600206866F8
:109AB000320092B221002800FAF7A7FE0100080048
:109AC000C0B2002813D1286E01280ED110202A68B8
:109AD0001062286850E8000F50F0100002002B6858
:109AE00043E800200028F4D101E001200100080033
:109AF000C0B200E0022070BD704700002DE9FE4FAB
:109B00000500002D01D101203AE3DFF80499D9F8CE
:109B1000004014F00C04DFF81889D8F8007017F032
:109B200003072878C00640F1C680002C03D00C2C17
:109B30007AD1012F78D1DFF8D4A8DAF800008007B5
:109B400004D5A869002801D1012019E3DAF8000042
:109B5000000704D5DAF8000010F0F00005E0DFF8A7
:109B600060090068000910F0F000296A88421ED2DE
:109B7000286A00F05FFC002801D0012000E3DAF839
:109B8000000050F00800CAF80000DAF8001031F0C8
:109B9000F001286A0143CAF80010DFF828090168BB
:109BA00031F47F41EA6951EA022101601FE0DAF8ED
:109BB000000050F00800CAF80000DAF8001031F098
:109BC000F001286A0143CAF80010DFF8F8080168BC
:109BD00031F47F41EA6951EA02210160002C06D18B
:109BE000286A00F027FC002801D00120C8E200F01C
:109BF00086FBDFF8D418D9F80020C2F30312895C81
:109C000011F01F01C840DFF80C180860DFF80808E1
:109C1000006803F0EFFB8DF800009DF800000028BD
:109C200049D09DF80000ABE2A86900282DD0DFF8EC
:109C3000DC97D9F8000050F00100C9F80000FCF7EB
:109C4000A7F80600D9F80000800706D4FCF7A0F8B2
:109C5000801B0328F6D3032092E2D9F8000050F0CD
:109C60000800C9F80000D9F8001031F0F001286AA6
:109C70000143C9F80010DFF84C08016831F47F4156
:109C8000EA6951EA0221016015E0DFF88097D9F80E
:109C9000000040084000C9F80000FCF779F8060011
:109CA000D9F80000800706D5FCF772F8801B03285E
:109CB000F6D3032064E22878C00754D5082C03D0DB
:109CC0000C2C0BD1032F09D1DFF84007006880036B
:109CD00049D56868002846D1012051E26868B0F58E
:109CE000803F06D1DFF82407016851F4803101601C
:109CF00018E06868B0F5A02F0AD1DFF810070168F6
:109D000051F480210160016851F48031016009E063
:109D1000DFF8F806016831F480310160016831F440
:109D200080210160686800280ED0FCF731F8060039
:109D3000DFF8D8060068800315D4FCF729F8801BEB
:109D40006528F5D303201BE2FCF722F80600DFF8B4
:109D5000BC060068800306D5FCF71AF8801B65284E
:109D6000F5D303200CE22878800752D5042C03D0C9
:109D70000C2C15D1022F13D1DFF890060068400596
:109D800004D5E868002801D10120F9E1DFF83407A3
:109D9000016831F0F8512A6951EA0261016038E046
:109DA000E86800281FD0DFF86496D9F8000050F466
:109DB0008070C9F80000FBF7EBFF0600D9F800003F
:109DC000400506D4FBF7E4FF801B0328F6D30320ED
:109DD000D6E1DFF8F006016831F0F8512A6951EA5E
:109DE0000261016015E0DFF82496D9F8000030F434
:109DF0008070C9F80000FBF7CBFF0600D9F800001F
:109E0000400506D5FBF7C4FF801B0328F6D30320CB
:109E1000B6E1287800072ED56869002815D0DFF84C
:109E2000A096D9F8000050F00100C9F80000FBF737
:109E3000AFFF0600D9F8000080071CD4FBF7A8FF8D
:109E4000801B0328F6D303209AE1DFF87496D9F833
:109E5000000040084000C9F80000FBF799FF060029
:109E6000D9F80000800706D5FBF792FF801B032876
:109E7000F6D3032084E12878400740F181805FF029
:109E80000009DFF848A6DAF80000C0000DD4DAF8BF
:109E9000000050F08050CAF80000DAF8000010F01E
:109EA00080500190019801208146DFF824B6DBF84C
:109EB0000000C00513D4DBF8000050F48070CBF82C
:109EC0000000FBF765FF0600DBF80000C00506D4C4
:109ED000FBF75EFF801B0328F6D3032050E1A86840
:109EE000012806D1DFF8EC05016851F0010101609D
:109EF00017E0A86805280AD1DFF8D805016851F0F5
:109F000004010160016851F00101016009E0DFF81E
:109F1000C4050168490849000160016831F0040185
:109F20000160A868002810D0FBF732FF0600DFF8B8
:109F3000A4050068800719D4FBF72AFF801B41F2B3
:109F400089318842F3D303201AE1FBF721FF060091
:109F5000DFF880050068800708D5FBF719FF801B34
:109F600041F289318842F3D3032009E14846C0B267
:109F7000012805D1DAF8000030F08050CAF800005E
:109F8000287880062ED5686A002815D0DFF8489515
:109F9000D9F8000050F00100C9F80000FBF7F8FE06
:109FA0000600D9F8000080071CD4FBF7F1FE801BE7
:109FB0000328F6D30320E3E0DFF81C95D9F800006E
:109FC00040084000C9F80000FBF7E2FE0600D9F89F
:109FD0000000800706D5FBF7DBFE801B0328F6D3C5
:109FE0000320CDE0A86A002800F0C980A86A0228F2
:109FF00040F0A380D8F80000070017F00300E96ADA
:10A00000884222D117F07000296B491EB0EB011F66
:10A010001BD117F4FE40696BB0EB012F15D117F07F
:10A020007840A96BB0EBC16F0FD117F4C000E96B9A
:10A030004908491EB0EB415F07D117F0C060296C99
:10A040004908491EB0EB416F57D00C2C53D0DFF8B4
:10A05000BCA3DAF80000400101D5012090E0DAF855
:10A06000000030F08070CAF80000FBF791FE8146D6
:10A07000DAF80000800107D5FBF78AFEB0EB090093
:10A080000328F5D303207BE0D8F80010DFF84C0458
:10A090000140E86A0143286B401E51EA0011686BD9
:10A0A00051EA0021E86B4008401E51EA4051286CFB
:10A0B0004008401E51EA4061A86B51EAC061C8F8EF
:10A0C0000010DAF8000050F08070CAF80000D8F8EC
:10A0D000000050F08070C8F80000FBF759FE060041
:10A0E000DAF8000080014AD4FBF752FE801B0328F7
:10A0F000F6D3032044E0012042E0DFF81093D9F8C2
:10A10000000080013BD4D9F8000050F08070C9F8FD
:10A110000000D8F8000050F08070C8F80000FBF78D
:10A1200037FE0600D9F80000800128D4FBF730FE86
:10A13000801B0328F6D3032022E00C2C1DD0DFF86F
:10A14000CC92D9F8000030F08070C9F80000FBF71D
:10A150001FFE0600D9F80000800106D5FBF718FEA7
:10A16000801B0328F6D303200AE0D8F80010DFF89C
:10A1700070030140C8F8001001E0012000E0002059
:10A18000BDE8FE8F2DE9F04104000D00002C01D147
:10A190000120B2E0DFF84C73386810F00700A842E5
:10A1A0000BD23868C008C00028433860386810F007
:10A1B0000700A84201D001209FE0207880070DD53C
:10A1C000DFF84C12086810F0F000A268904205D247
:10A1D0000A6832F0F002A06802430A602078C007E3
:10A1E00042D56068032806D1DFF8200200688001AC
:10A1F0001CD4012081E06068022806D1DFF80C023F
:10A200000068800312D4012077E06068002806D13E
:10A21000DFF8F8010068800708D401206DE0DFF85E
:10A22000EC010068400501D4012066E0DFF8E08120
:10A23000D8F800108908890060680143C8F8001048
:10A24000FBF7A6FD0600D8F8000010F00C006168CE
:10A25000B0EB810F08D0FBF79BFD801B41F28931E9
:10A260008842F0D3032048E0207880070CD5684965
:10A27000A0680A6812F0F002904205D20A6832F033
:10A28000F002A06802430A60386810F007008542B7
:10A290000BD23868C008C00028433860386810F016
:10A2A0000700A84201D0012027E02078400706D50A
:10A2B00057490A6832F4E062E06802430A60207895
:10A2C000000707D55248016831F46051226951EA0C
:10A2D000C201016000F013F8DFF8EC114C4A12687B
:10A2E000C2F30312895C11F01F01C840494908609C
:10A2F0004948006803F07EF8C0B2BDE8F0812DE95E
:10A30000F041002600204249096811F00C01DFF8F5
:10A3100020C1DCF8007017F00307002903D00C29D6
:10A320001AD1012F18D1DFF8E4E0DEF800805FEAEF
:10A33000087806D4DFF888E1DEF800E0CEF3032EDB
:10A3400003E0DEF800E0CEF3031E674E56F82E6001
:10A3500000290CD130000AE0042903D1DFF88CE198
:10A36000704604E0082902D1DFF884E170460C2928
:10A370002DD1DCF800E01EF0030E73469E46BEF1C0
:10A38000020F03D0BEF1030F03D005E0DFF85CE15C
:10A3900003E0DFF85CE100E0B646DCF80020C2F341
:10A3A0000212521C1500DCF80020C2F3062202FB48
:10A3B0000EFEBEFBF5F2DCF800C0CCF3416C1CF1E4
:10A3C000010C5FEA4C0C6446B2FBF4FC6046BDE84D
:10A3D000F08110480068704780B5FFF7FAFF4549E3
:10A3E0000B4A1268C2F30222895C11F01F01C840B7
:10A3F00002BD80B5FFF7EDFF3E49054A1268C2F382
:10A40000C222895C11F01F01C84002BD0010024049
:10A4100008100240840500206005002028490868D3
:10A4200010F07E400A6852F400020A607047000093
:10A430000C1002407CB504000025244E3068C0009A
:10A4400003D501F0DBF801000FE0306850F08050D8
:10A450003060306810F080500090009801F0CEF825
:10A460000100306830F080503060B1F5007F09D1D4
:10A47000812C15D3A12C02D30220050010E001206D
:10A4800005000DE0812C02D30320050008E0802C9C
:10A4900002D10220050003E0702C01D1012005004B
:10A4A00010480268D208D2002A430260006810F007
:10A4B0000700A84201D0012000E0002076BD000086
:10A4C000941002400410024078FF00085810024027
:10A4D0000070004090100240981002408C809D0156
:10A4E000FCFFEEFE0020024070FC00080024F40097
:10A4F00000127A002C040108BBBBE1B1B2F5803F29
:10A5000080F07E80022A1ED98C46B1FBF2F102FB5C
:10A5100011C31B0443EA1043B3FBF2FC02FB1C33E0
:10A5200080B240EA0343B3FBF2F002FB103240EA90
:10A530000C4000237047022A05D98446B0FBF2F094
:10A5400002FB10C270474AB105D100F00102490870
:10A550005FEA3000704700220023704702F07ABFA4
:10A560000B000200002100207047904271EB030CA9
:10A57000F6D3B3F5803F2FD2F0B5B3FA83F7B1FA33
:10A5800081F4A7F10F0E3D1B5340CEF1200602FAD5
:10A590000EF2F3415340B5F10F0746D80F3C2C445F
:10A5A0004140C4F12006A040F1414140B1FBF3F627
:10A5B00003FB1611A2FB0645001BA94102D2761E21
:10A5C0008018594180EA010221FA0EF362FA0EF274
:10A5D00000215A403046F0BD30B4B1FBF3FC03FB20
:10A5E0001C11A2FB0C45001BA94103D2ACF1010CCC
:10A5F0008018594130BC02460B4660460021704726
:10A60000B2F1807F65D3F0B5B2FA82F7B1FA81F486
:10A61000C7F10F063D1B22FA06F307F1110EF241B6
:10A6200020355A40B5F10F07B8D94140C4F1200692
:10A63000A040F1414140B1FBF3FC03FB1C11A2FB24
:10A640000C45001BA94103D2BCF1010C80185941F3
:10A650000F2F12D30F3FC90341EA5041B1FBF3F66C
:10A6600003FB1611A2FB0645D4EBC030A94102D270
:10A67000761E8018594146EACC3C07B34140C7F1E9
:10A680002006B840F1414140B1FBF3F603FB16113F
:10A69000A2FB0645001BA94102D2761E8018594133
:10A6A00080EA010221FA0EF3C7F1200462FA0EF2E9
:10A6B0000CFA07F05A402CFA04F13043F0BD80EA5E
:10A6C000010221FA0EF3002162FA0EF260465A40AE
:10A6D000F0BD8C46B1FBF2F102FB11C31B0243EA51
:10A6E0001063B3FBF2FC02FB1C331B024CEA00209C
:10A6F00043EA1063B3FBF2FC02FB1C331B024CEA7F
:10A70000002043EA1063B3FBF2FC02FB1C331B0284
:10A710004CEA002043EA1063B3FBF2FC02FB1C325C
:10A720004CEA00200023704770477047B0B581EABB
:10A73000030C0CF0004C40F2FF7515EA11541DBFDC
:10A7400015EA1357AC42AF4239E0E41923EA455306
:10A7500043F48013C90241F0004141EA505EC70250
:10A760001100A7FB020200284FF00000EEFB0120C1
:10A770004FF00001E3FB072118BF42F0010240182F
:10A7800000214941E3FB0E01A4F580640F0302D2CE
:10A7900052004041494154F101046CDD470872F117
:10A7A000004250F1000051EB0451A1F580115CBF53
:10A7B00041EA0C01B0BD4CEA05510020B0BD05EAEC
:10A7C0001357AC4214BFAF4241E050EA410E1CBFE8
:10A7D00052EA430E02E061460020B0BD24423C44F0
:10A7E0001BD15FEA070EF6D0090302BF0146002025
:10A7F000AEF1140EB1FA81F7AEEB070401FA07FED1
:10A800000C37C7F1200100FA07F7C8404EEA000EE6
:10A8100023EA455343F48013A2E733F00043B3FA2D
:10A8200083F704BFB2FA82FE77440B3FE41BB7F113
:10A83000200E2FBF02FA0EF3BB40C7F1200E22FA02
:10A840000EFE38BF43EA0E03BA40641C82E750EAAA
:10A85000410E14BF52EA430E6FF000014FF400178F
:10A8600017EB430F8ABF194617EB410FB5E74CEAC8
:10A8700005510020B0BDD4F10104B4F120070FDA76
:10A88000C4F12007520828BF42F0010210FA07F570
:10A8900001FA07F7E1BF2A43E0403843E1400FE007
:10A8A000352C98DCC7F1200452EA400220FA07F266
:10A8B00018BF42F0010231FA07F0A1400A4300211B
:10A8C00072F1004250F1000051EB0C01B0BD0000EC
:10A8D00070B44FF0004591EA030F40F141876B409F
:10A8E000841A71EB030604D26E40001BB1411219A9
:10A8F00073414FF4001C1CEB410F34BF7CEB43064B
:10A9000083E00C0DA4EB1356362E00F37C80012E51
:10A9100045EAC32341DC43EA525312BFD2029202FA
:10A920005B08240545EAC12141EA5051D2EBC02021
:10A93000994125D407D1B0FA80F610FA06F162D019
:10A940000020203608E0B1FA81F6B140C6F12002BD
:10A9500020FA02F21143B0404FEAF474B4EB4654CB
:10A9600034F001064FEA74040AD8D6F50016760DC5
:10A9700004F00044F04061FA06F25040F1404840D3
:10A98000C00A40EA415021F0004128BF5FEA50056B
:10A9900050F1000044EBD12135E0DB0A45EAC1214A
:10A9A000C90AB6F120050EDD42EA0242120CC5F1D9
:10A9B000200603FA06F6EB4042EA06056D4298418E
:10A9C00061F100010DE062FA06F5F240554063FACC
:10A9D00006FC82EA0C02F3405A406D42904161EB62
:10A9E000030111F4801F05D1641E620502D06D00C1
:10A9F0004041494121F48011430875F1004350F171
:10AA0000000041EB045170BC70471CEB410F15D2A4
:10AA100023F0004352EA43060BD04FEA4C0CBCEB48
:10AA2000410F04D80C0D661E342EB7DDEBE7801AFB
:10AA3000994150EA410608BF0021E4E708BF1CEB3A
:10AA4000430F28BF6FF00001DDE70000C1F30A5398
:10AA500040F2FE329B1A14DDD3F120034FEAE1727B
:10AA600008DDC90241EA505141F00040D840801849
:10AA70005040704703F2E13010B1D24382F0004001
:10AA800070470020704700002DE9F84F82468B4642
:10AA900014001D000026DFF884713878012801D1E8
:10AAA000022047E0012038704CF25038404600F058
:10AAB0005BF881464846C0B2002837D10020786054
:10AAC000DFF85C010168490506D5016831F4806151
:10AAD00001600220387701E000203877BAF1000FDA
:10AAE00007D122002B00584600F071F80120060023
:10AAF0000FE0BAF1010F02D0BAF1020F09D1210023
:10AB0000584600F071F8BAF1020F02D15FF48020CC
:10AB10000600404600F028F88146002E04D0DFF8F9
:10AB200004010168B143016000F09FF80020387013
:10AB30004846C0B2BDE8F28F00203A490A68002AB0
:10AB400009D53C4A3C4B13603C4B13600968002913
:10AB500001D501210800C0B270473248016851F0A8
:10AB6000004101600020704770B50400FBF710F948
:10AB700005002D4A1068C00309D514F1010FF8D063
:10AB8000FBF706F9401BA042F3D303201EE0116837
:10AB900026480140002913D0204843680B434360F6
:10ABA00011F0404F05D0224B1E6811F04040064383
:10ABB0001E60880002D021F040401060012005E0B6
:10ABC0001068C00701D501201060002070BD10B4CE
:10ABD00014490C6854F001040C600260BFF36F8FDD
:10ABE000011D0B6010BC704770B4402304000D00C1
:10ABF0000C4A166856F480261660EFF3108272B67F
:10AC00002E682660241D2D1D5B1E1E00F6B2002E30
:10AC1000F6D182F3108870BC7047000064050020F4
:10AC2000002002401420024010200240FAC302001B
:10AC3000182002400820024023016745AB89EFCD70
:10AC400010B4DFF89820136833F47E73C40014F452
:10AC5000FF6423431360136853F002031360136807
:10AC600053F48033136010BC7047DFF86800017F35
:10AC70000A00D2B2012A03D00A00D2B2032A11D1AB
:10AC8000DFF85420136833F400731360136853F42F
:10AC900000631360136833F400631360136853F4A4
:10ACA000007313600A00D2B2022A03D00A00D2B2A3
:10ACB000032A0CD1084A136853F4805313601368B5
:10ACC00033F480531360136853F4806313600022DD
:10ACD00002777047640500200020024014200240E3
:10ACE00010B500240320FBF7D4FD0F2002F082FBF7
:10ACF000002802D00120040001E002F0ADFB20009A
:10AD0000C0B210BD70B586B0142200216846FBF7B2
:10AD1000A6F86B48016851F004010160016811F068
:10AD2000040105910599016851F0800101600168F5
:10AD300011F0800105910599016851F00101016050
:10AD4000016811F0010105910599016851F00201B6
:10AD50000160016811F0020105910599016851F047
:10AD600008010160006810F0080005900598554C36
:10AD7000002243F2C1312000F7F78FFC00224FF48C
:10AD8000F8515FF09040F7F788FC4F4D0022042106
:10AD90002800F7F782FC4D4E002238213000F7F7EB
:10ADA0007CFC42F2C1300090012001900020029012
:10ADB0000020039069462000F7F7D0FA4CF21E00FD
:10ADC0000090032001900020029069462000F7F7D0
:10ADD000C5FA0B20009003200190002002906946E4
:10ADE0003B48F7F7BBFA48F2FF00009003200190C0
:10ADF0000020029069465FF09040F7F7AFFA2020FC
:10AE00000090002001900120029069462000F7F791
:10AE1000A5FA0720009000200190012002906946C9
:10AE20003000F7F79BFA4FF4A64000900320019002
:10AE30000020029069463000F7F790FA4FF4F8507E
:10AE400000900120019000200290002003906946AC
:10AE50005FF09040F7F782FA4FF4805000900120A5
:10AE60000190002002900320039069462000F7F72C
:10AE700075FA04200090012001900020029000202B
:10AE8000039069462800F7F769FA1820009001201E
:10AE90000190002002900020039069463000F7F7EF
:10AEA0005DFA2020009001200190002002900320F4
:10AEB000039069463000F7F751FA06B070BD00BF45
:10AEC0004C10024000080048000C004800040048F4
:10AED000001C004880B51648016851F0020101606D
:10AEE000016811F0020100910099016851F001011F
:10AEF0000160006810F0010000900098002200211D
:10AF00000D20FBF7CCFC0D20FBF7DEFC002200211E
:10AF10000F20FBF7C4FC0F20FBF7D6FC002200211A
:10AF20004520FBF7BCFC4520FBF7CEFC01BD00BF74
:10AF30004810024018B591B01422002101A8FAF778
:10AF40008EFF042200216846FAF789FF2C22002197
:10AF500006A8FAF784FF484C48482060002060604B
:10AF60007F20A060FF20E060002020610020606161
:10AF70000020A0610020E061200002F089FA002892
:10AF800001D0FAF76AFF00208DF8040000208DF848
:10AF9000050000208DF80600002004900020059098
:10AFA000012201A9200002F0D8FA002801D0FAF706
:10AFB00054FF01208DF8000001208DF801000120D0
:10AFC0008DF8020000208DF8030001226946200060
:10AFD00002F071FB002801D0FAF73FFF00208DF846
:10AFE000180000208DF8190000208DF81A000020AC
:10AFF00007900020099000200A9000200B9000206C
:10B000000D9000200E9001208DF83C004FF48070D0
:10B010001090012206A9200002F0DCFB002801D0DC
:10B02000FAF71BFF12B010BD10B598B004006022F3
:10B0300000216846FAF713FF20681049884219D1A9
:10B040005FF4003000904FF4007017906846FAF7F4
:10B0500011FF002801D0FAF700FF0948016851F4F8
:10B0600000410160002200212920FBF718FC292063
:10B07000FBF72AFC18B010BD7428002000280040FF
:10B080009010024080B52C482C4901604FF4827129
:10B090004160002181604FF4E061C16000210161E5
:10B0A000002141614FF4007181610021C1610021E3
:10B0B000016200214162002181620721C1620021F9
:10B0C00001630821416300F0C1FD002801D0FAF7B7
:10B0D000C4FE01BD10B586B004001422002101A8F1
:10B0E000FAF7BDFE20681549884222D1144801684C
:10B0F00051F480410160006810F480400090009895
:10B100001048016851F002010160006810F002006F
:10B11000009000984FF420400190022002900020FF
:10B120000390032004900520059001A90648F7F735
:10B1300015F906B010BD00002026002000380040A0
:10B14000581002404C1002400004004810B50400A2
:10B1500002F049FE012010BD38B50400DFF8581494
:10B16000087800280ED101200870DFF8500480888C
:10B17000DFF84C1408802100C9B2DFF84804F6F764
:10B18000DAFE22E0DFF83804DFF83054AA880388BA
:10B190009A4212D100200870AA8829680220F8F784
:10B1A000DDFC92A10220F8F7EFFC0121280002F05B
:10B1B000BFFE2800F8F7B4FC07E0A9880180210051
:10B1C000C9B2DFF80004F6F7B6FE012032BD10B5B3
:10B1D0000400FEF71EFC012010BD10B50400DFF8CE
:10B1E000E8130320F8F7DEFC0421DFF8D803F6F7B4
:10B1F000A2FE012010BD01000120704701000120C6
:10B20000704701000120704780B502F009FD02F08F
:10B210007DFF01BD1CB500F039F803F004F8F7F725
:10B22000FFFDF6F775FDDFF8A443002000900FF254
:10B23000291300225FF0FF31200002F0FBFCDFF851
:10B240009013200002F0B2FD200002F019FD13BDA2
:10B25000F8B50024FFF7D8FFFFF7DCFF00F096F801
:10B26000012803D14FF4FA60F8F720FD002500F023
:10B270001DF806002E4302F0E1FF07003743F6F702
:10B2800075FD38430400F7F752FEEFE780B500F094
:10B2900099F800F09BF80FF2B500DFF8381308605A
:10B2A0000FF2D100DFF83013086001BD70B5002047
:10B2B000002400252800C0B207283ADAC14E280031
:10B2C000C0B2000130444078012830D12800C0B21B
:10B2D000042801D0012004002800C0B2000130443D
:10B2E000406800280ED0FAF753FD2900C9B20901C1
:10B2F00031444968401A2900C9B2090131448968BA
:10B30000884214D300202900C9B209013144487091
:10B31000FAF73EFD2900C9B209013144486028000E
:10B32000C0B22900C9B209013144C96888476D1CFF
:10B33000C0E7A44A92F84100002803D1042110007C
:10B34000F6F7F9FD2000C0B270BD000080B5002105
:10B350009C48F6F7E1FD01BD10B504009F490320AC
:10B36000F8F712FC05219748F6F7D6FD00F001F832
:10B3700010BD704738B504000D004FF47A732A00F1
:10B3800092B221009648F8F7E2FC31BD38B50025AD
:10B390000024FFF743F80100880110D4C8000ED440
:10B3A00088000CD448000AD4002908D4480102D5EA
:10B3B0000120040003E0080101D501200400200061
:10B3C000C0B232BD80B5F7F789F901BD80B5012261
:10B3D00084498348F8F721FD002201214620FBF72C
:10B3E0005EFA4620FBF770FA01BD00000D0A00006E
:10B3F00070472DE9F0410400002500217A4A1688A3
:10B400007A4FF869002823D16C48828812FA84F2B6
:10B41000B2F5966F01D3002282805FF000084146AA
:10B42000220089B292B291420ED201688288114400
:10B43000424692B26E4BC4461FFA8CFC13F80C3095
:10B440008B5418F10108EAE781886118818077E060
:10B450003000230080B29BB2984229D2A01B050085
:10B460005648838813FA85F3B3F5966F01D300230A
:10B4700083805FF0000841462B0089B29BB299425D
:10B4800012D201688388194443469BB2DFF860C139
:10B49000C6461FFA8EFE1EFA86FE1CF80EC001F884
:10B4A00003C018F10108E6E781886918818046E049
:10B4B000D6F164000500414B988810FA84F010FA28
:10B4C00085F0B0F5966F01D3002098800020010030
:10B4D000AC4689B21FFA8CFC614513D21968B3F8E7
:10B4E00004C0614484461FFA8CFCDFF804E1804606
:10B4F0001FFA88F818FA86F81EF808E001F80CE040
:10B50000401CE4E75FF000084046210080B289B2A9
:10B51000884210D2186899880844414689B2DFF8F9
:10B52000D0C0C6461FFA8EFE1CF80EC000F801C03F
:10B5300018F10108E8E799882819411899801480C2
:10B54000F86900280AD1642229492548FEF79CFAA7
:10B550003868006830F00400396808600121194833
:10B56000F6F7DAFCBDE8F081010022480160002016
:10B57000704780B52048016851F48041016001683E
:10B5800031F4804101601648F7F712FA002002BD3D
:10B5900038B504000D00104A1068002804D02900B6
:10B5A00089B2200012689047002012490968884734
:10B5B000002032BD00000000BE290020000600204F
:10B5C000B02900208805002014FE0008042900206E
:10B5D00080A9030090290020A0290020DCFD00089C
:10B5E00008220020BD290020AE290020E8260020E6
:10B5F000842600207C29002040100240DFF88000D3
:10B60000006810F4C06070470200B2F5007F26D1D8
:10B61000DFF86C00036813F4C063B3F5007F2CD02F
:10B62000036833F4C06353F400730360DFF854001D
:10B63000036832204343DFF85000B3FBF0F0401CB6
:10B640000100DFF8480003685B0503D5002901D03D
:10B65000491EF6E7006840050FD503200EE0DFF82D
:10B660002000036813F4C063B3F5806F05D003684E
:10B6700033F4C06353F4806303600020704700001C
:10B68000007000408405002040420F00147000400C
:10B6900090420CD141EA030C50EA4C0C07D099427D
:10B6A00005D14FF4001C1CEB410F38BF8942704795
:10B6B00010B5144600F002F8226010BDC1F30A5321
:10B6C00043B14A0012F5001F28D2A3F2FE32A1EBCB
:10B6D0000251704750EA410C20D001F0004C31EA91
:10B6E0000C01B1FA81F204BFB0FA80F3D2180B3A20
:10B6F000B2F120032CBF00FA03F1914041EA0C01A2
:10B700003EBFC2F1200C20FA0CF319439040524284
:10B7100040F2FD33D21A01EB03517047002270470B
:10B720004FF4001C1CEB410F94BF1CEB430F09E0CE
:10B7300041EA030C50EA4C0C52EA0C0C03D2994239
:10B7400008BF9042704714BF8B428242704700008E
:10B7500070B44FF0004591EA030F7FF5C1A86B402C
:10B76000841A71EB030603D2001BB1411219734115
:10B770004FF4001C1CEB410F34BF7CEB430442E050
:10B780000C0DA4EB1356352E4FDC45EAC323DB0A20
:10B7900045EAC121C912B6F120050DDD63FA05F6AF
:10B7A000EB4086EA0305124218BF45F00105C018B8
:10B7B00051F100010CD213E062FA06F5F240554057
:10B7C000F3415A40B340F3405A408018594107D3DF
:10B7D00049085FEA30005FEA350528BF45F00105FA
:10B7E00001F58011420875F1004250F1000041EB73
:10B7F00004514E0016F5001F70BC38BF7047002082
:10B80000090D090570471CEB410F10D252EA43069F
:10B810000BD0BCEB410F05D80C0DAB43661E342E8C
:10B82000B6DD02E0AB438018594170BC704770BC74
:10B83000704700004FF4001C1CEB410F94BF1CEB41
:10B84000430F09E041EA030C50EA4C0C52EA0C0C9D
:10B8500003D28B4208BF8242704714BF9942904284
:10B8600070470000F8B52DED0A8B41EC1A0B48002B
:10B870004015109D401C43EC182B23D051EC1A0BA3
:10B8800031F0004108BF00281CD051EC180B4800D3
:10B890004015401C16D051EC180B31F0004108BF88
:10B8A00000280FD051EC1A0B0022DFF84833FFF7C5
:10B8B00037FF80F0A38055EC184B9FED800B05F00F
:10B8C0000042ACE051EC1A0B48004015401C02D17C
:10B8D000090340F0898151EC180B48004015401CC9
:10B8E00001D1090353D151EC180B31F0004308BFCB
:10B8F000002A08D151EC1A0B48004015401C46D1D3
:10B90000090344D10DE048004015401C12D1090341
:10B9100010D151EC1A0B48004015401C37D10903D7
:10B9200035D1AFF30080BDEC0A8B4FF0FF306FF0E4
:10B930000041F4BD51EC1A0B31F0004108BF002862
:10B9400028D151EC180B4800400D05EB000234D112
:10B9500051EC180B31F0004108BF002806D02A46F0
:10B9600051EC180B02F0BEFC41EC180B51EC180B1B
:10B9700020F0000231F0004308BF002A05D0480043
:10B980004015401C03D1090301D1AFF3008051ECF5
:10B99000180B2BE151EC1A0B48004015401C26D126
:10B9A000090324D153EC1A2B51EC180BBDEC0A8B74
:10B9B00001B0BDE8F040FEF7B9BE002AC8DD40F294
:10B9C000FF70824209DB9FED9F0B53EC102B01F0BF
:10B9D00000410B4343EC182BC8E76FF31E5141EABB
:10B9E000025155EC184B0D4645EC184BBEE755EC93
:10B9F000184B9FED320B05F0004210E001227E4B08
:10BA0000FFF718FF11D89FED8F0B51EC100B55EC81
:10BA1000184BAFF3008005F0004040EA010251EC02
:10BA2000100BBDEC0A8B1146F4BD53EC1A2B734876
:10BA30007349FEF77BFE41EC100B53EC102B9FED8E
:10BA4000719B03F0004251EC190B0C46144353EC6C
:10BA5000192B51EC100B2346FEF73AFFFEF7F6FFC9
:10BA60000446FDF74BFF41EC1B0B53EC1B2B4FF037
:10BA700078406649FEF75AFE02460B4651EC1A0B17
:10BA8000FFF766FE06460F4653EC1B2B60486149E4
:10BA9000FEF74CFE02460B4630463946FFF758FE8D
:10BAA00041EC1A0B21F0004100225B4BFFF738FEFE
:10BAB00008D2B0EE48AAF0EE68AA55E000000000F7
:10BAC0000000000053EC1A2B51EC1A0BFEF72EFE6F
:10BAD00041EC1B0B53EC1B2B50485149FEF726FE43
:10BAE000504A514BFEF7F4FE53EC1B2BFEF71EFEA3
:10BAF00041EC1C0B53EC1B2B4C484D49FEF716FE3A
:10BB00004C4A4D4BFEF7E4FE53EC1B2BFEF70EFEAA
:10BB100053EC192BFEF7DCFE53EC1A2BFEF706FE56
:10BB200041EC190B53EC1C2BFEF7D2FE9FED43ABFF
:10BB300053EC1A2BFEF7CCFE06460F4651EC1C0BBD
:10BB400053EC192BFFF704FE53EC1A2BFEF7C0FE43
:10BB500002460B4630463946F7F70AF853EC182BE5
:10BB6000FEF7E4FD41EC1A0B51EC1A0B2A194800C0
:10BB7000400D02EB000319D0002B17DD40F2FF70DF
:10BB8000834209DB9FED2F0B53EC102B01F000419A
:10BB90000B4343EC1A2B16E06FF31E5141EA03519D
:10BBA00055EC1A4B0D4645EC1A4B0CE051EC1A0BB8
:10BBB00031F0004108BF002805D051EC1A0B02F00B
:10BBC00091FB41EC1A0B51EC1A0B20F0000231F002
:10BBD000004308BF002A05D048004015401C03D18F
:10BBE000090301D1AFF3008051EC1A0BBDEC0A8BB5
:10BBF000F4BD000000C89CC000C89C40FE822B65BC
:10BC00004715F73F000000000000E03F422EE63FEE
:10BC1000F2E4D5BCE7E84B3E0000903C112E578182
:10BC2000A03F503F5843128C8F71BC3F4BE8A54159
:10BC3000B752013F0BBDF3DAE8708C3F0000000003
:10BC40000000F03F000000000000F07F10B504008D
:10BC5000002C01D1012074E0606A002806D16068E0
:10BC6000B0F5827F06D00020E06103E00020206173
:10BC7000002060610020A06294F85D00002805D1DA
:10BC8000002084F85C002000FFF724FA022084F8EA
:10BC90005D002068006830F0400021680860E068BE
:10BCA00040F20171884201D3002101E04FF480513C
:10BCB000E068B0F5706F05D0E068B0F5E06F01D0D6
:10BCC0000020A062606810F48270A26812F404423E
:10BCD0001043227C12F002021043227D12F0010276
:10BCE0001043A26912F400721043227F12F038024E
:10BCF000104394F8202012F080021043A26A12F43C
:10BD00000052104322681060A269120C12F0040263
:10BD100094F8240010F01000024394F8340010F05E
:10BD200008000243E06810F47060024311F4805090
:10BD300002432068426000202066012084F85D00F4
:10BD4000002010BD2DE9F84306000D0017001C006F
:10BD5000FAF71EF88046B94696F85D00012801D032
:10BD60000220ECE0002D03D0380080B2002801D181
:10BD70000120E4E096F85C00012801D10220DEE019
:10BD8000012086F85C00032086F85D000020306604
:10BD9000B563B787F787002030640020A6F8440019
:10BDA0000020A6F84600002030650020F064B0684E
:10BDB000B0F5004F0BD13068006830F040003168BA
:10BDC00008603068006850F480403168086030686E
:10BDD0000068400605D43068006850F040003168C3
:10BDE0000860F06840F20171884235D3706800281D
:10BDF00003D0484680B2012809D1B06B0088316871
:10BE0000C860B06B801CB063F08F401EF087F08F6D
:10BE1000002873D03068806880070AD5B06B00882E
:10BE20003168C860B06B801CB063F08F401EF08733
:10BE3000EDE7F9F7ADFFB0EB0800A04202D314F133
:10BE4000010F01D1002CE2D1012086F85D00002015
:10BE500086F85C00032072E07068002803D0484632
:10BE600080B2012817D1F08F02280AD3B06B008866
:10BE70003168C860B06B801CB063F08F801EF087A3
:10BE800009E0B06B007831680873B06B401CB06398
:10BE9000F08F401EF087F08F00282FD03068806828
:10BEA000800718D5F08F02280AD3B06B008831685C
:10BEB000C860B06B801CB063F08F801EF087EAE72B
:10BEC000B06B007831680873B06B401CB063F08FC2
:10BED000401EF087DFE7F9F75BFFB0EB0800A042F8
:10BEE00002D314F1010F01D1002CD4D1012086F826
:10BEF0005D00002086F85C00032020E0424621001F
:10BF0000300000F003F9002801D020203066B0682E
:10BF1000002808D1002000903068C0680090306888
:10BF2000806800900098012086F85D00002086F867
:10BF30005C00306E002801D0012000E00020BDE848
:10BF4000F2832DE9FC4705000E0017009846DDF846
:10BF50002890F9F71DFF0400B8EB040419EB040462
:10BF6000F9F716FF8246684800684001000D00FBA3
:10BF700004F00090286880683040B04201D1012070
:10BF800000E000203900C9B2884243D018F1010F07
:10BF9000F0D0F9F7FDFEB0EB0A00A04201D2002C70
:10BFA0002FD12868406830F0E00029684860686850
:10BFB000B0F5827F0DD1A868B0F5004F03D0A86816
:10BFC000B0F5806F05D12868006830F0400029681E
:10BFD0000860A86AB0F5005F0BD12868006830F4EB
:10BFE0000050296808602868006850F400502968EB
:10BFF0000860012085F85D00002085F85C000320C2
:10C0000009E00098002801D1002004000098401E9B
:10C010000090AFE70020BDE8F6872DE9FE4F06004F
:10C020000F0014009846DDF8309000208DF80000D5
:10C03000F9F7AEFE0500B8EB050519EB0505F9F7B4
:10C04000A7FE8246306810F10C0B2F4801682320B0
:10C050004143090D01FB05F10191306880683840CA
:10C06000A0424ED0B7F5C06F07D1002C05D19BF888
:10C0700000008DF800009DF8000018F1010FECD0D1
:10C08000F9F786FEB0EB0A00A84201D2002D2FD1AD
:10C090003068406830F0E000316848607068B0F5A2
:10C0A000827F0DD1B068B0F5004F03D0B068B0F515
:10C0B000806F05D13068006830F04000316808605A
:10C0C000B06AB0F5005F0BD13068006830F4005002
:10C0D000316808603068006850F4005031680860CA
:10C0E000012086F85D00002086F85C00032009E04E
:10C0F0000198002801D1002005000198401E019000
:10C10000ABE70020BDE8FE8F840500207CB504006D
:10C110000D00160000962B0000224FF4C0512000A5
:10C12000FFF77BFF002805D0206E50F0200020662E
:10C1300003201FE000962B00002280212000FFF743
:10C1400000FF002805D0206E50F02000206603205C
:10C1500010E000962B0000224FF4C0612000FFF792
:10C160005CFF002805D0206E50F0200020660320E0
:10C1700000E0002076BD002848BF40427047000024
:10C180002DE9F14FB0B0924604910DF142013A9A77
:10C190002B9199464A7000200AE01AF8011B049876
:10C1A000309A90470028049000F0B6860D98401C05
:10C1B0000D909AF8000050B12528EED10021002200
:10C1C0000791089209910A920B910C9204E00D9844
:10C1D00000F0A4BE41F001011AF8010F2028F9D0A7
:10C1E00023280CD02B2804D02D2805D0302809D0A6
:10C1F0000BE041F00201EFE741F00401ECE741F010
:10C200000801E9E741F01001E6E72A280FD1D9F843
:10C21000002052F8040BC9F8002000280F9003D525
:10C2200040420F9041F004010AF1010A14E00F921C
:10C23000DFF828380AE00F98984205DA00EB80040E
:10C2400002EB4402303A0F920AF1010A9AF80020F8
:10C25000A2F130000A28EED39AF800002E2803D06D
:10C260004FF0FF320E9229E01AF8010F2A2809D167
:10C27000D9F8000050F8042BC9F800000E920AF11A
:10C28000010A1BE02D280CBF0AF1010A0020002240
:10C290000E92DFF8C8470BE040B90E9AA24205DAC9
:10C2A00002EB820503EB4503303B0E930AF1010AD2
:10C2B0009AF80030A3F130020A2AEDD3ADF840100D
:10C2C000DFF89C07784400F5F3609AF8001002F05C
:10C2D000A7F808B11AF8010B8DF842009DF842004A
:10C2E000682805D19AF8000068280CD1622106E080
:10C2F0006C2804BF9AF800006C2804D171218DF8D5
:10C3000042100AF1010A12A806901AF801BBBBF10B
:10C3100025012CD01C3900F0D081091F022940F2E0
:10C32000CC81133900F02385093900F0C681891EBC
:10C3300000F0B885491E00F06585491E022940F2CB
:10C34000BC81091F00F05E85491F00F02881491E4D
:10C3500000F00D85491E00F0D080C91E0DD0891E49
:10C3600000F00585C91E00F0028500F0A6BD25235A
:10C370008DF84830012100F0ABBDD9F8000050F82D
:10C38000044BC9F80000002C059440F0A3802B99C1
:10C390004878002800F099804FF0FF340FF6843081
:10C3A00002F04AF8201A40F0B78500F092BD6D1EE9
:10C3B00040F0A9853096079D12AF75B1309E17F8F1
:10C3C000012B02A9304600F073FE002801D46D1E37
:10C3D000F5D10028309640F09F850A9D3020002D31
:10C3E0008DF804000CDD309E012301AA02A930461D
:10C3F00000F06EFE002840F08F856D1EF4D130965F
:10C40000059F089D75B1309E17F8012B02A9304693
:10C4100000F04EFE002801D46D1EF5D100283096A4
:10C4200040F07A850B9D3020002D8DF804000CDD46
:10C43000309E012301AA02A9304600F049FE0028DF
:10C4400040F06A856D1EF4D1309605980899099DD3
:10C45000471875B1309E17F8012B02A9304600F03D
:10C4600027FE002801D46D1EF5D10028309640F03B
:10C4700053850C9D3020002D8DF804000CDD309E7E
:10C48000012301AA02A9304600F022FE002840F054
:10C4900043856D1EF4D130969DF8400041077FF52D
:10C4A00088AE2020002C8DF804007FF782AE309DEE
:10C4B000012301AA02A9284600F00AFE002840F044
:10C4C0002B85641EF4D1309573E60FF66440059019
:10C4D00000F0FFBC0E9D002D04D52046FCF72AFF7E
:10C4E000044607E02A46204601F0C6FF002814BF94
:10C4F000041B2C46089400F0ECBCD9F8001051F84D
:10C50000040BC9F8001020F00004002121F0FF35D1
:10C5100012ABCDE902450593DDE9022306993C24DF
:10C5200013B90AB90E9898B102F00F053035641EA0
:10C53000EEB23A2EA8BF2735120942EA03721B0950
:10C540000D5508BF002A03D005980D19A842EBD35A
:10C5500008190590C4F13C020E98089282420ADA4A
:10C56000BDF84010821A4FF6EF7001400A92ADF804
:10C57000401000F0AEBC002840F1AB849DF84000B4
:10C5800000F01400102840F0A4840F9B07990A982B
:10C590005B1A1B1A9A1A002A40F39B84E5E32B9935
:10C5A000487820B14FF0FF340FF65430F8E69DF88C
:10C5B0004200622861D0682817D06A283FD06C28D2
:10C5C00006D0712847D074282CD07A281DD064E07A
:10C5D000D9F8001051F8040BC9F80010002868D1F0
:10C5E0004FF0FF340FF63030DAE6D9F8001051F88A
:10C5F000040BC9F8001020B94FF0FF340FF61830C3
:10C60000CEE60D99018000F064BCD9F8001051F815
:10C61000040BC9F8001000284BD14FF0FF340FF67F
:10C62000F820BDE6D9F8001051F8040BC9F8001045
:10C6300000283ED14FF0FF340FF6DC20B0E6D9F8E9
:10C64000001051F8040BC9F8001080B94FF0FF3406
:10C650000FF6C420A4E6D9F8001051F8040BC9F86D
:10C66000001020B94FF0FF340FF6AC2098E60D9A79
:10C67000D317C0E9002300F02CBCD9F8001051F802
:10C68000040BC9F8001020B94FF0FF340FF68820D2
:10C6900086E60D99017000F01CBCD9F8001051F825
:10C6A000040BC9F8001020B94FF0FF340FF66820D2
:10C6B00076E60D99016000F00CBCD9F80020D21D7F
:10C6C00022F00702C9F80020D2E900010832C9F8B7
:10C6D0000020CDE90201C80F02D007982D210AE001
:10C6E000BDF84000810702D507982B2103E0C00761
:10C6F00005D50798202112AA1154401C0790DDE9A6
:10C700000223079912A8CDE92C2308444BF02001FD
:10C710006129059021AC0BD00E99002902D5062184
:10C720000E9105E001BF4BF02001672901220E9216
:10C73000DDE9022359004915491C0DD11A030BD01C
:10C74000ABF1610503211A2D089102D20FF6E41115
:10C7500010E00FF6E4110DE059004915491C0DD108
:10C760001A030BD1ABF1610503211A2D089119D3DE
:10C770000FF6CC110322F9F7B7FAAAE3DDE90201BB
:10C78000CDE92E01DDE92E2323F00047B7F5801F08
:10C7900022F000060DD20022002F08BF002E0092CA
:10C7A00003D116E00FF69411E4E76A46FEF780FF26
:10C7B0000FE0DFF8DC08DFF8DC1800EB1750009022
:10C7C000DDE92E234FF0FF301940DFF8CC78104020
:10C7D0003943CDE902014BF0200061280DD10598C5
:10C7E00030210170821CBBF1610F05920CBF7821D2
:10C7F000582141700798801C0790DDE9020120F064
:10C80000000231F0004308BF002A02D100260025B3
:10C8100068E14BF02008B8F1610F40F0B4800E9849
:10C82000002847BF21210191401C0190019FDDE9B3
:10C830002C017F1C00220023DDE90245FEF770FF7A
:10C8400000998DF8842038BF85F00045091F002F1E
:10C8500000910DF1850653DD204629460022002374
:10C86000FEF7E8FF4CD24800400D00F11C0212D048
:10C87000002A10DD40F2FF739A4206DBDFF81C1835
:10C8800005F000400143002011E06FF31E5141EA22
:10C89000025120460BE024F0000035F0004108BFB3
:10C8A00000280FBF29461C22294601F01BFD044623
:10C8B0000D46FEF7CBF8FF1F002F804609DDFDF780
:10C8C0001DF802460B4620462946FEF741FF044666
:10C8D0000D46F01D0721B8F1000F0CDD491E5EBFAB
:10C8E00008F00F0200F8012D4FEA2818F3D502E0F6
:10C8F000002200F8012D491EFAD5C61D002FABDC21
:10C900000DF18500361A01988642D8BF30460028BE
:10C910000DF1850430D4B04206DA0DF185010A5CD0
:10C92000082AA8BF0F2100DA0021024621AB1344D8
:10C9300000E0401E13F80159521E8D42F9D00F2914
:10C9400004D10DF185018B5C5B1C8B54002A04D54E
:10C950000099091D21AC401C0091411E0CD46218A5
:10C96000ABF13A0613783033DDB23A2DA8BFF31895
:10C97000491E02F80139F5D50E99002940F1B08021
:10C98000421E0E92ACE00099DFF8142747F2975050
:10C99000414391FBF2F2DDE92C45009225F0004580
:10C9A000D2F1070204DD2046294600F04EFB0BE0E1
:10C9B00052420020DFF8EC1600F047FB02460B461F
:10C9C00020462946F6F7D4F80446B8F1660F0E98CB
:10C9D00006BF009F0A3706273F18142FC8BF142729
:10C9E00030200D468DF884000DF18506002F39DDCD
:10C9F0002046294601F06CFD01460A4606F108036F
:10CA000004200A26B2FBF6F606EB860EA2EB4E02D7
:10CA1000303203F8012C0A22B6FBF2F202EB820E4E
:10CA2000A6EB4E063036401E03F8026DE9D1083FF2
:10CA3000002F03F10806D9DD0846F6F77BF8024619
:10CA40000B4620462946FEF783FE0022DFF85836C3
:10CA5000FDF76CFE04460D46CAE700BFCBCCCC0CFC
:10CA60003C3A00000DF18500361A0DF1850404E012
:10CA70000098401E761E0090641C20783028F7D065
:10CA8000B8F1660F02D10099491C04E0B8F1650FB6
:10CA90000CBF012100210E9808188642B8BF701EF5
:10CAA00000281DD4B04204DA215C3429C8BF3921E2
:10CAB00000DC30210246631E9D1800E0401E15F880
:10CAC0000169521E8E42F9D0392902D1A15C491C5C
:10CAD000A154002A04D50099491C1C46401C009111
:10CAE0000646009D01F008FD406A0778DDF83880B1
:10CAF00030B2002802DC01260FF248644BF020001F
:10CB0000662808BF6D1C16D0672846D128B210F1E0
:10CB1000040F48DB404546DA9DF840006D1C0107D4
:10CB200003D430B24045B8BF804628B2B8EB000805
:10CB300048BF4FF000080FFA85FBBBF1000F00F370
:10CB4000B5800898411C0891302205990A54B8F123
:10CB5000000F03DC9DF84000010704D50898411C34
:10CB6000089105990F5418EB0B0FB8BFC8F10005D9
:10CB70002DB268420B90A84432B29045B8BF4646E9
:10CB8000059B089836B20996324621461844F9F7B3
:10CB9000ABF8A8EB06000C90D2E0BBF1610F17D107
:10CBA0004FF0700B19E030B2404504DA9DF84010A8
:10CBB0000A0758BF8046B8F1010848BF4FF0000887
:10CBC000BBF1670F14BF4FF0450B4FF0650B04E04E
:10CBD000BBF1410F08BF4FF0500B0898411C089162
:10CBE000B8F1000F059914F8012B0A5403DC9DF8E5
:10CBF000400001071AD50898411C0891B8F1000FB0
:10CC000005990F5412DD761E30B280450598089BB9
:10CC1000B8BF464632B221461844F9F765F808997C
:10CC200036B271180891A8EB06000B900598089988
:10CC3000084429B2002980F800B003D42B224270A6
:10CC4000821C04E02D2242700D46821C6D420021A0
:10CC50002CAB28460AE004460A2094FBF0F000EBD7
:10CC60008005A4EB450403F8014B491C00B20028E1
:10CC7000F1DC012906DC4BF02000652804BF3020E0
:10CC800002F8010B00292CAB08D1302002F8010B6F
:10CC900006E0491E585C303002F8010B0029F8DC30
:10CCA000059908980844121A099249E030B229B24D
:10CCB00088421CDA0598089B32B221461844F9F7DD
:10CCC00013F8089936B27118ABEB0606B8F1000FED
:10CCD00008910B9603DC9DF84000020704D50598E7
:10CCE00047540999491C0991CDF8308028E00598EE
:10CCF000089B2AB221461844F8F7F6FF0898761BDD
:10CD00005844B8F1000F089003DC9DF840100A0762
:10CD100003D5411C089105990F5430B28045059800
:10CD2000089BB8BF464632B204EB0B011844F8F733
:10CD3000DBFF089836B230180890A8EB06000B907D
:10CD40009DF8400000F01400102840F0C280079ABF
:10CD500008990B988A18099982180C988A188218D1
:10CD60000F98824280F2B580821A0A92B1E09DF853
:10CD70004200622808D068280ED06A2814D06C2897
:10CD80001FD0712810D01CE0D9F8001051F8040B06
:10CD9000C9F80010C0B21AE0D9F8001051F8040B1D
:10CDA000C9F8001080B212E0D9F80020D21D22F09C
:10CDB0000702C9F80020D2E900010832C9F80020B2
:10CDC00006E0D9F8001051F8040BC9F80010002152
:10CDD000CDE902019DF8400001075AD5DDE90223A3
:10CDE000002B08BF002A54D04BF02000782850D1E7
:10CDF000079812A930220A54401C431C079301F8DB
:10CE000000B046E09DF84200622808D068280ED0A5
:10CE10006A2814D06C281FD0712810D01CE0D9F8D3
:10CE2000001051F8040BC9F8001040B21AE0D9F80C
:10CE3000001051F8040BC9F8001000B212E0D9F844
:10CE40000020D21D22F00702C9F80020D2E900011B
:10CE50000832C9F8002006E0D9F8001051F8040B98
:10CE6000C9F80010C117CDE90201002902D50798C1
:10CE70002D210AE0BDF84000810702D507982B213B
:10CE800003E0C00705D50798202112AA1154401CC1
:10CE9000079012A807990144059102A8594600F08D
:10CEA0004FF816E001200790D9F8000050F8041B55
:10CEB000C9F800008DF848100BE025210122BBF1D4
:10CEC000000F8DF84810079203D08DF849B0022169
:10CED00007910F9A07980A990C9C121A0898521AEF
:10CEE0000B99121A0998521A121A9DF84000141B35
:10CEF00041073FF560AA2020002C8DF804007FF741
:10CF00005AAA309E2546012301AA02A9304600F004
:10CF1000DFF800283FF44BAA4FF0FF3031B0BDE8F6
:10CF2000F08F00007072696E74665F733A20626100
:10CF30006420257320617267756D656E7400000052
:10CF40002DE9FC4307466F293E6908BF082405D038
:10CF500041F02000782814BF0A2410243C25D7E98A
:10CF60000023642918BF69299046994605D1002BF2
:10CF700003D5D8F1000869EB4909B9F1000F08BFE2
:10CF8000B8F1000F0CD1386B50B9082C39D197F893
:10CF90003800010735D530203B2586F83B0030E0CE
:10CFA0008DF80010404649462246E317FDF7A4FAE3
:10CFB0003032D0B26D1E3A28019504DB9DF8000096
:10CFC000A0F151018A187255404649462246E3179E
:10CFD000FDF792FA80465FEA010908BFB8F1000F39
:10CFE00003D0F86871198842DCD3082C09D197F86E
:10CFF0003800010705D5705D302802D06D1E302045
:10D000007055C5F13C02BA617119F960386B824202
:10D0100008DA821A3A624FF6EF70398F0140398789
:10D02000BDE8F38300280ED597F8380000F014000F
:10D03000102808D17B6B7969386A5B1A1B1A9A1A17
:10D04000002AC8BF3A62BDE8F3832DE9D043064603
:10D050000F4614464FF00008DFF8509012E0E0074A
:10D0600007D542464B4630463946FDF75FFB06463C
:10D070000F464046494642464B46FDF757FB641073
:10D0800080468946002CEAD130463946BDE8D08337
:10D0900002FCFFFFFFFF0F800000E03F0000F07F79
:10D0A000A08601000000F03F84D797410000244093
:10D0B00010B503460C461146A0689847A06020B101
:10D0C000E06A401CE062002010BD4FF0FF3010BD50
:10D0D000F8B505460E4617461C4600205CB117F809
:10D0E000011BB068A847B06030B1F06A401CF06224
:10D0F0000020641EF3D1F2BD4FF0FF30F2BD0000FE
:10D100007072696E74665F733A20256E206469736D
:10D11000616C6C6F776564007072696E74663A203A
:10D1200062616420256E20617267756D656E7400A2
:10D13000000000006E616E004E414E00696E660098
:10D14000494E46003000000080B5012217491848BA
:10D15000F6F763FE002201212520F9F7A0FB252028
:10D16000F9F7B2FB01BD704738B504000D480F490F
:10D170000A78036885885A558288521C8280828882
:10D1800040F2FF139A4201D3002282800122084814
:10D19000F6F743FE01200449087002210548F4F720
:10D1A000CAFE31BD640C0020C7290020C62900201A
:10D1B00090220020680700202DE9F84785B005007F
:10D1C0000E0014001F000020ADF802005FF0000AFE
:10D1D000DFF80C22107AA84202D27FF0040055E05A
:10D1E000D0683040B04202D07FF005004EE0506879
:10D1F000002806D0002C04D00DF1020101A85268CD
:10D2000090470DF1380843463A004FF40071DFF8BB
:10D21000DC0101F02CFA814600F0CFF86946BDF838
:10D22000020010EB090080B200F076F810F1010F57
:10D2300028D05FF0000A5046BDF8021080B2884244
:10D2400010D201A8514689B2405CDFF89811BDF8B0
:10D2500000208854BDF80000401CADF800001AF111
:10D26000010AE8E743463A004FF40071DFF8740121
:10D27000BDF800C0604401F0FAF900F0A3F800F036
:10D2800008F803E000F09EF87FF0020006B0BDE869
:10D29000F08770B50024002500F099F8002837D1F8
:10D2A00000F08BF84E4E308A718A88422ED0B078CA
:10D2B00001280ED13188308A091AB1820220B0705B
:10D2C00000203080B08A002803D10020B0700020F8
:10D2D0003082B07800280CD1308A718A884204D21A
:10D2E000718A308A091AB18203E0308AD0F58060F1
:10D2F000B0823C48318A0844050000F079F8B18AD0
:10D300002800394A92689047040001E000F05AF87A
:10D31000200040B270BD000070B402005FF0FF302A
:10D320002F4B5C8A1D8AAC4216D15C8AD4F580648E
:10D3300015002600ADB2B6B2B5422BD315001E8A39
:10D34000ADB2B54226D201259D705D8A1D801D8A31
:10D350002C0000255D821DE01C8A5D8AAC4216D23D
:10D360005C8AD4F5806415002600ADB2B6B2B54231
:10D3700010D315001E8AADB2B5420BD201259D70A7
:10D380005D8A1D801D8A2C0000255D8202E01D8AB9
:10D390005C8A2C1B15002600ADB2B6B2B54209D28C
:10D3A0005D8A0D805D8A15FA82F5AD05AD0D5D8251
:10D3B0000023180000B270BC70470948C18A491C9C
:10D3C000C18270470648C18A491EC182704704481D
:10D3D000C08A002801D1002000E001207047000031
:10D3E000EC2800206415002050020108801B00205A
:10D3F0007047000038B5040000251349087800285C
:10D400001DD04FF47A700978B0FBF1F00F4909682C
:10D41000B1FBF0F0F9F766FA00280DD1102C08D214
:10D42000002221005FF0FF30F9F739FA0848046064
:10D4300007E00120050004E00120050001E00120D3
:10D4400005002800C0B232BDAF0C002084050020CA
:10D45000600500207047000081B00B48016851F062
:10D4600001010160006810F0010000900098074879
:10D47000016851F080510160006810F08050009008
:10D48000009801B0704700BF601002405810024081
:10D4900070B504000125002C5CD094F82100002810
:10D4A00005D1002084F820002000FDF7BDFD0220FA
:10D4B00084F821002068C068C00642D4CA202168D0
:10D4C0004862532021684862200000F02AFB0600D1
:10D4D0003000C0B200281AD120688168DFF8E80661
:10D4E0000140206881602068816862682069024389
:10D4F000A0690243114320688160E06821680861E7
:10D5000020680069A16850EA014021680861200094
:10D5100000F02DFB05002800C0B200280DD12068C6
:10D52000C06C800880002168C8642068C16CE26912
:10D530006069024311432068C164FF20216848628A
:10D5400001E0002005002800C0B2002802D101201F
:10D5500084F821002800C0B270BD2DE9F047050015
:10D560000E00140095F82000012801D102206DE082
:10D57000012085F82000022085F82100CA202968B2
:10D580004862532029684862280000F0CAFA8046A1
:10D590004046C0B200284AD1002C20D128688068BB
:10D5A000400601D40020F070307800F01FFB824666
:10D5B000707800F01BFB8146B07800F017FB5FFA33
:10D5C0008AFA5FFA89F95FEA092959EA0A49C0B279
:10D5D00050EA0909F07859EA80594F4610E0286866
:10D5E0008068400601D40020F0703078717809021C
:10D5F00051EA0041B0780143F07851EA80510F00C0
:10D60000DFF8C8053840296808602868806830F469
:10D6100080202968886028688168F2683069024340
:10D62000114328688160280000F0A1FA8046FF209D
:10D63000296848624046C0B2002802D1012085F81E
:10D640002100002085F820004046C0B2BDE8F087E8
:10D65000F8B505000E0014002868806A706028681C
:10D6600000694004400CB06028680768DFF85C057A
:10D6700007403800000C10F03F0030703800000AFE
:10D6800010F07F00707017F07F00B0703800800DD0
:10D6900010F00100F070002C0BD1307800F0B4FADB
:10D6A0003070707800F0B0FA7070B07800F0ACFABA
:10D6B000B0700020F2BD2DE9F04105000E0014000D
:10D6C00095F82000012801D1022058E0012085F8BA
:10D6D0002000022085F82100002C07D17078C006B8
:10D6E00004D5707810F0EF000A307070002C16D15D
:10D6F000F07800F07BFA8046707800F077FA070047
:10D70000B07800F073FA5FFA88F8FFB23F0257EA88
:10D710000847C0B20743307857EA403709E0F0784D
:10D7200077783F0257EA0047B0780743307857EAE6
:10D730004037CA2029684862532029684862280077
:10D7400000F0EFF980464046C0B2002808D1DFF86B
:10D750008004384029684860280000F008FA8046B4
:10D76000FF20296848624046C0B2002802D101204B
:10D7700085F82100002085F820004046C0B2BDE8B1
:10D78000F081F8B505000E00140028684768DFF83E
:10D79000400407403800000CF0703800000A10F018
:10D7A0001F00707017F03F00B0703800400B10F091
:10D7B00007003070002C0BD1F07800F025FAF070E3
:10D7C000707800F021FA7070B07800F01DFAB07037
:10D7D0000020F2BD2DE9F84305000E00140095F875
:10D7E0002000012801D10220E5E0012085F8200079
:10D7F000022085F82100002C2DD128688068400681
:10D8000001D40020F070306A0028FFD0307800F09A
:10D81000EDF98046707800F0E9F90700B07800F083
:10D82000E5F9814696F8240000F0E0F95FFA88F8FF
:10D83000FFB23F0257EA08475FFA89F959EA07073A
:10D84000F17857EA8157C0B257EA0067306A074358
:10D850007069074317E028688068400601D40020FB
:10D86000F070307877783F0257EA0047B078074386
:10D87000F07857EA805796F8240057EA0067306A34
:10D88000074370690743D6F80480F06950EA080836
:10D89000CA2029684862532029684862B06AB0F5F6
:10D8A000807F39D12868806830F48070296888606A
:10D8B0002868C06810F0800070F4C0702968C860E3
:10D8C000F8F766FA81462868C068C00712D4F8F7EE
:10D8D0005FFAB0EB090040F2E9318842F3D3FF2050
:10D8E00029684862032085F82100002085F820007F
:10D8F000032060E02868C7612868C0F84480286871
:10D90000806850F48070296888602868806850F4C6
:10D9100080502968886038E02868806830F400709A
:10D92000296888602868C06810F0800070F4207052
:10D930002968C860F8F72CFA81462868C068800713
:10D9400012D4F8F725FAB0EB090040F2E931884229
:10D95000F3D3FF2029684862032085F821000020C6
:10D9600085F82000032026E0286807622868C0F8B0
:10D9700048802868806850F40070296888602868AA
:10D98000806850F4005029688860DFF84802016818
:10D9900051F480210160DFF84002016851F48021D8
:10D9A0000160FF2029684862012085F821000020DD
:10D9B00085F820000020BDE8F28370B504000D005A
:10D9C00094F82000012801D1022062E0012084F8AF
:10D9D0002000022084F82100CA20216848625320D8
:10D9E00021684862B5F5807F24D12068806830F4D2
:10D9F0008070216888602068806830F480502168D9
:10DA00008860F8F7C5F906002068C068C00736D4FA
:10DA1000F8F7BEF9801B40F2E9318842F4D3FF20C9
:10DA200021684862032084F82100002084F8200047
:10DA300003202EE02068806830F400702168886040
:10DA40002068806830F4005021688860F8F7A0F9F9
:10DA500006002068C068800711D4F8F799F9801B88
:10DA600040F2E9318842F4D3FF2021684862032064
:10DA700084F82100002084F82000032009E0FF2022
:10DA800021684862012084F82100002084F82000E9
:10DA9000002070BD10B504005FF480204F4908607D
:10DAA00020688068C0040ED52068C068C0050AD50B
:10DAB0002068C06810F0800070F4C0702168C860F1
:10DAC000200000F04DFF2068806880040ED520689B
:10DAD000C06880050AD52068C06810F0800070F426
:10DAE00020702168C860200001F086F8012084F8C9
:10DAF000210010BD38B5040039482168C860F8F726
:10DB000047F905002068C068800608D4F8F740F996
:10DB1000401B40F2E9318842F4D3032000E00020AA
:10DB200032BD70B5040000262068C06840061BD4D2
:10DB30005FF0FF302168C860F8F72AF90500206817
:10DB4000C068400610D43000C0B203280CD0F8F7EB
:10DB50001FF9401B40F2E9318842F0D30320060050
:10DB6000032084F82100EAE73000C0B270BD70B530
:10DB7000040000251B48016831F0800101601A4E45
:10DB8000306880060AD42000FFF7B4FF002817D0C1
:10DB9000032084F821000320050011E0306830F0F4
:10DBA000200030602000FFF7A5FF002804D00320EC
:10DBB00084F8210003200500306850F02000306018
:10DBC0002800C0B270BD0000BFFF8FFF7F7F7F00C5
:10DBD0003FFFFF000004014008040140140401401D
:10DBE0005FFF03000C2800400828004001000022CD
:10DBF00008000300DBB20A2B02D3521C0A38F8E7F4
:10DC000050EA0210C0B270470100C9B209090A22E5
:10DC100011FB02F110F00F004018C0B27047000075
:10DC200080B50020DFF800130860DFF8000300680B
:10DC3000804702BD2DE9F04104000D0016001F00D1
:10DC4000DDF81880002C18D03800002815D00020EE
:10DC500020602800DFF8D412496A884760600020FD
:10DC60002072002060720020A072E760C4F810806B
:10DC7000E67200206061002000E00120BDE8F08134
:10DC80002DE9F04704005FF00008002C3BD0200095
:10DC900000F002F9002836D1607A002833D160689C
:10DCA0000700DFF88892D9F8200080470600B742C5
:10DCB00000D237002760002020720120607200200F
:10DCC000A072DFF864A2DAF80000002806D1D9F8C3
:10DCD00010008047200000F019F916E0D9F818006C
:10DCE000804705002068281820602068DAF80010B6
:10DCF0000968884203D2200000F008F905E02000FE
:10DD000000F0EDF801E0012080464046C0B2BDE8D9
:10DD1000F0872DE9F04105000026002D40D0DFF806
:10DD20000882D8F80070D8F800400120A872D8F80E
:10DD30000000002836D000206872D8F80000A84201
:10DD40001AD10020D8F800100872D8F800004069F5
:10DD5000002809D0D8F800004069C8F80000D8F8B9
:10DD6000000000F0A6F818E0DFF8C001C0688047A6
:10DD70000020C8F8000010E0002C0ED0AC4209D101
:10DD80006069002802D064697C6102E00020040020
:10DD90007C6102E027006469EEE70020060001E0F4
:10DDA000012006003000C0B2BDE8F08170B504006B
:10DDB0000D000026002C02D10120060010E02800F2
:10DDC0005A49496A88476060200000F065F80028D9
:10DDD00006D02000FFF79DFF2000FFF751FF06004F
:10DDE0003000C0B270BD2DE9F843504D68698047DE
:10DDF0000600286980470700B7EB0608DFF828917E
:10DE0000D9F8000000280FD0D9F8000004002068DD
:10DE1000804504D22068B0EB0800206001E00020BB
:10DE200020606469002CF2D1D9F80000002824D0C9
:10DE3000D9F800000068002806D0A8698047D9F802
:10DE400000100968814218D2D9F800000400D9F8FE
:10DE500000004069C9F800000020207200206072B4
:10DE60002069E1688847E07A0128DDD1A07A00289E
:10DE7000DAD12000FFF704FFD6E7D9F80000002828
:10DE800008D0D9F80000007A002803D1D9F80000A2
:10DE900000F00FF8BDE8F183020023480168002973
:10DEA00005D0914201D1012002E04969F7E7002045
:10DEB000704770B504001D4D286A80470600012098
:10DEC0002072A869804721683018814203D2A8696E
:10DED0008047301820602068A968884770BD10B45A
:10DEE00011490A6809684B695169002909D0196804
:10DEF0000468A14202D21A005B69F5E750614361F0
:10DF000002E050610021416110BC704738B5050046
:10DF100005480468002C01D0002121726C61056065
:10DF20000068FFF7C6FF31BD94290020A0FC00085F
:10DF30002DE9FC4704000D005FF0FF3600226E4B18
:10DF4000D3E90001CDE900015FF000094846A1884E
:10DF500080B2884224D22068494689B2405C3D287C
:10DF600005D02068494689B2405C3F2800D117E0BF
:10DF70002068494689B2405C41280EDB206849464A
:10DF800089B2405C5B2808DA2068494689B2405C67
:10DF9000203021684A4692B2885419F10109D5E728
:10DFA00000273800C0B2412880F2A280DFF84C81FF
:10DFB00021003800C0B200014044083000F01DFECE
:10DFC0000600002E00F192803800C0B200014044EB
:10DFD0004068002800F08A803800C0B20001404448
:10DFE0004068002808D14FF47A73A2882100444881
:10DFF000F5F7ADFE01207CE0DFF808A15046F5F70B
:10E000008FFD0020010089B2A288921B914223DA81
:10E0100021683144020092B2895C3F290AD021680C
:10E020003144020092B2895C3D2903D0BAF8041051
:10E03000802900DB10E021683144020092B2895C43
:10E04000DAF80020BAF80430D154BAF80410491CA8
:10E05000AAF80410401CD5E73900C9B209014144AF
:10E06000898916FA81F6B1464846A18880B288426D
:10E0700026D22068494689B2405C0D280CD148461A
:10E0800080B2A188491E884206DA2068494689B2D2
:10E09000084440780A2813D0BDF8040080280CD228
:10E0A0002068494689B2405C0099BDF80420885434
:10E0B000BDF80400401CADF8040019F10109D3E7D4
:10E0C000114805702800C0B2401E012802D9801EE8
:10E0D00009D009E0002168463A00D2B21201424458
:10E0E0005268904700E0FFE7012002E07F1C58E7FC
:10E0F0000020BDE8F68700BF840401084C0800201A
:10E100000822002044080020C329002010B586B052
:10E11000DFF84840002201A92000FFF799FA002209
:10E1200069462000FFF72DFBDFF834009DF806104C
:10E1300081709DF8051041709DF8041001709DF8E4
:10E140000010C1709DF8021001719DF8011041711D
:10E150009DF80310817106B010BD000074280020E6
:10E160005429002010B50400012210215448F4F76E
:10E1700094FA012010BD70B50400524D524E307813
:10E180006978884207D05148697850F8210000F03A
:10E190002BF8687830702100C9B24D48F3F7CBFEF8
:10E1A000012070BD10B504004A48C078012802D192
:10E1B0004948F7F7BEFB03214548F3F7BCFE464844
:10E1C000F5F7AEFC012010BD10B504003F483D49F5
:10E1D000497850F8210000F007F82100C9B23C4806
:10E1E000F3F7A9FE012010BD10B504003B483C49DF
:10E1F00001604460002181600021C1600021016153
:10E200000C214161002181610021C1610021016275
:10E2100000214162F5F75EFD002801D0F7F71DFEF1
:10E22000FEF792FF10BD80B5F7F76BFB2748254935
:10E23000497850F82100FFF7D7FF01BD70B50020E5
:10E24000002400252800C0B2042836DA204E280019
:10E25000C0B200013044407801282CD101200400D4
:10E260002800C0B200013044406800280ED0F7F703
:10E270008FFD2900C9B2090131444968401A2900BB
:10E28000C9B2090131448968884214D300202900A9
:10E29000C9B2090131444870F7F77AFD2900C9B2C3
:10E2A0000901314448602800C0B22900C9B20901FF
:10E2B0003144C96888476D1CC4E72000C0B270BDF6
:10E2C00000040048AC0C0020BF29002034070020C7
:10E2D0006807002084290020640C00209022002080
:10E2E00000380140124254D440F2FF7C1CEA115322
:10E2F0000FD0634531D09B1863453CBF01EB025101
:10E30000704701F0004141EA0C510020AFF300805A
:10E31000704750EA410320D001F0004C91EA0C0113
:10E320001CD0B1FA81F30B3B9A420DD9D21A994015
:10E3300051EA0C01C3F1200C20FA0CFC6144984016
:10E34000531C40F2FF7CD7E7914041EA0C01C2F137
:10E35000200C20FA0CF3194390407047B0FA80F378
:10E360001533202BE0D3202AEED3203A203B9A42CB
:10E3700009D9D21A00FA03F141EA0C010020531C1A
:10E3800040F2FF7CB8E700FA02F141EA0C010020FC
:10E390007047524240F2FF7C1CEA11530DD0634596
:10E3A000DBD0B2EB030C3CBFA1EB025170470CF188
:10E3B000010221EA035141F4801150EA410CCCD012
:10E3C00001F0004C352A27DC30B481EA0C01B2F1AF
:10E3D000200309DAC2F12003044601FA03F5D04014
:10E3E0002843D1409C400CE0C3F12002450020FAB4
:10E3F00003F418BF44F0010421FA03F091400C43E8
:10E40000002174F1004550F1000051EB0C01244251
:10E4100030BC7FF47BAF70476146002076E7000098
:10E42000C9B202788A421AB11CBF10F8012FF9E76D
:10E4300018BF00207047000080B500B906A005494C
:10E440000B681BB122220021984701E000F0C8FCB4
:10E45000222002BDA4290020636F6E73747261696B
:10E460006E742068616E646C65723A20626164202B
:10E470006D65737361676500C9B2830706D0521E6C
:10E4800022D310F8013B9942F7D11FE0083A13D389
:10E4900002F1040241EA012141EA014150F8043B42
:10E4A000121F21BF4B40A3F1013C2CEA030C1CF0CE
:10E4B000803FF3D0C9B2001F083210F8013B521E52
:10E4C00028BF91EA030FF8D818BF0120401E7047FB
:10E4D000400D491840EA81200CD2490DA1F5806118
:10E4E000491C40F0004005DBD1F11F0154BFC8407A
:10E4F000C01770470020704700487047740C002018
:10E50000020000201168097830290CDB11680978B5
:10E510003A2908DA11684B1C13600A23097803FBB7
:10E5200000103038EEE770472DE9F04F91B004004D
:10E53000DDF868801B9D1C9EDFF8080307687006E5
:10E5400003D5DFF8040300680700022B01DB252B4D
:10E5500001DB002088E0F00702D55FF0300C01E01D
:10E560005FF0200C5FF0000EB00706D5002A04D53E
:10E570002D2086465242B8F101085FF00009002ABA
:10E5800006D13020EA460AF8090019F1010910E025
:10E59000002A0ED010009A46B0FBFAFB0AFB1B00C3
:10E5A000385CEA460AF8090019F10109B2FBF3F2F6
:10E5B000EEE74D4500DA4D46B8EB0508F0070DD4FF
:10E5C0004046B0F10108012808DB20202070641CBF
:10E5D000491E002901D1200046E0F1E77046C0B293
:10E5E000002807D084F800E0641C491E002901D1EE
:10E5F000200039E04046B0F10108012808DB84F82A
:10E6000000C0641C491E002901D120002CE0F1E764
:10E610002800451E814508DA30202070641C491E00
:10E62000002901D120001FE0F2E74846B0F10109BE
:10E6300001280ADB684610F809002070641C491E96
:10E64000002901D120000FE0EFE74046B0F10108BA
:10E65000012808DB20202070641C491E002901D1FC
:10E66000200001E0F1E7200011B0BDE8F08F2DE9B6
:10E67000F74F88B005001E000998012801DA002034
:10E68000DDE0AA460A980078002806D1BAEB05001A
:10E690000999491E8842C0F2CC80BAEB050009995D
:10E6A000491E884280F2C5800A980078252806D045
:10E6B0000A9800788AF800001AF1010AB5E00020F3
:10E6C00080460A98401C0A900A980078302801D1A8
:10E6D00058F001085FF0FF3BD9460A9800783028CF
:10E6E00007DB0A9800783A2803DA0AA8FFF708FF40
:10E6F0008146CDF81CB0CDF818B00A2005900A98D4
:10E700000078582843D063280AD0642844D0692868
:10E7100042D0732816D0752840D0782839D03EE0F2
:10E72000B9F10109B9F1010F05DB20208AF80000D9
:10E730001AF1010AF4E73068361D8AF800001AF170
:10E74000010A72E03068361D0400002C01D13F48F8
:10E7500004002000FAF7EEFD04904846B0F10109EC
:10E760000499814205DA20208AF800001AF1010A92
:10E77000F3E7002007000498874207DA20788AF838
:10E780000000641C1AF1010A7F1CF4E74DE058F008
:10E7900040081020059026E058F0020823E00A986F
:10E7A0000078252804D025208AF800001AF1010AF3
:10E7B000BAEB05000999491E884214DA0A980078D4
:10E7C000002806D00A9800788AF800001AF1010A99
:10E7D00002E00A98401E0A90BAEB05000999491E0A
:10E7E000884200DA21E006986C2803D13068361D93
:10E7F000039009E05FEA887003D53068361D039006
:10E8000002E03068361D0390CDF80880079801902B
:10E81000CDF80090059B039A0999491EBAEB0500B3
:10E82000091A5046FFF780FE82460A98401C0A905B
:10E8300028E700208AF80000BAEB050528000BB095
:10E84000BDE8F08F6C0C0020700C00208C040108D7
:10E8500080B5DFF87003DFF87013016000214160BC
:10E860001F21816040F2FF31C16000210161002160
:10E870004161002181610021C161FEF709FE00288C
:10E8800001D0F7F7EAFA01BD38B5DFF84043207848
:10E8900000280FD1FFF7DCFFDFF828534FF4807119
:10E8A0002800FFF78AF8280000F09EFA00F01CF814
:10E8B00001202070002032BD10B50400200000F0BF
:10E8C00055F8002010BD80B5DFF8F8020168C9686E
:10E8D00011F0800171F4C0710268D1604FF4807151
:10E8E000FFF76BF8002002BD10B5DFF8E442211DF0
:10E8F00014F1180000F01DF92060206810BDDFF849
:10E90000D0020068704780B586B001A9684600F063
:10E9100010F9AF490968401A07B000BD10B586B0BC
:10E920000024AA480078012804D101A9684600F013
:10E9300000F90400200006B010BD0320704700B5A8
:10E940008021A1FB00017D220023FBF7D5FD00BD46
:10E950007D21A1FB0001C00940EA4160C90970475F
:10E9600010B504009B480068804710BD2DE9F04FAA
:10E9700099B004004021002209AD2800F3F7F6FA0F
:10E980005FF000085FF0000A002600275FF0000B30
:10E990008F4D04A8291D1422F7F7B6F9A869039032
:10E9A000FFF791FF40F2FF30059D451B20008005D9
:10E9B000800D4519A40A9DF80E908748844204D31F
:10E9C0008648041919F10109F7E79DF81080B4F59C
:10E9D000616F04D3B4F5616418F10108F7E79DF89D
:10E9E00011703C2C02D33C3C7F1CFAE79DF81200CE
:10E9F000210051FA80F6280080B2B0F5806F03DB69
:10EA0000B5F58065761CF6E7300080B23C2802D36D
:10EA10003C3E7F1CF8E7380080B23C2803D33C3FE3
:10EA200018F10108F7E7404680B2182804D3B8F17E
:10EA3000180819F10109F6E79DF80F00042190FB71
:10EA4000F1F201FB1200002817D165499DF80D0075
:10EA5000084410F8010C4A4680B292B2904223D288
:10EA60001FFA89F948469DF80D20114411F8011C40
:10EA700090FBF1F901FB190916E05A499DF80D00C8
:10EA8000084410F8010C4A4680B292B290420BD270
:10EA90001FFA89F948469DF80D20114411F8011C10
:10EAA00090FBF1F901FB1909DFF83CA140F2FF31BD
:10EAB000280080B2091ACAF804105FF02060CAF872
:10EAC0001C008AF802608AF801708AF800808AF8CF
:10EAD00024909DF813008AF803000020CAF8200053
:10EAE0005FF00040CAF814004FF48070CAF82800A4
:10EAF0000020CAF80C000020CAF81000002251467D
:10EB00003048FEF767FE002810D0DAF804000290C3
:10EB10009AF8020001909AF8010000909AF80030EB
:10EB20009AF82420314909A8FAF7FAFE19B0BDE88D
:10EB3000F08FF8B504000D000026224F00222100BE
:10EB40003800FEF71EFE002229003800FEF780FD87
:10EB5000E17840F2B5504143C91C8908E0780422AD
:10EB600090FBF2F302FB1300002801D1204A00E0E1
:10EB7000204A63783D2043433C3B022093FBF0F066
:10EB800041186078401EC0B240001300C34013F02B
:10EB90000303C91AA078401E41180F484143AB78BF
:10EBA0006E783C204643F3182E784FF4616000FBEA
:10EBB00006335918890201F2FF316868091A080002
:10EBC000F2BD00007428002000280040C829002061
:10EBD000B8280020902900208051010080AEFEFF5F
:10EBE000C4030108B8030108F827002088FD0008C5
:10EBF00050554400A0AA990070472DE9FE4F04002B
:10EC00000D000020002600270021ADF804105FF061
:10EC100001085FF000095FF0000A216809782129E6
:10EC200001D101218A465FF0000B584600B2A98845
:10EC3000884272DA20685146C9B2405C29685A4657
:10EC400012B2895C884265D1012080465046C0B22C
:10EC5000401C0600002081460020ADF80400300072
:10EC600000B2A18888424ADA2068310009B2405CCB
:10EC70007C281ED1BDF90400002804D10120814662
:10EC800016EB0B00070001A800903B001BB22A0006
:10EC90002100701C00B200F059F880464046C0B216
:10ECA000012806D15146C9B2584600B200F03DF8DD
:10ECB00039E04846C0B200280FD12068310009B2BF
:10ECC000405C29685A4612B21144320012B2895C83
:10ECD000884202D00020804611E04846C0B2002899
:10ECE00001D1761CBBE73000BDF9041000B28842A8
:10ECF00003DABDF904000600B1E7761CAFE7404631
:10ED0000C0B2012806D15146C9B2584600B200F03F
:10ED10000CF808E01BF1010B87E75146C9B25FF020
:10ED2000FF3000F002F8BDE8FE8F02000800C0B21C
:10ED3000002802D1100000B207E0100000B2002845
:10ED400002D45FF0FF3000E000207047F0B504000F
:10ED5000059D0120002637003FB207FA84F7B1F87D
:10ED600004C067453ADA0F68A4460FFA8CFC674482
:10ED7000B4460FFA8CFC17F80C707C2F03D13719AE
:10ED80002F8000B22BE09788B4460FFA8CFC0CFA67
:10ED900083FC674506DAB2F904707F1C2F805FF0B0
:10EDA000FF3738000F68A4460FFA8CFC6744B4465E
:10EDB0000FFA8CFC17F80C70D2F800C09E460FFAC0
:10EDC0008EFEF444B6460FFA8EFE1CF80EC0674560
:10EDD00002D05FF0FF373800761CBCE700B2F0BD10
:10EDE000012000F025B80000010091F82000012862
:10EDF00001D102201BE0012081F82000022081F8CF
:10EE00002100CA200A68506253200A6850620868CC
:10EE1000806850F020000A689060FF200A68506205
:10EE2000012081F82100002081F820000020704797
:10EE300080B5AFF30080024A11001820ABBEFBE79B
:10EE40002600020000000000000000000000F0BFEB
:10EE500000000000000000800000000000000080B2
:10EE60000000000000000000000000C05294EEBF4F
:10EE700000000048204E51BE000000F86467BCBC92
:10EE80000000000000000000000000208133EDBF02
:10EE900000000080B3DB14BE000000506706A3BC76
:10EEA0000000000000000000000000D0E9DCEBBF23
:10EEB00000000008C39259BE00000080B0D3B8BC67
:10EEC000000000000000000000000070F98FEABFA1
:10EED000000000C0A51028BE000000E8BFC0B0BC04
:10EEE000000000000000000000000070284CE9BF96
:10EEF00000000060134B42BE000000C03D20B8BCC3
:10EF0000000000000000000000000050FA10E8BF00
:10EF1000000000C05FF62BBE000000905C71A7BC33
:10EF2000000000000000000000000020FCDDE6BF43
:10EF3000000000C0F8F154BE00000018E9F6B9BCAA
:10EF40000000000000000000000000D0C3B2E5BFD8
:10EF500000000070E43254BE00000050DB06B4BC78
:10EF6000000000000000000000000010EF8EE4BF71
:10EF700000000020F36252BE000000C02A879ABC45
:10EF80000000000000000000000000B02272E3BF9B
:10EF9000000000F0E8E056BE00000028352DBDBCA2
:10EFA0000000000000000000000000000A5CE2BF5A
:10EFB000000000B0FA8E41BE00000040AE6FBDBC44
:10EFC000000000000000000000000000564CE1BFFF
:10EFD000000000F015CD5FBE00000000141C90BCC6
:10EFE000000000000000000000000040BD42E0BF43
:10EFF00000000030F93457BE000000E06C1E93BCE6
:10F000000000000000000000000000E0F57DDEBF11
:10F01000000000B08A535EBE00000080DA77AABC10
:10F020000000000000000000000000C09D81DCBF67
:10F0300000000000FFA226BE0000006057E2B0BC46
:10F04000000000000000000000000060F98FDABF3F
:10F05000000000580A8151BE000000F05F60B8BC9B
:10F0600000000000000000000000000098A8D8BFC9
:10F07000000000607A7F45BE000000D05433A3BC7E
:10F080000000000000000000000000600FCBD6BFB1
:10F09000000000D091CB40BE000000406D1BA0BC22
:10F0A0000000000000000000000000A0FBF6D4BF3C
:10F0B00000000098C5CE52BE000000003A397EBC68
:10F0C0000000000000000000000000E0FE2BD3BFA5
:10F0D0000000004073872BBE00000000926879BCDE
:10F0E000000000000000000000000040C069D1BF27
:10F0F00000000058F16353BE00000080438D7CBCCB
:10F10000000000000000000000000080D85FCFBFBA
:10F11000000000181F8354BE000000B03F42A2BC94
:10F1200000000000000000000000008067FCCBBF72
:10F1300000000060FAFF53BE00000050E00DB8BCB4
:10F1400000000000000000000000000098A8C8BFF8
:10F15000000000607A7F35BE000000C0543393BCCD
:10F16000000000000000000000000000DC63C5BFDC
:10F1700000000058D6FF54BE00000000396490BC67
:10F180000000000000000000000000C0AD2DC2BF64
:10F1900000000080A45915BE000000E0484BABBC45
:10F1A0000000000000000000000000801A0BBEBF3D
:10F1B00000000050BF3C5ABE000000A0B364B6BCC3
:10F1C00000000000000000000000008004D6B7BF6F
:10F1D00000000040BBCF36BE0000008076CEA8BC49
:10F1E00000000000000000000000008032BBB1BF42
:10F1F000000000402A0043BE00000028C60CBDBC31
:10F200000000000000000000000000009473A7BF91
:10F21000000000182B3B59BE000000C0E55DA5BCF6
:10F22000000000000000000000000000EE4397BF57
:10F23000000000A0E6C340BE00000020958DB5BCD4
:10F24000000000000000000000000000000000803E
:10F2500000000000000000800000000000000080AE
:10F26000000000000000000000000000000000009E
:10F27000000000000000000000000000000000008E
:10F28000000000000000000000000000000000007E
:10F29000000000000000000000000000000000006E
:10F2A000000000000000000000000000000000005E
:10F2B000000000000000000000000000000000004E
:10F2C000000000000000000000000000000000003E
:10F2D000000000000000000000000000000000002E
:10F2E000000000000000000000000000000000001E
:10F2F00000000000000000000000000000C0F0FC62
:10F30000FFFEF8C000000000000000000000000048
:10F3100000000000000000000000000000000000ED
:10F3200000000000000000000000000000000000DD
:10F3300000000000000000000000000000000000CD
:10F3400000000000000000000000000000000000BD
:10F3500000000000000000000000000000000000AD
:10F36000000000000000000000000000000000009D
:10F37000000000000000000000C0F0FCFFFFFFFFE5
:10F38000FFFFFFFFFFFCF0C00000000000000000D6
:10F390000000000080C0C0C0C0E0F0F0F0F07038A5
:10F3A0003C3C3C3C3F3F0F030000000000000000DD
:10F3B000000000000000000000000000000000004D
:10F3C000000000000000000000000000000000003D
:10F3D000000000000000000000000000000000002D
:10F3E000000000000000000000000000000000001D
:10F3F0000000000000C0F0FCFFFFFFFFFF3F0F0F09
:10F4000003070F3FFFFFFFFFFFFC30383C3C1C0EA3
:10F410008FCFC7C3C3C3E37371303030383C0C00A7
:10F4200000000070F8CCCC0C0C0000C0F03C0CFCD0
:10F43000FC000000C0F01C0C0C8CFCF00000000074
:10F4400000000CFCFC0000C03C0C00C0FCFC0C00EC
:10F4500000FCFCCCCCCCCC0C000C8CFCFC1C0C0CB4
:10F460000C00000000000000000000000000000090
:10F4700000C0F0FCFFFF7F3F0F07C3C040303018D3
:10F48000CCCCC7C3033330100C8CCCC4C3C3E3F360
:10F490003130303038380C0000000000000000002F
:10F4A00000000C0C0C0C0F03030C0F030303030FE1
:10F4B0000F000000030F0C0C0C0F030100000000F4
:10F4C0000000000F0F0C030000000C0F0F000000E5
:10F4D0000F0F0F0C0C0C000000000F0F00000000BD
:10F4E00000000000000000000000000000C0F0FC70
:10F4F0003F3F0F0703000C00C3C13030CCCC0333B7
:10F500003300000C0C0003030300000001030F0F85
:10F510003C78C00000000000000000000000000077
:10F5200000000000000000000000000000000000DB
:10F5300000000000000000000000000000000000CB
:10F5400000000000000000000000000000000000BB
:10F5500000000000000000000000000000000000AB
:10F5600000000000000000000000C0300F03030096
:10F570000000000000000000000000030000000088
:10F58000000000000000000000000000000000007B
:10F59000000000030C30C00000000000000000006C
:10F5A000000000000000000000000000000000005B
:10F5B000000000000000000000000000000000004B
:10F5C000000000000000000000000000000000003B
:10F5D000000000000000000000000000000000002B
:10F5E000000000000000000000000000000000001B
:10F5F000000000000000000000000000000000000B
:10F6000000000000000000000000000000000000FA
:10F6100000000000000000000000000000000000EA
:10F6200000000000000000000000000000000000DA
:10F6300000000000000000000000000000000000CA
:10F6400000000000000000000000000000000000BA
:10F6500000000000000000000000000000000000AA
:10F660000000000000000000060000000000000094
:10F67000000F00000F00000F00000F00000000004E
:10F68000000000000000000000000000000000007A
:10F690000000000000000700001E00E01F00FF1F28
:10F6A000F8FF03FF1F00FF01000F00000000000033
:10F6B000000000000000000000000000000000004A
:10F6C000000000000E000000C07F00F8FF01FCFFFA
:10F6D00007FCFF073E800F0E000E0E000E0E000E00
:10F6E0001E800FFCFF07FCFF07F8FF01C07F000032
:10F6F00000000E00000070000E38000E38000E1CD6
:10F70000000E0E000EFEFF0FFEFF0FFEFF0FFEFFAE
:10F710000F00000E00000E00000E00000E000000A2
:10F720000E00000060000F78800F7CC00F7CE00F9F
:10F730001EF00F0EF80E0E7C0E0E3E0E1E1F0EFE5D
:10F740000F0EFC070EF8030EF0010E0000000E0075
:10F7500000003080013880033C80073C800F1E0091
:10F760000F0E0E0E0E0E0E0E0E0E1E1F0FFEFF0FB4
:10F77000FCFB07FCF903F0E0010000000F000000B3
:10F7800000F00000F80000FE0080EF00C0E700F08D
:10F79000E1007CE0003EE000FEFF0FFEFF0FFEFFF9
:10F7A0000FFEFF0F00E00000E0000E0000000080F0
:10F7B00001F88703FE8707FE870FFE070F0E030E73
:10F7C0008E030E8E030E8E070F8EFF070EFF070EA1
:10F7D000FE0300FC000000000E000000C07F00F0EF
:10F7E000FF01F8FF07FCFF073E0E0F0E070E0E0786
:10F7F0000E0E070E1E0F0F3EFF0F3CFE0738FE03D6
:10F8000030F8010000000E0000000E00000E0000A5
:10F810000E00000E000F0EE00F0EF80F0EFE0F8E02
:10F82000FF00CE0F00FE0300FE00003E00001E00A1
:10F83000000000000E000000F0E001F8FB03FCFBFC
:10F8400007FEFF0F1E1F0F0E0E0E0E0E0E0E0E0EDB
:10F850001E1F0FFEFF0FFCFB07FCFB03F0E0010087
:10F8600000000E000000F08301F88703FC8F07FE04
:10F870009F0F1E1E0F0E1C0E0E1C0E0E1C0E1E8E3B
:10F880000FFCFF07FCFF03F8FF01C07F0000000032
:10F89000000000000000005F0000000700070014E7
:10F8A0007F147F14242A7F2A1223130864623649A6
:10F8B0005522500005030000001C22410000412297
:10F8C0001C00082A1C2A0808083E080800503000BE
:10F8D0000008080808080060600000201008040202
:10F8E0003E5149453E00427F400042615149462118
:10F8F00041454B311814127F1027454545393C4A84
:10F9000049493001710905033649494936064949D3
:10F91000291E00363600000056360000000814226A
:10F920004114141414144122140800020151090650
:10F93000324979413E7E1111117E7F494949363E57
:10F94000414141227F4141221C7F494949417F0970
:10F950000901013E414151327F0808087F00417F83
:10F9600041002040413F017F081422417F40404038
:10F97000407F0204027F7F0408107F3E4141413EE8
:10F980007F090909063E4151215E7F091929464632
:10F990004949493101017F01013F4040403F1F205B
:10F9A00040201F7F2018207F63140814630304780D
:10F9B0000403615149454300007F4141020408109E
:10F9C0002041417F000004020102044040404040C9
:10F9D000000102040020545454787F4844443838CD
:10F9E00044444420384444487F3854545418087ED2
:10F9F000090102081454543C7F0804047800447D33
:10FA000040002040443D00007F10284400417F40DA
:10FA1000007C041804787C08040478384444443892
:10FA20007C14141408081414187C7C080404084876
:10FA300054545420043F4440203C4040207C1C202F
:10FA400040201C3C4030403C44281028440C50507E
:10FA5000503C4464544C44000836410000007F0090
:10FA600000004136080008082A1C08081C2A08085B
:10FA70006070787C7E1C362A361C303E3F3E300754
:10FA8000087F09077C444444387C7C4444387C7CAF
:10FA90007C44387C7C7C7C381E3276321E0000022E
:10FAA00005020000FEE7FEE7FEE7FEE7FEE770471F
:10FAB0007047704780B500F05FF824480168491C22
:10FAC000016023480168491C01600168C92918D3F5
:10FAD000002101601F490878002802D10120087028
:10FAE00001E0002008700878012805D101220121D9
:10FAF0001948F2F7D2FD04E0002201211648F2F77E
:10FB0000CCFD01BD80B51548F6F7A7FD01BD80B558
:10FB10001348F6F7A2FD01BD80B51248F4F7ACF921
:10FB200001BD80B51048F4F7A7F901BD80B50F48B5
:10FB3000FDF7B0FF01BD80B50D48F6F78EFD01BDA4
:10FB400080B50C48F4F798F901BD00009829002011
:10FB500078290020BC2900200008004878270020D0
:10FB60003027002090220020182300207428002035
:10FB7000E82600200822002003480168034A127882
:10FB800089180160704700BF74290020AF0C002065
:10FB9000F0B40246106895681318506803EB5004DF
:10FBA000C0071CD54D441AE013F8017B05F8017B12
:10FBB000491EF9D198B113F8011BC6F38106032E33
:10FBC00008BF13F8016B01EB06214942801C294450
:10FBD00005D011F8016B05F8016B401EF9D1A34265
:10FBE0000ED013F8016B16F0030104BF13F8011BCC
:10FBF000C91C30090F28DBD113F8010B0F30D7E7F0
:10FC0000F0BC02F10C007047494420536C617665EA
:10FC10003A2000000000000000000000000000008A
:10FC200000000000000000000000000000000000D4
:10FC300000000000000000000000000042522053BD
:10FC40006C6176653A2000000000000000000000B2
:10FC500000000000000000000000000000000000A4
:10FC60000000000000000000000000000000000094
:10FC7000A0860100400D0300801A060000350C002C
:10FC800040420F0080841E0000093D0000127A00EF
:10FC90000024F40000366E010048E801006CDC022C
:10FCA00089E8000800000000B9E80008C7E800087B
:10FCB000E9E80008FFE8000807E900081DE9000876
:10FCC0003BE900083FE9000851E9000830313233D0
:10FCD0003435363738396162636465666768696AE6
:10FCE0006B6C6D6E6F707172737475767778797AEC
:10FCF0000000000030313233343536373839414274
:10FD0000434445464748494A4B4C4D4E4F5051524B
:10FD1000535455565758595A0000000010B507491A
:10FD200079441831064C7C44163404E00A68081DF6
:10FD3000114488470146A142F8D110BD2C000000B3
:10FD4000480000004EF68851CEF20001086840F4E9
:10FD500070000860BFF34F8FBFF36F8F4FF00070DC
:10FD6000E1EE100A70470000BB25FFFF181D0000E0
:10FD7000B40C00200000000019FEFFFF2C0800005A
:10FD8000020B000000000020616C61726D20666152
:10FD9000696C3A2025642D25643A25643A25643A35
:10FDA00025640D0A0000000000F00DF8002801D0C5
:10FDB000FFF7B4FFAFF300800020AFF30080F5F74A
:10FDC000EDFF00F002F80120704700F001B80000DC
:10FDD00007463846FFF72CF8FBE70000755F6170B7
:10FDE000705F636F6D6D3A2074782074696D657211
:10FDF0002063620D0A000000755F6170705F636FC1
:10FE00006D3A2075617274202564206572726F727C
:10FE1000210D0A00755F6170705F636F6D6D3A2030
:10FE200073657420727463210D0A000073616F762C
:10FE300069657467726F75702E636F6D2E766E00D4
:10FE4000535654485F53564D5F444C535F56315F91
:10FE5000315F310061742B72646C617374666F7210
:10FE60006C6F673D0000000061742B72646C6173FD
:10FE700074666F726F706572613D000061742B7201
:10FE8000646C617374666F726576656E743D0000B4
:10FE900061742B72646C617374666F726770733D0A
:10FEA0000000000061742B726573746F7265736C6F
:10FEB0006176653F0000000053565F454E56495F2E
:10FEC000434D5F5048000000456E746572205061DC
:10FED0007373776F72640000312E4D6F64627573B7
:10FEE0002052545500000000362E496E666F726D28
:10FEF0006174696F6E000000534554204D4F4442B9
:10FF00005553205254550000312E494420202020C2
:10FF100020203A2000000000322E42617564726198
:10FF200074653A200000000043414C49422053458B
:10FF30004E534F5200000000312E43616C69622025
:10FF4000704820362E383600322E43616C696220AC
:10FF5000704820392E31380052414E4745205345D4
:10FF60005454494E470000005375636365737366CC
:10FF7000756C6C792100000000000000000000009A
:10FF80000102030406070809526573746F72652045
:10FF90004F4B210D0A00000061742B6D7174746D5C
:10FFA00061696E3D0000000061742B6D7174746DA9
:10FFB00061696E3F0000000061742B6D71747462A2
:10FFC00061636B75703D000061742B6D71747462B8
:10FFD00061636B75703F000061742B7265736574AB
:10FFE00070756C73653F000061742B666C6F77747D
:10FFF00068726573683D000061742B666C6F77747E
:020000040801F1
:1000000068726573683F000061742B7175616E746E
:1000100068726573683D000061742B7175616E7460
:1000200068726573683F000061742B626174746864
:10003000726573683D00000061742B6261747468BE
:10004000726573683F00000061742B6572617365AF
:100050006D656D3F0000000061742B6677766572F8
:1000600073696F6E3F00000061742B6C6F67696E7F
:100070006465783F0000000061742B72646C6173EA
:10008000746C6F673F00000061742B6C6576656C63
:1000900063616C69623D000061742B6C6576656C10
:1000A00063616C69623F000061742B6C6576656CFE
:1000B0007468726573683D0061742B6C6576656C5D
:1000C0007468726573683F0061742B65786261744F
:1000D0007468726573683D0061742B657862617441
:1000E0007468726573683F0061742B776D63686133
:1000F0006E6E656C3D00000061742B776D63686106
:100100006E6E656C3F00000061742B6D6F64696EEC
:10011000666F723D0000000061742B6D6F64696E44
:10012000666F723F0000000061742B70726573731C
:10013000696E666F723D000061742B707265737337
:10014000696E666F723F000061742B72657365742F
:10015000736C6176653F00000148804701480047A5
:1001600069010108D10301080248016851F47001D6
:100170000160704788ED00E054656D7020203A20E2
:1001800000000000332E4F666673657400000000A7
:10019000342E5761726E696E6700000043414C490E
:1001A0004220504C55530000312E70485F50313A78
:1001B00020000000322E70485F50323A20000000CC
:1001C000312E70482020203A20000000322E546545
:1001D0006D70203A200000005741524E494E472092
:1001E00050480000312E4D6F6465203A2000000019
:1001F000322E55707065723A20000000332E4C6F1D
:100200007765723A20000000312E555F704820203B
:100210003A200000322E4C5F704820203A20000027
:10022000332E555F54656D703A200000342E4C5FBC
:1002300054656D703A2000002A56657273696F6EBE
:1002400000000000576562736974653A00000000A1
:1002500069B5000873B5000891B50008526573656B
:1002600074204F4B210D0A0061742B736572693D38
:100270000000000061742B736572693F000000008C
:1002800061742B73696D736572693F0061742B73C0
:10029000777365727665720061742B647574793D4D
:1002A0000000000061742B647574793F0000000049
:1002B00061742B667265716D696E3D0061742B66A9
:1002C0007265716D696E3F0061742B736176656252
:1002D0006F783F0061742B6E756D77616B653D00C3
:1002E00061742B726561646C6F673D0061742B7083
:1002F000756C73653D00000061742B70756C7365DF
:100300003F00000061742B64656275673D0000006A
:1003100061742B64656275673F00000061742B6D2A
:1003200072657365743F000061742B757365727537
:10033000726C3D0061742B757365726674703D005C
:1003400061742B746573746C6F673F0061742B72FA
:100350006561646C6F673F0061742B736C617665D7
:100360003D00000061742B736C6176653F000000F6
:1003700061742B6F6E74656D683F000061742B6F44
:10038000666674656D683F0061742B6964736C61A7
:1003900076653F0061742B6964736C6176653D001E
:1003A00061742B6272736C6176653F0061742B62BD
:1003B00072736C6176653D001F1C1F1E1F1E1F1F80
:1003C0001E1F1E1F1F1D1F1E1F1E1F1F1E1F1E1F45
:1003D000AFF30080FFF7B6FCFFF7E6FC4C6F6767F2
:1003E000696E000053455454494E4700322E436114
:1003F0006C696200352E52616E67650070483A2064
:1004000000000000332E526573657400206D672F65
:100410004C0000004F46465345540000496E666F3D
:10042000722E00002A4D6F64656C00000000000011
:1004300001020304A023002000000000A0240020EB
:10044000000000004552524F520000000000000022
:1004500000000000000000000C0000000000000090
:100460000C00000061742B7274633D0061742B7288
:1004700074633F0061742B6770733F0061742B6578
:100480006E64000020250020000000003C4E554C0A
:100490004C3E0000252E2A6600000000686A6C743D
:1004A0007A4C00004F4646004F4E000070482E0028
:1004B000704800002089430020704800FFF7FEBF0D
:1004C000FFF7FEBFFFF7FEBFFFF7FEBFFFF7FEBF60
:1004D000FFF7FEBFFFF7FEBFFFF7FEBFFFF7FEBF50
:1004E000FFF7FEBFFFF7FEBFFFF7FEBFFFF7FEBF40
:1004F000FFF7FEBFFFF7FEBFFFF7FEBFFFF7FEBF30
:10050000FFF7FEBFFFF7FEBFFFF7FEBFFFF7FEBF1F
:10051000FFF7FEBFFFF7FEBFFFF7FEBFFFF7FEBF0F
:10052000FFF7FEBFFFF7FEBFFFF7FEBFFFF7FEBFFF
:10053000FFF7FEBFFFF7FEBFFFF7FEBFFFF7FEBFEF
:10054000FFF7FEBFFFF7FEBFFFF7FEBFFFF7FEBFDF
:10055000FFF7FEBFFFF7FEBFFFF7FEBFFFF7FEBFCF
:10056000FFF7FEBFFFF7FEBFFFF7FEBFFFF7FEBFBF
:10057000FFF7FEBFFFF7FEBFFFF7FEBFFFF7FEBFAF
:10058000FFF7FEBFFFF7FEBFFFF7FEBFFFF7FEBF9F
:10059000FFF7FEBFFFF7FEBFFFF7FEBFFFF7FEBF8F
:1005A000FFF7FEBFFFF7FEBFD00331323334000147
:1005B0004008F4010000AD2F000801011A1003D01B
:1005C000070000FF105202291264085003A73000F0
:1005D000080310500788130000233100080410217D
:1005E0002812A110520510120A0812D5101206087E
:1005F00052050412ED10617812FE01F22A0001107A
:1006000003B8FE00080D41123101B2200120100094
:1006100000456E74657220746F20536574757000A8
:100620000020100557616974696E670B4110200343
:1006300020446F6E650952001030034572726F726C
:100640001F100400A4040108A80421A052AC0892C1
:1006500007AD92010C251012B0242508250443781B
:100660000130211812B4182138210CF300DC0348A2
:10067000220134B001C8FE001890030218000105E1
:100680006061182402033000014CF201E4482202A8
:100690000CE2D848200112000211D2EC30120318EB
:1006A00012090CC384011812041825B4D290181230
:1006B0000518120B0CD2F448120618120C0CD2E8D2
:1006C000781207182598D2F818110113030E0C8B15
:1006D00008FF0421011003020400030F115218182F
:1006E000695012031812100CF30028FF481304116C
:1006F0000C52FC90652C230205C3D0010000383059
:10070000157C1A04ABD300481811681304140CD6D6
:1007100004E011501304150CD69C081101F30305D5
:100720001678110B12170C83A80118120C541178AB
:100730001305180CD2B4181178F3050519781305B0
:100740001A0CFA01147013061B0C92C04812B8243C
:10075000117813061C0C92CC1842B47813061D0CA9
:10076000F201D8C013071E0CD2E418114813071F5A
:100770000CD2F06011482E070C03D2FC1811C013E4
:1007800007210CF60158981308220CF700080220E4
:100790001308230CD2141811601308240CC3200270
:1007A000C011601308250CD22C1811081308260C50
:1007B000F6011C201309270CD33802D880031C0033
:1007C0000928000179101002040009290CD22448DC
:1007D000120430F2022A30120530F2032B481002C4
:1007E00018000A2C0CEA6870F0030118020B1000C4
:1007F00001E20114B3093D1260024DB10008242941
:10080000988F59B17C0521108FCFB17C0521011241
:10081000DB1052043112E8198FF7B17C0521014F2A
:10082000FDB17C0561011C0303B200084094032D57
:100830000C03E002B40C00208F80041D5200081D40
:10084000528421081223104351528852010412C9C4
:100850001043F7528C5202044365533C2DBC036D88
:10086000080552BF14219452061443195414211040
:100870005208145271142540520A6452C71421249C
:10088000520B1452F5142DBC04520C14432355146E
:100890002138520D145251142138520E14527B1427
:1008A00021384300101412A5144FD35544064301B8
:1008B000108C10034F560008AD0421385203141059
:1008C000036D570008C70412B0D912607D1EC065C1
:1008D000041A80A11340381D124B0C1D6006130032
:1008E000961812DA0812E1045403C20100202460B1
:1008F0007F0100FC064F65E15C0761104777E15816
:10090000210C25E012A5105203201003E0930400EF
:10091000C91061401A10E1478D019C211012DC05BD
:10092000839F0140210447030294210C2DCC0747EB
:1009300043029021102DAC0712F910520550176098
:10094000EA30160388911012131022076111012D4D
:10095000FC0712C1105208202DFC07680445040052
:1009600008802938C802803FA025441E6880038B78
:100970000800E852741069C4128010259469C447B5
:1009800098FF906DF00552A81052051047B8FF88E7
:1009900069C452C8106D6803528C5062085051707F
:1009A00052091052A410520A1052B030520B105279
:1009B000BC10520C1052D860620D705120520E10B3
:1009C00052D410520F1052E0106DEC0352E8405216
:1009D000111052F81052121015CD3110521310523E
:1009E0001810521410122810217C52151052381071
:1009F00052161012EC7021DC621760511052181060
:100A00005E646C08521910526C10521A10430403A1
:100A100030521B10521010521C10121C10252C5258
:100A20001D10124880251C521E10525890521F1043
:100A30004728030069055234105221105268405271
:100A40002210524020522310524C1052241052783F
:100A5000605225101E54AC04255C622650111025EE
:100A60004C522710527C106DE405568850522910C4
:100A70005298106DD40512A81025BC6DCC0552B843
:100A800010522C10567430522D10529080522E104D
:100A9000565830522F1052641052301052C85052D3
:100AA000311052D810523210567060523310567CAA
:100AB000006D890B56E80052351052F8105236106E
:100AC000470801505237105218105238104328016D
:100AD000F0523910523810523A10524810523B100E
:100AE00052A4E0523C105288906D960652941052D7
:100AF0003E1052A010523F1052AC10524110167CC2
:100B0000402DAC034B801D1343801F081003CCFC09
:100B10000008F404F309B62D0452FF01E36E2B1410
:090B20001D50040002032D010325
:04000005080103D11A
:00000001FF
