:020000040800F2
:10000000D82C0020DDF5000835EF000837EF000898
:1000100039EF00083BEF00083DEF0008000000004A
:100020000000000000000000000000003FEF00089A
:1000300041EF00080000000043EF000845EF000812
:1000400031F9000835F9000839F900083DF90008D0
:1000500041F9000845F9000849F900084DF9000880
:1000600051F9000855F9000859F900085DF9000830
:1000700061F9000895EF000865F900089FEF000896
:1000800069F900086DF9000871F9000875F90008B0
:1000900079F900087DF9000881F9000885F9000860
:1000A00089F900088DF9000891F9000895F9000810
:1000B00099F9000800000000000000009DF9000808
:1000C000A1F90008A5F90008A9F90008ADF9000890
:1000D000B1F90008A9EF0008B5F90008B3EF00086E
:1000E000B9F90008BDEF00080000000000000000A2
:1000F0000000000000000000000000000000000000
:1001000000000000BDF9000800000000C1F900086F
:100110000000000000000000C5F90008C9F900084F
:10012000CDF90008D1F90008D5F90008D9F900087F
:10013000DDF90008000000000000000000000000E1
:10014000E1F90008E5F90008E9F90008EDF900080F
:10015000F1F90008C7EF0008D1EF0008F5F9000831
:10016000F9F90008FDF9000801FA00080000000094
:1001700005FA000809FA00080DFA0008000000005E
:1001800011FA000815FA000819FA000880B5544859
:100190000078012806D0022807D0042808D00828B3
:1001A00009D00BE000F0A0F808E000F089FE05E0BF
:1001B00001F064F802E001F02DFAFFE701BD2DE93E
:1001C000F0470024474D2888002804D02888401E86
:1001D0002880002081E0424E307A00287CD1202106
:1001E000DFF8BC0C01F008FF002801D1012700E076
:1001F0000027DFF8B08C0421404601F0FDFE002806
:1002000002D15FF0010901E05FF0000902214046E0
:1002100001F0F2FE002802D15FF0010A01E05FF078
:10022000000A0121404601F0E7FE002801D101202B
:1002300000E0002057EA490757EA8A073C0054EAE1
:10024000C0042000C0B2012805D0022803D0042831
:1002500001D0082836D17068401C70607068502842
:100260002FD3347001203072DFF83C1C086814284A
:1002700001D219202880DFF8340C22000378D2B292
:100280009A4219D10A68521C0A600A681E2A02D2D0
:100290000021716014E00A68B42A02D24121716021
:1002A0000EE00A68F02A02D24621716008E04E2270
:1002B0007260F0220A6003E00022726000220A608D
:1002C000047009E00020DFF8E41B0870282070604B
:1002D0000020DFF8D41B08603078BDE8F08700000C
:1002E000E0270020B4280020F8B584B0DFF8C04B28
:1002F000A078002817D001283AD002286AD0032815
:1003000000F0FB80042800F07F81052800F0308297
:10031000062800F0B482072800F07F83092800F047
:10032000868400F0BBBDDFF88C5B0020E860DFF85E
:10033000886B0A220021300001F0E4FE302030708A
:10034000302070703020B0703020F070E86800010C
:10035000801CC0B2039002960520019004200090FA
:10036000052300220121A01C02F0BFFC00F096BD75
:10037000DFF8400BC168491CC160C16804291EDB5D
:10038000DFF8340B02F0CCFC012815D1A51C0622A5
:10039000290014F1080001F003FFF1200390002070
:1003A00002900C20019007200090072300220221D8
:1003B000280002F09AFC0BE00020A07008E0C06862
:1003C0000001801C0200D2B20021A01C02F06AFCD5
:1003D00000F064BD207907280AD0C0F08C8009287D
:1003E00032D01BD30B285BD044D30C286ED082E0D4
:1003F000A51C0622290014F1080001F0D1FEF1200D
:100400000390002002900F2001900E2000900E23F8
:1004100000220321280002F068FC6CE0A51C0622E3
:10042000290014F1080001F0BBFEF1200390002028
:100430000290142001901220009012230022042127
:10044000280002F052FC56E0A51C0622290014F1F7
:10045000080001F0A5FEF120039000200290172073
:10046000019016200090162300220521280002F09A
:100470003CFC40E0A51C0622290014F1080001F014
:100480008FFEF1200390002002901B200190192084
:100490000090192300220621280002F026FC2AE001
:1004A000A51C0622290014F1080001F079FEF120B4
:1004B000039000200290202001901D2000901D2319
:1004C00000220721280002F010FC14E0A51C0622DF
:1004D000290014F1080001F063FE002003900020C1
:1004E0000290232001902320009023230022082142
:1004F000280002F0FAFB00F0D1BC20790E2802D0CF
:100500000F2840D07EE0E078002802D001281FD0DC
:1005100038E0A61C0622310014F1080001F040FE6C
:10052000DFF89059F220039015F10C0002900F2093
:1005300001900E2000900E23E278521CD2B20321CB
:10054000300002F0D2FBDFF874094078E86019E06F
:10055000A51C0622290014F1080001F021FEF0205C
:100560000390002002902620019026200090262350
:1005700000220921280002F0B8FB0120DFF83C1915
:100580000870FFE73EE0E078002802D001281FD085
:1005900038E0A61C0622310014F1080001F000FE2C
:1005A000DFF81059F220039015F10C0002900F2093
:1005B00001900F2000900F23E278521CD2B2032149
:1005C000300002F092FBDFF8F4084068E86019E0C0
:1005D000A51C0622290014F1080001F0E1FDF0201D
:1005E00003900020029026200190262000902623D0
:1005F00000220921280002F078FB0120DFF8BC1856
:100600000870FFE700F04ABC2079122806D0C0F03D
:10061000AE80142800F08E8046D3A8E0E078002851
:1006200002D001281FD03EE0A61C0622310014F1A2
:10063000080001F0B5FDDFF87C58F220039015F1B9
:100640000C00029014200190122000901223E278F6
:10065000521CD2B20421300002F047FBDFF85C08E4
:10066000C068E8601FE0A51C0622290014F10800FC
:1006700001F096FDF02003900020029026200190CA
:1006800026200090262300220921280002F02DFBBD
:10069000DFF8E01BDFF81C08C06808800222032096
:1006A00003F0C1F8FFE762E0E078002802D00128FB
:1006B0001FD03EE0A61C0622310014F1080001F014
:1006C0006FFDDFF8F057F220039015F10C00029057
:1006D00014200190122000901323E278521CD2B211
:1006E0000421300002F001FBDFF8D007C068E860A9
:1006F0001FE0A51C0622290014F1080001F050FD9E
:10070000F0200390002002902620019026200090E7
:10071000262300220921280002F0E7FADFF8541B03
:10072000DFF89007C06808800222042003F07BF8FD
:10073000FFE71CE0A51C0622290014F1080001F0C7
:100740002FFDF0200390002002902620019026200B
:100750000090262300220921280002F0C6FADFF8C3
:10076000141B002008800222052003F05CF895E3AA
:100770002079162802D0172840D07FE0E0780028A2
:1007800002D001281FD038E0A61C0622310014F147
:10079000080001F005FDDFF81C57F220039015F169
:1007A0000C00029017200190162000901623E2788A
:1007B000521CD2B20521300002F097FADFF8FC0695
:1007C000C069E86019E0A51C0622290014F10800A0
:1007D00001F0E6FCF020039000200290262001901A
:1007E00026200090262300220921280002F07DFA0D
:1007F0000120DFF8C8160870FFE73FE0E078002826
:1008000002D001281FD038E0A61C0622310014F1C6
:10081000080001F0C5FCDFF89C56F220039015F1AA
:100820000C00029017200190162000901723E27808
:10083000521CD2B20521300002F057FADFF87C06D4
:10084000006AE86019E0A51C0622290014F10800DE
:1008500001F0A6FCF02003900020029026200190D9
:1008600026200090262300220921280002F03DFACC
:100870000120DFF848160870FFE7FFE70EE3207954
:10088000192806D0C0F0C8801B2800F0858043D30B
:10089000C2E0E078002802D0012822D03BE0A71C6B
:1008A0000622390014F1080001F07AFCDFF8045642
:1008B00015F10C06F220039002961B2001901920DE
:1008C00000901923E278521CD2B20621380002F0BF
:1008D0000CFADFF8A4090078E860DFF8E005466369
:1008E00019E0A51C0622290014F1080001F058FCAB
:1008F000F0200390002002902620019026200090F6
:10090000262300220921280002F0EFF90120DFF858
:10091000AC150870FFE77FE0E078002802D00128DE
:100920001FD038E0A61C0622310014F1080001F0A7
:1009300037FCDFF88055F220039015F10C0002908F
:100940001B200190192000901A23E278521CD2B289
:100950000621300002F0C9F9DFF86005C06AE860DE
:1009600019E0A51C0622290014F1080001F018FC6A
:10097000F020039000200290262001902620009075
:10098000262300220921280002F0AFF90120DFF818
:100990002C150870FFE73FE0E078002802D001281E
:1009A0001FD038E0A61C0622310014F1080001F027
:1009B000F7FBDFF80055F220039015F10C000290D0
:1009C0001B200190192000901B23E278521CD2B208
:1009D0000621300002F089F9DFF8E004006BE860DE
:1009E00019E0A51C0622290014F1080001F0D8FB2B
:1009F000F0200390002002902620019026200090F5
:100A0000262300220921280002F06FF90120DFF8D7
:100A1000AC140870FFE7FFE740E220791D2809D0F9
:100A2000C0F004811F2800F0858043D3202800F007
:100A3000C080FBE0E078002802D001281FD038E019
:100A4000A61C0622310014F1080001F0A9FBDFF812
:100A50006454F220039015F10C00029020200190C4
:100A60001D2000901D23E278521CD2B207213000D5
:100A700002F03BF9DFF84404806BE86019E0A51C44
:100A80000622290014F1080001F08AFBF0200390EF
:100A9000002002902620019026200090262300228C
:100AA0000921280002F021F90120DFF81014087054
:100AB000FFE7BBE0E078002802D001281FD038E033
:100AC000A61C0622310014F1080001F069FBDFF8D2
:100AD000E453F220039015F10C00029020200190C5
:100AE0001D2000901E23E278521CD2B20721300054
:100AF00002F0FBF8DFF8C403C06BE86019E0A51C46
:100B00000622290014F1080001F04AFBF0200390AE
:100B1000002002902620019026200090262300220B
:100B20000921280002F0E1F80120DFF89013087095
:100B3000FFE77BE0E078002802D001281FD037E0F3
:100B4000A61C0622310014F1080001F029FBDFF891
:100B50006453F220039015F10C00029020200190C4
:100B60001D2000901F23E278521CD2B207213000D2
:100B700002F0BBF8DFF84403006CE86018E0A51C45
:100B80000622290014F1080001F00AFBF02003906E
:100B9000002002902620019026200090262300228B
:100BA0000921280002F0A1F80120C4490870FFE7DC
:100BB0003CE0E078002802D001281DD035E0A61CDA
:100BC0000622310014F1080001F0EAFAB94DF220D2
:100BD000039015F10C000290202001901D20009040
:100BE0002023E278521CD2B20721300002F07DF8B7
:100BF000B248406CE86018E0A51C0622290014F1F8
:100C0000080001F0CDFAF020039000200290262089
:100C1000019026200090262300220921280002F0BE
:100C200064F80120A5490870FFE7FFE736E1207A64
:100C300003280AD0C0F03181052838D0C0F02A81BD
:100C4000072800F0B28069D327E1322001F0F7FCD9
:100C500003209A490870A07A0E2802D00F2809D0E4
:100C600024E0DFF8900941789248C068C0B203F0F0
:100C7000AEFE1BE000200100C9B20B290FDADFF83D
:100C800078190200D2B251F822108A4AD2689142F1
:100C900003D1DFF86019487001E0401CEBE7DFF892
:100CA00054094178007803F092FEFFE7F5E0834DA8
:100CB00003202870322001F0C2FCA07A162802D04E
:100CC000172815D029E0287A04F096F800EE100ACB
:100CD000DFF82809D0ED060A764890ED031AB8EE41
:100CE000C11AB8EE400A81EE000A02F02EFE14E0AE
:100CF000687A04F081F800EE100A6E48D0ED030A1D
:100D0000F8EEE00AB8EE400AC0EE800ADFF8EC0820
:100D100090ED050A02F019FEFFE7BEE0674D0320E3
:100D20002870322001F08BFCA07A192804D03BD324
:100D30001B2823D00CD337E0DFF83C05D0ED020AA6
:100D400090ED010A5B48C068C0B202F0B5FE2BE02E
:100D5000A87A04F051F800EE100ADFF81C05554996
:100D6000D1ED030AF8EEE00AB8EE400AC0EE800AC0
:100D700090ED010A007802F09FFE15E0A87A04F0D9
:100D80003BF800EE100ADFF8F004D0ED020A494902
:100D900091ED031AB8EEC11AB8EE400A81EE000ACE
:100DA000007802F089FEFFE777E0444D03202870C9
:100DB000322001F044FCA07A1D2806D069D31F28F8
:100DC00035D01BD320284BD063E0E87A04F014F828
:100DD00000EE100ADFF82808D0ED031A90ED021A91
:100DE000D0ED010A334890ED032AB8EEC22AB8EEDE
:100DF000400A82EE000A02F027FF4AE0E87A03F098
:100E0000FBFF00EE100ADFF8F807D0ED031A90EDB3
:100E1000021A2849D1ED030AF8EEE00AB8EE400ABA
:100E2000C0EE800A90ED000A02F00EFF31E0E87A91
:100E300003F0E2FF00EE100ADFF8C407D0ED031A5A
:100E40001C49D1ED030AF8EEE00AB8EE400A80EE44
:100E5000801AD0ED010A90ED000A02F0F5FE18E0CC
:100E6000E87A03F0C9FF00EE100ADFF89407114991
:100E7000D1ED030AF8EEE00AB8EE400AC0EE801A9F
:100E800090ED021AD0ED010A90ED000A02F0DCFEAE
:100E9000FFE702E002F0B8FCFFE7FFE705B0F0BDB6
:100EA00000080048000400486C280020C4280020E6
:100EB00028280020E0270020000000207C000020DF
:100EC00070B5DFF84037987800280ED002281ED081
:100ED0000CD3042876D027D3062800F0FF80C0F07A
:100EE000CA80072800F05281C3E1C2E1DFF8180789
:100EF000DFF81817CA68825C521CCB68C254CA68F3
:100F0000825C3A2A02DB3022C9684254B1E1587946
:100F10001979884202D21879401E1871F1220021F5
:100F2000981C01F0BFFEA4E1D87800280CD15879B4
:100F30001979884202D21879401E1871F1220021D5
:100F4000981C01F0AFFE3CE018790E2802D00F2863
:100F500012D036E0D878002802D0012801D00AE06B
:100F600009E0DFF8A806C168B1F5807F02DAC16840
:100F7000491CC160FFE724E0D878002802D001288E
:100F800001D01EE01DE000210800C0B20B2817DAD6
:100F9000DFF86426DFF874060B00DBB252F823306A
:100FA000C468A3420AD10B00DBB20A2B06DA0B009D
:100FB000DBB202EB83025268C26001E0491CE3E746
:100FC000FFE756E1D87800280CD158791979884282
:100FD00002D21879401E1871F1220021981C01F0EC
:100FE00061FE47E01879122804D043D3142841D079
:100FF00020D33FE0D878002802D0012801D018E0A3
:1010000017E0DFF80C56287A03F0F6FE0A26DFF820
:10101000FC45E16870430A38814203D2E0680A3037
:10102000E06005E0287A03F0E7FE06FB00F6E660E4
:10103000FFE71FE0D878002802D0012801D018E08F
:1010400017E0DFF8CC55287A03F0D6FE0A26DFF841
:10105000BC45E16870430A38814203D2E0680A3037
:10106000E06005E0287A03F0C7FE06FB00F6E660C4
:10107000FFE7FFE7FDE0D87800280CD1587919790F
:10108000884202D21879401E1871F1220021981C62
:1010900001F008FE21E01879162802D017280ED09A
:1010A0001BE0D878002802D0012801D006E005E036
:1010B000DFF85805C168491CC160FFE70DE0D8782A
:1010C000002802D0012801D006E005E0DFF83C0549
:1010D000C168491CC160FFE7FFE7CAE0D878002873
:1010E0000CD158791979884202D21879401E1871AA
:1010F000F1220021981C01F0D5FD46E0187919284D
:1011000004D042D31B282CD013D33EE0D87800283B
:1011100002D0012801D00BE00AE0DFF8F014C86823
:10112000002802D10120C86001E00020C860FFE76C
:101130002BE0D878002802D0012801D010E00FE081
:10114000DFF8CC04807A03F057FEDFF8C024D368C0
:101150000A214843834202D2D068401CD060FFE796
:1011600013E0D878002802D0012801D00CE00BE071
:10117000DFF89804C168DFF89824D26A914202DA55
:10118000C168491CC160FFE7FFE772E0D87800281A
:101190000CD158791979884202D21879401E1871F9
:1011A000F1220021981C01F07DFD61E018791D28D5
:1011B00006D05DD31F282FD01AD3202844D057E063
:1011C000D878002802D0012801D010E00FE0DFF825
:1011D0004004C07A03F010FEDFF83024D3680A21FF
:1011E0004843834202D2D068401CD060FFE73FE012
:1011F000D878002802D0012801D00CE00BE0DFF8FD
:101200000C04C168DFF80824926B914202DAC168CD
:10121000491CC160FFE72BE0D878002802D00128E4
:1012200001D010E00FE0DFF8E803C07A03F0E4FD3E
:10123000DFF8D823D36850214843834202D2D068D4
:10124000401CD060FFE713E0D878002802D00128C6
:1012500001D00CE00BE0DFF8B403C168DFF8B02385
:10126000126C914202DAC168491CC160FFE7FFE7D6
:10127000FFE770BDB62800205428002010B5DFF825
:101280008433987800280ED002281ED00CD304286E
:1012900076D027D3062800F0E780C0F0B280072878
:1012A00000F03881A5E1A4E1DFF85C03DFF8E8197C
:1012B000CA68825C521ECB68C254CA68825C302AFB
:1012C00002DA3922C968425493E11879997988423F
:1012D00002D21879401C1871F1220021981C01F0EB
:1012E000E1FC86E1D87800280CD1187999798842F8
:1012F00002D21879401C1871F1220021981C01F0CB
:10130000D1FC3CE018790E2802D00F2811D036E02D
:10131000D878002802D0012801D009E008E0DFF8E1
:101320007809C168012902DBC168491EC160FFE775
:1013300025E0D878002802D0012801D01FE01EE067
:101340000A221000C0B2002818D0DFF8AC32DFF853
:1013500048191000C0B253F82000CC68A0420BD14D
:101360001000C0B2002807D01000C0B203EB80000C
:1013700050F8040CC86001E0521EE2E7FFE738E1D4
:10138000D87800280CD118799979884202D2187936
:10139000401C1871F1220021981C01F083FC2FE001
:1013A0001879122804D02BD3142829D014D327E07D
:1013B000D878002802D0012801D00CE00BE0DFF83B
:1013C000D808C1680B2903DBC1680A39C16001E094
:1013D0000021C160FFE713E0D878002802D001287F
:1013E00001D00CE00BE0DFF8B008C1680B2903DB8B
:1013F000C1680A39C16001E00021C160FFE7FFE771
:10140000F7E0D87800280CD118799979884202D26F
:101410001879401C1871F1220021981C01F042FC3F
:1014200021E01879162802D017280ED01BE0D878B2
:10143000002802D0012801D006E005E0DFF85808B6
:10144000C168491EC160FFE70DE0D878002802D0CE
:10145000012801D006E005E0DFF83C08C168491E1C
:10146000C160FFE7FFE7C4E0D87800280CD1187905
:101470009979884202D21879401C1871F122002112
:10148000981C01F00FFC44E01879192804D040D3CF
:101490001B2827D013D33CE0D878002802D001289D
:1014A00001D00BE00AE0DFF8F017C868002802D18D
:1014B0000120C86001E00020C860FFE729E0D8787B
:1014C000002802D0012801D00BE00AE0DFF8C807AD
:1014D0004F49096BC268914202DAC168491EC16076
:1014E000FFE716E0D878002802D0012801D00FE0ED
:1014F0000EE04748807A03F07FFCDFF89C2700214C
:101500004843D168884202D2D068401ED060FFE7CD
:10151000FFE76EE0D87800280CD1187999798842D5
:1015200002D21879401C1871F1220021981C01F098
:10153000B9FB5DE018791D2806D059D31F282DD09E
:1015400015D320283DD053E0D878002802D00128B8
:1015500001D00BE00AE0DFF840072D49C96BC268F3
:10156000914202DAC168491EC160FFE740E0D878C5
:10157000002802D0012801D00FE00EE02448C07AF4
:1015800003F03AFCDFF8102700214843D168884275
:1015900002D2D068401ED060FFE729E0D87800284A
:1015A00002D0012801D00BE00AE0DFF8EC06184970
:1015B000496CC268914202DAC168491EC160FFE706
:1015C00016E0D878002802D0012801D00FE00EE004
:1015D0000F48C07A03F010FCDFF8BC260021484316
:1015E000D168884202D2D068401ED060FFE7FFE792
:1015F000FFE710BD340C0020BC0600207827002037
:10160000382800202828002000000020E0270020A3
:101610007C0000207FB5DFF88446A078002814D035
:10162000022816D012D3042800F0898014D306288B
:1016300000F09081C0F01B81082800F01783C0F0F3
:101640003482092800F0198324E323E30020A070EA
:1016500020E30020A0701DE320790E2802D00F287F
:1016600036D06BE0E078002802D0012816D02EE0BA
:10167000A51CF1200390002002900C20019007206F
:101680000090072300220221280001F02EFB0622F1
:10169000290014F1080000F083FD18E0A51C0622C3
:1016A000290014F1080000F07BFDF1200390DFF821
:1016B000F00502900F2001900E2000900E23E0789C
:1016C000421ED2B20321280001F00FFBFFE735E0F4
:1016D000E078002802D0012816D02EE0A51CF120C9
:1016E0000390002002900C20019007200090072317
:1016F00000220221280001F0F8FA0622290014F144
:10170000080000F04DFD18E0A51C0622290014F188
:10171000080000F045FDF1200390DFF888050290F5
:101720000F2001900E2000900F23E078421ED2B2CD
:101730000321280001F0D9FAFFE7FFE7AAE22079A8
:10174000122805D0C0F09280142879D03CD38DE0C7
:10175000E078002802D0012816D034E0A51CF12042
:101760000390002002900C20019007200090082395
:1017700000220221280001F0B8FA0622290014F103
:10178000080000F00DFD1EE0A61C0622310014F139
:10179000080000F005FDDFF81055F120039015F169
:1017A0002400029014200190122000901223E0786F
:1017B000421ED2B20421300001F097FADFF8D804BB
:1017C000C0686862FFE751E0E078002802D0012895
:1017D00016D034E0A51CF1200390002002900C20CC
:1017E000019007200090082300220221280001F028
:1017F0007CFA0622290014F1080000F0D1FC1EE05A
:10180000A61C0622310014F1080000F0C9FCDFF824
:101810009854F120039015F12800029014200190B3
:10182000122000901323E078421ED2B2042130002F
:1018300001F05BFADFF86004C068A862FFE715E01A
:10184000A51CF1200390002002900C20019007209D
:101850000090082300220221280001F046FA062207
:10186000290014F1080000F09BFCFFE712E2207948
:10187000162802D0172836D06BE0E078002802D076
:10188000012816D02EE0A51CF12003900020029024
:101890000C2001900720009009230022022128003B
:1018A00001F023FA0622290014F1080000F078FC68
:1018B00018E0A51C0622290014F1080000F070FCB5
:1018C000F1200390DFF8E403029017200190162026
:1018D00000901623E078421ED2B20521280001F0C4
:1018E00004FAFFE735E0E078002802D0012816D09E
:1018F0002EE0A51CF1200390002002900C20019006
:1019000007200090092300220221280001F0EDF9B0
:101910000622290014F1080000F042FC18E0A51C82
:101920000622290014F1080000F03AFCF12003908F
:10193000DFF87C03029017200190162000901723F7
:10194000E078421ED2B20521280001F0CEF9FFE76F
:10195000FFE79FE12079192805D0C0F0A5801B285A
:101960006DD037D3A0E0E078002802D0012816D04F
:101970002FE0A51CF1200390002002900C20019084
:10198000072000900A2300220221280001F0ADF96F
:101990000622290014F1080000F002FC19E0A51C41
:1019A0000622290014F1080000F0FAFBC14EF120D4
:1019B000039002961B200190192000901923E078D3
:1019C000421ED2B20621280001F08FF9B6484663C4
:1019D000FFE769E0E078002802D0012816D02DE06A
:1019E000A51CF1200390002002900C2001900720FC
:1019F00000900A2300220221280001F076F9062235
:101A0000290014F1080000F0CBFB17E0A51C06220A
:101A1000290014F1080000F0C3FBF1200390A64850
:101A200002901B200190192000901A23E078421E9A
:101A3000D2B20621280001F058F9FFE734E0E0783F
:101A4000002802D0012816D02DE0A51CF12003901B
:101A5000002002900C200190072000900A23002211
:101A60000221280001F041F90622290014F10800A2
:101A700000F096FB17E0A51C0622290014F10800CF
:101A800000F08EFBF12003908C4802901B20019007
:101A9000192000901B23E078421ED2B206212800B4
:101AA00001F023F9FFE7FFE7F4E020791D2808D0D3
:101AB000C0F0DB801F286ED038D3202800F0A08033
:101AC000D3E0E078002802D0012816D02DE0A51C34
:101AD000F1200390002002900C200190072000903C
:101AE0000B2300220221280001F0FFF80622290022
:101AF00014F1080000F054FB17E0A51C0622290091
:101B000014F1080000F04CFBF12003906C480290A7
:101B1000202001901D2000901D23E078421ED2B2AB
:101B20000721280001F0E1F8FFE79EE0E0780028B7
:101B300002D0012816D02DE0A51CF1200390002032
:101B400002900C200190072000900B23002202211C
:101B5000280001F0CAF80622290014F1080000F05C
:101B60001FFB17E0A51C0622290014F1080000F055
:101B700017FBF120039053480290202001901D2074
:101B800000901E23E078421ED2B20721280001F007
:101B9000ACF8FFE769E0E078002802D0012816D011
:101BA0002DE0A51CF1200390002002900C20019054
:101BB000072000900B2300220221280001F095F855
:101BC0000622290014F1080000F0EAFA17E0A51C2B
:101BD0000622290014F1080000F0E2FAF120039037
:101BE00039480290202001901D2000901F23E078AA
:101BF000421ED2B20721280001F077F8FFE734E057
:101C0000E078002802D0012816D02DE0A51CF12094
:101C10000390002002900C200190072000900B23DD
:101C200000220221280001F060F80622290014F1A8
:101C3000080000F0B5FA17E0A51C0622290014F1EF
:101C4000080000F0ADFAF120039020480290202017
:101C500001901D2000902023E078421ED2B207217F
:101C6000280001F042F8FFE7FFE713E0062214F135
:101C70000801A01C00F094FA0CE00B4D2878022813
:101C800007D0062214F10801A01C00F089FA0020F8
:101C90002870FFE77FBD0000E027002028280020F3
:101CA0007D000020800000207C00002098000020A3
:101CB0009C00002054280020A8000020AC00002038
:101CC000B4000020B8000020BC000020C0000020AC
:101CD000F8B4030000250868E840002800F0D78029
:101CE00001260F6816FA05F007403A00002A00F0B6
:101CF000CC80087910F00300012804D0087910F096
:101D0000030002281DD19F685FF0030C2800C0B2B9
:101D100040001CFA00FC37EA0C07D1F80CC0280080
:101D2000C0B240001CFA00FC5CEA07079F605868DC
:101D3000AE40B0434E68C6F30016AE4030430400D8
:101D40005C60087910F0030003280ED0DE680327DA
:101D50002800C0B240008740BE438F682800C0B250
:101D6000400087403E433400DC60087910F00300F7
:101D7000022818D12800C00803EB8000066A0F274C
:101D800015F00700C0B280008740BE430F6915F010
:101D90000700C0B2800087403E4334002800C008DE
:101DA00003EB800004621E6803272800C0B24000D5
:101DB0008740BE430F7917F003072800C0B24000E8
:101DC00087403E4334001C60486810F4403F5CD0BC
:101DD0009548066856F001060660006810F001009C
:101DE00000900098914F2800800857F820605FF01D
:101DF0000F0C15F00300C0B280001CFA00FC36EA9C
:101E00000C06B3F1904F01D1002414E088488342BE
:101E100001D101240FE08748834201D102240AE066
:101E20008548834201D1032405E08448834201D1DF
:101E3000042400E0072415F00300C0B280008440B1
:101E400026432800800847F820607D4C2068904396
:101E50004F68FF0200D5104320607A4E34689443E7
:101E60004F68BF0200D514433460774E306890430A
:101E70004F68BF0300D510433060744E34689443FC
:101E80004F68FF0300D5144334606D1C23E7F1BC99
:101E900070472DE9F041030000250800E8400028C4
:101EA00000F0A880012616FA05F008400200002A7A
:101EB00000F09E80DFF874C1280080085CF82000E4
:101EC0000F2715F0030E5FFA8EFE5FEA8E0E17FAEB
:101ED0000EFE1EEA00000400B3F1904F02D15FF045
:101EE000000E19E05248834202D15FF0010E13E068
:101EF0005048834202D15FF0020E0DE04E4883420B
:101F000002D15FF0030E07E04C48834202D15FF03C
:101F1000040E01E05FF0070E15F00300C0B2800070
:101F20001EFA00FE74452CD14848D0F800E03EEA85
:101F3000020EC0F800E04448D0F800E03EEA020E8D
:101F4000C0F800E03F48D0F800E03EEA020EC0F8DA
:101F500000E03B48D0F800E03EEA020EC0F800E0A6
:101F600015F00300C0B2800017FA00F0040028004A
:101F700080085CF82000A043AE465FEA9E0E4CF855
:101F80002E005FF0030C1868AE465FFA8EFE5FEA23
:101F90004E0E1CFA0EFE5EEA000018602800C00813
:101FA00003EB800E2800C00803EB8000D0F82080EF
:101FB00015F00700C0B28000874038EA0707CEF866
:101FC000207098682F00FFB27F001CFA07F7B84313
:101FD00098605868AE4030EA06065E60DE68280009
:101FE000C0B240001CFA00FC36EA0C0CC3F80CC06E
:101FF0006D1C52E7BDE8F081020010690B009BB236
:10200000184201D0012000E00020C0B27047130048
:10201000DBB2002B03D00B009BB2836102E00B000C
:102020009BB28362704700006010024008000140CC
:102030000004004800080048000C00480010004858
:10204000080401400C040140040401400004014064
:1020500038B504000D00DFF8FC010168200000F035
:1020600006F8A84201D3012000E0002032BD8142E1
:1020700004D25FF0FF32101A081800E0081A704707
:1020800038B52DED048B08EE100A0C001500DFEDBD
:10209000438A2800C0B2FB2810DBB8EEC89A28009B
:1020A000C0B24042C0B200F08BF829EE009A002185
:1020B0002000B0EE490A00F0B1F80EE0B8EEC89A80
:1020C0002800C0B200F07CF889EE009A2900C9B25D
:1020D0002000B0EE490A00F0A1F8BDEC048B31BD40
:1020E00010B400210A00838892B29A4206D20022DC
:1020F00003680C00A4B21A55491CF3E70022828041
:1021000010BC704710B4040013005A1E9BB2002B81
:1021100002D02170641CF7E710BC704770B5040052
:102120000D001600DFF8240100782100C9B28842B2
:1021300009D3DFF824211068002804D0310089B2C7
:1021400028001268904770BD38B504000D002800C3
:1021500003F058F8020092B229002000C0B2FFF745
:10216000DDFF31BD70B504000D00280003F04AF812
:10217000020092B229002000C0B2FFF7CFFFDFF8C3
:10218000DC603068002807D0280003F03BF801002D
:1021900089B228003268904770BD0000000000003E
:1021A00030B404000D0013005A1E9BB2002B04D063
:1021B0002B7823706D1C641CF5E730BC7047000061
:1021C00010B504002000C0B2FB2816DB2000C0B20E
:1021D000D0F5807003F04EF841EC110B9FED200B11
:1021E00003F061F853EC102B0020194903F064F858
:1021F00003F086F900EE100A0FE02000C0B203F0F1
:10220000B3F941EC110B9FED160B03F04CF851ECB8
:10221000100B03F075F900EE100A10BD38B52DED66
:10222000028B82B0B0EE408A04000D0018EE100A56
:1022300003F0A8F9CDE900012A000B49200003F0C2
:10224000C5F902B0BDEC028B31BD0000380C002096
:102250000000F03FA4280020AC280020A82800207F
:10226000000000000000244010F9000880B50022A2
:102270004FF40071DFF87C0BFFF7C9FE00224FF42A
:1022800000715FF09040FFF7C2FE03F0BFF9DFF886
:10229000680BDFF8681B4163DFF8641B421CC1F860
:1022A0005821021DC1F8702110F114020A6210F1C8
:1022B00018028A63427A81F83D2010F10C02C1F8BD
:1022C000A021027A81F8A52110F12402C1F8B821D9
:1022D000027A81F8BD2110F12802C1F8D021027ADA
:1022E00081F8D52110F11C02C1F81822027A81F878
:1022F0001D2210F12002C1F83022427A81F83522E5
:1023000010F12C02C1F87822827A81F87D2210F136
:102310003002C1F89022827A81F8952210F13802B9
:10232000C1F8C022C27A81F8C52210F13C02C1F87E
:10233000D822C27A81F8DD2210F14002C1F8F022E1
:10234000C27A81F8F52210F14402C1F80823C07A5C
:1023500081F80D03DFF8B40A0068C1F85003DFF814
:10236000B00A0068C1F8800301BD38B50020002420
:102370002000C0B2072835DADFF8985A2000C0B232
:1023800000012844407801282AD12000C0B2000171
:102390002844406800280ED003F090F92100C9B20B
:1023A000090129444968401A2100C9B20901294498
:1023B0008968884214D300202100C9B20901294448
:1023C000487003F07BF92100C9B209012944486033
:1023D0002000C0B22100C9B209012944C968884758
:1023E000641CC5E7002032BD38B50400DFF8285A68
:1023F000687800281FD100224FF40071DFF8F4093B
:10240000FFF705FE00224FF400715FF09040FFF7E8
:10241000FEFD03F0FBF88920009020230722052110
:10242000DFF8F80903F050F9012068700221DFF8A5
:10243000E40903F091FA012032BD7CB50400DFF815
:10244000E0592878002803D0022823D003D33DE0A8
:1024500003F0ACFA3AE003F01FFB89200090202340
:1024600007220521DFF8B40903F02EF9DFF8B429BB
:1024700003212C2003F042FADFF8AC2904210820C4
:1024800003F03CFA03F065FB41F28830DFF8841971
:1024900088611BE00120DFF88019487089200090D6
:1024A000202307220521DFF8740903F00DF9DFF876
:1024B00064690221300003F04FFA0321300003F079
:1024C0004BFA0421300003F047FAFFE72878401C5C
:1024D00028702100C9B2DFF83C0903F04CFA012052
:1024E00076BD70B5040000F0BCF8DFF82C596878B0
:1024F000012803D1A87800F0ACFB04E00021DFF84C
:10250000140903F029FADFF82409A9780278914226
:1025100007D0A9780170DFF818090068DFF81419EE
:102520000860A8780A2812D1DFF808694FF4FA6128
:102530003068FFF78DFD012809D1DFF8F408006845
:102540003060062215F10801A81CFFF729FE2100C2
:10255000C9B2DFF8C00803F00EFA012070BD10B553
:102560000400DFF8D418DFF8D4080069FFF770FD25
:10257000012827D1DFF8C8080178012905D10021F9
:1025800001700020DFF890188870DFF8B808018823
:10259000491C018042F21071DFF878282300DBB279
:1025A0001B011A449268B1FBF2F102888A420DD3F2
:1025B00000210180DFF860188878002806D000200C
:1025C000887003E00120DFF8781808702100C9B294
:1025D000DFF8400803F0CFF9012010BD38B5040042
:1025E000FDF7EDFDDFF85458287A012808D10521C0
:1025F000DFF8200803F0B0F9DFF83408006828613C
:102600002100C9B2DFF80C0803F0B5F9012032BD92
:1026100010B50400FDF7BAFDDFF8200800210170B5
:1026200000210172012010BD10B5040000224FF4FA
:102630000051DFF8C007FFF7EAFC012010BD10B51C
:10264000040001224FF40051DFF8A807FFF7DFFC78
:10265000DFF8C007210089B28166062103F08BF9FB
:1026600010BD38B5DFF89047DFF8DC07616B0978FB
:1026700050F82100DFF88817C1F86002DFF8CC07B6
:1026800001786170DFF8C817407851F82000606069
:10269000207A02F0B1FB00EE100ADFF8B857B8EE6E
:1026A000400AD5ED010A20EE200ABDEEC00A84EDF5
:1026B000030A607A02F0A0FB00EE100AB8EE400AAE
:1026C000D5ED020A20EE200ABDEEC00A84ED040A10
:1026D000FE2002F091FB00EE100AB8EE400AD5EDA4
:1026E000030A20EE200ABDEEC00A84ED050A607AD6
:1026F00002F082FB00EE100AB8EE400AD5ED040AA3
:1027000020EE200ABDEEC00A84ED060A207A02F00F
:1027100073FB00EE100AB8EE400AD5ED050A20EE74
:10272000200ABDEEC00A84ED070A607A02F064FB5D
:1027300000EE100AB8EE400AD5ED060A20EE200A97
:10274000BDEEC00A84ED080AA07A02F055FB00EE47
:10275000100ADFF8A856B8EE400AD5ED020A20EEBE
:10276000200ABDEEC00A84ED0B0AA07A02F044FBF9
:1027700000EE100AB8EE400AD5ED010A20EE200A5C
:10278000BDEEC00A84ED0C0AE07A02F035FB00EEE3
:10279000100ADFF8C456B8EE400AD5ED000A20EE64
:1027A000200ABDEEC00A84ED0E0AE07A02F024FB96
:1027B00000EE100AB8EE400AD5ED010A20EE200A1C
:1027C000BDEEC00A84ED0F0AE07A02F015FB00EEC0
:1027D000100AB8EE400AD5ED020A20EE200ABDEE3E
:1027E000C00A84ED100AE07A02F006FB00EE100A3F
:1027F000B8EE400AD5ED030A20EE200ABDEEC00A6D
:1028000084ED110A31BD2DE9F84F8AB00600202170
:10281000002202AC200003F009FA00240025002069
:102820008DF8050000208DF806001827DFF8D08508
:102830003000C0B27843404490F815903000C0B2E8
:10284000784340444068002842D001213000C0B2A3
:1028500000F0A9F900280ED13000C0B278434044FE
:1028600042683000C0B278434044017D4846C0B25F
:1028700003F044F81EE05FF0000A3000C0B2784375
:102880004044406802F0BEFC5146C9B2814207D2C2
:10289000202002A95246D2B288541AF1010AECE76C
:1028A00002AA3000C0B278434044017D4846C0B21D
:1028B00003F024F83000C0B278434044406802F08E
:1028C000A1FCDFF898150979491C484310FA89F9E9
:1028D0003000C0B2784340448068002800F03A815C
:1028E0003000C0B278434044007B00280BD002285F
:1028F0001ED012D3042830D024D3062845D036D396
:1029000007283ED044E03000C0B27843404480689D
:102910000078002104000D003AE03000C0B2784396
:102920004044806890F90000C11704000D002FE0BA
:102930003000C0B278434044806800880021040021
:102940000D0025E03000C0B2784340448068B0F903
:102950000000C11704000D001AE03000C0B2784337
:10296000404480680068002104000D0010E0300041
:10297000C0B27843404480680068C11704000D006D
:1029800006E001208DF8050002E002208DF8050028
:102990009DF8050000280CD13000C0B278434044B7
:1029A000407B40420200D2B202A92000FFF768FB40
:1029B00026E09DF8050001281AD13000C0B2784306
:1029C0004044806802F01EFC202819D23000C0B2BA
:1029D00078434044806802F015FC020092B2300057
:1029E000C0B278434044816802A8FFF7D9FB07E0F2
:1029F0003000C0B278434044806800788DF8080009
:102A000002213000C0B200F0CEF8012823D13000FE
:102A1000C0B278434044807DC0B200098DF8060002
:102A20009DF806000F2805D0202002A99DF8062059
:102A3000885410E05FF0000A02A802F0E3FB514660
:102A4000C9B2814207D2202002A95246D2B288548C
:102A50001AF1010AF0E73000C0B201285ED15FF040
:102A6000000A00208DF804003000C0B278434044D2
:102A7000407B002802D009208DF804003920009006
:102A80002E2315220F21DFF8D80303F003F902A843
:102A900002F0B8FB8346DFF8C4030079401C00FB5A
:102AA0000BFB5846C0B2022190FBF1F01F280BDA55
:102AB0005846C0B2022190FBF1F0D0F140009DF8E1
:102AC000041050FA81FA07E05846C0B2D0F15F0016
:102AD0009DF8041050FA81FA02AA3000C0B278437F
:102AE0004044007D401CC0B2DFF870134979D1EB3F
:102AF000C001491EC9B25046C0B203F075FA5AFA75
:102B00008BF09DF80490B0EB0909892000902023F8
:102B100007220521C14802F0D7FD1BE08920009063
:102B2000202307220521BD4802F0CEFD02AA300075
:102B3000C0B278434044017D4846C0B202F0DEFE98
:102B400002A802F05FFBC5490979491C484310FA05
:102B500089F081463000C0B27843404400690028C3
:102B60001ED03000C0B2784340448068002817D09F
:102B70003000C0B2784340448068BA4988420FD0E0
:102B80003000C0B27843404402693000C0B207FB55
:102B900000F708EB0700017D4846C0B202F0AEFE28
:102BA0000BB0BDE8F08FF8B504000D009449220089
:102BB000D2B21820424301EB0200817D2800C0B24E
:102BC00001402800C0B281422FD1A026A64F4FF469
:102BD00096712800C0B2704338442200D2B250F837
:102BE0002200FFF735FA01282AD12800C0B206FBDF
:102BF00000F607EB06002100C9B28D4A126840F8C2
:102C00002120282099492A00D2B242430A442300B5
:102C1000DBB22E00F6B200FB06F008442100C9B278
:102C2000405CD0F10100D0540AE090492A00D2B2B1
:102C30002820424301EB02002100C9B20022425485
:102C40008A49EDB22820454301EB0500E4B2005D5E
:102C5000F2BD70B50400002602F01EFF00F077F808
:102C60002000C0B200F07DF82000C0B200F093F860
:102C70000025280080B2282811DA61492A0092B282
:102C80001820424301EB0200C07D2100C9B28842F6
:102C900003D12800C0B2FFF7B6FD6D1CE9E702F0D2
:102CA00058FF70BDF0B44271C47803792500EDB2CD
:102CB000AB420AD3F025524E2700FFB218235F43E0
:102CC00006EB07039D75641CEFE718234C4C8578D1
:102CD0005D4325444679AE75002904D0857803FB11
:102CE00005F323449960F0BC70472DE9F84F0700C5
:102CF000884691469A460A9E0B9DDDF830B00D9CA1
:102D000087F8008087F8019087F802A0FE703D7177
:102D10002200D2B259463800FFF7C4FFBDE8F18F58
:102D200010B4010000221000C0B204280CD2100020
:102D3000C0B2085C4E4B1400E4B21B5D984201D057
:102D4000002002E0521CEEE7012010BC704780B565
:102D50000120009008237F220821002003F0C8F9F9
:102D600001BD10B504002000C0B2002812D13948BE
:102D70000078002807D123A2214890F84410782039
:102D800002F0BCFD06E020A21D4890F84410782017
:102D900002F0B4FD10BD0100C9B2092924D11649C1
:102DA0000978002906D002290ED008D3042915D0AD
:102DB0000FD318E02F49124AC2F8981318E02E4991
:102DC0000F4AC2F8981313E02C490D4AC2F8981321
:102DD0000EE02B490A4AC2F8981309E02949084A2B
:102DE000C2F8981304E003E02249054AC2F8981398
:102DF00070470000000800487C0000205428002094
:102E000028010020200000004E0000008005002066
:102E1000C40000200C0000202828002020ED00081D
:102E2000C5280020B0F60008D0F20008C62800200F
:102E3000A42800207C28002080EE3600E027002017
:102E4000C7280020B828002020010020340C0020D2
:102E5000BC060020782700203828002048280020C1
:102E6000F8EA0008360C0020EC1E0020E4240020C4
:102E7000CC000020D0000020E0000020F000002066
:102E8000000100201001002010B504000121DFF82E
:102E9000F80C02F070FD012010BD30B587B00400C1
:102EA0001421002202AD280002F0C0FEDFF8F80B6A
:102EB000D0E90023CDE9002302A80090DFF8EC5B05
:102EC0002978684600F0FAF928786870BDF804108F
:102ED000009800F01AFD00202870DFF8AC5C022199
:102EE000280002F039FD0321280002F044FD2100F2
:102EF000C9B2280002F03FFD012007B030BD10B577
:102F00000400DFF8AC1B8888002810D0DFF8A40B81
:102F100002888B889A4208D1002101800321DFF8C2
:102F2000680C02F019FD012008E089880180210069
:102F3000C9B2DFF8540C02F01EFD012010BD2DE9CE
:102F4000F041040000250026DFF8647BB8880328E0
:102F50003DDB3868B988084410F8010C3968BA8834
:102F6000114411F8021C51EA00210E00B988891E93
:102F7000386803F057F905002800310080B289B2A3
:102F800088421DD10721DFF8000C02F0F4FC3868FC
:102F9000007807280DD1DFF8148B012198F8010083
:102FA00000F0A5F998F80120D7E9000100F08FF9A9
:102FB00013E00021DFF8F40A407800F098F90CE003
:102FC0000021DFF8E80A407800F091F905E00021DF
:102FD000DFF8D80A407800F08AF9DFF8D00A4078A4
:102FE00000F0ECF80221DFF8A00B02F0D6FC012083
:102FF000BDE8F0810100DFF8B40D0278032A01D0AA
:10300000042202700120704710B504002100C9B2EB
:10301000DFF8740B02F0AFFC012010BD10B5040006
:10302000DFF8680B0178012936D1DFF8081CC97870
:10303000012931D1DFF8001C91ED030AD0ED020A1D
:10304000B4EE600AF1EE10FA08DA91ED030AD0ED61
:10305000010AB4EE600AF1EE10FA0ED501224FF427
:1030600000615FF09040FEF7D2FF01224FF48051E3
:103070005FF09040FEF7CBFF1CE000224FF40061B0
:103080005FF09040FEF7C3FF00224FF480515FF0E5
:103090009040FEF7BCFF0DE000224FF400615FF0AE
:1030A0009040FEF7B4FF00224FF480515FF0904053
:1030B000FEF7ADFFDFF8D00A4FF47A718166210088
:1030C000C9B202F058FC012010BD38B50400DFF889
:1030D0006C1B087800281FD101200870DFF8605BA6
:1030E000012210212800FEF792FF0022082128006B
:1030F000FEF78DFF00220421DFF8480BFEF787FF63
:103100004FF4FA60DFF8801A886703F06DFA03F075
:1031100016FC03F005FC12E00020087001220821D3
:10312000DFF81C0BFEF773FF01220421DFF8140BFC
:10313000FEF76DFF4EF66020DFF84C1A886721001D
:10314000C9B2DFF8440A02F016FC012032BD10B506
:103150000400DFF8E41A0878002803D1002081F881
:10316000240011E0DFF8480C8278042A05D0827828
:10317000092A06D1007A042803D1032081F824000B
:1031800002E0022081F82400DFF8A80AC0780128B4
:1031900006D1012081F82500012081F8260005E0F4
:1031A000002081F82500002081F826002100C9B206
:1031B000DFF8D40902F0DFFB012010BD38B52DED9A
:1031C000028B04009FED858A2000C0B200285AD1EE
:1031D000DFF8645A95ED010ADFED810A20EE200A3E
:1031E000BDEEC00A10EE100A00F02EFA85ED010ABD
:1031F00095ED010A00F09AFA85ED030A95ED020AB1
:1032000000F0F4FA85ED040A95ED040AD5ED060AFE
:1032100030EE200ADFF89C0BD0ED020AF4EE400AF3
:10322000F1EE10FA02D5D0ED020A0BE0D0ED030A60
:10323000B4EE600AF1EE10FA02D5D0ED030A01E017
:10324000F0EE400AC5ED040AD5ED030A95ED051A26
:1032500030EE818AD0ED000AF4EE480AF1EE10FA61
:1032600002D590ED000A0BE090ED010AB4EE408A21
:10327000F1EE10FA02D590ED010A01E0B0EE480A35
:1032800085ED030AFFE7DFF8B0592878002807D159
:103290000020686095ED010A00F048FA85ED030A08
:1032A0002878002807D10020A86095ED020A00F0D8
:1032B0009DFA85ED040ABDEC028B31BD38B50400E2
:1032C0000D002900C9B2200000F01BF831BD70B517
:1032D00004000D00160020000078C0B2072805D1B8
:1032E0003200D2B22000290000F07CF870BD38B561
:1032F00004000D002900C9B22000C0B200F01CF982
:1033000031BD3EB504000D002800C0B2002808D031
:10331000022819D00ED3042835D01FD3052847D052
:103320005BE004200090002303220721200002F02C
:1033300097FF52E0012000904FF4805303220721B1
:10334000200002F08DFF48E00120009041F20403CC
:1033500003220721200002F083FF3EE0DFF8540D36
:10336000818802290ED1016801918088022190FB99
:10337000F1F080B200904FF4805306220721200024
:1033800002F0BCFF29E0DFF82C0D818802290ED164
:10339000016801918088022190FBF1F080B20090D9
:1033A00041F2040306220721200002F0A7FF14E0E7
:1033B000DFF8000D818802290ED101680191808813
:1033C000022190FBF1F080B2009042F2200306222D
:1033D0000721200002F092FFFFE737BD0000000048
:1033E00000007A442DE9F84F2DED028B82B00400E5
:1033F0000D0091460020ADF800009FED6B8A00267D
:103400004846C0B200280BD0022876D05ED30428EC
:1034100000F08A80C0F08880052800F0858086E072
:103420000320ADF8000002226946200000F03AFABD
:1034300008EE900A02226946200000F033FA804626
:10344000DFF8F477B8EE680A10EE100A02F09AF886
:1034500082468B46404602F087F841EC110B9FED07
:10346000B10B01F020FF53EC102B5046594601F0F0
:1034700023FF02F045F8786002226946200000F040
:1034800011FA00EE100AB0EE408A022269462000CE
:1034900000F008FA0600B8EE480A10EE100A02F032
:1034A00071F882468B46300002F05EF841EC110B59
:1034B0009FED9C0B01F0F7FE53EC102B5046594644
:1034C00001F0FAFE02F01CF8B86030E00320ADF81D
:1034D000000002226946200000F0E4F900EE100A24
:1034E000B0EE408AB8EE480AF2EE040A80EE200AF6
:1034F000DFF8440780ED070A19E00320ADF800006B
:1035000002226946200000F0CDF900EE100AB0EE6C
:10351000408AB8EE480AF2EE040A80EE200ADFF88C
:10352000180780ED080A02E000F061F9FFE702B039
:10353000BDEC028BBDE8F18F0200D2B2002A052A51
:103540001BD80A00D2B2012A0ED1DFF8EC260023E4
:103550005370012313700200D2B2002A0CD1012251
:10356000DFF8D036DA7007E0DFF8CC265378032B8B
:1035700002DA53785B1C5370FFE7DFF8BC365A78E9
:10358000002A10D05A78032A0DDB00221A7000227C
:103590005A6000229A600022DA6100221A62002238
:1035A000DFF89036DA707047000000002DE9F04136
:1035B00000242500EDB20A2D43DA00252E00F6B2D4
:1035C000092E3CDA2E00F6B201EB860676682F0053
:1035D000FFB251F82770BE422FDA00262F00FFB24B
:1035E00051F82770AC465FFA8CFC01EB8C0CDCF8D0
:1035F00004C0AE465FFA8EFE41F82EC0AC465FFABC
:103600008CFC01EB8C0CCCF80470AC465FFA8CFCA3
:1036100050F82CC0AE465FFA8EFE00EB8E0EDEF840
:1036200004E0A8465FFA88F840F828E0AE465FFA62
:103630008EFE00EB8E0ECEF804C06D1CBEE7641C3F
:10364000B7E7BDE8F081000038B52DED028B04002E
:103650009FED938ADFF8F41A087800282AD1012018
:10366000087000210800C0B20A2815DA0800C0B2AC
:10367000DFF8DC2A0B00DBB242F82300DFF8182B5E
:103680000800C0B252F82000002803D10800C0B2E0
:1036900042F82040491CE5E7DFF8FC5A09230022E4
:1036A0002900DFF8AC0AFFF781FF95ED050AB8EEB7
:1036B000C00A30E000200100C9B20A291EDADFF892
:1036C000901A0200D2B251F82220092A0BD100220E
:1036D0000300DBB241F82320DFF8BC1A0200D2B2AB
:1036E00041F8224008E00200D2B251F82220521CD8
:1036F0000300DBB241F82320401CDCE7DFF8985AD6
:10370000092300222900DFF8480AFFF74FFF95ED53
:10371000050AB8EEC00ADFEDBB0A80EE200ABDEC58
:10372000028B31BD0000000000002440F0EE400A92
:103730009FEDB51A9FEDB53ADFED593AF5EE400A27
:10374000F1EE10FA40D0F0EE603A9FEDB10ADFF8EA
:10375000D40A90ED004A34EE634AB4EE404AF1EEEA
:1037600010FA08DA90ED004A33EEC44AB4EE404A4B
:10377000F1EE10FA03DB9FEDA30A21EE001ADFF849
:10378000A80A90ED000AF0EE401ADFF8A01A91EDB9
:10379000000A30EE010AB0EE402A32EE030A82EE51
:1037A000000AF0EE402A33EEE10AB0EE614A00EE84
:1037B000224A80ED004AB7EE000A30EE620A20EE9F
:1037C000020A81ED000A08E0DFF8600A5FF07E512E
:1037D0000160DFF8540A00210160DFF84C0ADFF8CD
:1037E000441A02680A6090ED000A7047704780B57D
:1037F0000320DFF8B81508700421E34802F0CDF883
:103800003220FEF71CFF01BD80B5DFF8240A0078E6
:10381000A64908700220DFF8941508700421DA48E0
:1038200002F0A9F801BD2DE9F04104000D001600D9
:103830002F00DFF880884046FEF752FC300080B24F
:10384000022802D004280BD01DE07878D8F80010A8
:1038500008703878D8F800104870A8F8046015E0AF
:103860007878D8F8001008703878D8F800104870C8
:10387000F878D8F800108870B878D8F80010C870B8
:10388000A8F8046002E00020A8F80400DFF8A0090E
:1038900004700120DFF89C190870BDE8F081000079
:1038A00000000000F0B4030000200C881500EDB209
:1038B000042D16D12500ADB21D44AE782500ADB261
:1038C0001D44ED7855EA06252600B6B29E5D270018
:1038D000BFB21F447F7857EA062757EA05473800EA
:1038E0000DE01500EDB2022D09D12500ADB25D5DF0
:1038F0002600B6B21E44767856EA052630000D88BA
:1039000055FA82F50D80F0BC704770B504000D00CB
:10391000DFF8246901224FF480513000FEF777FB75
:103920000A2003F02FF802F0F3FF4FF47A732A0015
:1039300092B22100DFF8040903F075F800224FF479
:1039400080513000FEF763FB70BD2DE9F0412DED95
:10395000028B8EB0F0EE408AB0EE608A32210022F7
:103960006C46200002F062F9002700240025DFF8F1
:10397000C882C8ED058A88ED068A98ED050A01F02F
:103980002FFC060098ED060A01F02AFC80466846E6
:103990003100090E3A00D2B281547F1C3100090C6B
:1039A0003A00D2B281547F1C3100090A3A00D2B2E7
:1039B00081547F1C3900C9B246547F1C4146090E10
:1039C0003A00D2B281547F1C4146090C3A00D2B26F
:1039D00081547F1C4146090A3A00D2B281547F1CAF
:1039E0003900C9B200F801807F1C3A00D2B292B20D
:1039F0006946DFF84C0804F033F80EB0BDEC028BDA
:103A0000BDE8F08100007A4495BFD63317B7D138AE
:103A1000CDCC4C3E70B500240025DFF8240800789A
:103A2000C0B2FF2839D0DFF81C080178C9B20906F6
:103A3000DFF814080078C0B251EA0041DFF80C0842
:103A40000078C0B251EA0021DFF804080078C0B263
:103A500001430C00DFF8FC070178C9B20906DFF862
:103A6000F8070078C0B251EA0041DFF8F0070078AB
:103A7000C0B251EA0021DFF8E8070078C0B2014384
:103A80000D006D4E16F11401200001F0D1FA16F16F
:103A90001801280001F0CCFA04E0674800214161D8
:103AA0000021816170BD0000C8F80008C028002016
:103AB000E40B0020BE2800202DE9F0472DED028BFD
:103AC0008EB00400F0EE408AB0EE608A322100220F
:103AD0006D46280002F0AAF8002500260027DFF82E
:103AE000ACA08AF800408AED028ACAED018A9AEDFC
:103AF000020A01F075FB80469AED010A01F070FBA5
:103B0000814668469AF800102A00D2B281546D1C92
:103B10004146090E2A00D2B281546D1C4146090C5F
:103B20002A00D2B281546D1C4146090A2A00D2B241
:103B300081546D1C2900C9B200F801806D1C4946F2
:103B4000090E2A00D2B281546D1C4946090C2A0084
:103B5000D2B281546D1C4946090A2A00D2B281545E
:103B60006D1C2900C9B200F801906D1C2A00D2B268
:103B700092B26946DFF8EC0603F072FF0EB0BDECBE
:103B8000028BBDE8F0870000300700205428002099
:103B900070B500240025DFF8CC060078C0B2FF28FD
:103BA0003DD0DFF8C466DFF8C40600783070DFF877
:103BB000C0060178C9B20906DFF8B8060078C0B2BD
:103BC00051EA0041DFF8B0060078C0B251EA0021A6
:103BD000DFF8A8060078C0B201430C00DFF8A006A9
:103BE0000178C9B20906DFF89C060078C0B251EA34
:103BF0000041DFF894060078C0B251EA0021DFF8F6
:103C00008C060078C0B201430D0016F108012000B7
:103C100001F00EFA311D280001F00AFA08E0DFF881
:103C2000480600210170DFF86816816000214160BC
:103C300070BD00009028002078270020CD280020AB
:103C400000040048000C00482DE9F84F2DED048BCE
:103C50008EB0F0EE409AB0EE608AF0EE418AB0EE9F
:103C6000619A3221002201AC200001F0DFFF5FF0F9
:103C7000000B00200090002400250026DFF834A16E
:103C8000CAED009A8AED018ACAED028A8AED039A8A
:103C90009AED000A01F0A4FA07009AED010A01F07A
:103CA0009FFA80469AED020A01F09AFA81469AED4F
:103CB000030A01F095FA824601A83900090E5A4616
:103CC000D2B281541BF1010B3900090C5A46D2B211
:103CD00081541BF1010B3900090A5A46D2B28154B2
:103CE0001BF1010B5946C9B247541BF1010B414668
:103CF000090E5A46D2B281541BF1010B4146090C00
:103D00005A46D2B281541BF1010B4146090A5A4668
:103D1000D2B281541BF1010B5946C9B200F801809F
:103D20001BF1010B4946090E5A46D2B281541BF1D0
:103D3000010B4946090C5A46D2B281541BF1010BC2
:103D40004946090A5A46D2B281541BF1010B594621
:103D5000C9B200F801901BF1010B5146090E5A46F9
:103D6000D2B281541BF1010B5146090C5A46D2B212
:103D700081541BF1010B5146090A5A46D2B28154B3
:103D80001BF1010B5946C9B200F801A01BF1010B50
:103D90005A46D2B292B201A9DFF8F80403F060FEED
:103DA0000EB0BDEC048BBDE8F18F00007C0000205C
:103DB00028280020382800202DE9F0410024002583
:103DC00000260027DFF8CC040078C0B2FF2871D0AD
:103DD000DFF8C4040178C9B20906DFF8C00400782E
:103DE000C0B251EA0041DFF8B8040078C0B251EA2D
:103DF0000021DFF8B0040078C0B201430C00DFF806
:103E0000A8040178C9B20906DFF8A0040078C0B29E
:103E100051EA0041DFF898040078C0B251EA00216D
:103E2000DFF890040078C0B201430D00DFF8880489
:103E30000178C9B20906DFF884040078C0B251EAFB
:103E40000041DFF87C040078C0B251EA0021DFF8BD
:103E500074040078C0B201430E00DFF86C040178EE
:103E6000C9B20906DFF864040078C0B251EA004123
:103E7000DFF85C040078C0B251EA0021DFF8540496
:103E80000078C0B201430F00DFF84C8441462000A7
:103E900001F0CEF818F10401280001F0C9F818F17A
:103EA0000801300001F0C4F818F10C01380001F0ED
:103EB000BFF80BE0DFF82004DFF8D4130160002125
:103EC0004160DFF8181481600021C160BDE8F08115
:103ED00078B591B004000D003C21002202AE300004
:103EE00001F0A4FE0020ADF804000321062000F03C
:103EF0006EFD0B2000900023DFF8E42301A902A847
:103F000001F080F84FF47A73BDF8042002A9DFF8BD
:103F1000D40302F088FD12B070BD78B591B00400F2
:103F20000D003C21002202AE300001F07FFE002097
:103F3000ADF80400C24803F063FDCA4803F060FD19
:103F4000C94800210170D2498160002141600D20E3
:103F500000900023DFF8902301A902A801F052F895
:103F60004FF47A73BDF8042002A9DFF8780302F059
:103F70005AFD12B070BD38B590B004000D0003A812
:103F8000DFF86813322203F0AFFDDFF86403D0E9F5
:103F90000023CDE9012303A801900023D54802782E
:103FA00002A903A800F0B9FF02200090002379A223
:103FB00002A903A801F026F84FF47A73BDF808208F
:103FC0000199C84802F02FFD11B030BDF8B50400CA
:103FD0000D0000262068007830283ADB2068007841
:103FE0003A2836DA002700200100C9B2A28889B237
:103FF00091420FD221680200D2B2895C302905DBE0
:1040000021680200D2B2895C3A2900DB02E07F1C01
:10401000401CE9E73900C9B2206801F0ABF806009E
:10402000B6F5807F0DD2B34841783000C0B200F0C1
:10403000CEFC4FF47A73022279A1AA4802F0F3FC75
:104040000EE04FF47A730522AB49A64802F0EBFC70
:1040500006E04FF47A730522A749A24802F0E3FC78
:10406000F1BD38B590B004000D0003A8A349322279
:1040700003F03AFDA248D0E90023CDE9012303A8CB
:10408000019000239B48427802A903A800F045FF55
:104090000220009000233FA202A903A800F0B2FF73
:1040A0004FF47A73BDF8082001998E4802F0BBFCEA
:1040B00011B030BDC0070020F8B504000D00002687
:1040C00020680078302839DB206800783A2835DA13
:1040D000002700200100C9B2A28889B291420FD204
:1040E00021680200D2B2895C302905DB2168020018
:1040F000D2B2895C3A2900DB02E07F1C401CE9E770
:104100003900C9B2206801F035F806000C2E0DD236
:104110003100C9B27748007800F059FC4FF47A7347
:1041200002223FA16F4802F07EFC0EE04FF47A734A
:10413000052271496B4802F076FC06E04FF47A7371
:1041400005226D49674802F06EFCF1BDCE280020C3
:104150002827002080B5FFF75DFCFFF719FDFFF76A
:104160002BFE68486849C0F8A4136849C0F8B41326
:104170006749C0F8C4136749C0F8D4136649C0F84A
:10418000E4136649C0F8F41302F0D9FB02F0C8FB4F
:1041900001BD00000D0A00005027002070B500206E
:1041A000002400252800C0B2092836DA5C4E280019
:1041B000C0B200013044407801282CD10120040015
:1041C0002800C0B200013044406800280ED001F041
:1041D00075FA2900C9B2090131444968401A290019
:1041E000C9B2090131448968884214D300202900EA
:1041F000C9B209013144487001F060FA2900C9B21E
:104200000901314448602800C0B22900C9B209013F
:104210003144C96888476D1CC4E72000C0B270BD36
:104220004F4B00009828002094280020C807002049
:10423000CC2800207C00002000080048DC21002061
:10424000000802080208020803080208040802081D
:1042500005080208060802080708020808080208FC
:104260000908020800100208542800200210020861
:1042700003100208041002080510020806100208C4
:104280000710020808100208091002080A100208A4
:10429000000020410020020802200208032002083A
:1042A0000420020805200208062002080720020850
:1042B00008200208092002080A2002080B20020830
:1042C0000C2002080D2002080E2002080F20020810
:1042D0001020020811200208382800200000A04207
:1042E000C8F60008CC2000200CF4000898F0000864
:1042F000D0F80008340C0020C0F80008CCF000080A
:10430000D8F80008D4070020D13E00081B3F000861
:10431000773F0008CD3F000863400008B94000081F
:104320003007002002000020704730B40200DFF8A0
:10433000980A002304688588635583885B1C838002
:10434000DFF8883A1B7804688588635583885B1C8E
:104350008380012030BC7047F8B504000D000020B8
:1043600000212E0022683300DBB2D25C23683700C4
:10437000FFB23B445F7857EA02273A0092B2B2F5A7
:10438000807F23DA380080B200281FD0DFF8380A97
:1043900021683200D2B2895C02688388D154818856
:1043A000491C818021683200D2B2114449780268E8
:1043B0008388D1548188491C8180DFF8100A4178B4
:1043C0003800C0B200F003FB012000E00020F2BD85
:1043D00030B40200DFF8F0090023046885886355D3
:1043E00083885B1C8380DFF8E4395B780468858808
:1043F000635583885B1C8380012030BC7047F8B50F
:1044000004000D00002000212E0022683300DBB2E2
:10441000D25C23683700FFB23B445F7857EA02273B
:104420003A0092B20B2A1FDADFF89C0921683200A9
:10443000D2B2895C02688388D1548188491C81800A
:1044400021683200D2B21144497802688388D1547D
:104450008188491C81803900C9B2DFF87009007871
:1044600000F0B5FA012000E00020F2BDF8B504002C
:104470000D000026DFF8580990ED030A00F0B0FEA9
:104480000100DFF844090A00120A03688788DA5538
:104490008288521C828002688388D1548288521C90
:1044A00082800A00120E03688788DA558288521CBF
:1044B00082800A00120C03688788DA558288521CB1
:1044C00082800120F2BDF8B504000D000026DFF85F
:1044D000000990ED040A00F083FE0100DFF8E8080F
:1044E0000A00120A03688788DA558288521C828083
:1044F00002688388D1548288521C82800A00120E7E
:1045000003688788DA558288521C82800A00120C60
:1045100003688788DA558288521C82800120F2BDA8
:10452000F8B504000D0000269FEDA30A00F058FE28
:104530000100DFF894080A00120A03688788DA5538
:104540008288521C828002688388D1548288521CDF
:1045500082800A00120E03688788DA558288521C0E
:1045600082800A00120C03688788DA558288521C00
:1045700082800120F2BD0000F8B504000D00002685
:104580009FED8D0A00F02CFE0100DFF83C080A00C8
:10459000120A03688788DA558288521C8280026872
:1045A0008388D1548288521C82800A00120E0368CC
:1045B0008788DA558288521C82800A00120C0368B0
:1045C0008788DA558288521C82800120F2BD30B47F
:1045D0000200DFF8F40700230468858863558388A8
:1045E0005B1C8380DFF8E83793F824300468858803
:1045F000635583885B1C8380012030BC704730B4D6
:104600000200DFF8C40700230468858863558388A7
:104610005B1C8380DFF8B83793F825300468858801
:10462000635583885B1C8380012030BC704730B4A5
:104630000200DFF8940700230468858863558388A7
:104640005B1C8380DFF8883793F826300468858800
:10465000635583885B1C8380012030BC704730B475
:104660000200DFF8640700230468858863558388A7
:104670005B1C8380002304688588635583885B1CEA
:104680008380012030BC704730B40200DFF8380767
:10469000002304688588635583885B1C838000231E
:1046A00004688588635583885B1C8380012030BC47
:1046B000704730B40200DFF81007002304688588D3
:1046C000635583885B1C8380DFF808371B78046898
:1046D0008588635583885B1C8380012030BC7047CC
:1046E000F8B504000D00002000212E0022683300E0
:1046F000DBB2D25C23683700FFB23B445F7857EAF5
:1047000002273A0092B2012A03D0380080B2002872
:1047100022D1DFF8B40621683200D2B2895C026887
:104720008388D1548188491C818021683200D2B2AB
:104730001144497802688388D1548188491C81805A
:10474000DFF89006D0ED020A90ED010A3800C0B201
:10475000FFF7B2F9012000E00020F2BDF8B5040037
:104760000D000026DFF86C0690ED020A00F038FD1F
:104770000100DFF854060A00120A03688788DA5538
:104780008288521C828002688388D1548288521C9D
:1047900082800A00120E03688788DA558288521CCC
:1047A00082800A00120C03688788DA558288521CBE
:1047B00082800120F2BD0000000000002DE9F843D6
:1047C00004000D000026002000900027A846206865
:1047D0004146C9B20844817820684246D2B21044AA
:1047E000C07850EA012021684246D2B2895C226832
:1047F0004346DBB21A4492F8019059EA012959EA7A
:104800000049DFF8C40521684246D2B2895C0268DB
:104810008388D1548188491C818021684246D2B264
:104820001144497802688388D1548188491C818069
:1048300021684246D2B21144897802688388D154F3
:104840008188491C818021684246D2B21144C978CE
:1048500002688388D1548188491C81806946484612
:1048600000F0E6FBDFF86C05DDED000A90ED010AD3
:104870000078FFF721F90120BDE8F283F8B50400C4
:104880000D000026DFF84C0590ED010A00F0A8FCB1
:104890000100DFF834050A00120A03688788DA5538
:1048A0008288521C828002688388D1548288521C7C
:1048B00082800A00120E03688788DA558288521CAB
:1048C00082800A00120C03688788DA558288521C9D
:1048D00082800120F2BD2DE9F84304000D0000267E
:1048E000002000900027A84620684146C9B208442D
:1048F000817820684246D2B21044C07850EA012044
:1049000021684246D2B2895C22684346DBB21A442F
:1049100092F8019059EA012959EA0049DFF8A80400
:1049200021684246D2B2895C02688388D15481886A
:10493000491C818021684246D2B2114449780268FC
:104940008388D1548188491C818021684246D2B233
:104950001144897802688388D1548188491C8180F8
:1049600021684246D2B21144C97802688388D15482
:104970008188491C81806946484600F059FBDFF870
:104980005404D0ED020A9DED000A0078FFF794F878
:104990000120BDE8F28370B504000D00DFF8386433
:1049A000012220213000FDF732FB0A2001F0EAFF4E
:1049B0004FF47A732A0092B22100DFF8200402F04B
:1049C00032F8002220213000FDF721FB70BD7CB5BC
:1049D00004000D00082100226E46300001F026F987
:1049E0000026DFF8E803047045706946027833005A
:1049F000DBB2CA54761C40783200D2B28854761C9E
:104A00003200D2B292B26946DFF8D40303F028F83C
:104A100073BDDFF8CC030078C0B2FF280AD0DFF8FE
:104A2000AC03DFF8C01309780170DFF8BC13097814
:104A3000417005E0DFF89403062101700321417005
:104A400070472DE9F04F87B0040000275FF00008A1
:104A50005FF000090025DFF89423D2E90001CDE9D9
:104A600002010026DFF88823D2E90001CDE9040124
:104A7000DFF854A35046FDF733FBA0880828C0F2A6
:104A80009E812068A188084410F8010C2168A28842
:104A9000114411F8021C51EA0021ADF81810A18848
:104AA000891E206801F0BEFBADF81A00BDF81A009F
:104AB000BDF81810884240F0808120680078C34912
:104AC0000978884240F07981206880782168CF7821
:104AD00057EA002720684078032807D0042805D02B
:104AE00006286DD0102800F0C48062E120680079AB
:104AF0002168497951EA00210D005FF00108404624
:104B0000C0B20F2836DA5FF01409DFF8E8B2404689
:104B1000C0B209FB00F058444068390089B28842AD
:104B200025D1280080B24146C9B209FB01F15944A0
:104B3000896888421BDB002100204246D2B209FB73
:104B400002F25A44D268904701280FD14046C0B2C1
:104B500009FB00F0584480682D1A4046C0B209FB9A
:104B600000F90BEB09008068C71900E002E018F1BA
:104B70000108C4E7BAF80400002820D0BAF80400FD
:104B8000022190FBF1F201FB1200002817D1DAF8A4
:104B900000000190BAF80400022190FBF1F080B20D
:104BA00000903B009BB2206842782068017804A8FE
:104BB00001F018FCBDF814100498FFF7ECFEFAE0C1
:104BC00004200100C9B2A288921E91420EDA216827
:104BD0000200D2B2895C029ABDF80C30D154BDF803
:104BE0000C10491CADF80C10401CEAE75FF00108FE
:104BF0004046C0B20F2817DA14227E4B4046C0B29E
:104C0000504318444068390089B2884209D10021D4
:104C100002A8C4465FFA8CFC02FB0CF21A4412692B
:104C2000904718F10108E3E7BAF8040000281FD004
:104C3000BAF80400022190FBF1F201FB12000028F7
:104C400016D1DAF800000190BAF80400022190FBB6
:104C5000F1F080B200903B009BB206222068017800
:104C600004A801F010FCBDF814100498FFF793FE9F
:104C7000A1E000200600206800792168497951EA06
:104C800000210D0007200100C9B2A288921E9142A6
:104C90000EDA21680200D2B2895C029ABDF80C30AB
:104CA000D154BDF80C10491CADF80C10401CEAE7BB
:104CB000280080B240002168897988424DD1BDF832
:104CC0000C002168897989B2884246D15FF00108D9
:104CD0004046C0B20F2840DA5FF01409DFF814B183
:104CE0004046C0B209FB00F058444068390089B220
:104CF00088422FD1280080B24146C9B209FB01F198
:104D000059448968884225DB310089B202A84246AD
:104D1000D2B209FB02F25A4412699047012818D115
:104D20004046C0B209FB00F058448068400010FAC9
:104D300086F64046C0B209FB00F0584480682D1A40
:104D40004046C0B209FB00F90BEB09008068C719A7
:104D500000E002E018F10108BAE7BAF80400002800
:104D600026D0BAF80400022190FBF1F201FB1200F8
:104D700000281DD1206880782168C97851EA002177
:104D80000F00DAF800000190BAF80400022190FB4D
:104D9000F1F080B200903B009BB2102220680178B5
:104DA00004A801F070FBBDF814100498FFF7F3FDA0
:104DB00001E0002004E0012002E0002000E00020EB
:104DC00007B0BDE8F08F0000E8060020340C00209A
:104DD0007827002054280020000400485421002097
:104DE000000002080200020803000208B0F80008F0
:104DF000B8F800089005002001000800C0B20028A3
:104E000001D1012021E00800C0B2FF2801D10A2011
:104E10001BE00800C0B2FE2801D1642015E00800A4
:104E2000C0B2FD2802D14FF47A700EE00800C0B283
:104E3000FC2802D142F2107007E00800C0B2FB2843
:104E400002D1DFF8980300E0012070472DE9F24F0E
:104E500082469346002000210A260027B046B94624
:104E6000009A1588BBF1000F08D5DBF100042D2056
:104E70002A0092B20AF802006D1C00E05C46200095
:104E8000002142464B4602F083FE002901D1002852
:104E900008D0A6FB080106FB091107FB0811804694
:104EA0008946ECE7404649460A22002302F070FE9C
:104EB00006000F00002F01D1002E28D02000002175
:104EC00032003B0002F064FE3030290089B20AF85B
:104ED00001006D1CA0465FF0000920000021320097
:104EE0003B0002F055FEA6FB002306FB013307FB47
:104EF0000033B8EB020079EB030104003000390005
:104F00000A22002302F044FE06000F00D2E70098B8
:104F100005802800C0B2BDE8F28F2DE9FE4F0600E3
:104F20000F0090460020ADF8000000200024002172
:104F30005FF0000BB7F80090B8F1000F02D5D8F180
:104F4000000500E04546424639003000FFF77EFF8D
:104F5000B7F800A0002D4FD09DF80800FFF74CFFD8
:104F600001008D4205D20A2045431BF1010B002DA3
:104F7000F7D15846C0B2002821D050460200D2B224
:104F8000324412F8012C2D2A06D00200D2B24B4630
:104F900092B29BB29A4208D130220300DBB2F254A3
:104FA0001AF1010ABBF1010BE3E70200D2B232446D
:104FB00012F8012C0300DBB2F254401EDEE70A2097
:104FC000B1FBF0F450468346002C15D00A20B4FB08
:104FD000F0F45846C0B2304410F8010C5946C9B23A
:104FE0007054BBF1010B002CEED12E205946C9B2F2
:104FF00070541AF1010AE7E7A7F800A05046C0B2C2
:10500000BDE8FE8FF0B4049C00252E00B6B2A64287
:105010000BD20E88771C0F802F00BFB217FA83F7D0
:10502000D75DB6B287556D1CEFE7F0BC7047000046
:105030002DE9F34F81B02DED028B9FED658A0024A1
:1050400001250026F7EE008A00273800C0B220288C
:1050500064DA0398F84010F0010004003800C0B290
:10506000172829DA18EE900A00F08CFA82468B464F
:105070002000C0B200F078FA804689463800C0B2FD
:10508000D0F117005FF0FF31484300F0F3F841EC36
:10509000110B9FED500B00F006F951EC100B42463E
:1050A0004B4602F08DFE52465B4602F05BFF00F07D
:1050B00027FA08EE900A2FE03800C0B21F2824DA41
:1050C0003000C0B200F050FA82468B462000C0B2D9
:1050D00000F04AFA804689463800C0B2173800F01E
:1050E000C9F841EC110B9FED3B0B00F0DCF851ECE3
:1050F000100B42464B4602F063FE52465B4602F0FE
:1051000031FF02F0EDFF060006E02000C0B20128EA
:1051100002D15FF0FF3005007F1C96E7280040B207
:1051200000F0A8F8804689463000C0B27F3800F011
:10513000A1F841EC110B9FED270B00F0B4F851ECF6
:10514000100B42464B4602F03BFE8046894618EE65
:10515000900A00F017FA42464B4602F031FE00F08A
:10516000CFF900EE100A049880ED000ABDEC028B26
:10517000BDE8F78F70B40300002200240020002552
:105180002A000E00D2B2F6B2B2421FD22A00D2B228
:105190009A5C302A0ADB2A00D2B29A5C3A2A05DAF3
:1051A0002A00D2B29A5C303A140001E000221400C6
:1051B0002A00D2B2002A03D12200D2B2100003E0AA
:1051C0000A22504350FA84F06D1CD9E770BC704736
:1051D000000000000000000000000040A086010068
:1051E00010B42DED010A00206A460023042B07D2DB
:1051F000D45C1900C9B2C9008C4020435B1CF5E7A0
:1052000012BC704700F10103810704D010F8011BA4
:10521000820781B1FAD10268A2F10131914311F004
:10522000803104BF50F8042FF6E709BAB1FA81F1D2
:1052300000EBD100401CC01A704730B4002513E0C9
:1052400050F8042BD30744BFA9F101039A18091F92
:10525000042942F8045BFAD213468C0744BF158038
:105260009B1CC90748BF1D7050F8041B0029E7D1DB
:1052700030BC7047C11768B14840401AB0FA80F29C
:105280009040D21CC907C2F5846241EA025202EB87
:10529000D021400570470268531C036011707047AD
:1052A00041EC100B01BD80B553EC112B51EC100BF0
:1052B00002F034FFF4E72E00F0B540F2FF7581EA0A
:1052C000030C0CF0004C15EA11541DBF15EA1357DE
:1052D000AC42AF42E5E0BC41C1F31301C3F3130399
:1052E000801A994143F4801304D2641E400049415E
:1052F00080185941C90241EA5051B1FBF3F603FB52
:105300001611A2FB0675D7EBC020A94102D2761E6A
:1053100080185941C90241EA5051B1FBF3FE03FB29
:105320001E11A2FB0E75D7EBC020A94103D2AEF12E
:10533000010E80185941890241EA9051760546EAEA
:105340008E2EB1FBF3F603FB1611A2FB0675D7EB0D
:105350008020A94102D2761E80185941C90241EA33
:1053600050514EEA060EB1FBF3F603FB1611A2FBF9
:105370000675D7EBC020A94102D2761E801859418C
:10538000C90241EA5051B1FBF3F703FB1711A2FB2D
:105390000735D3EBC020A94167F100070CBF0042DD
:1053A00047F0010766F3D5274FEA1E31B80814F518
:1053B000806412DDBD0775F1004250EB0E5051EBD9
:1053C000045111F5801F5CBF41EA0C01F0BD4CF0A7
:1053D0007F6141F0E0410020F0BDBD076D0840EA6B
:1053E0000E5041F48011D4F10104B4F120060ADA20
:1053F000C4F120060200E04001FA06F3E140184340
:10540000B24015430EE0342C13DCC6F1200445EA0B
:1054100040056D0820FA06F2154321FA06F0A14076
:105420000D43002175F1004250F1000051EB0C01D9
:10543000F0BD00205FEA0C01F0BDCFB992185B41CE
:10544000B3FA83F704BFB2FA82F6BF190B3FB7F184
:1054500020062FBF02FA06F3BB40C7F1200622FA4E
:1054600006F638BF3343BA401CB1E419641E33E773
:105470007F4231F00041B1FA81F404BFB0FA80F606
:10548000A4190B3CB4F120062FBF00FA06F1A1408D
:10549000C4F1200620FA06F638BF3143A0403C1B79
:1054A0001AE7AC421ABF05EA1357AF4212E050EABE
:1054B00041061CBF52EA4306BFE750EA41073046A7
:1054C00061461CBF41EA0551F0BD52EA430C08BFDA
:1054D000C143F0BD00204FF4001616EB410F98BFFA
:1054E00016EB430F08BF16EB410F24BFC14305E085
:1054F00016EB430F0CBF61464CEA0551F0BD0000AE
:1055000001F000428B1AA3F16051B1F5801F0ADB54
:10551000B1F17F6F1FD242EAC102C10071F10041B7
:1055200042EB507070470B15C3F10903212B10D2C9
:10553000890241EA905180020128494141F000412D
:1055400021FA03F0C3F12003994071F10041504169
:105550007047100070476FF0000013EB103F5CBF06
:10556000000E42EAC0507047014648B1B0FA80F1DF
:105570008840C91CC1F58461090501EBD0214005B3
:1055800070470000C0F3C75181B1FF2906D0C11098
:10559000400721F0E04101F16051704741020CBF2A
:1055A00040F4E0016FF000410020704700F000413E
:1055B00000020AD0B0FA80FC00FA0CF001F1605150
:1055C000A1EB0C5101EBD021400570470CB430B574
:1055D00083B00A4606A9029104460025019400956D
:1055E00002AB01A9084878441E3003F00DF9019A76
:1055F000157000284EBF04460198041B204603B0D6
:1056000030BC5DF80CFB00BF8FFCFFFF80B50122B2
:1056100040212348FCF7FBFC2249234800F04EFAC6
:1056200000F01EF8012000F005F800F0D1FA00F0BB
:105630001FFA01BD704711B581B0194C00224021FD
:105640002000FCF7E4FC4FF47A73012201A917480B
:1056500004F03AF9012240212000FCF7D8FC13BDE8
:1056600010B50F4C002240212000FCF7D0FC002296
:1056700080212000FCF7CBFC012000F019F8052068
:1056800000F016F8012280212000FCF7C0FC052064
:1056900000F00EF8012240212000FCF7B8FC10BDFC
:1056A0000008004870280020EC1000205C25002035
:1056B00010B50400200001F065F910BD0148006834
:1056C000704700BF8028002070B4039CDFF8805230
:1056D000286029716A71AB71EC7100262E7270BC62
:1056E00070472DE9F84F04000D00160000275FF009
:1056F0000008DFF85C9299F80500082880F2FC8029
:10570000300099F80610C0B2884205D399F8070016
:105710003100C9B2884201D22E200600402099F8FB
:105720000510491C90FBF1F02900C9B2814280F2BA
:10573000E38099F8040050FA84F0802880F2DC803D
:1057400099F805305B1C99F8050003FB05035B1C09
:10575000DBB299F804201219D2B299F80500401C66
:1057600015FB00F1C9B22000C0B200F029F90021F8
:10577000080099F80420C0B2904280F0BD8000205B
:1057800015FB00F00200D2B2082392FBF3F21700DF
:10579000C0B2082290FBF2F302FB13008046FF2206
:1057A0006C4BD3F800C03800C0B250FA85FE8020A0
:1057B00000FB0EFE5EFA84FED3F800A03800C0B2F3
:1057C00050FA85FB802000FB0BFB5BFA84F01AF893
:1057D00000A0D8F1080B100050FA0BF010EA0A0AEA
:1057E0000CF80EA0D3F800C03800C0B250FA85FE05
:1057F000802000FB0EFE5EFA84F00090D3F800E0FB
:105800003800C0B250FA85FA802000FB0AFA5AFA32
:1058100084F01EF800E0D9F800A0B3465FFA8BFBD5
:1058200099F80600BBEB000099F804B00BFB00FBF5
:105830000AEB0B008A465FFA8AFA10F80A0010FA9F
:1058400008F050EA0E00DDF800E00CF80E00D3F886
:1058500000C03800C0B250FA85FE802000FB0EFE6A
:105860005EFA84F08444D3F800E03800C0B250FA05
:1058700085FA802000FB0AFA5AFA84F0704490F806
:10588000800012FA08F202408CF880201A68380072
:10589000C0B250FA85FC802000FB0CFC5CFA84F05E
:1058A00002441B683800C0B250FA85FC802000FB1F
:1058B0000CFC5CFA84F0184490F88030D9F800C0F1
:1058C000B6465FFA8EFE99F80600BEEB000E99F818
:1058D000040000FB0EFE0CEB0E008C465FFA8CFC05
:1058E00010F80C00D8F1080C50FA0CF0034382F8C1
:1058F0008030641C491C3BE7BDE8F18FF8B5070018
:105900000C001600124D6879082820DA307800283B
:105910001DD032782100C9B23800C0B2FFF7E1FED5
:10592000761C2879401CC719287950FA87F0401C4A
:10593000812802DB00200700641C40206979491C93
:1059400090FBF1F02100C9B28142DFDBFFE7F1BD3E
:105950004828002074280020020001200B00DBB240
:105960001B011344587000200B00DBB21B011344D1
:1059700058600120704738B504000D00012029004F
:10598000C9B2090121444870FFF798FE2900C9B245
:10599000090121444860012032BD020000200B00B3
:1059A000DBB21B01134458700120704780B50348D7
:1059B00000F024FC00F0CDF801BD0000F8E600087E
:1059C00070B40400E4B2802C01DB7F2420001400BA
:1059D000E4B2802C01DB7F2422000C00E4B2402CD6
:1059E00001DB3F2421001C00E4B2402C01DB3F24FA
:1059F0002300354C050026683678EDB2B54201D259
:105A0000256828702568AD781600F6B2B54201D237
:105A10002568AA700D0026687678EDB2B54201D2ED
:105A2000256869702568ED781E00F6B2B54201D28E
:105A30002468E37070BC704723487F2102681170AE
:105A40000021026891703F210268517000210068B6
:105A5000C17070471C480021026811707F210268E4
:105A600091700021026851703F210068C170704739
:105A700070B54FF480640025144806682A002100A0
:105A8000300000F0D3F83F237F2200210020FFF7F1
:105A900097FF00F05EF870BD70B54FF4806400258C
:105AA0000A4806682A002100300000F0BFF83F23B2
:105AB0007F2200210020FFF783FF70BD034A1060A2
:105AC000014A1160704700007828002074280020E7
:105AD00010B5040000224FF480713A48FCF797FAA1
:105AE0002000C0B2FFF7A7FD10BD10B504000122D1
:105AF0004FF480713348FCF78AFA2000C0B2FFF7F8
:105B00009AFD10BD10B5040014F00F0050F0B00065
:105B1000C0B2FFF7DDFF10BD10B504002000C0B219
:105B200000F005F82000C0B200F00CF810BD10B570
:105B300004002000C0B2000950F01000C0B2FFF70E
:105B4000C7FF10BD10B5040014F00F00FFF7C0FF31
:105B500010BD70B500242000C0B210282EDA1A4DF6
:105B6000286840782100C9B2491CB0EBC10F23DA84
:105B70002868C0782100C9B2B0EBC10F1EDB20003D
:105B8000C0B2FFF7BFFF28680078FFF7C5FF28689D
:105B90000678286880783100C9B288420CD30B4857
:105BA00001682200D2B28020424352FA86F0085C9B
:105BB000FFF79BFF761CECE7641CCCE7FFF73CFF8C
:105BC00070BD0000000800487828002074280020DC
:105BD00080B5AE20FFF77CFFA220FFF779FFA02061
:105BE000FFF776FFC820FFF773FF2F20FFF770FF46
:105BF000322000F0C7FEA420FFF76AFF4020FFF725
:105C000067FF2520FFF764FF0A2000F0BBFE81201C
:105C1000FFF75EFF1220FFF75BFFFFF729FFAF20C2
:105C2000FFF756FF052000F0ADFE01BD62F30F2225
:105C300062F31F42401810F0030308D0C91A1FD3A3
:105C4000DB0748BF00F8012D28BF20F8022D130004
:105C500030B414461546103928BF20E93C00FAD864
:105C6000490728BF20E90C0048BF40F8042D8900EF
:105C700028BF20F8022D48BF00F8012D30BC704726
:105C8000C91818BF00F8012DCB0728BF00F8012D57
:105C90007047000070B4039CDFF8845328602971BA
:105CA0006A71AB71EC7101262E7270BC70472DE9E0
:105CB000F74F04000D00DFF868639DF80800B17924
:105CC000884204D3F0799DF80810884202D22E2031
:105CD0008DF80800307A002845D100273800317946
:105CE000C0B288423DD231689DF80820B079121ABE
:105CF0003079424301EB02003900C9B210F801903B
:105D0000002080464046C0B2082828DA3800C0B2D9
:105D100050FA84F0802805DA4046C0B250FA85F087
:105D2000402801DB00205DE1012010FA08F049461F
:105D3000C9B2014208D0012218EB0501C9B23819D5
:105D4000C0B200F06FF907E0002218EB0501C9B2FC
:105D50003819C0B200F066F918F10108D2E77F1CCB
:105D6000BCE730793EE1307A012840F08E807079CE
:105D7000082190FBF1F201FB1200012806DB70798B
:105D8000082190FBF1FB1BF1010B03E07079082166
:105D900090FBF1FB31795846C0B24143491C8DF864
:105DA000011031689DF80820B079121A9DF80100A1
:105DB000424301EB020001788DF80010401C019075
:105DC0005FF0000840469DF80010C0B2884259D2EA
:105DD0005FF0000948465946C0B2C9B288424ED267
:105DE00001994246D2B25846C0B2424301EB02008A
:105DF0004946C9B210F801A0002007003800C0B21F
:105E0000082839DA4046C0B250FA84F0802808DA0F
:105E10004846C0B2C00050FA85F050FA87F04028DA
:105E200001DB0020DEE04846C0B2C00050FA87F037
:105E3000717988421EDA0121B9405046C0B2084249
:105E40000CD001225FFA89F915EBC9017918C9B2A2
:105E500018EB0400C0B200F0E5F80BE000225FFA96
:105E600089F915EBC9017918C9B218EB0400C0B261
:105E700000F0D8F87F1CC1E719F10109AAE718F171
:105E800001089FE79DF80000ACE0307A022840F05E
:105E9000A8807079082190FBF1F0401C8DF800007B
:105EA00030799DF8001010FB01F08DF80200316888
:105EB0009DF80820B079121A9DF80200424301EBC8
:105EC0000200019096F804B000208DF80100002136
:105ED0000020002210009DF80030C0B298420CD281
:105EE0003079431E9DF801001B1A13FB02F0019B41
:105EF000C0B2185C0100521CECE70800C0B20028D8
:105F00000BD1BBF1010B5846C0B2002805D09DF85B
:105F10000100401C8DF80100D9E7002738009DF8EA
:105F20000010C0B2884259D25FF00008404659467E
:105F3000C0B2C9B288424FD201993A00D2B2307988
:105F4000424301EB02004146C9B210F801905FF0F4
:105F5000000A5046C0B208283BDA4046C0B250FAA8
:105F600084F0802808DA3800C0B2C00050FA85F00A
:105F700050FA8AF0402801DB002033E03800C0B23C
:105F8000C00050FA8AF0717988421FDA012111FAB3
:105F90000AF14846C0B208420CD00122FFB215EB0C
:105FA000C7011AEB0101C9B218EB0400C0B200F03E
:105FB00039F80BE00022FFB215EBC7011AEB010123
:105FC000C9B218EB0400C0B200F02CF81AF1010AB3
:105FD000BFE718F10108A9E77F1C9FE75846C0B248
:105FE00000E00020BDE8FE8FF8B504000F001500AA
:105FF0000B484079D0F13F003900C9B288420EDB2E
:10600000287800280BD02A783900C9B22000C0B205
:10601000FFF74DFE0600701C04196D1CF0E7F1BD82
:1060200048280020F8B504000D0016002000C0B27A
:10603000802803DA2800C0B2402800DB57E0300097
:10604000C0B2002824D02900C9B20822DFF8CC3120
:106050002800C0B2082790FBF7F78020474357FA83
:1060600084F72800C0B25FF0080C90FBFCFC802095
:1060700000FB0CFC5CFA84F0185C5FF0010C91FBF7
:10608000F2FE02FB1E111CFA01F10143D95524E076
:106090002900C9B20822DFF884312800C0B20827DD
:1060A00090FBF7F78020474357FA84F72800C0B2E7
:1060B0005FF0080C90FBFCFC802000FB0CFC5CFA01
:1060C00084F0185C5FF0010C91FBF2FE02FB1E11E4
:1060D0001CFA01F130EA0101D9552B00DBB2220094
:1060E000D2B22900C9B22000C0B2FFF769FCF1BDED
:1060F0002DE9F84F05000E00170098460A9C38005D
:10610000C0B22900C9B2401A03F0F7FD81464046EB
:10611000C0B23100C9B2401A03F0EFFD814502DA86
:106120005FF0010B01E05FF0000B5846C0B20028A1
:1061300005D0280035000600380047468046380064
:106140002900C0B2C9B2884205D228003D0007002C
:106150003000464680464346DBB23A00D2B23100B8
:10616000C9B22800C0B2FFF72BFC781B8DF80000E5
:106170004046C0B23100C9B2401A03F0BEFD8DF8EE
:1061800001009DF80000022190FBF1F9300041462A
:10619000C0B2C9B2884202D25FF0010A01E05FF0EA
:1061A000FF3A38002900C0B2C9B2884224D3584609
:1061B000C0B2002808D02200D2B22900C9B23000F3
:1061C000C0B2FFF72FFF07E02200D2B23100C9B200
:1061D0002800C0B2FFF726FF9DF80100B9EB0009C7
:1061E000484640B2002805D51AEB06069DF8000087
:1061F00010EB09096D1CD4E7BDE8F18FF8B5040078
:106200004FF480652600064807682A0031003800F0
:1062100001F06AFCFFF71EFCF1BD0000EC1000204D
:106220007428002030B403004FF6FF7000248C4225
:1062300013DA1A5D50400822002A0CD0C50706D593
:1062400080B2400880F4204090F0010001E080B26C
:106250004008521EF0E7641CE9E780B230BC70478A
:106260002DE9F84305000E0017009846089C5FF0E2
:1062700000092868494689B2465419F1010928687D
:10628000494689B2475419F10109404680B2000AD3
:1062900029684A4692B2885419F10109286849468A
:1062A00089B200F8018019F10109200080B2000ACA
:1062B00029684A4692B2885419F10109286849466A
:1062C00089B2445419F10109494689B22868FFF797
:1062D000A9FF010028684A4692B2815419F10109C8
:1062E000080080B2000A2A684B469BB2D05419F1CC
:1062F0000109A5F804900120BDE8F2832DE9F84FCB
:1063000006000F00904699460A9DDDF82CA0002457
:1063100000213068220092B28754641C3068220049
:1063200092B200F80280641C484680B2000A3268CB
:1063300023009BB2D054641C3068220092B200F853
:106340000290641C4046C0B2062802D0102807D034
:106350001CE0280080B2012801D0002040E015E0B8
:10636000280080B2000A326823009BB2D054641C1B
:106370003068220092B28554641C2800C0B24000EC
:10638000326823009BB2D054641CFFE75FF0000B1F
:10639000584680B2290089B2B0EB410F0BDA58465B
:1063A00080B21AF800003168220092B28854641C4E
:1063B0001BF1010BECE7210089B23068FFF732FFD7
:1063C00001003068220092B28154641C080080B23F
:1063D000000A326823009BB2D054641CB4800120B0
:1063E000BDE8F28F2DE9F84F05000E001700984622
:1063F0000A9CDDF82C905FF0000B002029685A46BB
:1064000092B28E541BF1010B29685A4692B28F54F6
:106410001BF1010B2100C9B249002A685B469BB2FF
:10642000D1541BF1010B5FF0000A504680B22100ED
:1064300089B2B0EB410F0CDA504680B219F8000077
:1064400029685A4692B288541BF1010B1AF1010ACD
:10645000EBE7594689B22868FFF7E4FE0100286897
:106460005A4692B281541BF1010B080080B2000A17
:106470002A685B469BB2D0541BF1010BA5F804B00F
:106480000120BDE8F28F2DE9F84F05000E0017003E
:1064900098460A9CDDF82C905FF0000B5FF0000A34
:1064A0002868594689B246541BF1010B28685946A1
:1064B00089B247541BF1010B404680B2000A29689B
:1064C0005A4692B288541BF1010B2868594689B28A
:1064D00000F801801BF1010B3800C0B2062802D081
:1064E00010281DD02CE0200080B2012801D000200F
:1064F0003EE000208246504680B2210089B2B0EBD7
:10650000410F0CDA504680B219F8000029685A464B
:1065100092B288541BF1010B1AF1010AEBE70FE06C
:10652000200080B2000A29685A4692B288541BF1B2
:10653000010B2868594689B244541BF1010BFFE74F
:10654000594689B22868FFF76DFE010028685A464F
:1065500092B281541BF1010B080080B2000A2A6834
:106560005B469BB2D0541BF1010BA5F804B001208F
:10657000BDE8F28F80B5D448D44901605FF4E131C1
:106580004160002181600021C160002101610C2176
:10659000416100218161002101620021416200F01E
:1065A00005FA002801D003F00BFC01BD80B5C848F6
:1065B000C84901604FF416514160002181600021FB
:1065C000C160002101610C21416100218161002134
:1065D000C161002101620021416200F0E7F9002859
:1065E00001D003F0EDFB01BD80B5BB48BB490160A4
:1065F0004FF416514160002181600021C1600021EB
:1066000001610C214161002181610021C1610021F2
:1066100001620021416200F0C9F9002801D003F0B5
:10662000CFFB01BD38B59EB004001422002168469E
:1066300003F0C8FB6022002106A803F0C3FB20681A
:10664000A249884252D1202006900020119006A82D
:1066500003F0C2FB002801D003F0B2FBA0480168A0
:1066600051F001010160006810F0010005900598EB
:106670009C48016851F002010160006810F00200BE
:10668000059005984FF44060009002200190012091
:106690000290032003900820049069469248FBF77B
:1066A00017FB924D92482860042068600020A86083
:1066B0000020E86080202861002068610020A86137
:1066C0000020E86100202862280003F0F9FD00287E
:1066D00001D003F075FB6567AC6200220021462003
:1066E00004F08FF8462004F0A1F8ABE02068794967
:1066F000884251D10120069000200E9006A803F098
:106700006BFB002801D003F05BFB7A48016851F471
:1067100080410160006810F4804005900598714840
:10672000016851F002010160006810F0020005905C
:106730000598C020009002200190002002900320C4
:1067400003900720049069466748FBF7C1FA6A4D39
:106750006A482860022068600020A8600020E86085
:1067600080202861002068610020A8610020E86185
:1067700000202862280003F0A3FD002801D003F0C8
:106780001FFB6567AC6200220021252004F039F868
:10679000252004F04BF855E020685049884251D13B
:1067A000042006900020109006A803F015FB002896
:1067B00001D003F005FB5248016851F480210160CB
:1067C000006810F48020059005984648016851F053
:1067D00004010160006810F00400059005984FF472
:1067E000406000900220019000200290032003905E
:1067F0000720049069464348FBF76AFA424D434834
:106800002860022068600020A8600020E8608020E6
:106810002861002068610020A8610020E861002054
:106820002862280003F04CFD002801D003F0C8FACC
:106830006567AC6200220021272003F0E2FF2720D9
:1068400003F0F4FF1FB030BD10B5040020681F49ED
:10685000884210D1224801684908490001604FF47C
:1068600040612148FBF715FB606F03F099FD46205E
:1068700003F0E3FF27E02068164988420FD11D4846
:10688000016831F480410160C0211748FBF701FB2A
:10689000606F03F085FD252003F0CFFF13E0206833
:1068A0000E4988420FD11648016831F480210160F9
:1068B0004FF440611348FBF7ECFA606F03F070FD92
:1068C000272003F0BAFF10BDCC200020008000403C
:1068D0005421002000380140DC2100200048004005
:1068E0005C1002404C1002400004004824260020A6
:1068F00080040240601002406C26002058000240D4
:106900005810024000080048B42600203000024021
:1069100080B51848FBF7E4FB02201749087001BD59
:1069200080B501221549164800F0E3F80022012144
:10693000272003F066FF272003F078FF01BD704792
:1069400038B504000B480D490A78036885885A5504
:106950008288521C8280828840F2FF139A4201D3BF
:10696000002282800122064800F0C3F8012002497B
:10697000087031BDE40B0020D1280020D028002071
:10698000DC21002070B50400FEF798FE050026000B
:1069900016F1010F02D0044800783618FEF78EFE7B
:1069A000401BB042FAD370BD370C002010B5040074
:1069B000002C01D1012035E0A0690028FFD1E06F53
:1069C000002805D1002084F878002000FFF72AFE77
:1069D0002420E067206800684008400021680860C3
:1069E000606A002802D0200000F0DEFB200000F0EA
:1069F0005FFA012801D1012014E02068406830F4DA
:106A00009040216848602068806830F02A00216842
:106A100088602068006850F001002168086020004C
:106A200000F02FFC10BD2DE9FC4706000D001700FB
:106A30009846F06F202859D1002D03D0380080B23D
:106A4000002801D1012052E00020C6F88400212056
:106A5000F067FEF733FE8146A6F85070A6F8527034
:106A6000B068B0F5805F05D13069002802D10024FC
:106A7000AA4602E02C005FF0000AB6F85200002897
:106A800022D0CDF800804B4600228021300000F05B
:106A900061FC002803D02020F067032027E0002CB1
:106AA00008D1BAF80000C005C00D316808851AF198
:106AB000020A03E0207831680885641CB6F85200A9
:106AC000401EA6F85200D8E7CDF800804B460022C1
:106AD0004021300000F03EFC002803D02020F06769
:106AE000032004E02020F067002000E00220BDE841
:106AF000F68770B505000C001600D5F88000202838
:106B000024D1002C03D0300080B2002801D1012014
:106B10001DE0002028662868DFF8901388420ED018
:106B20002868406800020AD5286850E8000F50F035
:106B3000806001002A6842E800100028F4D1320089
:106B400092B22100280000F054FC00E0022070BD49
:106B50002DE9F04706003068C7693068D0F800803A
:106B60003068D0F8089040F60F043C40002C0BD160
:106B7000B80609D55FEA886006D5B06E002802D055
:106B80003000B16E88478FE1002C00F0AA805FEAE8
:106B9000C97005D4DFF8080618EA000F00F0A180DC
:106BA00017F00100C0B200280BD05FEAC85008D52A
:106BB000012031680862D6F8840050F00100C6F860
:106BC0008400B8070DD519F00100C0B2002808D024
:106BD000022031680862D6F8840050F00400C6F83C
:106BE000840078070DD519F00100C0B2002808D044
:106BF000042031680862D6F8840050F00200C6F81C
:106C00008400380710D55FEA886004D419F00100C9
:106C1000C0B2002808D0082031680862D6F8840085
:106C200050F00800C6F8840038050CD55FEA48101B
:106C300009D54FF4006031680862D6F8840050F03E
:106C40002000C6F88400D6F88400002848D0B80692
:106C500008D55FEA886005D5B06E002802D0300004
:106C6000B16E8847D6F88400050030688068400619
:106C700002D415F0280F2DD0300000F09EFC3068B3
:106C80008068400622D53068083050E8000F30F0A8
:106C900040000100306810F1080242E800100028AE
:106CA000F1D1706F00280DD0DFF8F804716F8863A0
:106CB000706F03F055FC002812D0706F716F896BF4
:106CC00088470DE0300003F011FE09E0300003F0CA
:106CD0000DFE05E0300003F009FE0020C6F8840038
:106CE000E2E0306E012840F0BD80F80640F1BA8045
:106CF0005FEAC86040F1B6801020316808623068F1
:106D0000806840066DD5706F0068D0F804A05046CA
:106D100080B2002852D05046B6F8581080B288424F
:106D20004CD2A6F85AA0706F00680068800639D46B
:106D3000306850E8000F30F480700100326842E89B
:106D400000100028F4D13068083050E8000F4008E7
:106D500040000100306810F1080242E800100028ED
:106D6000F1D13068083050E8000F30F040000100E9
:106D7000306810F1080242E800100028F1D120200C
:106D8000C6F8800000203066306850E8000F30F010
:106D900010000100326842E800100028F4D1706F42
:106DA00003F0B4FB02207066B6F85810B6F85A002B
:106DB000091A89B2300003F07AFD11E05046B6F8A6
:106DC000581080B288420BD1706F0068006880064E
:106DD00006D502207066B6F85810300003F067FD43
:106DE00062E0B6F85800B6F85AA0B0EB0A0AB6F856
:106DF0005A00002835D0504680B2002831D0306883
:106E000050E8000F30F490700100326842E8001042
:106E10000028F4D13068083050E8000F40084000E6
:106E20000100306810F1080242E800100028F1D19A
:106E30002020C6F88000002030660020B066306850
:106E400050E8000F30F010000100326842E80010F6
:106E50000028F4D102207066514689B2300003F058
:106E600026FD21E0F8020AD55FEA492007D55FF444
:106E7000801031680862300003F0CAFD14E0380663
:106E800009D55FEA086006D5F06E002802D0300010
:106E9000F16E884708E0780606D55FEA486003D5BA
:106EA000300000F054FCFFE7BDE8F08700800040B0
:106EB0002DE9F04704000026DFF8A8192068884271
:106EC000FFD0A2682069024360690243E06902437F
:106ED00020680368DFF890090340134320680360CB
:106EE0002068436833F44053E068034320684360FC
:106EF000D4F818802068884202D0206A50EA080836
:106F00002068806830F4306058EA000022689060A1
:106F10002068DFF8482A904216D1DFF8440A00685A
:106F200010F00300002805D0022805D006D303285E
:106F300006D007E0012760E002275EE004275CE05E
:106F400008275AE0102758E02068DFF8182A9042F6
:106F500017D1DFF80C0A006810F00C00002806D0EA
:106F6000042808D0082804D00C2806D007E0002701
:106F700043E0022741E004273FE008273DE01027D7
:106F80003BE02068DFF8E029904217D1DFF8D00914
:106F9000006810F03000002806D0102808D0202803
:106FA00004D0302806D007E0002726E0022724E09E
:106FB000042722E0082720E010271EE020688842EE
:106FC0001AD1DFF89C09006810F44060002809D04D
:106FD000B0F5806F0AD0B0F5006F05D0B0F5406F06
:106FE00006D007E0002708E0022706E0042704E0B7
:106FF000082702E0102700E010272068884246D1C9
:107000003800C0B2002806D0022808D0042809D0D1
:1070100008280BD00DE004F06BF981460DE0DFF895
:107020004C990AE004F0F7F8814606E04FF4004975
:1070300003E05FF0000901200600B9F1000F00F045
:10704000A580616803204143894505D361684FF4F9
:1070500080504143494502D20120060096E04FF49A
:107060008072606840080021E2FB09016268002329
:1070700000F08EFD0500B5F5407F05D3B5F5801F06
:1070800002D22068C56081E0012006007EE0E06950
:10709000B0F5004F41D13800C0B2002808D0012817
:1070A0000AD002280CD004280DD008280FD011E0F7
:1070B00004F01EF9814611E004F027F981460DE045
:1070C000DFF8A8980AE004F0A6F8814606E04FF43D
:1070D000004903E05FF0000901200600B9F1000F4C
:1070E00054D06068400810EB49006168B0FBF1F0D3
:1070F0000500102D0ED3B5F5803F0BD24FF6F07181
:107100002940C5F3420001438A46504680B22168B7
:10711000C8603BE00120060038E03800C0B200281B
:1071200008D001280AD002280CD004280DD0082845
:107130000FD011E004F0DCF8814611E004F0E5F82E
:1071400081460DE0DFF824980AE004F064F88146F7
:1071500006E04FF4004903E05FF00009012006005B
:10716000B9F1000F12D0606819EB50006168B0FBF4
:10717000F1F00500102D07D3B5F5803F04D22800AB
:1071800080B22168C86001E0012006000020A066EE
:107190000020E0663000C0B2BDE8F08700000000CB
:1071A000200100043577000890F82410090707D55E
:1071B00001684A6832F40042416B0A4301684A6040
:1071C00090F82410C90707D501684A6832F40032E4
:1071D000816A0A4301684A6090F82410890707D53C
:1071E00001684A6832F48032C16A0A4301684A6021
:1071F00090F82410490707D501684A6832F48022C4
:10720000016B0A4301684A6090F82410C90607D54B
:1072100001688A6832F48052816B0A4301688A608F
:1072200090F82410890607D501688A6832F4005264
:10723000C16B0A4301688A6090F82410490613D58F
:1072400001684A6832F48012016C0A4301684A609E
:10725000016CB1F5801F07D101684A6832F4C002A1
:10726000416C0A4301684A6090F82410090607D56A
:1072700001684A6832F40022816C0A4301684A605E
:10728000704738B504000020C4F88400FEF716FAF1
:1072900005002068006800071DD57FF07E40009043
:1072A0002B0000225FF40011200000F053F80028AA
:1072B00011D0206850E8000F30F0800001002268F3
:1072C00042E800100028F4D12020E067002084F874
:1072D000780003203DE02068006840072CD57FF04F
:1072E0007E4000902B0000225FF48001200000F01F
:1072F00031F8002820D0206850E8000F30F490705A
:107300000100226842E800100028F4D1206808300B
:1073100050E8000F400840000100206810F108020A
:1073200042E800100028F1D12020C4F8800000209D
:1073300084F8780003200CE02020E0672020C4F8C7
:1073400080000020206600206066002084F878001D
:10735000002032BD2DE9F04105000E0090461F00CF
:10736000069C2868C0693040B04201D1012000E08D
:1073700000204146C9B2884238D114F1010FF0D043
:10738000FEF79CF9C01B844201D3002C01D10320DD
:107390002DE0286800684007E3D5802EE1D0402E1C
:1073A000DFD02868C06900070DD508202968086269
:1073B000280000F002F90820C5F88400002085F8B4
:1073C0007800012013E02868C0690005C9D54FF492
:1073D000006029680862280000F0EFF82020C5F856
:1073E0008400002085F87800032000E00020BDE83C
:1073F000F08130B403005965A3F85820A3F85A204F
:10740000002098669868B0F5805F0BD11869002855
:1074100004D140F2FF10A3F85C0023E0FF20A3F8A2
:107420005C001FE0986800280AD11869002803D181
:10743000FF20A3F85C0015E07F20A3F85C0011E0BA
:107440009868B0F1805F0AD11869002803D17F20C5
:10745000A3F85C0006E03F20A3F85C0002E00020F7
:10746000A3F85C000020C3F884002220C3F8800049
:107470001868083050E8000F50F001000400186848
:1074800010F1080545E800400028F1D19868B0F5F2
:10749000805F06D11869002803D10FF2D1309866B9
:1074A00002E00FF2D5209866186900280BD0186802
:1074B00050E8000F50F4907004001D6845E800404B
:1074C0000028F4D10AE0186850E8000F50F02000BE
:1074D00004001D6845E800400028F4D1002030BCBD
:1074E000704770B504000D0016006565A4F858607B
:1074F0000020C4F884002220C4F88000606F0028B7
:1075000021D00FF21510616FC8620FF2B110616FD8
:1075100008630FF2D110616F48630020616F8863C8
:1075200033009BB2626D206810F12401606F02F09D
:10753000A1FF002807D01020C4F884002020C4F840
:10754000800001202AE0206900280AD0206850E845
:10755000000F50F480700100226842E800100028FB
:10756000F4D12068083050E8000F50F0010001000D
:10757000206810F1080242E800100028F1D12068CC
:10758000083050E8000F50F040000100206810F172
:10759000080242E800100028F1D1002070BD016807
:1075A00051E8001F31F0C0010A00036843E80021E0
:1075B0000029F4D12021C1677047016851E8001FFC
:1075C00031F490710A00036843E800210029F4D1E6
:1075D0000168083151E8001F490849000A000168A4
:1075E00011F1080343E800210029F1D1016E0129BE
:1075F0000AD1016851E8001F31F010010A00036848
:1076000043E800210029F4D12021C0F88010002196
:10761000016600218166704738B50400A56A2068BC
:10762000006880063AD40020A5F85A00286850E87F
:10763000000F30F4807001002A6842E80010002832
:10764000F4D12868083050E8000F400840000100DD
:10765000286810F1080242E800100028F1D12868DB
:10766000083050E8000F30F040000100286810F1A9
:10767000080242E800100028F1D12020C5F880005F
:10768000286E01280AD1286850E8000F30F0100059
:1076900001002A6842E800100028F4D10020686642
:1076A000286E012805D1B5F85810280003F0FFF81E
:1076B00002E0280003F0E0F831BD000038B5040016
:1076C000A56A01206866286E012807D1B5F8581010
:1076D000490889B2280003F0EAF802E0280003F024
:1076E00097FE31BDF8B50400A56AEE6FD5F880703D
:1076F00028688068000607D5212E05D10020A5F84E
:1077000052002800FFF74BFF28688068400607D525
:10771000222F05D10020A5F85A002800FFF74DFFC1
:10772000D5F8840050F01000C5F88400280003F05C
:10773000DDF8F1BD38B50400A56A0020A5F85A00AF
:107740000020A5F85200280003F0D0F831BD10B594
:107750000400206850E8000F30F04000010022686B
:1077600042E800100028F4D12020E0670020E06605
:10777000200003F04EFE10BD70B50500B5F85C604A
:10778000D5F88000222866D12868808C040016EA8B
:107790000400696D0870686D401C6865B5F85A0092
:1077A000401EA5F85A00B5F85A00002859D128689B
:1077B00050E8000F30F4907001002A6842E8001091
:1077C0000028F4D12868083050E8000F4008400035
:1077D0000100286810F1080242E800100028F1D1E9
:1077E0002020C5F880000020A86600206866286870
:1077F0001C4988420ED02868406800020AD52868D3
:1078000050E8000F30F0806001002A6842E8001064
:107810000028F4D1286E012819D100202866286894
:1078200050E8000F30F0100001002A6842E8001014
:107830000028F4D12868C069C00602D51020296844
:107840000862B5F85810280003F031F809E0280064
:1078500003F012F805E02868008B50F00800296852
:10786000088370BD00800040F369FFEFF8B50500A4
:10787000B5F85C70D5F88000222867D12868808C24
:107880000400686D060017EA04003080686D801CF3
:107890006865B5F85A00401EA5F85A00B5F85A00B8
:1078A000002859D1286850E8000F30F4907001008A
:1078B0002A6842E800100028F4D12868083050E80F
:1078C000000F400840000100286810F1080242E85B
:1078D00000100028F1D12020C5F880000020A86603
:1078E000002068662868224988420ED028684068CF
:1078F00000020AD5286850E8000F30F080600100CF
:107900002A6842E800100028F4D1286E012819D115
:1079100000202866286850E8000F30F010000100B1
:107920002A6842E800100028F4D12868C069C0061F
:1079300002D5102029680862B5F85810280002F016
:10794000B6FF09E0280002F097FF05E02868008BE9
:1079500050F0080029680883F1BD0000003801409C
:107960008810024000440040004800400024F40019
:10797000008000402DE9F74F82B000265FF0000A3A
:107980005FF0000B54465D46002000900127DDF8B3
:107990000C80DDF80890049810F0070F2BD10498A4
:1079A000C008002182468B4603F08CFD4FF47A70AC
:1079B00003F0A0FD00200600300080B200215945F0
:1079C00017D801D3504514D2D8E9000104000D00A6
:1079D00022002B004946002003F01CFD0700380060
:1079E000C0B2012805D019F1080918F10808761C61
:1079F000E2E703F078FD3800C0B205B0BDE8F08FD3
:107A000070B50400012503F05DFD06004FF47A70A7
:107A100003F070FD3000C0B200280FD1C4F3CC20B9
:107A2000B0F5807F05D20121C4F3CC2003F0CEFD58
:107A300004E00121C4F3CC2003F0C8FD4FF47A70B8
:107A400003F058FD05000548016831F002010160AE
:107A500003F049FD2800C0B270BD000014200240B0
:107A60002DE9F041C0B004000D00160000274FF4CE
:107A700080710022E8464046FEF7D8F82000FFF764
:107A8000BFFFA5208DF8000030008DF801005FF0E9
:107A900000084046310080B289B288420AD240468E
:107AA00080B2285C6946424692B21144887018F14F
:107AB0000108EEE7B61C300080B20821B6B20836E5
:107AC000361A90FBF1F001FB0066320092B2694673
:107AD0002000FFF74FFF002801D0002000E0012028
:107AE00040B0BDE8F081000062B38B0708D0521EA1
:107AF00011F8013B00F8013B00F024808B07F6D120
:107B0000830740F0208000BF103A07D330B4B1E8BB
:107B10003810103AA0E83810F9D230BC530724BF0F
:107B2000B1E80810A0E8081044BF51F8043B40F841
:107B3000043BD20724BF31F8022B20F8022B44BFAC
:107B40000B7803707047121F17D35B0009D151F8EF
:107B5000043B20F8023B1B0C121F20F8023BF6D21C
:107B60000BE051F8043B00F8013B1B0A20F8023BF4
:107B70001B0C121F00F8013BF3D238BF121D521E1E
:107B800024BF11F8013B00F8013BF8D87047000012
:107B9000BBBBE1B1B2F5803F80F07E80022A1ED9E6
:107BA0008C46B1FBF2F102FB11C31B0443EA104304
:107BB000B3FBF2FC02FB1C3380B240EA0343B3FB8D
:107BC000F2F002FB103240EA0C4000237047022A18
:107BD00005D98446B0FBF2F002FB10C270474AB1EF
:107BE00005D100F0010249085FEA30007047002229
:107BF0000023704703F03ABD0B0002000021002073
:107C00007047904271EB030CF6D3B3F5803F2FD24F
:107C1000F0B5B3FA83F7B1FA81F4A7F10F0E3D1B6B
:107C20005340CEF1200602FA0EF2F3415340B5F173
:107C30000F0746D80F3C2C444140C4F12006A04019
:107C4000F1414140B1FBF3F603FB1611A2FB0645DF
:107C5000001BA94102D2761E8018594180EA010218
:107C600021FA0EF362FA0EF200215A403046F0BDBE
:107C700030B4B1FBF3FC03FB1C11A2FB0C45001B51
:107C8000A94103D2ACF1010C8018594130BC024625
:107C90000B46604600217047B2F1807F65D3F0B596
:107CA000B2FA82F7B1FA81F4C7F10F063D1B22FA4E
:107CB00006F307F1110EF24120355A40B5F10F07D6
:107CC000B8D94140C4F12006A040F1414140B1FB88
:107CD000F3FC03FB1C11A2FB0C45001BA94103D2C2
:107CE000BCF1010C801859410F2F12D30F3FC9036B
:107CF00041EA5041B1FBF3F603FB1611A2FB064526
:107D0000D4EBC030A94102D2761E8018594146EA10
:107D1000CC3C07B34140C7F12006B840F141414097
:107D2000B1FBF3F603FB1611A2FB0645001BA941AC
:107D300002D2761E8018594180EA010221FA0EF320
:107D4000C7F1200462FA0EF20CFA07F05A402CFA3E
:107D500004F13043F0BD80EA010221FA0EF3002164
:107D600062FA0EF260465A40F0BD8C46B1FBF2F169
:107D700002FB11C31B0243EA1063B3FBF2FC02FBDC
:107D80001C331B024CEA002043EA1063B3FBF2FCF5
:107D900002FB1C331B024CEA002043EA1063B3FBD6
:107DA000F2FC02FB1C331B024CEA002043EA106386
:107DB000B3FBF2FC02FB1C324CEA002000237047AC
:107DC000B0B581EA030C0CF0004C40F2FF7515EAE7
:107DD00011541DBF15EA1357AC42AF4239E0E41904
:107DE00023EA455343F48013C90241F0004141EABC
:107DF000505EC7021100A7FB020200284FF00000EE
:107E0000EEFB01204FF00001E3FB072118BF42F019
:107E10000102401800214941E3FB0E01A4F58064F2
:107E20000F0302D252004041494154F101046CDD7C
:107E3000470872F1004250F1000051EB0451A1F5E6
:107E400080115CBF41EA0C01B0BD4CEA0551002035
:107E5000B0BD05EA1357AC4214BFAF4241E050EA4F
:107E6000410E1CBF52EA430E02E061460020B0BD45
:107E700024423C441BD15FEA070EF6D0090302BF3F
:107E800001460020AEF1140EB1FA81F7AEEB070403
:107E900001FA07FE0C37C7F1200100FA07F7C840C6
:107EA0004EEA000E23EA455343F48013A2E733F071
:107EB0000043B3FA83F704BFB2FA82FE77440B3F64
:107EC000E41BB7F1200E2FBF02FA0EF3BB40C7F13F
:107ED000200E22FA0EFE38BF43EA0E03BA40641C9D
:107EE00082E750EA410E14BF52EA430E6FF00001E0
:107EF0004FF4001717EB430F8ABF194617EB410FDA
:107F0000B5E74CEA05510020B0BDD4F10104B4F14D
:107F100020070FDAC4F12007520828BF42F00102FF
:107F200010FA07F501FA07F7E1BF2A43E0403843AA
:107F3000E1400FE0352C98DCC7F1200452EA400202
:107F400020FA07F218BF42F0010231FA07F0A1400F
:107F50000A43002172F1004250F1000051EB0C0184
:107F6000B0BD000070B44FF0004591EA030F43F13B
:107F700087836B40841A71EB030604D26E40001BAA
:107F8000B141121973414FF4001C1CEB410F34BF77
:107F90007CEB430683E00C0DA4EB1356362E00F366
:107FA0007C80012E45EAC32341DC43EA525312BFD1
:107FB000D20292025B08240545EAC12141EA5051F0
:107FC000D2EBC020994125D407D1B0FA80F610FA3F
:107FD00006F162D00020203608E0B1FA81F6B14007
:107FE000C6F1200220FA02F21143B0404FEAF474C5
:107FF000B4EB465434F001064FEA74040AD8D6F5BF
:108000000016760D04F00044F04061FA06F250408C
:10801000F1404840C00A40EA415021F0004128BFE9
:108020005FEA500550F1000044EBD12135E0DB0A56
:1080300045EAC121C90AB6F120050EDD42EA024235
:10804000120CC5F1200603FA06F6EB4042EA0605DB
:108050006D42984161F100010DE062FA06F5F240CF
:10806000554063FA06FC82EA0C02F3405A406D4226
:10807000904161EB030111F4801F05D1641E62057C
:1080800002D06D004041494121F48011430875F14F
:10809000004350F1000041EB045170BC70471CEBF1
:1080A000410F15D223F0004352EA43060BD04FEAAA
:1080B0004C0CBCEB410F04D80C0D661E342EB7DD02
:1080C000EBE7801A994150EA410608BF0021E4E736
:1080D00008BF1CEB430F28BF6FF00001DDE7000075
:1080E000C1F30A5340F2FE329B1A14DDD3F1200390
:1080F0004FEAE17208DDC90241EA505141F0004007
:10810000D84080185040704703F2E13010B1D2439C
:1081100082F0004070470020704700002DE9F04DCC
:108120002DED0A8B41EC190B43EC182B51EC180B7D
:1081300020F0000431F0004508BF002C84B000F0AE
:10814000088353EC192B0020DFF88C1603F002FB98
:1081500000F0FF82DFF8141603F0FCFA08D151ECAE
:10816000180B48004015401C02D1090300F0F182B1
:1081700051EC190B48004015401C00F00E8251ECE8
:10818000190B31F0004108BF002800F0068251ECC5
:10819000180B48004015401C00F0FF8151EC180BF3
:1081A0004B0043EAD0734200002B08BF002A04D1E1
:1081B000B0EE48AAF0EE68AA19E040F23344A4EB0E
:1081C0005352352A04DB00F0000001F000410CE0BE
:1081D000202A03DD203AD140914000E001D1002067
:1081E00003E0002AC4BFD040904041EC1A0B51EC90
:1081F000190BC80F0BD053EC182B51EC1A0B03F0D2
:10820000A9FA04D0AFF300809FED3F9BA3E253ECAB
:10821000192B23F00041B1F5801F22F000000DD290
:108220000022002908BF0028009216D06A4651ECAF
:10823000190B03F09FFA41EC190B0EE0DFF8AC4587
:10824000DFF82C7504EB115000903B40DFF824055B
:10825000924643EA000B4BEC19AB51EC190BC80FDB
:1082600036D021F0004053EC192B034643EC192B78
:1082700051EC1A0B4B0043EAD0734200002B08BFAD
:10828000002A04D1B0EE4A0AF0EE6A0A19E040F280
:108290003444A4EB5352352A04DB00F0000001F013
:1082A00000410CE0202A03DD203AD140914000E05B
:1082B00001D1002003E0002AC4BFD040904041EC2F
:1082C000100B53EC1A2B51EC100B03F043FA01D1B5
:1082D000002600E00126009801281DD151EC190B61
:1082E000DFF89424DFF8943403F07CFA14D253ECD2
:1082F000192B00204FF08041FFF762FD00279FED12
:1083000004BB41EC190B27E0FFFFFFFFFFFFFF7FDE
:10831000000000000000F03F53EC192B0020DFF8B4
:108320006014FFF74DFD9FED78AB53EC1A2BFFF770
:1083300019FEFFF7D5FEA0F120042046FCF79AFFB6
:108340000022DFF84034FFF73BFD53EC1A2BFFF718
:1083500009FE41EC1B0B670151EC190B53EC1B2B75
:1083600003F086F941EC1A0B53EC192B51EC1B0B63
:10837000FFF7F8FD02460B4651EC1A0BFCF79CFF89
:1083800041EC190B53EC192BFFF71AFD41EC1C0BB8
:1083900053EC1C2BDFF8F003DFF8F013FFF710FDB0
:1083A000DFF8EC23DFF8EC33FFF7DCFD53EC1C2B9C
:1083B000FFF706FDDFF8E023DFF8E033FFF7D2FD3B
:1083C00053EC1C2BFFF7FCFCDFF8D423DFF8D4338D
:1083D000FFF7C8FD53EC1C2BFFF7F2FCDFF8C823B6
:1083E000DFF8C833FFF7BEFD53EC1C2BFFF7E8FCAA
:1083F000DFF8BC23DFF8BC33FFF7B4FD53EC1C2BD4
:10840000FFF7DEFCDFF8B023DFF8B033FFF7AAFD9B
:1084100053EC1C2BFFF7D4FC53EC1A2B03F028F978
:1084200004460D460020DFF8B01353EC1B2B03F07D
:108430001FF900224FF08043FFF7C2FC22462B4673
:10844000FFF790FD53EC192BFFF7BAFC41EC100B32
:10845000DFF86C03784400F55A70074453EC1A2B8C
:1084600051EC100BFFF77EFD41EC190B0098FCF767
:1084700001FFD7E90023FFF775FD41EC1A0B53EC20
:10848000192BDFF84003DFF84013FFF799FC53EC9A
:108490001A2BFFF767FD53EC182BFFF791FC002216
:1084A000DFF8283303F09EF941EC1B0B69D301225E
:1084B000C74B03F0AFF961D9C80F53EC1B2B1ABFA0
:1084C0000020C449AB49FFF74DFDFFF709FE00222C
:1084D000C14BCDE901238046CDF8008053EC192B28
:1084E00051EC180BFFF76CFC04460D46D7E902016E
:1084F000D7E90423FFF736FD53EC182BFFF760FC98
:108500009FEDB6BB04E000BF000000000000E03FAC
:1085100053EC1B2BFFF754FC22462B46FFF722FDA2
:1085200007468B4653EC1A2B51EC180BFFF748FC0F
:1085300004460D464046FCF79DFE02460B4620468B
:10854000294603F095F853EC1B2BFFF739FC3A460C
:108550005B46FFF707FDDDE9012303F073F941EC0A
:10856000190B31F0004108BF00280AD051EC190B5B
:1085700048004015401C06D1090304D19FEDA09B83
:1085800001E09FED9B9B002E00F0E58051EC190B64
:1085900081F0004141EC190BDDE051EC190B480072
:1085A0004015401C02D1090340F0D58051EC180B56
:1085B00048004015401C06D1090304D0B0EE489A8B
:1085C000F0EE689AC7E051EC180B48000124401502
:1085D000401C61D051EC180B4B0043EAD0734200B1
:1085E000002B08BF002A04D1B0EE48AAF0EE68AA1A
:1085F00019E040F23345A5EB5352352A04DB00F075
:10860000000001F000410CE0202A03DD203AD140B7
:10861000914000E001D1002003E0002AC4BFD04017
:10862000904041EC1A0B53EC182B51EC1A0B03F051
:1086300091F818BF00244B0043EAD0734200002B8E
:1086400008BF002A04D1B0EE4A0AF0EE6A0A19E027
:1086500040F23445A5EB5352352A04DB00F000000C
:1086600001F000410CE0202A03DD203AD140914086
:1086700000E001D1002003E0002AC4BFD0409040B8
:1086800041EC100B44B153EC1A2B51EC100B03F0DE
:1086900061F80CBF0024012451EC190B480040156F
:1086A000401C0AD1090308D151EC190BC80F21D184
:1086B00053EC182BDA0F49D040E051EC180B48006E
:1086C0004015401C1ED109031CD153EC192B23F07B
:1086D0000041B1F5801F22F0000021D200220029C4
:1086E00008BF002800921FD06A4651EC190B03F016
:1086F00041F819E051EC180BC80F01D1002C21E012
:10870000E4B10AE0002C1ABF51EC190BC80F00208D
:1087100053EC182BDA0F14D180B19FED329B1AE085
:10872000324C04EB1150009051EC180BC80F00981C
:1087300002D100280ADC01E0002807DD9FED2C9B18
:1087400009E0002818BF9FED2C9B04D19FED2C9BC6
:1087500001E09FED049B04B051EC190BBDEC0A8BBA
:10876000BDE8F08D000000000000F03F0000F0BF09
:10877000FFFF0F800000E03FCD3B7F669EA0E63FFD
:10878000000050400000903FF7DE29BFD8F8C23FFC
:10879000F4B3FECC1A99C33F62CB68D96F46C73F8A
:1087A000C6C912DAC471CC3F4AE98A942449D23F3F
:1087B000F75F97999999D93FBC5555555555E53F60
:1087C000185B0000FE822B654715F73F0000E0C0F4
:1087D0000000E0400000E0BF0000F03FEF39FAFE8B
:1087E000422EE63F000000000000008002FCFFFF78
:1087F0000000000000000000000000000000F0FF8A
:10880000000000000000F07F2DE9F14FB0B092466B
:1088100004910DF142013A9A2B9199464A70002039
:108820000AE01AF8011B0498309A90470028049037
:1088300000F0B6860D98401C0D909AF8000050B1DB
:108840002528EED1002100220791089209910A9271
:108850000B910C9204E00D9800F0A4BE41F00101D0
:108860001AF8010F2028F9D023280CD02B2804D087
:108870002D2805D0302809D00BE041F00201EFE7A8
:1088800041F00401ECE741F00801E9E741F0100193
:10889000E6E72A280FD1D9F8002052F8040BC9F8CE
:1088A000002000280F9003D540420F9041F00401B2
:1088B0000AF1010A14E00F92DFF828380AE00F9855
:1088C000984205DA00EB800402EB4402303A0F9242
:1088D0000AF1010A9AF80020A2F130000A28EED32A
:1088E0009AF800002E2803D04FF0FF320E9229E0B4
:1088F0001AF8010F2A2809D1D9F8000050F8042BE2
:10890000C9F800000E920AF1010A1BE02D280CBFE5
:108910000AF1010A002000220E92DFF8C8470BE09E
:1089200040B90E9AA24205DA02EB820503EB450339
:10893000303B0E930AF1010A9AF80030A3F130029D
:108940000A2AEDD3ADF84010DFF89C07784400F513
:10895000F3609AF8001003F069F908B11AF8010BF6
:108960008DF842009DF84200682805D19AF8000071
:1089700068280CD1622106E06C2804BF9AF8000038
:108980006C2804D171218DF842100AF1010A12A855
:1089900006901AF801BBBBF125012CD01C3900F060
:1089A000D081091F022940F2CC81133900F02385C0
:1089B000093900F0C681891E00F0B885491E00F013
:1089C0006585491E022940F2BC81091F00F05E85C1
:1089D000491F00F02881491E00F00D85491E00F056
:1089E000D080C91E0DD0891E00F00585C91E00F07B
:1089F000028500F0A6BD25238DF84830012100F046
:108A0000ABBDD9F8000050F8044BC9F80000002CA9
:108A1000059440F0A3802B994878002800F09980B5
:108A20004FF0FF340FF6843003F00CF9201A40F0B9
:108A3000B78500F092BD6D1E40F0A9853096079D68
:108A400012AF75B1309E17F8012B02A9304600F025
:108A500073FE002801D46D1EF5D10028309640F039
:108A60009F850A9D3020002D8DF804000CDD309E7E
:108A7000012301AA02A9304600F06EFE002840F052
:108A80008F856D1EF4D13096059F089D75B1309E7F
:108A900017F8012B02A9304600F04EFE002801D441
:108AA0006D1EF5D10028309640F07A850B9D302060
:108AB000002D8DF804000CDD309E012301AA02A9CF
:108AC000304600F049FE002840F06A856D1EF4D162
:108AD000309605980899099D471875B1309E17F88A
:108AE000012B02A9304600F027FE002801D46D1E9C
:108AF000F5D10028309640F053850C9D3020002D94
:108B00008DF804000CDD309E012301AA02A9304635
:108B100000F022FE002840F043856D1EF4D130960F
:108B20009DF8400041077FF588AE2020002C8DF88D
:108B300004007FF782AE309D012301AA02A92846D6
:108B400000F00AFE002840F02B85641EF4D1309519
:108B500073E60FF66440059000F0FFBC0E9D002DFB
:108B600004D52046FCF74EFB044607E02A46204683
:108B700003F088F8002814BF041B2C46089400F06A
:108B8000ECBCD9F8001051F8040BC9F8001020F023
:108B90000004002121F0FF3512ABCDE90245059319
:108BA000DDE9022306993C2413B90AB90E9898B15D
:108BB00002F00F053035641EEEB23A2EA8BF2735FD
:108BC000120942EA03721B090D5508BF002A03D09F
:108BD00005980D19A842EBD308190590C4F13C0281
:108BE0000E98089282420ADABDF84010821A4FF6B7
:108BF000EF7001400A92ADF8401000F0AEBC0028C2
:108C000040F1AB849DF8400000F01400102840F0C3
:108C1000A4840F9B07990A985B1A1B1A9A1A002AB8
:108C200040F39B84E5E32B99487820B14FF0FF3463
:108C30000FF65430F8E69DF84200622861D06828AB
:108C400017D06A283FD06C2806D0712847D07428E6
:108C50002CD07A281DD064E0D9F8001051F8040B0C
:108C6000C9F80010002868D14FF0FF340FF63030FB
:108C7000DAE6D9F8001051F8040BC9F8001020B951
:108C80004FF0FF340FF61830CEE60D99018000F05A
:108C900064BCD9F8001051F8040BC9F80010002882
:108CA0004BD14FF0FF340FF6F820BDE6D9F8001095
:108CB00051F8040BC9F8001000283ED14FF0FF34E2
:108CC0000FF6DC20B0E6D9F8001051F8040BC9F813
:108CD000001080B94FF0FF340FF6C420A4E6D9F895
:108CE000001051F8040BC9F8001020B94FF0FF3400
:108CF0000FF6AC2098E60D9AD317C0E9002300F0D8
:108D00002CBCD9F8001051F8040BC9F8001020B998
:108D10004FF0FF340FF6882086E60D99017000F0C1
:108D20001CBCD9F8001051F8040BC9F8001020B988
:108D30004FF0FF340FF6682076E60D99016000F0E1
:108D40000CBCD9F80020D21D22F00702C9F800207F
:108D5000D2E900010832C9F80020CDE90201C80FAC
:108D600002D007982D210AE0BDF84000810702D506
:108D700007982B2103E0C00705D50798202112AAE8
:108D80001154401C0790DDE90223079912A8CDE990
:108D90002C2308444BF020016129059021AC0BD015
:108DA0000E99002902D506210E9105E001BF4BF076
:108DB0002001672901220E92DDE90223590049159D
:108DC000491C0DD11A030BD0ABF1610503211A2DFB
:108DD000089102D20FF6E41110E00FF6E4110DE055
:108DE00059004915491C0DD11A030BD1ABF161058E
:108DF00003211A2D089119D30FF6CC110322FEF787
:108E000073FEAAE3DDE90201CDE92E01DDE92E239F
:108E100023F00047B7F5801F22F000060DD2002294
:108E2000002F08BF002E009203D116E00FF6941118
:108E3000E4E76A4602F09EFC0FE0DFF8DC08DFF8AA
:108E4000DC1800EB17500090DDE92E234FF0FF30C7
:108E50001940DFF8CC7810403943CDE902014BF0DE
:108E6000200061280DD1059830210170821CBBF1D2
:108E7000610F05920CBF7821582141700798801C22
:108E80000790DDE9020120F0000231F0004308BF45
:108E9000002A02D10026002568E14BF02008B8F135
:108EA000610F40F0B4800E98002847BF2121019146
:108EB000401C0190019FDDE92C017F1C0022002352
:108EC000DDE9024502F08EFC00998DF8842038BF60
:108ED00085F00045091F002F00910DF1850653DD37
:108EE000204629460022002302F094FC4CD2480080
:108EF000400D00F11C0212D0002A10DD40F2FF7379
:108F00009A4206DBDFF81C1805F000400143002000
:108F100011E06FF31E5141EA025120460BE024F0AC
:108F2000000035F0004108BF00280FBF29461C2271
:108F3000294602F0D3FE04460D46FFF7D1F8FF1F85
:108F4000002F804609DDFCF795F902460B462046C6
:108F5000294602F08DFB04460D46F01D0721B8F1AD
:108F6000000F0CDD491E5EBF08F00F0200F8012D56
:108F70004FEA2818F3D502E0002200F8012D491E1F
:108F8000FAD5C61D002FABDC0DF18500361A01980D
:108F90008642D8BF304600280DF1850430D4B04257
:108FA00006DA0DF185010A5C082AA8BF0F2100DA54
:108FB0000021024621AB134400E0401E13F8015982
:108FC000521E8D42F9D00F2904D10DF185018B5C21
:108FD0005B1C8B54002A04D50099091D21AC401C50
:108FE0000091411E0CD46218ABF13A06137830336D
:108FF000DDB23A2DA8BFF318491E02F80139F5D5A4
:109000000E99002940F1B080421E0E92ACE000990A
:10901000DFF8142747F29750414391FBF2F2DDE964
:109020002C45009225F00045D2F1070204DD2046D0
:10903000294600F04EFB0BE052420020DFF8EC1610
:1090400000F047FB02460B4620462946FCF734F960
:109050000446B8F1660F0E9806BF009F0A37062730
:109060003F18142FC8BF142730200D468DF88400F8
:109070000DF18506002F39DD2046294602F0CCFE91
:1090800001460A4606F1080304200A26B2FBF6F65A
:1090900006EB860EA2EB4E02303203F8012C0A22B8
:1090A000B6FBF2F202EB820EA6EB4E063036401E05
:1090B00003F8026DE9D1083F002F03F10806D9DD5E
:1090C0000846FCF751FA02460B462046294602F0B4
:1090D000CFFA0022DFF85836FEF772FE04460D463E
:1090E000CAE700BFCBCCCC0C306800000DF1850086
:1090F000361A0DF1850404E00098401E761E00909B
:10910000641C20783028F7D0B8F1660F02D100999E
:10911000491C04E0B8F1650F0CBF012100210E9835
:1091200008188642B8BF701E00281DD4B04204DA69
:10913000215C3429C8BF392100DC30210246631E7E
:109140009D1800E0401E15F80169521E8E42F9D0AC
:10915000392902D1A15C491CA154002A04D50099E7
:10916000491C1C46401C00910646009D02F068FE0A
:10917000406A0778DDF8388030B2002802DC01262A
:109180000FF248644BF02000662808BF6D1C16D013
:10919000672846D128B210F1040F48DB404546DA73
:1091A0009DF840006D1C010703D430B24045B8BFA4
:1091B000804628B2B8EB000848BF4FF000080FFA0D
:1091C00085FBBBF1000F00F3B5800898411C0891A6
:1091D000302205990A54B8F1000F03DC9DF84000D5
:1091E000010704D50898411C089105990F5418EB04
:1091F0000B0FB8BFC8F100052DB268420B90A84410
:1092000032B29045B8BF4646059B089836B20996DB
:10921000324621461844FEF767FCA8EB06000C9086
:10922000D2E0BBF1610F17D14FF0700B19E030B2F3
:10923000404504DA9DF840100A0758BF8046B8F14F
:10924000010848BF4FF00008BBF1670F14BF4FF093
:10925000450B4FF0650B04E0BBF1410F08BF4FF029
:10926000500B0898411C0891B8F1000F059914F8AB
:10927000012B0A5403DC9DF8400001071AD5089819
:10928000411C0891B8F1000F05990F5412DD761EAC
:1092900030B280450598089BB8BF464632B2214699
:1092A0001844FEF721FC089936B271180891A8EB12
:1092B00006000B9005980899084429B2002980F807
:1092C00000B003D42B224270821C04E02D22427095
:1092D0000D46821C6D4200212CAB28460AE0044654
:1092E0000A2094FBF0F000EB8005A4EB450403F8A2
:1092F000014B491C00B20028F1DC012906DC4BF0CF
:109300002000652804BF302002F8010B00292CAB97
:1093100008D1302002F8010B06E0491E585C3030BD
:1093200002F8010B0029F8DC059908980844121A84
:10933000099249E030B229B288421CDA0598089BAC
:1093400032B221461844FEF7CFFB089936B27118A5
:10935000ABEB0606B8F1000F08910B9603DC9DF805
:109360004000020704D5059847540999491C099102
:10937000CDF8308028E00598089B2AB22146184491
:10938000FEF7B2FB0898761B5844B8F1000F08901E
:1093900003DC9DF840100A0703D5411C089105998C
:1093A0000F5430B280450598089BB8BF464632B28C
:1093B00004EB0B011844FEF797FB089836B23018FF
:1093C0000890A8EB06000B909DF8400000F01400F8
:1093D000102840F0C280079A08990B988A180999BA
:1093E00082180C988A1882180F98824280F2B580F1
:1093F000821A0A92B1E09DF84200622808D06828DB
:109400000ED06A2814D06C281FD0712810D01CE010
:10941000D9F8001051F8040BC9F80010C0B21AE0D6
:10942000D9F8001051F8040BC9F8001080B212E00E
:10943000D9F80020D21D22F00702C9F80020D2E995
:1094400000010832C9F8002006E0D9F8001051F8F0
:10945000040BC9F800100021CDE902019DF840007D
:1094600001075AD5DDE90223002B08BF002A54D09A
:109470004BF02000782850D1079812A930220A54C6
:10948000401C431C079301F800B046E09DF84200E1
:10949000622808D068280ED06A2814D06C281FD003
:1094A000712810D01CE0D9F8001051F8040BC9F84D
:1094B000001040B21AE0D9F8001051F8040BC9F8B6
:1094C000001000B212E0D9F80020D21D22F00702ED
:1094D000C9F80020D2E900010832C9F8002006E0EE
:1094E000D9F8001051F8040BC9F80010C117CDE9E4
:1094F0000201002902D507982D210AE0BDF840009D
:10950000810702D507982B2103E0C00705D50798EE
:10951000202112AA1154401C079012A80799014457
:10952000059102A8594600F04FF816E00120079077
:10953000D9F8000050F8041BC9F800008DF8481055
:109540000BE025210122BBF1000F8DF84810079296
:1095500003D08DF849B0022107910F9A07980A9914
:109560000C9C121A0898521A0B99121A0998521A3E
:10957000121A9DF84000141B41073FF560AA2020F5
:10958000002C8DF804007FF75AAA309E254601234F
:1095900001AA02A9304600F0DFF800283FF44BAAE8
:1095A0004FF0FF3031B0BDE8F08F00007072696E8F
:1095B00074665F733A20626164202573206172676C
:1095C000756D656E740000002DE9FC4307466F2938
:1095D0003E6908BF082405D041F02000782814BF58
:1095E0000A2410243C25D7E90023642918BF6929DF
:1095F0009046994605D1002B03D5D8F1000869EBB8
:109600004909B9F1000F08BFB8F1000F0CD1386B50
:1096100050B9082C39D197F83800010735D53020DA
:109620003B2586F83B0030E08DF800104046494667
:109630002246E317FEF7ACFA3032D0B26D1E3A285C
:10964000019504DB9DF80000A0F151018A187255C4
:10965000404649462246E317FEF79AFA80465FEAFB
:10966000010908BFB8F1000F03D0F86871198842EA
:10967000DCD3082C09D197F83800010705D5705DB7
:10968000302802D06D1E30207055C5F13C02BA6101
:109690007119F960386B824208DA821A3A624FF621
:1096A000EF70398F01403987BDE8F38300280ED56C
:1096B00097F8380000F01400102808D17B6B796906
:1096C000386A5B1A1B1A9A1A002AC8BF3A62BDE8A8
:1096D000F3832DE9D04306460F4614464FF00008A9
:1096E000DFF8509012E0E00707D542464B4630467F
:1096F0003946FEF765FB06460F4640464946424658
:109700004B46FEF75DFB641080468946002CEAD18B
:1097100030463946BDE8D08302FCFFFFFFFF0F80D3
:109720000000E03F0000F07FA08601000000F03F55
:1097300084D797410000244010B503460C461146DB
:10974000A0689847A06020B1E06A401CE062002059
:1097500010BD4FF0FF3010BDF8B505460E46174658
:109760001C4600205CB117F8011BB068A847B06028
:1097700030B1F06A401CF0620020641EF3D1F2BDEB
:109780004FF0FF30F2BD00007072696E74665F7357
:109790003A20256E20646973616C6C6F7765640094
:1097A0007072696E74663A2062616420256E206171
:1097B0007267756D656E7400000000006E616E006A
:1097C0004E414E00696E6600494E46003000000072
:1097D00010B50400002C01D1012074E0606A00285B
:1097E00006D16068B0F5827F06D00020E06103E01A
:1097F00000202061002060610020A06294F85D00DC
:10980000002805D1002084F85C00200002F044FB11
:10981000022084F85D002068006830F04000216874
:109820000860E06840F20171884201D3002101E044
:109830004FF48051E068B0F5706F05D0E068B0F586
:10984000E06F01D00020A062606810F48270A2680E
:1098500012F404421043227C12F002021043227DD3
:1098600012F001021043A26912F400721043227F29
:1098700012F03802104394F8202012F080021043B6
:10988000A26A12F40052104322681060A269120CFE
:1098900012F0040294F8240010F01000024394F82F
:1098A000340010F008000243E06810F470600243D6
:1098B00011F480500243206842600020206601209D
:1098C00084F85D00002010BD2DE9F84306000D006E
:1098D00017001C00FBF7F2FE8046B94696F85D00C3
:1098E000012801D00220ECE0002D03D0380080B226
:1098F000002801D10120E4E096F85C00012801D1A4
:109900000220DEE0012086F85C00032086F85D007E
:1099100000203066B563B787F787002030640020E9
:10992000A6F844000020A6F846000020306500207C
:10993000F064B068B0F5004F0BD13068006830F0CB
:109940004000316808603068006850F48040316839
:10995000086030680068400605D43068006850F040
:10996000400031680860F06840F20171884235D3E8
:109970007068002803D0484680B2012809D1B06B36
:1099800000883168C860B06B801CB063F08F401EE7
:10999000F087F08F002873D03068806880070AD580
:1099A000B06B00883168C860B06B801CB063F08F0A
:1099B000401EF087EDE7FBF781FEB0EB0800A04208
:1099C00002D314F1010F01D1002CE2D1012086F85D
:1099D0005D00002086F85C00032072E070680028BB
:1099E00003D0484680B2012817D1F08F02280AD34D
:1099F000B06B00883168C860B06B801CB063F08FBA
:109A0000801EF08709E0B06B007831680873B06B96
:109A1000401CB063F08F401EF087F08F00282FD0DD
:109A200030688068800718D5F08F02280AD3B06BA1
:109A300000883168C860B06B801CB063F08F801EF6
:109A4000F087EAE7B06B007831680873B06B401CB0
:109A5000B063F08F401EF087DFE7FBF72FFEB0EB1F
:109A60000800A04202D314F1010F01D1002CD4D17F
:109A7000012086F85D00002086F85C00032020E0CD
:109A800042462100300000F003F9002801D02020D8
:109A90003066B068002808D1002000903068C068A7
:109AA00000903068806800900098012086F85D0082
:109AB000002086F85C00306E002801D0012000E014
:109AC0000020BDE8F2832DE9FC4705000E001700D9
:109AD0009846DDF82890FBF7F1FD0400B8EB04048C
:109AE00019EB0404FBF7EAFD824668480068400170
:109AF000000D00FB04F00090286880683040B04200
:109B000001D1012000E000203900C9B2884243D0D1
:109B100018F1010FF0D0FBF7D1FDB0EB0A00A04225
:109B200001D2002C2FD12868406830F0E00029686D
:109B300048606868B0F5827F0DD1A868B0F5004F25
:109B400003D0A868B0F5806F05D12868006830F0B0
:109B5000400029680860A86AB0F5005F0BD128684A
:109B6000006830F40050296808602868006850F4E4
:109B7000005029680860012085F85D00002085F804
:109B80005C00032009E00098002801D100200400B7
:109B90000098401E0090AFE70020BDE8F6872DE951
:109BA000FE4F06000F0014009846DDF830900020AC
:109BB0008DF80000FBF782FD0500B8EB050519EBF9
:109BC0000505FBF77BFD8246306810F10C0B2F4832
:109BD000016823204143090D01FB05F10191306823
:109BE00080683840A0424ED0B7F5C06F07D1002C36
:109BF00005D19BF800008DF800009DF8000018F1D9
:109C0000010FECD0FBF75AFDB0EB0A00A84201D2DD
:109C1000002D2FD13068406830F0E0003168486096
:109C20007068B0F5827F0DD1B068B0F5004F03D0F9
:109C3000B068B0F5806F05D13068006830F0400042
:109C400031680860B06AB0F5005F0BD13068006819
:109C500030F40050316808603068006850F40050FB
:109C600031680860012086F85D00002086F85C00FD
:109C7000032009E00198002801D100200500019887
:109C8000401E0190ABE70020BDE8FE8F0C050020D0
:109C90007CB504000D00160000962B0000224FF446
:109CA000C0512000FFF77BFF002805D0206E50F048
:109CB0002000206603201FE000962B000022802158
:109CC0002000FFF700FF002805D0206E50F0200094
:109CD0002066032010E000962B0000224FF4C061A4
:109CE0002000FFF75CFF002805D0206E50F0200018
:109CF0002066032000E0002076BD002848BF4042D7
:109D0000704780B502F004F900F011F802F012F982
:109D100002F0F8F9FCF72EFC02F024FA02F094F8B5
:109D2000FCF744FCFCF760FC02F046FBFEE710B5D4
:109D300096B04421002205AC2000FBF777FF1421E8
:109D400000226C462000FBF771FF4FF4007002F018
:109D50000FFD002801D000F033F8182005900120F5
:109D60000A9001200B9000200C9060200D900220A2
:109D70000F900120109001201190282012900720B0
:109D80001390022014900220159005A800F042FEC6
:109D9000002801D000F014F80F200090032001905B
:109DA00000200290002003900020049004216846C7
:109DB00001F074F9002801D000F002F816B010BDCF
:109DC00072B6FEE710B5044610460A460146204624
:109DD000FBF72CFF204610BD2DE9F84F05005FF082
:109DE000000800272868000527D5686C00280DD0DA
:109DF000B0F5000F03D0B0F5400F0DD00DE0DFF847
:109E00002403016851F48031016008E00021281D1D
:109E100000F092F9804602E001E0012080464046D1
:109E2000C0B2002808D1DFF80C130A6832F44002EF
:109E3000686C02430A6000E04746286880037AD5D0
:109E40005FF00009DFF8E0A2DAF80000C0000DD4EE
:109E5000DAF8000050F08050CAF80000DAF800008C
:109E600010F080500090009801208146DFF8BCB2CD
:109E7000DBF8000050F48070CBF80000FBF71EFC0C
:109E80000600DBF80000C00506D4FBF717FC801BBA
:109E90000328F6D3032080464046C0B200283FD1B5
:109EA000DFF88CB2DBF8000010F440700400002CE6
:109EB00015D0E86D844212D0DBF8000030F4407019
:109EC0000400DBF8000050F48030CBF80000DBF831
:109ED000000030F48030CBF80000CBF80040E00701
:109EE0000FD5FBF7EBFB0600DBF80000800708D47A
:109EF000FBF7E4FB801B41F289318842F4D3032055
:109F000080464046C0B2002808D1DBF8001031F48A
:109F10004071E86D0143CBF8001002E0474600E0D5
:109F200047464846C0B2012805D1DAF8000030F0B3
:109F30008050CAF800002878C00707D5DFF8F41170
:109F40000A6892089200286A02430A60287880070B
:109F500007D5DFF8E0110A6832F00C02686A0243A4
:109F60000A602878400707D5DFF8C8110A6832F080
:109F70003002A86A02430A602878800607D5DFF815
:109F8000B4110A6832F44062E86A02430A60286841
:109F9000800507D5DFF89C110A6832F44022E86B8F
:109FA00002430A602868400507D5DFF888110A686F
:109FB00032F44012286C02430A602878400607D524
:109FC000DFF870110A6832F44052286B02430A60CD
:109FD0002878000607D5DFF85C110A6832F44042A1
:109FE000686B02430A602868C00507D5DFF8441192
:109FF0000A6832F44032A86B02430A602868800481
:10A0000020D5DFF830110A6832F04062A86C0243B4
:10A010000A60A86CB0F1006F06D1DFF80801016892
:10A0200051F4801101600DE0A86CB0F1806F09D18E
:10A030000121281D00F080F880464046C0B200286B
:10A0400000D047462868000320D5DFF8E8100A68EA
:10A0500032F04062E86C02430A60E86CB0F1006FD5
:10A0600006D1DFF8C000016851F4801101600DE0F5
:10A07000E86CB0F1806F09D10121281D00F05CF877
:10A0800080464046C0B2002800D0474628684003BA
:10A0900020D5DFF8A0100A6832F04062286D024334
:10A0A0000A60286DB0F1006F06D1DFF87800016812
:10A0B00051F4801101600DE0286DB0F1806F09D17D
:10A0C0000121281D00F038F880464046C0B2002823
:10A0D00000D047462868400415D5DFF858100A68B4
:10A0E00032F04052686D02430A60686DB0F1805FE3
:10A0F00009D10221281D00F01FF880464046C0B259
:10A10000002800D047462868000407D5DFF824104F
:10A110000A6832F08042A86D02430A603800C0B27B
:10A12000BDE8F28F0C100240581002400070004051
:10A1300090100240881002402DE9F04105000C000B
:10A1400000275949086810F0030F12D0086810F072
:10A1500003002A68904209D12868002806D00868C0
:10A16000C0F30210401C6968884232D00120070009
:10A170002FE02868012804D01BD303280FD007D371
:10A1800017E04A480068800701D40120070012E068
:10A1900046480068400501D4012007000BE0434811
:10A1A0000268920304D40068400301D40120070030
:10A1B00001E0012007003800C0B2002809D10A6878
:10A1C00032F07302286802436868401E52EA0012A7
:10A1D0000A603800C0B2002861D1DFF8D080D8F81A
:10A1E000000030F08060C8F80000FBF767FA060056
:10A1F000D8F80000000106D5FBF760FA801B0328A1
:10A20000F6D3032007003800C0B2002847D1002C45
:10A210000BD127490A6827480240A86852EA002261
:10A22000E86852EAC0620A601CE0012C0DD12049A6
:10A230000A6821480240A86852EA002228694008BA
:10A24000401E52EA40520A600CE019490A681B4855
:10A250000240A86852EA002268694008401E52EA9B
:10A2600040620A60D8F8000050F08060C8F8000032
:10A27000FBF724FA0600D8F80000000106D4FBF72B
:10A280001DFA801B0328F6D3032007003800C0B254
:10A29000002804D106490A68A86902430A60380008
:10A2A000C0B2BDE8F08100000C1002400010024076
:10A2B00010100240FF80FF07FF809FFFFF80FFF923
:10A2C00030B40100002901D1012067E00868624A2A
:10A2D00090420AD20A68614882181420B2FBF0F05A
:10A2E000800048645E48086409E00A685D48821896
:10A2F0001420B2FBF0F0800048645B480864022040
:10A3000081F82500086802686FF30E128B68C86830
:10A310000343086903434869034388690343C869E1
:10A320000343086A03431A43086802608868B0F56B
:10A33000804F2AD0086C4A4B984213D14B4803688F
:10A340000F2491F8445015F01C05AC40A343036062
:10A3500003684C6891F8445015F01C05AC40234349
:10A36000036012E0424803680F2491F8445015F04E
:10A370001C05AC40A343036003684C6891F844504B
:10A3800015F01C05AC40234303600020C863012086
:10A3900081F82500002081F82400002030BC70479F
:10A3A00010B40100002901D1012053E008680068C1
:10A3B000400840000A6810600868274A90420AD2A4
:10A3C0000A68264882181420B2FBF0F08000486426
:10A3D0002348086409E00A68224882181420B2FB66
:10A3E000F0F0800048642048086400200A6810608B
:10A3F000012091F8442012F01C0290400A6C506039
:10A40000086C174A90420AD1184802680F2391F845
:10A41000444014F01C04A3409A43026009E014482D
:10A4200002680F2391F8444014F01C04A3409A439F
:10A4300002600020C86200200863002048630020FA
:10A4400088630020C863002081F82500002081F87F
:10A450002400002010BC704708040240F8FFFDBF34
:10A4600000000240F8FBFDBF00040240A8000240CB
:10A47000A80402402DE9F04104000D0016001F0061
:10A480005FF0000894F82400012801D102203BE08D
:10A49000012084F8240094F8250001282DD1022001
:10A4A00084F825000020E063206800684008400030
:10A4B000216808603B0032002900200000F0F8F815
:10A4C000206B002806D02068006850F00E0021683C
:10A4D00008600BE02068006830F004002168086024
:10A4E0002068006850F00A00216808602068006851
:10A4F00050F001002168086004E0002084F8240086
:10A50000022080464046C0B2BDE8F0810100002232
:10A5100091F82500022806D00420C863002081F8A5
:10A52000240001201BE00868006830F00E000B6872
:10A53000186008680068400840000B681860012037
:10A5400091F8443013F01C0398400B6C58600120C4
:10A5500081F82500002081F824001000C0B2704767
:10A5600038B50400002594F82500022804D0042002
:10A57000E063012005001FE02068006830F00E0055
:10A580002168086020680068400840002168086071
:10A59000012094F8441011F01C018840216C48609F
:10A5A000012084F82500002084F82400A06B0028F6
:10A5B00002D02000A16B88472800C0B232BD70B520
:10A5C0000400206C056820680668042094F8441094
:10A5D00011F01C0110FA01F10D4219D0710717D5C5
:10A5E00021680968890605D42168096831F00401E9
:10A5F0002268116094F8441011F01C018840216C0D
:10A600004860206B002852D02000216B88474EE024
:10A61000022094F8441011F01C0110FA01F10D42CF
:10A620001FD0B1071DD521680968890608D42168A3
:10A63000096831F00A0122681160012184F82510AF
:10A6400094F8441011F01C018840216C48600020EF
:10A6500084F82400E06A002829D02000E16A8847B5
:10A6600025E0082094F8441011F01C0188400542B0
:10A670001DD030071BD52068006830F00E0021681F
:10A680000860012094F8441011F01C018840216CEE
:10A6900048600120E063012084F82500002084F850
:10A6A0002400606B002802D02000616B884770BDD9
:10A6B00030B4012490F8445015F01C05AC40056CF2
:10A6C0006C60046863608468102C04D10468A26024
:10A6D0000468E16003E00468A1600468E26030BCE3
:10A6E0007047000010B410F00703DFF868412268DB
:10A6F0004FF6FF010A40DFF8601151EA03210A43D7
:10A70000226010BC7047DFF84C010068C0F30220E3
:10A7100070470000010049B200290AD4012210F05C
:10A720001F018A40DFF8341103005BB25B0941F876
:10A7300023207047010049B200290DD4012210F0F6
:10A740001F018A40464903005BB25B0941F82320A0
:10A75000BFF34F8FBFF36F8F704710B4020052B238
:10A76000002A05D40A013F4B040064B21A5508E0E0
:10A770000A013D4B040064B214F00F04234403F8B3
:10A78000042C10BC704770B4030013F00704D4F11C
:10A790000700052801D3042001E0D4F10700251D9E
:10A7A000072D01D2002500E0E51E012616FA00F073
:10A7B000401E0140A94016FA05F56D1E2A401143BE
:10A7C000080070BC704710B50400601EB0F1807FB7
:10A7D00001D301200EE0601E244908600F215FF0C4
:10A7E000FF30FFF7BAFF0020214908600720214908
:10A7F0000860002010BD10B504002000FFF772FFB4
:10A8000010BD2DE9F04104000D0016000027FFF7F0
:10A810007AFF8046320029004046FFF7B4FF01006E
:10A82000200040B2FFF799FFBDE8F08110B50400A9
:10A83000200040B2FFF76EFF10BD10B504002000ED
:10A8400040B2FFF777FF10BD10B504002000FFF7FE
:10A85000BAFF10BD0CED00E00000FA0500E100E0D9
:10A8600080E100E000E400E018ED00E014E000E02A
:10A8700018E000E010E000E010B504002068414955
:10A880000968884202D1012001F067FE20683E4934
:10A890000968884202D1012001F0BEFF20683B49CF
:10A8A0000968884202D10120FCF74AF810BD38B58A
:10A8B00004000D00206833490968884203D128004C
:10A8C00080B201F04AFE20682F490968884203D10E
:10A8D000280080B201F0A0FF20682C490968884256
:10A8E00003D1280080B2FCF72BF831BD10B504006D
:10A8F000206824490968884202D100202449087050
:10A90000206821490968884202D102202049087044
:10A9100020681E490968884202D104201C49087039
:10A9200002211C48FBF718F810BD1CB5184C207804
:10A930000090194B00220021032001F095FF2078A0
:10A9400000280ED101F008FE14480188491C01803E
:10A950000188142903DB0021018001F0E7FD01F0EB
:10A96000E9FD20782078022803D101F054FF01F09E
:10A9700043FF20782078042803D1FBF7E0FFFBF7A2
:10A98000CFFF13BDCC20002054210020DC2100206B
:10A99000D52800201005002088F20008C2280020D9
:10A9A00070B505000C001600D5F8800020282DD1C8
:10A9B000002C03D0300080B2002801D1012026E015
:10A9C0000120286600206866320092B2210028002B
:10A9D000FCF787FD01000800C0B2002813D1286EE3
:10A9E00001280ED110202A681062286850E8000F54
:10A9F00050F0100002002B6843E800200028F4D13A
:10AA000001E0012001000800C0B200E0022070BD9A
:10AA1000704700002DE9FE4F0500002D01D10120F7
:10AA20003AE3DFF80499D9F8004014F00C04DFF899
:10AA30001889D8F8007017F003072878C00640F18D
:10AA4000C680002C03D00C2C7AD1012F78D1DFF8EE
:10AA5000D4A8DAF80000800704D5A869002801D13D
:10AA6000012019E3DAF80000000704D5DAF8000045
:10AA700010F0F00005E0DFF860090068000910F050
:10AA8000F000296A88421ED2286A00F05FFC002884
:10AA900001D0012000E3DAF8000050F00800CAF805
:10AAA0000000DAF8001031F0F001286A0143CAF81A
:10AAB0000010DFF82809016831F47F41EA6951EAA2
:10AAC000022101601FE0DAF8000050F00800CAF827
:10AAD0000000DAF8001031F0F001286A0143CAF8EA
:10AAE0000010DFF8F808016831F47F41EA6951EAA3
:10AAF00002210160002C06D1286A00F027FC002802
:10AB000001D00120C8E200F086FBDFF8D418D9F8A4
:10AB10000020C2F30312895C11F01F01C840DFF866
:10AB20000C180860DFF80808006801F0BBFF8DF81A
:10AB300000009DF80000002849D09DF80000ABE21D
:10AB4000A86900282DD0DFF8DC97D9F8000050F074
:10AB50000100C9F80000FAF7B1FD0600D9F80000BD
:10AB6000800706D4FAF7AAFD801B0328F6D303203A
:10AB700092E2D9F8000050F00800C9F80000D9F8B6
:10AB8000001031F0F001286A0143C9F80010DFF825
:10AB90004C08016831F47F41EA6951EA0221016001
:10ABA00015E0DFF88097D9F8000040084000C9F8A8
:10ABB0000000FAF783FD0600D9F80000800706D5EB
:10ABC000FAF77CFD801B0328F6D3032064E2287883
:10ABD000C00754D5082C03D00C2C0BD1032F09D15E
:10ABE000DFF840070068800349D56868002846D12F
:10ABF000012051E26868B0F5803F06D1DFF82407F4
:10AC0000016851F48031016018E06868B0F5A02F48
:10AC10000AD1DFF81007016851F480210160016852
:10AC200051F48031016009E0DFF8F806016831F481
:10AC300080310160016831F480210160686800287A
:10AC40000ED0FAF73BFD0600DFF8D8060068800357
:10AC500015D4FAF733FD801B6528F5D303201BE2DA
:10AC6000FAF72CFD0600DFF8BC060068800306D565
:10AC7000FAF724FD801B6528F5D303200CE2287821
:10AC8000800752D5042C03D00C2C15D1022F13D1E0
:10AC9000DFF890060068400504D5E868002801D177
:10ACA0000120F9E1DFF83407016831F0F8512A6931
:10ACB00051EA0261016038E0E86800281FD0DFF83F
:10ACC0006496D9F8000050F48070C9F80000FAF7D3
:10ACD000F5FC0600D9F80000400506D4FAF7EEFCB2
:10ACE000801B0328F6D30320D6E1DFF8F0060168C5
:10ACF00031F0F8512A6951EA0261016015E0DFF88C
:10AD00002496D9F8000030F48070C9F80000FAF7F2
:10AD1000D5FC0600D9F80000400506D5FAF7CEFCB0
:10AD2000801B0328F6D30320B6E1287800072ED530
:10AD30006869002815D0DFF8A096D9F8000050F017
:10AD40000100C9F80000FAF7B9FC0600D9F80000C4
:10AD500080071CD4FAF7B2FC801B0328F6D303202B
:10AD60009AE1DFF87496D9F8000040084000C9F86D
:10AD70000000FAF7A3FC0600D9F80000800706D50A
:10AD8000FAF79CFC801B0328F6D3032084E1287883
:10AD9000400740F181805FF00009DFF848A6DAF84B
:10ADA0000000C0000DD4DAF8000050F08050CAF85E
:10ADB0000000DAF8000010F08050019001980120A6
:10ADC0008146DFF824B6DBF80000C00513D4DBF8B9
:10ADD000000050F48070CBF80000FAF76FFC06001A
:10ADE000DBF80000C00506D4FAF768FC801B0328D6
:10ADF000F6D3032050E1A868012806D1DFF8EC055E
:10AE0000016851F00101016017E0A86805280AD126
:10AE1000DFF8D805016851F004010160016851F0C4
:10AE20000101016009E0DFF8C40501684908490033
:10AE30000160016831F004010160A868002810D0A9
:10AE4000FAF73CFC0600DFF8A4050068800719D477
:10AE5000FAF734FC801B41F289318842F3D3032096
:10AE60001AE1FAF72BFC0600DFF88005006880077E
:10AE700008D5FAF723FC801B41F289318842F3D3CD
:10AE8000032009E14846C0B2012805D1DAF80000E4
:10AE900030F08050CAF80000287880062ED5686A05
:10AEA000002815D0DFF84895D9F8000050F00100CF
:10AEB000C9F80000FAF702FC0600D9F80000800784
:10AEC0001CD4FAF7FBFB801B0328F6D30320E3E036
:10AED000DFF81C95D9F8000040084000C9F80000D0
:10AEE000FAF7ECFB0600D9F80000800706D5FAF760
:10AEF000E5FB801B0328F6D30320CDE0A86A0028D9
:10AF000000F0C980A86A022840F0A380D8F80000A9
:10AF1000070017F00300E96A884222D117F0700099
:10AF2000296B491EB0EB011F1BD117F4FE40696B62
:10AF3000B0EB012F15D117F07840A96BB0EBC16FC2
:10AF40000FD117F4C000E96B4908491EB0EB415F0F
:10AF500007D117F0C060296C4908491EB0EB416F5A
:10AF600057D00C2C53D0DFF8BCA3DAF80000400116
:10AF700001D5012090E0DAF8000030F08070CAF8C6
:10AF80000000FAF79BFB8146DAF80000800107D544
:10AF9000FAF794FBB0EB09000328F5D303207BE01C
:10AFA000D8F80010DFF84C040140E86A0143286B30
:10AFB000401E51EA0011686B51EA0021E86B40081D
:10AFC000401E51EA4051286C4008401E51EA406141
:10AFD000A86B51EAC061C8F80010DAF8000050F020
:10AFE0008070CAF80000D8F8000050F08070C8F8EF
:10AFF0000000FAF763FB0600DAF8000080014AD48B
:10B00000FAF75CFB801B0328F6D3032044E0012001
:10B0100042E0DFF81093D9F8000080013BD4D9F862
:10B02000000050F08070C9F80000D8F8000050F01F
:10B030008070C8F80000FAF741FB0600D9F800005C
:10B04000800128D4FAF73AFB801B0328F6D30320AB
:10B0500022E00C2C1DD0DFF8CC92D9F8000030F0A3
:10B060008070C9F80000FAF729FB0600D9F8000043
:10B07000800106D5FAF722FB801B0328F6D30320B4
:10B080000AE0D8F80010DFF870030140C8F800109B
:10B0900001E0012000E00020BDE8FE8F2DE9F04135
:10B0A00004000D00002C01D10120B2E0DFF84C7348
:10B0B000386810F00700A8420BD23868C008C000FA
:10B0C00028433860386810F00700A84201D00120FA
:10B0D0009FE0207880070DD5DFF84C12086810F04B
:10B0E000F000A268904205D20A6832F0F002A0682F
:10B0F00002430A602078C00742D56068032806D161
:10B10000DFF82002006880011CD4012081E0606823
:10B11000022806D1DFF80C020068800312D4012057
:10B1200077E06068002806D1DFF8F8010068800742
:10B1300008D401206DE0DFF8EC010068400501D47F
:10B14000012066E0DFF8E081D8F800108908890066
:10B1500060680143C8F80010FAF7B0FA0600D8F8A2
:10B16000000010F00C006168B0EB810F08D0FAF716
:10B17000A5FA801B41F289318842F0D3032048E0D0
:10B18000207880070CD56849A0680A6812F0F002A0
:10B19000904205D20A6832F0F002A06802430A60C9
:10B1A000386810F0070085420BD23868C008C0002C
:10B1B00028433860386810F00700A84201D0012009
:10B1C00027E02078400706D557490A6832F4E06244
:10B1D000E06802430A602078000707D552480168FA
:10B1E00031F46051226951EAC201016000F013F8A4
:10B1F000DFF8EC114C4A1268C2F30312895C11F0BB
:10B200001F01C840494908604948006801F04AFCEC
:10B21000C0B2BDE8F0812DE9F0410026002042498E
:10B22000096811F00C01DFF820C1DCF8007017F09C
:10B230000307002903D00C291AD1012F18D1DFF8F8
:10B24000E4E0DEF800805FEA087806D4DFF888E101
:10B25000DEF800E0CEF3032E03E0DEF800E0CEF3EC
:10B26000031E674E56F82E6000290CD130000AE00C
:10B27000042903D1DFF88CE1704604E0082902D1EB
:10B28000DFF884E170460C292DD1DCF800E01EF0D7
:10B29000030E73469E46BEF1020F03D0BEF1030FAC
:10B2A00003D005E0DFF85CE103E0DFF85CE100E0FB
:10B2B000B646DCF80020C2F30212521C1500DCF87E
:10B2C0000020C2F3062202FB0EFEBEFBF5F2DCF804
:10B2D00000C0CCF3416C1CF1010C5FEA4C0C6446DD
:10B2E000B2FBF4FC6046BDE8F0811048006870478E
:10B2F00080B5FFF7FAFF45490B4A1268C2F30222F4
:10B30000895C11F01F01C84002BD80B5FFF7EDFF59
:10B310003E49054A1268C2F3C222895C11F01F013E
:10B32000C84002BD00100240081002400C05002079
:10B33000E80400202849086810F07E400A6852F4AA
:10B3400000020A60704700000C1002407CB5040047
:10B350000025244E3068C00003D501F003FA010037
:10B360000FE0306850F080503060306810F080504E
:10B370000090009801F0F6F90100306830F080503C
:10B380003060B1F5007F09D1812C15D3A12C02D3F7
:10B390000220050010E0012005000DE0812C02D301
:10B3A0000320050008E0802C02D10220050003E004
:10B3B000702C01D10120050010480268D208D2008B
:10B3C0002A430260006810F00700A84201D0012063
:10B3D00000E0002076BD00009410024004100240FE
:10B3E000FCF300085810024000700040901002402A
:10B3F000981002408C809D01FCFFEEFE0020024070
:10B4000000F100080024F40000127A00A8F80008F7
:10B41000704770472DE9F84F82468B4614001D0097
:10B420000026DFF884713878012801D1022047E036
:10B43000012038704CF25038404600F05BF88146ED
:10B440004846C0B2002837D100207860DFF85C01A0
:10B450000168490506D5016831F480610160022068
:10B46000387701E000203877BAF1000F07D12200C9
:10B470002B00584600F071F8012006000FE0BAF1E9
:10B48000010F02D0BAF1020F09D12100584600F095
:10B4900071F8BAF1020F02D15FF480200600404635
:10B4A00000F028F88146002E04D0DFF8040101687E
:10B4B000B143016000F09FF8002038704846C0B2E8
:10B4C000BDE8F28F00203A490A68002A09D53C4AB3
:10B4D0003C4B13603C4B13600968002901D50121E6
:10B4E0000800C0B270473248016851F00041016065
:10B4F0000020704770B50400FAF7E0F805002D4A07
:10B500001068C00309D514F1010FF8D0FAF7D6F886
:10B51000401BA042F3D303201EE0116826480140DF
:10B52000002913D0204843680B43436011F0404F7B
:10B5300005D0224B1E6811F0404006431E60880073
:10B5400002D021F040401060012005E01068C007E3
:10B5500001D501201060002070BD10B414490C68A2
:10B5600054F001040C600260BFF36F8F011D0B608B
:10B5700010BC704770B4402304000D000C4A1668DC
:10B5800056F480261660EFF3108272B62E6826609D
:10B59000241D2D1D5B1E1E00F6B2002EF6D182F377
:10B5A000108870BC70470000EC04002000200240AE
:10B5B0001420024010200240FAC30200182002406A
:10B5C0000820024023016745AB89EFCD10B4DFF8B6
:10B5D0009820136833F47E73C40014F4FF6423438B
:10B5E0001360136853F002031360136853F480333D
:10B5F000136010BC7047DFF86800017F0A00D2B208
:10B60000012A03D00A00D2B2032A11D1DFF8542054
:10B61000136833F400731360136853F4006313600A
:10B62000136833F400631360136853F400731360FA
:10B630000A00D2B2022A03D00A00D2B2032A0CD1E5
:10B64000084A136853F480531360136833F480532B
:10B650001360136853F4806313600022027770470D
:10B66000EC0400200020024014200240704700003B
:10B6700070B44FF0004591EA030F7CF57BAC6B4052
:10B68000841A71EB030603D2001BB14112197341F6
:10B690004FF4001C1CEB410F34BF7CEB430442E031
:10B6A0000C0DA4EB1356352E4FDC45EAC323DB0A01
:10B6B00045EAC121C912B6F120050DDD63FA05F690
:10B6C000EB4086EA0305124218BF45F00105C01899
:10B6D00051F100010CD213E062FA06F5F240554038
:10B6E000F3415A40B340F3405A408018594107D3C0
:10B6F00049085FEA30005FEA350528BF45F00105DB
:10B7000001F58011420875F1004250F1000041EB53
:10B7100004514E0016F5001F70BC38BF7047002062
:10B72000090D090570471CEB410F10D252EA430680
:10B730000BD0BCEB410F05D80C0DAB43661E342E6D
:10B74000B6DD02E0AB438018594170BC704770BC55
:10B750007047000090420CD141EA030C50EA4C0CB7
:10B7600007D0994205D14FF4001C1CEB410F38BFA4
:10B770008942704710B5144600F002F8226010BDEF
:10B78000C1F30A5343B14A0012F5001F28D2A3F2B5
:10B79000FE32A1EB0251704750EA410C20D001F07B
:10B7A000004C31EA0C01B1FA81F204BFB0FA80F327
:10B7B000D2180B3AB2F120032CBF00FA03F19140EA
:10B7C00041EA0C013EBFC2F1200C20FA0CF31943F0
:10B7D0009040524240F2FD33D21A01EB03517047C0
:10B7E000002270474FF4001C1CEB410F94BF1CEB70
:10B7F000430F09E041EA030C50EA4C0C52EA0C0CEE
:10B8000003D2994208BF9042704714BF8B428242D4
:10B81000704700004FF4001C1CEB410F94BF1CEB61
:10B82000430F09E041EA030C50EA4C0C52EA0C0CBD
:10B8300003D28B4208BF8242704714BF99429042A4
:10B8400070470000F8B52DED0A8B41EC1A0B48004B
:10B850004015109D401C43EC182B23D051EC1A0BC3
:10B8600031F0004108BF00281CD051EC180B4800F3
:10B870004015401C16D051EC180B31F0004108BFA8
:10B8800000280FD051EC1A0B0022DFF84833FFF7E5
:10B89000A9FF80F0A38055EC184B9FED800B05F0BD
:10B8A0000042ACE051EC1A0B48004015401C02D19C
:10B8B000090340F0898151EC180B48004015401CE9
:10B8C00001D1090353D151EC180B31F0004308BFEB
:10B8D000002A08D151EC1A0B48004015401C46D1F3
:10B8E000090344D10DE048004015401C12D1090362
:10B8F00010D151EC1A0B48004015401C37D10903F8
:10B9000035D1AFF30080BDEC0A8B4FF0FF306FF004
:10B910000041F4BD51EC1A0B31F0004108BF002882
:10B9200028D151EC180B4800400D05EB000234D132
:10B9300051EC180B31F0004108BF002806D02A4610
:10B9400051EC180B00F0CAF941EC180B51EC180B34
:10B9500020F0000231F0004308BF002A05D0480063
:10B960004015401C03D1090301D1AFF3008051EC15
:10B97000180B2BE151EC1A0B48004015401C26D146
:10B98000090324D153EC1A2B51EC180BBDEC0A8B94
:10B9900001B0BDE8F040FCF713BA002AC8DD40F260
:10B9A000FF70824209DB9FED9F0B53EC102B01F0DF
:10B9B00000410B4343EC182BC8E76FF31E5141EADB
:10B9C000025155EC184B0D4645EC184BBEE755ECB3
:10B9D000184B9FED320B05F0004210E001227E4B28
:10B9E000FFF718FF11D89FED8F0B51EC100B55ECA2
:10B9F000184BAFF3008005F0004040EA010251EC23
:10BA0000100BBDEC0A8B1146F4BD53EC1A2B734896
:10BA10007349FCF7D5F941EC100B53EC102B9FED5B
:10BA2000719B03F0004251EC190B0C46144353EC8C
:10BA3000192B51EC100B2346FCF794FAFCF750FB42
:10BA40000446F9F717FC41EC1B0B53EC1B2B4FF092
:10BA500078406649FCF7B4F902460B4651EC1A0BE4
:10BA6000FFF706FE06460F4653EC1B2B6048614964
:10BA7000FCF7A6F902460B4630463946FFF7F8FDBB
:10BA800041EC1A0B21F0004100225B4BFFF7AAFEAC
:10BA900008D2B0EE48AAF0EE68AA55E00000000017
:10BAA0000000000053EC1A2B51EC1A0BFCF788F93C
:10BAB00041EC1B0B53EC1B2B50485149FCF780F910
:10BAC000504A514BFCF74EFA53EC1B2BFCF778F91C
:10BAD00041EC1C0B53EC1B2B4C484D49FCF770F907
:10BAE0004C4A4D4BFCF73EFA53EC1B2BFCF768F924
:10BAF00053EC192BFCF736FA53EC1A2BFCF760F9D0
:10BB000041EC190B53EC1C2BFCF72CFA9FED43ABCB
:10BB100053EC1A2BFCF726FA06460F4651EC1C0B89
:10BB200053EC192BFFF7A4FD53EC1A2BFCF71AFA70
:10BB300002460B4630463946F9F7BEFB53EC182B4C
:10BB4000FCF73EF941EC1A0B51EC1A0B2A1948008C
:10BB5000400D02EB000319D0002B17DD40F2FF70FF
:10BB6000834209DB9FED2F0B53EC102B01F00041BA
:10BB70000B4343EC1A2B16E06FF31E5141EA0351BD
:10BB800055EC1A4B0D4645EC1A4B0CE051EC1A0BD8
:10BB900031F0004108BF002805D051EC1A0B00F02D
:10BBA0009DF841EC1A0B51EC1A0B20F0000231F019
:10BBB000004308BF002A05D048004015401C03D1AF
:10BBC000090301D1AFF3008051EC1A0BBDEC0A8BD5
:10BBD000F4BD000000C89CC000C89C40FE822B65DC
:10BBE0004715F73F000000000000E03F422EE63F0F
:10BBF000F2E4D5BCE7E84B3E0000903C112E5781A3
:10BC0000A03F503F5843128C8F71BC3F4BE8A54179
:10BC1000B752013F0BBDF3DAE8708C3F0000000023
:10BC20000000F03F000000000000F07FC9B2027881
:10BC30008A421AB11CBF10F8012FF9E718BF002083
:10BC40007047000080B500B906A005490B681BB11C
:10BC500022220021984701E000F054FF222002BD7B
:10BC6000B0280020636F6E73747261696E7420680F
:10BC7000616E646C65723A20626164206D657373F5
:10BC800061676500C9B2830706D0521E22D310F83F
:10BC9000013B9942F7D11FE0083A13D302F10402A5
:10BCA00041EA012141EA014150F8043B121F21BF42
:10BCB0004B40A3F1013C2CEA030C1CF0803FF3D075
:10BCC000C9B2001F083210F8013B521E28BF91EA8A
:10BCD000030FF8D818BF0120401E7047124254D4F9
:10BCE00040F2FF7C1CEA11530FD0634531D09B1802
:10BCF00063453CBF01EB0251704701F0004141EA4E
:10BD00000C510020AFF30080704750EA410320D06F
:10BD100001F0004C91EA0C011CD0B1FA81F30B3B0D
:10BD20009A420DD9D21A994051EA0C01C3F1200C64
:10BD300020FA0CFC61449840531C40F2FF7CD7E78A
:10BD4000914041EA0C01C2F1200C20FA0CF3194396
:10BD500090407047B0FA80F31533202BE0D3202AAF
:10BD6000EED3203A203B9A4209D9D21A00FA03F1C5
:10BD700041EA0C010020531C40F2FF7CB8E700FAB6
:10BD800002F141EA0C0100207047524240F2FF7C70
:10BD90001CEA11530DD06345DBD0B2EB030C3CBF62
:10BDA000A1EB025170470CF1010221EA035141F469
:10BDB000801150EA410CCCD001F0004C352A27DC30
:10BDC00030B481EA0C01B2F1200309DAC2F1200398
:10BDD000044601FA03F5D0402843D1409C400CE0D2
:10BDE000C3F12002450020FA03F418BF44F0010417
:10BDF00021FA03F091400C43002174F1004550F109
:10BE0000000051EB0C01244230BC7FF47BAF704743
:10BE10006146002076E70000400D491840EA812085
:10BE20000CD2490DA1F58061491C40F0004005DBB2
:10BE3000D1F11F0154BFC840C017704700207047A0
:10BE400000487047FC0B002080B52C482C4901604D
:10BE50004FF482714160002181604FF4E061C16064
:10BE600000210161002141614FF4007181610021D5
:10BE7000C16100210162002141620021816207212C
:10BE8000C1620021016308214163FDF7A1FC002884
:10BE900001D0FDF795FF01BD10B586B00400142256
:10BEA000002101A8FDF78EFF20681549884222D1A4
:10BEB0001448016851F480410160006810F480402A
:10BEC000009000981048016851F00201016000687C
:10BED00010F00200009000984FF4204001900220E2
:10BEE000029000200390032004900520059001A9F2
:10BEF0000648F5F7EDFE06B010BD00005C250020F9
:10BF000000380040581002404C1002400004004825
:10BF100010B500240320FEF76EFC0F2000F0C2FDD8
:10BF2000002802D00120040001E000F0EFFD200015
:10BF3000C0B210BD70B586B0142200216846FDF76E
:10BF400041FF6B48016851F004010160016811F084
:10BF5000040105910599016851F0800101600168B3
:10BF600011F0800105910599016851F0010101600E
:10BF7000016811F0010105910599016851F0020174
:10BF80000160016811F0020105910599016851F005
:10BF900008010160006810F0080005900598554CF4
:10BFA000002243F2C1312000F6F731F800224FF4AD
:10BFB000F8515FF09040F6F72AF84F4D0022042127
:10BFC0002800F6F724F84D4E002238213000F6F70D
:10BFD0001EF842F2C1300090012001900020029032
:10BFE0000020039069462000F5F772FE4CF21E0017
:10BFF0000090032001900020029069462000F5F790
:10C0000067FE0B20009003200190002002906946FB
:10C010003B48F5F75DFE48F2FF00009003200190D9
:10C020000020029069465FF09040F5F751FE202015
:10C030000090002001900120029069462000F5F751
:10C0400047FE0720009000200190012002906946E1
:10C050003000F5F73DFE4FF4A6400090032001901C
:10C060000020029069463000F5F732FE4FF4F85098
:10C07000009001200190002002900020039069466A
:10C080005FF09040F5F724FE4FF4805000900120BF
:10C090000190002002900320039069462000F5F7EC
:10C0A00017FE042000900120019000200290002043
:10C0B000039069462800F5F70BFE18200090012038
:10C0C0000190002002900020039069463000F5F7AF
:10C0D000FFFD20200090012001900020029003200D
:10C0E000039069463000F5F7F3FD06B070BD00BF60
:10C0F0004C10024000080048000C004800040048B2
:10C10000001C004880B51648016851F0020101602A
:10C11000016811F0020100910099016851F00101DC
:10C120000160006810F001000090009800220021DA
:10C130000D20FEF766FB0D20FEF778FB00220021A4
:10C140000F20FEF75EFB0F20FEF770FB00220021A0
:10C150004520FEF756FB4520FEF768FB01BD00BFFA
:10C160004810024018B591B01422002101A8FDF733
:10C1700029FE042200216846FDF724FE2C2200211E
:10C1800006A8FDF71FFE484C48482060002060606C
:10C190007F20A060FF20E06000202061002060611F
:10C1A0000020A0610020E061200000F0CBFC00280E
:10C1B00001D0FDF705FE00208DF8040000208DF869
:10C1C000050000208DF80600002004900020059056
:10C1D000012201A9200000F01AFD002801D0FDF77E
:10C1E000EFFD01208DF8000001208DF801000120F5
:10C1F0008DF8020000208DF803000122694620001E
:10C2000000F0B3FD002801D0FDF7DAFD00208DF825
:10C21000180000208DF8190000208DF81A00002069
:10C2200007900020099000200A9000200B90002029
:10C230000D9000200E9001208DF83C004FF480708E
:10C240001090012206A9200000F01EFE002801D057
:10C25000FDF7B6FD12B010BD10B598B00400602215
:10C2600000216846FDF7AEFD20681049884219D1CB
:10C270005FF4003000904FF4007017906846FDF7AF
:10C28000ABFD002801D0FDF79BFD0948016851F482
:10C2900000410160002200212920FEF7B2FA292086
:10C2A000FEF7C4FA18B010BDA027002000280040F7
:10C2B0009010024010B5040001F0EFF8012010BD0D
:10C2C00038B50400DFF85814087800280ED1012092
:10C2D0000870DFF850048088DFF84C1408802100D3
:10C2E000C9B2DFF84804F9F746FB22E0DFF838046A
:10C2F000DFF83054AA8803889A4212D100200870CF
:10C30000AA8829680220F5F709FF92A10220F5F713
:10C310001BFF0121280001F065F92800F5F7E0FE78
:10C3200007E0A98801802100C9B2DFF80004F9F70D
:10C3300022FB012032BD10B50400FEF7F6FA012001
:10C3400010BD10B50400DFF8E8130320F5F70AFF6D
:10C350000421DFF8D803F9F70EFB012010BD01001E
:10C360000120704701000120704701000120704743
:10C3700080B500F0AFFF01F023FA01BD1CB500F05D
:10C3800039F801F0AAFAF5F771FFF7F7E3FEDFF8E5
:10C39000A443002000900FF2291300225FF0FF3128
:10C3A000200000F0A1FFDFF89013200001F058F802
:10C3B000200000F0BFFF13BDF8B50024FFF7D8FF41
:10C3C000FFF7DCFF00F096F8012803D14FF4FA6084
:10C3D000FAF7D8FA002500F01DF806002E4301F008
:10C3E00087FA07003743F7F7D9FE38430400F5F71B
:10C3F000BCFFEFE780B500F099F800F09BF80FF272
:10C40000B500DFF8381308600FF2D100DFF8301301
:10C41000086001BD70B50020002400252800C0B2CE
:10C4200007283ADAC14E2800C0B2000130444078F3
:10C43000012830D12800C0B2042801D00120040016
:10C440002800C0B200013044406800280ED0F9F73F
:10C4500035F92900C9B2090131444968401A290057
:10C46000C9B2090131448968884214D300202900E7
:10C47000C9B2090131444870F9F720F92900C9B25D
:10C480000901314448602800C0B22900C9B209013D
:10C490003144C96888476D1CC0E7A44A92F841003E
:10C4A000002803D104211000F9F765FA2000C0B27A
:10C4B00070BD000080B500219C48F9F74DFA01BD20
:10C4C00010B504009F490320F5F73EFE052197486B
:10C4D000F9F742FA00F001F810BD704738B50400D2
:10C4E0000D004FF47A732A0092B221009648FAF7B1
:10C4F0009AFA31BD38B500250024FEF71BFF010074
:10C50000880110D4C8000ED488000CD448000AD486
:10C51000002908D4480102D50120040003E00801E5
:10C5200001D5012004002000C0B232BD80B5FAF769
:10C5300021F801BD80B5012284498348FAF7D9FA70
:10C54000002201214620FEF75CF94620FEF76EF935
:10C5500001BD00000D0A000070472DE9F041040004
:10C56000002500217A4A16887A4FF869002823D1DD
:10C570006C48828812FA84F2B2F5966F01D30022D9
:10C5800082805FF000084146220089B292B2914257
:10C590000ED2016882881144424692B26E4BC44664
:10C5A0001FFA8CFC13F80C308B5418F10108EAE7E1
:10C5B00081886118818077E03000230080B29BB2CF
:10C5C000984229D2A01B05005648838813FA85F3A8
:10C5D000B3F5966F01D3002383805FF000084146D6
:10C5E0002B0089B29BB2994212D201688388194408
:10C5F00043469BB2DFF860C1C6461FFA8EFE1EFAA4
:10C6000086FE1CF80EC001F803C018F10108E6E729
:10C6100081886918818046E0D6F164000500414BAD
:10C62000988810FA84F010FA85F0B0F5966F01D36F
:10C630000020988000200100AC4689B21FFA8CFCD3
:10C64000614513D21968B3F804C0614484461FFAE7
:10C650008CFCDFF804E180461FFA88F818FA86F8A7
:10C660001EF808E001F80CE0401CE4E75FF0000869
:10C670004046210080B289B2884210D21868998859
:10C680000844414689B2DFF8D0C0C6461FFA8EFE84
:10C690001CF80EC000F801C018F10108E8E79988FD
:10C6A0002819411899801480F86900280AD1642259
:10C6B00029492548FEF774F93868006830F004000D
:10C6C0003968086001211948F9F746F9BDE8F08199
:10C6D0000100224801600020704780B520480168B1
:10C6E00051F480410160016831F4804101601648D5
:10C6F000FAF7AAF8002002BD38B504000D00104A70
:10C700001068002804D0290089B2200012689047E0
:10C710000020124909688847002032BD000000004F
:10C72000CA28002088050020BC2800201005002011
:10C73000A4F200081028002080A903009C280020F3
:10C74000AC2800206CF20008CC200020C928002072
:10C75000BA28002024260020C02500208828002098
:10C7600040100240DFF88000006810F4C06070479D
:10C770000200B2F5007F26D1DFF86C00036813F4E5
:10C78000C063B3F5007F2CD0036833F4C06353F467
:10C7900000730360DFF85400036832204343DFF87E
:10C7A0005000B3FBF0F0401C0100DFF848000368C4
:10C7B0005B0503D5002901D0491EF6E70068400556
:10C7C0000FD503200EE0DFF82000036813F4C063E8
:10C7D000B3F5806F05D0036833F4C06353F480630E
:10C7E0000360002070470000007000400C0500202E
:10C7F00040420F001470004080B5012217491848CC
:10C80000FAF777F9002201212520FDF7FAFF25200C
:10C81000FEF70CF801BD704738B504000D480F490C
:10C820000A78036885885A558288521C82808288DB
:10C8300040F2FF139A4201D300228280012208486D
:10C84000FAF757F901200449087002210548F9F761
:10C8500092F831BDEC0B0020D3280020D228002014
:10C8600054210020F00600202DE9F84785B005008E
:10C870000E0014001F000020ADF802005FF0000A57
:10C88000DFF80C22107AA84202D27FF0040055E0B3
:10C89000D0683040B04202D07FF005004EE05068D2
:10C8A000002806D0002C04D00DF1020101A8526826
:10C8B00090470DF1380843463A004FF40071DFF815
:10C8C000DC0101F020F9814600F0CFF86946BDF89F
:10C8D000020010EB090080B200F076F810F1010FB1
:10C8E00028D05FF0000A5046BDF8021080B288429E
:10C8F00010D201A8514689B2405CDFF89811BDF80A
:10C9000000208854BDF80000401CADF800001AF16A
:10C91000010AE8E743463A004FF40071DFF874017A
:10C92000BDF800C0604401F0EEF800F0A3F800F09C
:10C9300008F803E000F09EF87FF0020006B0BDE8C2
:10C94000F08770B50024002500F099F8002837D151
:10C9500000F08BF84E4E308A718A88422ED0B07823
:10C9600001280ED13188308A091AB1820220B070B4
:10C9700000203080B08A002803D10020B070002051
:10C980003082B07800280CD1308A718A884204D273
:10C99000718A308A091AB18203E0308AD0F580604A
:10C9A000B0823C48318A0844050000F079F8B18A29
:10C9B0002800394A92689047040001E000F05AF8D4
:10C9C000200040B270BD000070B402005FF0FF3084
:10C9D0002F4B5C8A1D8AAC4216D15C8AD4F58064E8
:10C9E00015002600ADB2B6B2B5422BD315001E8A93
:10C9F000ADB2B54226D201259D705D8A1D801D8A8B
:10CA00002C0000255D821DE01C8A5D8AAC4216D296
:10CA10005C8AD4F5806415002600ADB2B6B2B5428A
:10CA200010D315001E8AADB2B5420BD201259D7000
:10CA30005D8A1D801D8A2C0000255D8202E01D8A12
:10CA40005C8A2C1B15002600ADB2B6B2B54209D2E5
:10CA50005D8A0D805D8A15FA82F5AD05AD0D5D82AA
:10CA60000023180000B270BC70470948C18A491CF5
:10CA7000C18270470648C18A491EC1827047044876
:10CA8000C08A002801D1002000E00120704700008A
:10CA9000F8270020EC140020BCF60008EC18002059
:10CAA0007047000038B504000025134908780028B5
:10CAB0001DD04FF47A700978B0FBF1F00F49096886
:10CAC000B1FBF0F0FDF7C0FE00280DD1102C08D20C
:10CAD000002221005FF0FF30FDF793FE084804605C
:10CAE00007E00120050004E00120050001E001202D
:10CAF00005002800C0B232BD370C00200C05002014
:10CB0000E8040020012001F0EFB8000081B00B48DC
:10CB1000016851F001010160006810F0010000900F
:10CB200000980748016851F080510160006810F0DA
:10CB300080500090009801B0704700BF6010024024
:10CB40005810024070B504000125002C5CD094F808
:10CB50002100002805D1002084F820002000FFF7E4
:10CB60007BFB022084F821002068C068C00642D404
:10CB7000CA2021684862532021684862200000F0E2
:10CB80002AFB06003000C0B200281AD12068816854
:10CB9000DFF8E806014020688160206881686268EB
:10CBA00020690243A0690243114320688160E06864
:10CBB0002168086120680069A16850EA0140216885
:10CBC0000861200000F02DFB05002800C0B20028FD
:10CBD0000DD12068C06C800880002168C86420687E
:10CBE000C16CE2696069024311432068C164FF209F
:10CBF0002168486201E0002005002800C0B200283A
:10CC000002D1012084F821002800C0B270BD2DE9B6
:10CC1000F04705000E00140095F82000012801D10E
:10CC200002206DE0012085F82000022085F8210017
:10CC3000CA2029684862532029684862280000F009
:10CC4000CAFA80464046C0B200284AD1002C20D102
:10CC500028688068400601D40020F070307800F029
:10CC60001FFB8246707800F01BFB8146B07800F015
:10CC700017FB5FFA8AFA5FFA89F95FEA092959EA2C
:10CC80000A49C0B250EA0909F07859EA80594F467A
:10CC900010E028688068400601D40020F0703078E9
:10CCA0007178090251EA0041B0780143F07851EA05
:10CCB00080510F00DFF8C8053840296808602868EF
:10CCC000806830F480202968886028688168F2686C
:10CCD00030690243114328688160280000F0A1FAFE
:10CCE0008046FF20296848624046C0B2002802D131
:10CCF000012085F82100002085F820004046C0B2C0
:10CD0000BDE8F087F8B505000E0014002868806AB9
:10CD10007060286800694004400CB06028680768AB
:10CD2000DFF85C0507403800000C10F03F00307061
:10CD30003800000A10F07F00707017F07F00B070AC
:10CD40003800800D10F00100F070002C0BD130780D
:10CD500000F0B4FA3070707800F0B0FA7070B0780B
:10CD600000F0ACFAB0700020F2BD2DE9F0410500F2
:10CD70000E00140095F82000012801D1022058E08F
:10CD8000012085F82000022085F82100002C07D121
:10CD90007078C00604D5707810F0EF000A3070701B
:10CDA000002C16D1F07800F07BFA8046707800F005
:10CDB00077FA0700B07800F073FA5FFA88F8FFB2EC
:10CDC0003F0257EA0847C0B20743307857EA403776
:10CDD00009E0F07877783F0257EA0047B0780743D8
:10CDE000307857EA4037CA202968486253202968BA
:10CDF0004862280000F0EFF980464046C0B20028A3
:10CE000008D1DFF88004384029684860280000F025
:10CE100008FA8046FF20296848624046C0B20028D0
:10CE200002D1012085F82100002085F8200040462D
:10CE3000C0B2BDE8F081F8B505000E001400286806
:10CE40004768DFF8400407403800000CF0703800F5
:10CE5000000A10F01F00707017F03F00B07038002B
:10CE6000400B10F007003070002C0BD1F07800F070
:10CE700025FAF070707800F021FA7070B07800F048
:10CE80001DFAB0700020F2BD2DE9F84305000E0038
:10CE9000140095F82000012801D10220E5E00120CE
:10CEA00085F82000022085F82100002C2DD128686B
:10CEB0008068400601D40020F070306A0028FFD05E
:10CEC000307800F0EDF98046707800F0E9F907005D
:10CED000B07800F0E5F9814696F8240000F0E0F91A
:10CEE0005FFA88F8FFB23F0257EA08475FFA89F90C
:10CEF00059EA0707F17857EA8157C0B257EA006745
:10CF0000306A07437069074317E028688068400665
:10CF100001D40020F070307877783F0257EA00475C
:10CF2000B0780743F07857EA805796F8240057EA1C
:10CF30000067306A074370690743D6F80480F069D8
:10CF400050EA0808CA2029684862532029684862C4
:10CF5000B06AB0F5807F39D12868806830F480707D
:10CF6000296888602868C06810F0800070F4C0707C
:10CF70002968C860F8F7A2FB81462868C068C00726
:10CF800012D4F8F79BFBB0EB090040F2E93188427C
:10CF9000F3D3FF2029684862032085F82100002090
:10CFA00085F82000032060E02868C7612868C0F881
:10CFB00044802868806850F48070296888602868F8
:10CFC000806850F480502968886038E0286880685C
:10CFD00030F40070296888602868C06810F080000C
:10CFE00070F420702968C860F8F768FB81462868EB
:10CFF000C068800712D4F8F761FBB0EB090040F27B
:10D00000E9318842F3D3FF2029684862032085F87C
:10D010002100002085F82000032026E02868076210
:10D020002868C0F848802868806850F40070296833
:10D0300088602868806850F4005029688860DFF8AC
:10D040004802016851F480210160DFF84002016864
:10D0500051F480210160FF2029684862012085F891
:10D060002100002085F820000020BDE8F28370B583
:10D0700004000D0094F82000012801D1022062E094
:10D08000012084F82000022084F82100CA202168B1
:10D090004862532021684862B5F5807F24D120681A
:10D0A000806830F48070216888602068806830F47F
:10D0B000805021688860F8F701FB06002068C0688E
:10D0C000C00736D4F8F7FAFA801B40F2E9318842FB
:10D0D000F4D3FF2021684862032084F82100002057
:10D0E00084F8200003202EE02068806830F400706F
:10D0F000216888602068806830F40050216888606A
:10D10000F8F7DCFA06002068C068800711D4F8F749
:10D11000D5FA801B40F2E9318842F4D3FF20216820
:10D120004862032084F82100002084F820000320B6
:10D1300009E0FF2021684862012084F821000020D6
:10D1400084F82000002070BD10B504005FF480203A
:10D150004F49086020688068C0040ED52068C06808
:10D16000C0050AD52068C06810F0800070F4C07057
:10D170002168C860200000F049FE206880688004B3
:10D180000ED52068C06880050AD52068C06810F0F8
:10D19000800070F420702168C860200000F082FFD9
:10D1A000012084F8210010BD38B5040039482168F9
:10D1B000C860F8F783FA05002068C068800608D4C4
:10D1C000F8F77CFA401B40F2E9318842F4D303209F
:10D1D00000E0002032BD70B5040000262068C06861
:10D1E00040061BD45FF0FF302168C860F8F766FA8C
:10D1F00005002068C068400610D43000C0B2032883
:10D200000CD0F8F75BFA401B40F2E9318842F0D3CA
:10D2100003200600032084F82100EAE73000C0B2B2
:10D2200070BD70B5040000251B48016831F0800115
:10D2300001601A4E306880060AD42000FFF7B4FF60
:10D24000002817D0032084F821000320050011E0F6
:10D25000306830F0200030602000FFF7A5FF002884
:10D2600004D0032084F8210003200500306850F02A
:10D27000200030602800C0B270BD0000BFFF8FFFEB
:10D280007F7F7F003FFFFF00000401400804014052
:10D29000140401405FFF03000C28004008280040F0
:10D2A0000100002208000300DBB20A2B02D3521C4B
:10D2B0000A38F8E750EA0210C0B270470100C9B25C
:10D2C00009090A2211FB02F110F00F004018C0B248
:10D2D0007047000080B50020DFF800130860DFF819
:10D2E00000030068804702BD2DE9F04104000D00F5
:10D2F00016001F00DDF81880002C18D03800002818
:10D3000015D0002020602800DFF8D412496A884731
:10D31000606000202072002060720020A072E76030
:10D32000C4F81080E67200206061002000E0012057
:10D33000BDE8F0812DE9F04704005FF00008002C03
:10D340003BD0200000F002F9002836D1607A002896
:10D3500033D160680700DFF88892D9F82000804751
:10D360000600B74200D2370027600020207201205B
:10D3700060720020A072DFF864A2DAF800000028D2
:10D3800006D1D9F810008047200000F019F916E006
:10D39000D9F8180080470500206828182060206808
:10D3A000DAF800100968884203D2200000F008F97A
:10D3B00005E0200000F0EDF801E001208046404645
:10D3C000C0B2BDE8F0872DE9F04105000026002D30
:10D3D00040D0DFF80882D8F80070D8F8004001206B
:10D3E000A872D8F80000002836D000206872D8F85B
:10D3F0000000A8421AD10020D8F800100872D8F80E
:10D4000000004069002809D0D8F800004069C8F839
:10D410000000D8F8000000F0A6F818E0DFF8C0011E
:10D42000C06880470020C8F8000010E0002C0ED033
:10D43000AC4209D16069002802D064697C6102E0D5
:10D44000002004007C6102E027006469EEE7002010
:10D45000060001E0012006003000C0B2BDE8F08106
:10D4600070B504000D000026002C02D1012006003A
:10D4700010E028005A49496A88476060200000F09F
:10D4800065F8002806D02000FFF79DFF2000FFF779
:10D4900051FF06003000C0B270BD2DE9F843504D79
:10D4A000686980470600286980470700B7EB0608CF
:10D4B000DFF82891D9F8000000280FD0D9F8000033
:10D4C00004002068804504D22068B0EB080020608A
:10D4D00001E0002020606469002CF2D1D9F800003E
:10D4E000002824D0D9F800000068002806D0A869D8
:10D4F0008047D9F800100968814218D2D9F8000095
:10D500000400D9F800004069C9F80000002020722A
:10D51000002060722069E1688847E07A0128DDD147
:10D52000A07A0028DAD12000FFF704FFD6E7D9F867
:10D530000000002808D0D9F80000007A002803D1A4
:10D54000D9F8000000F00FF8BDE8F183020023488D
:10D550000168002905D0914201D1012002E049690A
:10D56000F7E70020704770B504001D4D286A80471A
:10D57000060001202072A869804721683018814286
:10D5800003D2A8698047301820602068A9688847BE
:10D5900070BD10B411490A6809684B6951690029C6
:10D5A00009D019680468A14202D21A005B69F5E744
:10D5B0005061436102E050610021416110BC70473D
:10D5C00038B5050005480468002C01D000212172FF
:10D5D0006C6105600068FFF7C6FF31BDA028002020
:10D5E00030F100082DE9FC4704000D005FF0FF3624
:10D5F00000226E4BD3E90001CDE900015FF0000984
:10D600004846A18880B2884224D22068494689B21F
:10D61000405C3D2805D02068494689B2405C3F28DF
:10D6200000D117E02068494689B2405C41280EDBF2
:10D630002068494689B2405C5B2808DA2068494680
:10D6400089B2405C203021684A4692B2885419F170
:10D650000109D5E700273800C0B2412880F2A28036
:10D66000DFF84C8121003800C0B20001404408308E
:10D6700000F019FD0600002E00F192803800C0B2C3
:10D68000000140444068002800F08A803800C0B2A1
:10D69000000140444068002808D14FF47A73A28802
:10D6A00021004448F9F7BFF901207CE0DFF808A128
:10D6B0005046F4F715FD0020010089B2A288921BA4
:10D6C000914223DA21683144020092B2895C3F29F9
:10D6D0000AD021683144020092B2895C3D2903D00E
:10D6E000BAF80410802900DB10E021683144020000
:10D6F00092B2895CDAF80020BAF80430D154BAF852
:10D700000410491CAAF80410401CD5E73900C9B21E
:10D7100009014144898916FA81F6B1464846A18833
:10D7200080B2884226D22068494689B2405C0D28E2
:10D730000CD1484680B2A188491E884206DA20688A
:10D74000494689B2084440780A2813D0BDF804003D
:10D7500080280CD22068494689B2405C0099BDF807
:10D7600004208854BDF80400401CADF8040019F1F1
:10D770000109D3E7114805702800C0B2401E0128F6
:10D7800002D9801E09D009E0002168463A00D2B2D1
:10D79000120142445268904700E0FFE7012002E096
:10D7A0007F1C58E70020BDE8F68700BF00F900089D
:10D7B000D4070020CC200020CC070020CF28002058
:10D7C00010B586B0DFF84840002201A92000FFF71D
:10D7D00099FA002269462000FFF72DFBDFF834009C
:10D7E0009DF8061081709DF8051041709DF8041099
:10D7F00001709DF80010C1709DF8021001719DF834
:10D80000011041719DF80310817106B010BD000038
:10D81000A02700206028002010B50400012210215C
:10D820005448F4F7F4FB012010BD70B50400524DCC
:10D83000524E30786978884207D05148697850F85C
:10D84000210000F02BF8687830702100C9B24D48F3
:10D85000F8F791F8012070BD10B504004A48C0786F
:10D86000012802D14948F7F7ECF803214548F8F7B9
:10D8700082F84648F4F734FC012010BD10B50400CE
:10D880003F483D49497850F8210000F007F8210051
:10D89000C9B23C48F8F76FF8012010BD10B504007C
:10D8A0003B483C4901604460002181600021C16027
:10D8B000002101610C214161002181610021C161D0
:10D8C0000021016200214162F9F770F8002801D0BF
:10D8D000FCF776FAFEF790FF10BD80B5F7F799F8E0
:10D8E00027482549497850F82100FFF7D7FF01BDA7
:10D8F00070B50020002400252800C0B2042836DAC4
:10D90000204E2800C0B200013044407801282CD1BC
:10D91000012004002800C0B2000130444068002803
:10D920000ED0F7F7CBFE2900C9B20901314449688E
:10D93000401A2900C9B2090131448968884214D3C8
:10D9400000202900C9B2090131444870F7F7B6FE3A
:10D950002900C9B20901314448602800C0B2290039
:10D96000C9B209013144C96888476D1CC4E7200069
:10D97000C0B270BD00040048340C0020CB28002049
:10D98000BC060020F006002090280020EC0B0020B0
:10D99000542100200038014002000020116809785D
:10D9A00030290CDB116809783A2908DA11684B1C18
:10D9B00013600A23097803FB00103038EEE7704744
:10D9C0002DE9F04F91B00400DDF868801B9D1C9E8E
:10D9D000DFF808030768700603D5DFF80403006862
:10D9E0000700022B01DB252B01DB002088E0F0077C
:10D9F00002D55FF0300C01E05FF0200C5FF0000E0C
:10DA0000B00706D5002A04D52D2086465242B8F12B
:10DA100001085FF00009002A06D13020EA460AF822
:10DA2000090019F1010910E0002A0ED010009A46F1
:10DA3000B0FBFAFB0AFB1B00385CEA460AF8090057
:10DA400019F10109B2FBF3F2EEE74D4500DA4D465C
:10DA5000B8EB0508F0070DD44046B0F101080128E5
:10DA600008DB20202070641C491E002901D1200001
:10DA700046E0F1E77046C0B2002807D084F800E025
:10DA8000641C491E002901D1200039E04046B0F154
:10DA90000108012808DB84F800C0641C491E002925
:10DAA00001D120002CE0F1E72800451E814508DA6D
:10DAB00030202070641C491E002901D120001FE085
:10DAC000F2E74846B0F1010901280ADB684610F880
:10DAD00009002070641C491E002901D120000FE0BC
:10DAE000EFE74046B0F10108012808DB2020207054
:10DAF000641C491E002901D1200001E0F1E720004B
:10DB000011B0BDE8F08F2DE9F74F88B005001E0079
:10DB10000998012801DA0020DDE0AA460A98007879
:10DB2000002806D1BAEB05000999491E8842C0F2C7
:10DB3000CC80BAEB05000999491E884280F2C58065
:10DB40000A980078252806D00A9800788AF80000FC
:10DB50001AF1010AB5E0002080460A98401C0A909C
:10DB60000A980078302801D158F001085FF0FF3B97
:10DB7000D9460A980078302807DB0A9800783A28B6
:10DB800003DA0AA8FFF708FF8146CDF81CB0CDF8EC
:10DB900018B00A2005900A980078582843D06328C6
:10DBA0000AD0642844D0692842D0732816D075283A
:10DBB00040D0782839D03EE0B9F10109B9F1010F20
:10DBC00005DB20208AF800001AF1010AF4E730682A
:10DBD000361D8AF800001AF1010A72E03068361D1D
:10DBE0000400002C01D13F4804002000F7F70AFB95
:10DBF00004904846B0F101090499814205DA2020D9
:10DC00008AF800001AF1010AF3E7002007000498DF
:10DC1000874207DA20788AF80000641C1AF1010AAA
:10DC20007F1CF4E74DE058F040081020059026E0F6
:10DC300058F0020823E00A980078252804D025200F
:10DC40008AF800001AF1010ABAEB05000999491E89
:10DC5000884214DA0A980078002806D00A980078DA
:10DC60008AF800001AF1010A02E00A98401E0A90A0
:10DC7000BAEB05000999491E884200DA21E00698AE
:10DC80006C2803D13068361D039009E05FEA887084
:10DC900003D53068361D039002E03068361D0390CE
:10DCA000CDF8088007980190CDF80090059B039A65
:10DCB0000999491EBAEB0500091A5046FFF780FE84
:10DCC00082460A98401C0A9028E700208AF8000043
:10DCD000BAEB050528000BB0BDE8F08FF40B00206F
:10DCE000F80B002008F9000880B5AFF30080024A65
:10DCF00011001820ABBEFBE72600020080B5DFF85C
:10DD00007003DFF870130160002141601F21816002
:10DD100040F2FF31C1600021016100214161002119
:10DD200081610021C161FEF70DFF002801D0FCF7E1
:10DD300047F801BD38B5DFF84043207800280FD1FF
:10DD4000FFF7DCFFDFF828534FF480712800FFF75E
:10DD50008EF9280000F09AFA00F01CF801202070DB
:10DD6000002032BD10B50400200000F055F800205E
:10DD700010BD80B5DFF8F8020168C96811F08001B4
:10DD800071F4C0710268D1604FF48071FFF76FF9D0
:10DD9000002002BD10B5DFF8E442211D14F1180087
:10DDA00000F01DF92060206810BDDFF8D002006887
:10DDB000704780B586B001A9684600F010F9AF49F8
:10DDC0000968401A07B000BD10B586B00024AA4803
:10DDD0000078012804D101A9684600F000F9040088
:10DDE000200006B010BD0320704700B58021A1FBC4
:10DDF00000017D220023F9F7CBFE00BD7D21A1FBB0
:10DE00000001C00940EA4160C909704710B504002B
:10DE10009B480068804710BD2DE9F04F99B0040081
:10DE20004021002209AD2800F7F700FF5FF000084D
:10DE30005FF0000A002600275FF0000B8F4D04A85A
:10DE4000291D1422F9F760FEA8690390FFF791FFDE
:10DE500040F2FF30059D451B20008005800D4519CF
:10DE6000A40A9DF80E908748844204D3864804197A
:10DE700019F10109F7E79DF81080B4F5616F04D33B
:10DE8000B4F5616418F10108F7E79DF811703C2CB6
:10DE900002D33C3C7F1CFAE79DF81200210051FAA6
:10DEA00080F6280080B2B0F5806F03DBB5F58065A1
:10DEB000761CF6E7300080B23C2802D33C3E7F1C43
:10DEC000F8E7380080B23C2803D33C3F18F1010842
:10DED000F7E7404680B2182804D3B8F1180819F1C2
:10DEE0000109F6E79DF80F00042190FBF1F201FB18
:10DEF0001200002817D165499DF80D00084410F85C
:10DF0000010C4A4680B292B2904223D21FFA89F99C
:10DF100048469DF80D20114411F8011C90FBF1F9C1
:10DF200001FB190916E05A499DF80D00084410F844
:10DF3000010C4A4680B292B290420BD21FFA89F984
:10DF400048469DF80D20114411F8011C90FBF1F991
:10DF500001FB1909DFF83CA140F2FF31280080B233
:10DF6000091ACAF804105FF02060CAF81C008AF889
:10DF700002608AF801708AF800808AF824909DF87F
:10DF800013008AF803000020CAF820005FF0004068
:10DF9000CAF814004FF48070CAF828000020CAF8AC
:10DFA0000C000020CAF81000002251463048FEF74D
:10DFB0006BFF002810D0DAF8040002909AF80200F3
:10DFC00001909AF8010000909AF800309AF8242005
:10DFD000314909A8F7F7FAFA19B0BDE8F08FF8B59A
:10DFE00004000D000026224F002221003800FEF719
:10DFF00022FF002229003800FEF784FEE17840F27B
:10E00000B5504143C91C8908E078042290FBF2F323
:10E0100002FB1300002801D1204A00E0204A637867
:10E020003D2043433C3B022093FBF0F041186078D5
:10E03000401EC0B240001300C34013F00303C91ACE
:10E04000A078401E41180F484143AB786E783C20C1
:10E050004643F3182E784FF4616000FB06335918DD
:10E06000890201F2FF316868091A0800F2BD000058
:10E07000A027002000280040D4280020C42700202A
:10E080009C2800208051010080AEFEFF30F800087F
:10E0900024F80008FC26002018F20008505544001F
:10E0A000A0AA990070472DE9FE4F04000D00002042
:10E0B000002600270021ADF804105FF001085FF092
:10E0C00000095FF0000A21680978212901D10121A6
:10E0D0008A465FF0000B584600B2A988884272DA7F
:10E0E00020685146C9B2405C29685A4612B2895C20
:10E0F000884265D1012080465046C0B2401C0600CF
:10E10000002081460020ADF80400300000B2A18854
:10E1100088424ADA2068310009B2405C7C281ED16E
:10E12000BDF90400002804D10120814616EB0B0044
:10E13000070001A800903B001BB22A002100701CC0
:10E1400000B200F059F880464046C0B2012806D11E
:10E150005146C9B2584600B200F03DF839E0484691
:10E16000C0B200280FD12068310009B2405C296894
:10E170005A4612B21144320012B2895C884202D06F
:10E180000020804611E04846C0B2002801D1761C2C
:10E19000BBE73000BDF9041000B2884203DABDF9D4
:10E1A00004000600B1E7761CAFE74046C0B2012884
:10E1B00006D15146C9B2584600B200F00CF808E04A
:10E1C0001BF1010B87E75146C9B25FF0FF3000F049
:10E1D00002F8BDE8FE8F02000800C0B2002802D19C
:10E1E000100000B207E0100000B2002802D45FF077
:10E1F000FF3000E000207047F0B50400059D0120CD
:10E20000002637003FB207FA84F7B1F804C067452B
:10E210003ADA0F68A4460FFA8CFC6744B4460FFA4A
:10E220008CFC17F80C707C2F03D137192F8000B2AB
:10E230002BE09788B4460FFA8CFC0CFA83FC6745F8
:10E2400006DAB2F904707F1C2F805FF0FF373800C8
:10E250000F68A4460FFA8CFC6744B4460FFA8CFC96
:10E2600017F80C70D2F800C09E460FFA8EFEF444E8
:10E27000B6460FFA8EFE1CF80EC0674502D05FF05E
:10E28000FF373800761CBCE700B2F0BD010091F802
:10E290002000012801D102201BE0012081F820008C
:10E2A000022081F82100CA200A68506253200A68BF
:10E2B00050620868806850F020000A689060FF2073
:10E2C0000A685062012081F82100002081F82000B6
:10E2D0000020704700000000000000000000F0BFB8
:10E2E000000000000000008000000000000000802E
:10E2F0000000000000000000000000C05294EEBFCB
:10E3000000000048204E51BE000000F86467BCBC0D
:10E310000000000000000000000000208133EDBF7D
:10E3200000000080B3DB14BE000000506706A3BCF1
:10E330000000000000000000000000D0E9DCEBBF9E
:10E3400000000008C39259BE00000080B0D3B8BCE2
:10E35000000000000000000000000070F98FEABF1C
:10E36000000000C0A51028BE000000E8BFC0B0BC7F
:10E37000000000000000000000000070284CE9BF11
:10E3800000000060134B42BE000000C03D20B8BC3E
:10E39000000000000000000000000050FA10E8BF7C
:10E3A000000000C05FF62BBE000000905C71A7BCAF
:10E3B000000000000000000000000020FCDDE6BFBF
:10E3C000000000C0F8F154BE00000018E9F6B9BC26
:10E3D0000000000000000000000000D0C3B2E5BF54
:10E3E00000000070E43254BE00000050DB06B4BCF4
:10E3F000000000000000000000000010EF8EE4BFED
:10E4000000000020F36252BE000000C02A879ABCC0
:10E410000000000000000000000000B02272E3BF16
:10E42000000000F0E8E056BE00000028352DBDBC1D
:10E430000000000000000000000000000A5CE2BFD5
:10E44000000000B0FA8E41BE00000040AE6FBDBCBF
:10E45000000000000000000000000000564CE1BF7A
:10E46000000000F015CD5FBE00000000141C90BC41
:10E47000000000000000000000000040BD42E0BFBE
:10E4800000000030F93457BE000000E06C1E93BC61
:10E490000000000000000000000000E0F57DDEBF8D
:10E4A000000000B08A535EBE00000080DA77AABC8C
:10E4B0000000000000000000000000C09D81DCBFE3
:10E4C00000000000FFA226BE0000006057E2B0BCC2
:10E4D000000000000000000000000060F98FDABFBB
:10E4E000000000580A8151BE000000F05F60B8BC17
:10E4F00000000000000000000000000098A8D8BF45
:10E50000000000607A7F45BE000000D05433A3BCF9
:10E510000000000000000000000000600FCBD6BF2C
:10E52000000000D091CB40BE000000406D1BA0BC9D
:10E530000000000000000000000000A0FBF6D4BFB7
:10E5400000000098C5CE52BE000000003A397EBCE3
:10E550000000000000000000000000E0FE2BD3BF20
:10E560000000004073872BBE00000000926879BC59
:10E57000000000000000000000000040C069D1BFA2
:10E5800000000058F16353BE00000080438D7CBC46
:10E59000000000000000000000000080D85FCFBF36
:10E5A000000000181F8354BE000000B03F42A2BC10
:10E5B00000000000000000000000008067FCCBBFEE
:10E5C00000000060FAFF53BE00000050E00DB8BC30
:10E5D00000000000000000000000000098A8C8BF74
:10E5E000000000607A7F35BE000000C0543393BC49
:10E5F000000000000000000000000000DC63C5BF58
:10E6000000000058D6FF54BE00000000396490BCE2
:10E610000000000000000000000000C0AD2DC2BFDF
:10E6200000000080A45915BE000000E0484BABBCC0
:10E630000000000000000000000000801A0BBEBFB8
:10E6400000000050BF3C5ABE000000A0B364B6BC3E
:10E6500000000000000000000000008004D6B7BFEA
:10E6600000000040BBCF36BE0000008076CEA8BCC4
:10E6700000000000000000000000008032BBB1BFBD
:10E68000000000402A0043BE00000028C60CBDBCAC
:10E690000000000000000000000000009473A7BF0D
:10E6A000000000182B3B59BE000000C0E55DA5BC72
:10E6B000000000000000000000000000EE4397BFD3
:10E6C000000000A0E6C340BE00000020958DB5BC50
:10E6D00000000000000000000000000000000080BA
:10E6E000000000000000008000000000000000802A
:10E6F000000000000000000000000000000000001A
:10E700000000000000000000000000000000000009
:10E7100000000000000000000000000000000000F9
:10E7200000000000000000000000000000000000E9
:10E7300000000000000000000000000000000000D9
:10E7400000000000000000000000000000000000C9
:10E7500000000000000000000000000000000000B9
:10E7600000000000000000000000000000000000A9
:10E770000000000000000000000000000000000099
:10E7800000000000000000000000000000C0F0FCDD
:10E79000FFFEF8C0000000000000000000000000C4
:10E7A0000000000000000000000000000000000069
:10E7B0000000000000000000000000000000000059
:10E7C0000000000000000000000000000000000049
:10E7D0000000000000000000000000000000000039
:10E7E0000000000000000000000000000000000029
:10E7F0000000000000000000000000000000000019
:10E80000000000000000000000C0F0FCFFFFFFFF60
:10E81000FFFFFFFFFFFCF0C0000000000000000051
:10E820000000000080C0C0C0C0E0F0F0F0F0703820
:10E830003C3C3C3C3F3F0F03000000000000000058
:10E8400000000000000000000000000000000000C8
:10E8500000000000000000000000000000000000B8
:10E8600000000000000000000000000000000000A8
:10E870000000000000000000000000000000000098
:10E880000000000000C0F0FCFFFFFFFFFF3F0F0F84
:10E8900003070F3FFFFFFFFFFFFC30383C3C1C0E1F
:10E8A0008FCFC7C3C3C3E37371303030383C0C0023
:10E8B00000000070F8CCCC0C0C0000C0F03C0CFC4C
:10E8C000FC000000C0F01C0C0C8CFCF000000000F0
:10E8D00000000CFCFC0000C03C0C00C0FCFC0C0068
:10E8E00000FCFCCCCCCCCC0C000C8CFCFC1C0C0C30
:10E8F0000C0000000000000000000000000000000C
:10E9000000C0F0FCFFFF7F3F0F07C3C0403030184E
:10E91000CCCCC7C3033330100C8CCCC4C3C3E3F3DB
:10E920003130303038380C000000000000000000AA
:10E9300000000C0C0C0C0F03030C0F030303030F5C
:10E940000F000000030F0C0C0C0F0301000000006F
:10E950000000000F0F0C030000000C0F0F00000060
:10E960000F0F0F0C0C0C000000000F0F0000000038
:10E9700000000000000000000000000000C0F0FCEB
:10E980003F3F0F0703000C00C3C13030CCCC033332
:10E990003300000C0C0003030300000001030F0F01
:10E9A0003C78C000000000000000000000000000F3
:10E9B0000000000000000000000000000000000057
:10E9C0000000000000000000000000000000000047
:10E9D0000000000000000000000000000000000037
:10E9E0000000000000000000000000000000000027
:10E9F00000000000000000000000C0300F03030012
:10EA00000000000000000000000000030000000003
:10EA100000000000000000000000000000000000F6
:10EA2000000000030C30C0000000000000000000E7
:10EA300000000000000000000000000000000000D6
:10EA400000000000000000000000000000000000C6
:10EA500000000000000000000000000000000000B6
:10EA600000000000000000000000000000000000A6
:10EA70000000000000000000000000000000000096
:10EA80000000000000000000000000000000000086
:10EA90000000000000000000000000000000000076
:10EAA0000000000000000000000000000000000066
:10EAB0000000000000000000000000000000000056
:10EAC0000000000000000000000000000000000046
:10EAD0000000000000000000000000000000000036
:10EAE0000000000000000000000000000000000026
:10EAF0000000000000000000060000000000000010
:10EB0000000F00000F00000F00000F0000000000C9
:10EB100000000000000000000000000000000000F5
:10EB20000000000000000700001E00E01F00FF1FA3
:10EB3000F8FF03FF1F00FF01000F000000000000AE
:10EB400000000000000000000000000000000000C5
:10EB5000000000000E000000C07F00F8FF01FCFF75
:10EB600007FCFF073E800F0E000E0E000E0E000E7B
:10EB70001E800FFCFF07FCFF07F8FF01C07F0000AD
:10EB800000000E00000070000E38000E38000E1C51
:10EB9000000E0E000EFEFF0FFEFF0FFEFF0FFEFF2A
:10EBA0000F00000E00000E00000E00000E0000001E
:10EBB0000E00000060000F78800F7CC00F7CE00F1B
:10EBC0001EF00F0EF80E0E7C0E0E3E0E1E1F0EFED9
:10EBD0000F0EFC070EF8030EF0010E0000000E00F1
:10EBE00000003080013880033C80073C800F1E000D
:10EBF0000F0E0E0E0E0E0E0E0E0E1E1F0FFEFF0F30
:10EC0000FCFB07FCF903F0E0010000000F0000002E
:10EC100000F00000F80000FE0080EF00C0E700F008
:10EC2000E1007CE0003EE000FEFF0FFEFF0FFEFF74
:10EC30000FFEFF0F00E00000E0000E00000000806B
:10EC400001F88703FE8707FE870FFE070F0E030EEE
:10EC50008E030E8E030E8E070F8EFF070EFF070E1C
:10EC6000FE0300FC000000000E000000C07F00F06A
:10EC7000FF01F8FF07FCFF073E0E0F0E070E0E0701
:10EC80000E0E070E1E0F0F3EFF0F3CFE0738FE0351
:10EC900030F8010000000E0000000E00000E000021
:10ECA0000E00000E000F0EE00F0EF80F0EFE0F8E7E
:10ECB000FF00CE0F00FE0300FE00003E00001E001D
:10ECC000000000000E000000F0E001F8FB03FCFB78
:10ECD00007FEFF0F1E1F0F0E0E0E0E0E0E0E0E0E57
:10ECE0001E1F0FFEFF0FFCFB07FCFB03F0E0010003
:10ECF00000000E000000F08301F88703FC8F07FE80
:10ED00009F0F1E1E0F0E1C0E0E1C0E0E1C0E1E8EB6
:10ED10000FFCFF07FCFF03F8FF01C07F00000000AD
:10ED2000000000000000005F000000070007001462
:10ED30007F147F14242A7F2A122313086462364921
:10ED40005522500005030000001C22410000412212
:10ED50001C00082A1C2A0808083E08080050300039
:10ED6000000808080808006060000020100804027D
:10ED70003E5149453E00427F400042615149462193
:10ED800041454B311814127F1027454545393C4AFF
:10ED9000494930017109050336494949360649494F
:10EDA000291E0036360000005636000000081422E6
:10EDB00041141414141441221408000201510906CC
:10EDC000324979413E7E1111117E7F494949363ED3
:10EDD000414141227F4141221C7F494949417F09EC
:10EDE0000901013E414151327F0808087F00417FFF
:10EDF00041002040413F017F081422417F404040B4
:10EE0000407F0204027F7F0408107F3E4141413E63
:10EE10007F090909063E4151215E7F0919294646AD
:10EE20004949493101017F01013F4040403F1F20D6
:10EE300040201F7F2018207F631408146303047888
:10EE40000403615149454300007F41410204081019
:10EE50002041417F00000402010204404040404044
:10EE6000000102040020545454787F484444383848
:10EE700044444420384444487F3854545418087E4D
:10EE8000090102081454543C7F0804047800447DAE
:10EE900040002040443D00007F10284400417F4056
:10EEA000007C041804787C0804047838444444380E
:10EEB0007C14141408081414187C7C0804040848F2
:10EEC00054545420043F4440203C4040207C1C20AB
:10EED00040201C3C4030403C44281028440C5050FA
:10EEE000503C4464544C44000836410000007F000C
:10EEF00000004136080008082A1C08081C2A0808D7
:10EF00006070787C7E1C362A361C303E3F3E3007CF
:10EF1000087F09077C444444387C7C4444387C7C2A
:10EF20007C44387C7C7C7C381E3276321E000002A9
:10EF300005020000FEE7FEE7FEE7FEE7FEE770479A
:10EF40007047704780B500F05FF824480168491C9D
:10EF5000016023480168491C01600168C92918D370
:10EF6000002101601F490878002802D101200870A3
:10EF700001E0002008700878012805D10122012154
:10EF80001948F3F744F804E0002201211648F3F78A
:10EF90003EF801BD80B51548FBF711FB01BD80B5FA
:10EFA0001348FBF70CFB01BD80B51248F7F7D0FD05
:10EFB00001BD80B51048F7F7CBFD01BD80B50F4806
:10EFC000FEF7C2F801BD80B50D48FBF7F8FA01BDA8
:10EFD00080B50C48F7F7BCFD01BD0000A428002057
:10EFE00084280020C828002000080048B4260020FB
:10EFF0006C26002054210020DC210020A0270020C6
:10F0000024260020CC20002003480168034A1278FF
:10F0100089180160704700BF80280020370C00204D
:10F02000F0B40246106895681318506803EB50045A
:10F03000C0071CD54D441AE013F8017B05F8017B8D
:10F04000491EF9D198B113F8011BC6F38106032EAE
:10F0500008BF13F8016B01EB06214942801C2944CB
:10F0600005D011F8016B05F8016B401EF9D1A342E0
:10F070000ED013F8016B16F0030104BF13F8011B47
:10F08000C91C30090F28DBD113F8010B0F30D7E76B
:10F09000F0BC02F10C007047494420536C61766566
:10F0A0003A20000000000000000000000000000006
:10F0B0000000000000000000000000000000000050
:10F0C0000000000000000000000000004252205339
:10F0D0006C6176653A20000000000000000000002E
:10F0E0000000000000000000000000000000000020
:10F0F0000000000000000000000000000000000010
:10F10000A0860100400D0300801A060000350C00A7
:10F1100040420F0080841E0000093D0000127A006A
:10F120000024F40000366E010048E801006CDC02A7
:10F1300035DD00080000000065DD000873DD000813
:10F1400095DD0008ABDD0008B3DD0008C9DD00086F
:10F15000E7DD0008EBDD0008FDDD0008303132336B
:10F160003435363738396162636465666768696A61
:10F170006B6C6D6E6F707172737475767778797A67
:10F1800000000000303132333435363738394142EF
:10F19000434445464748494A4B4C4D4E4F505152C7
:10F1A000535455565758595A0000000010B5074996
:10F1B00079441831064C7C44163404E00A68081D72
:10F1C000114488470146A142F8D110BD2C0000002F
:10F1D000480000004EF68851CEF20001086840F465
:10F1E00070000860BFF34F8FBFF36F8F4FF0007058
:10F1F000E1EE100A704700004360FFFF9C1C000016
:10F200003C0C00200000000019FEFFFF1008000069
:10F210009A0A000000000020616C61726D20666136
:10F22000696C3A2025642D25643A25643A25643AB0
:10F2300025640D0A0000000000F00DF8002801D040
:10F24000FFF7B4FFAFF300800020AFF30080FAF7C0
:10F2500058FD00F002F80120704700F001B80000EE
:10F2600007463846FEF740FDFBE70000755F61701A
:10F27000705F636F6D6D3A2074782074696D65728C
:10F280002063620D0A000000755F6170705F636F3C
:10F290006D3A2075617274202564206572726F72F8
:10F2A000210D0A00755F6170705F636F6D6D3A20AC
:10F2B00073657420727463210D0A000053565F4514
:10F2C0004E56495F434D5F54555242313000000065
:10F2D00073616F7669657467726F75702E636F6D99
:10F2E0002E766E00535654485F53564D5F444C5330
:10F2F0005F56315F315F310061742B72646C6173F2
:10F3000074666F726C6F673D0000000061742B7251
:10F31000646C617374666F726F706572613D00003A
:10F3200061742B72646C617374666F726576656E5E
:10F33000743D000061742B72646C617374666F724B
:10F340006770733D0000000061742B726573746F09
:10F350007265736C6176653F00000000456E7465F0
:10F36000722050617373776F72640000312E4D6F9D
:10F37000646275732052545500000000362E496EA9
:10F38000666F726D6174696F6E00000053455420A2
:10F390004D4F44425553205254550000312E49449C
:10F3A0002020202020203A2000000000322E426140
:10F3B0007564726174653A200000000043414C4955
:10F3C000422053454E534F52000000005741524EC9
:10F3D000494E4720545552420000000052414E47CA
:10F3E000452053455454494E47000000537563630C
:10F3F00065737366756C6C79210000000000000075
:10F400000000000001020304060708095265737436
:10F410006F7265204F4B210D0A00000061742B6D47
:10F420007174746D61696E3D0000000061742B6D34
:10F430007174746D61696E3F0000000061742B6D22
:10F440007174746261636B75703D000061742B6D43
:10F450007174746261636B75703F000061742B722C
:10F460006573657470756C73653F000061742B661D
:10F470006C6F777468726573683D000061742B6609
:10F480006C6F777468726573683F000061742B71EC
:10F4900075616E7468726573683D000061742B71EC
:10F4A00075616E7468726573683F000061742B62E9
:10F4B00061747468726573683D00000061742B624A
:10F4C00061747468726573683F00000061742B6535
:10F4D000726173656D656D3F0000000061742B669D
:10F4E0007776657273696F6E3F00000061742B6CF4
:10F4F0006F67696E6465783F0000000061742B726D
:10F50000646C6173746C6F673F00000061742B6CF6
:10F510006576656C63616C69623D000061742B6C9B
:10F520006576656C63616C69623F000061742B6C89
:10F530006576656C7468726573683D0061742B6CE8
:10F540006576656C7468726573683F0061742B65DD
:10F55000786261747468726573683D0061742B65CC
:10F56000786261747468726573683F0061742B77A8
:10F570006D6368616E6E656C3D00000061742B7791
:10F580006D6368616E6E656C3F00000061742B6D89
:10F590006F64696E666F723D0000000061742B6DD0
:10F5A0006F64696E666F723F0000000061742B70BB
:10F5B00072657373696E666F723D000061742B70C3
:10F5C00072657373696E666F723F000061742B72AF
:10F5D00065736574736C6176653F00000148804710
:10F5E00001480047EDF500083DF8000802480168B1
:10F5F00051F470010160704788ED00E054656D7052
:10F6000020203A2000000000332E4F666673657498
:10F6100000000000342E5761726E696E67000000B2
:10F62000312E5A65726F203A20000000322E536C42
:10F630006F70653A20000000312E54555242202050
:10F640003A200000322E54656D70203A20000000F0
:10F65000312E4D6F6465203A20000000322E557027
:10F660007065723A20000000332E4C6F7765723A55
:10F6700020000000312E555F547572623A20000060
:10F68000322E4C5F547572623A200000332E555F63
:10F6900054656D703A200000342E4C5F54656D70D7
:10F6A0003A2000002A56657273696F6E00000000F0
:10F6B000576562736974653A00000000D1C600089E
:10F6C000DBC60008F9C600085265736574204F4B0D
:10F6D000210D0A0061742B736572693D0000000002
:10F6E00061742B736572693F0000000061742B73B5
:10F6F000696D736572693F0061742B73777365720E
:10F700007665720061742B647574793D00000000A9
:10F7100061742B647574793F0000000061742B667E
:10F720007265716D696E3D0061742B667265716DF5
:10F73000696E3F0061742B73617665626F783F007C
:10F7400061742B6E756D77616B653D0061742B7212
:10F750006561646C6F673D0061742B70756C7365D7
:10F760003D00000061742B70756C73653F000000F4
:10F7700061742B64656275673D00000061742B64E1
:10F78000656275673F00000061742B6D726573657B
:10F79000743F000061742B7573657275726C3D0067
:10F7A00061742B757365726674703D0061742B749F
:10F7B0006573746C6F673F0061742B726561646C74
:10F7C0006F673F0061742B736C6176653D000000CC
:10F7D00061742B736C6176653F00000061742B6F60
:10F7E0006E74656D683F000061742B6F66667465AA
:10F7F0006D683F0061742B6964736C6176653F00CE
:10F8000061742B6964736C6176653D0061742B6271
:10F8100072736C6176653F0061742B6272736C6108
:10F8200076653D001F1C1F1E1F1E1F1F1E1F1E1F53
:10F830001F1D1F1E1F1E1F1F1E1F1E1FAFF3008038
:10F84000FFF7C8FCFFF7F8FC545552422E000000A9
:10F850004C6F6767696E000053455454494E47002A
:10F86000322E43616C696200352E52616E6765000D
:10F87000545552423A200000206D672F4C00000082
:10F88000332E5265736574004F464653455400004D
:10F89000204E545500000000496E666F722E000025
:10F8A0002A4D6F64656C0000000000000102030433
:10F8B00064220020000000006423002000000000FB
:10F8C0004552524F520000000000000000000000AE
:10F8D000000000000C000000000000000C00000010
:10F8E00061742B7274633D0061742B7274633F000A
:10F8F00061742B6770733F0061742B656E64000048
:10F90000E4230020000000003C4E554C4C3E00001B
:10F91000252E2A6600000000686A6C747A4C00008C
:10F920004F4646004F4E00004E545500208943007C
:10F93000FFF7FEBFFFF7FEBFFFF7FEBFFFF7FEBFFB
:10F94000FFF7FEBFFFF7FEBFFFF7FEBFFFF7FEBFEB
:10F95000FFF7FEBFFFF7FEBFFFF7FEBFFFF7FEBFDB
:10F96000FFF7FEBFFFF7FEBFFFF7FEBFFFF7FEBFCB
:10F97000FFF7FEBFFFF7FEBFFFF7FEBFFFF7FEBFBB
:10F98000FFF7FEBFFFF7FEBFFFF7FEBFFFF7FEBFAB
:10F99000FFF7FEBFFFF7FEBFFFF7FEBFFFF7FEBF9B
:10F9A000FFF7FEBFFFF7FEBFFFF7FEBFFFF7FEBF8B
:10F9B000FFF7FEBFFFF7FEBFFFF7FEBFFFF7FEBF7B
:10F9C000FFF7FEBFFFF7FEBFFFF7FEBFFFF7FEBF6B
:10F9D000FFF7FEBFFFF7FEBFFFF7FEBFFFF7FEBF5B
:10F9E000FFF7FEBFFFF7FEBFFFF7FEBFFFF7FEBF4B
:10F9F000FFF7FEBFFFF7FEBFFFF7FEBFFFF7FEBF3B
:10FA0000FFF7FEBFFFF7FEBFFFF7FEBFFFF7FEBF2A
:10FA1000FFF7FEBFFFF7FEBFFFF7FEBFD003313297
:10FA2000333400014008F4010000E923000801011B
:10FA30001A5007D00700003B24000802291264086E
:10FA400012E3105203105007881300005F250008CE
:10FA50000410212812DD10520510120A081003119B
:10FA60002600080608520504122910617812FE01CA
:10FA7000F22A00011003BCF200081141123101B258
:10FA8000200120100000456E74657220746F2053B1
:10FA900065747570000020100557616974696E67A0
:10FAA0000B4110200320446F6E6509520010300393
:10FAB0004572726F721F40050020F9000824F9ACEE
:10FAC0004348F8089207AD92010C1203C64728F983
:10FAD00008250443FCF5302528122C182138210C68
:10FAE000F2015048220134C35CF31890030218005D
:10FAF00001056061182402033000014CF2015848EE
:10FB000022020CE26C48200112000211D260301275
:10FB1000031812090CC308F61812041825B4D214DD
:10FB200018120518120B0CD26848120618120C0C89
:10FB3000D27C78120718120D0CD28C181101130305
:10FB40000E0C8B9CF30421011003020400030F111F
:10FB500052AC18695012031812100CF201BC48265E
:10FB600004F8527090652C230205C315BC82F61868
:10FB70003B78F8B01A04ABD3002C181168130414A6
:10FB80000CD280D811201304150CF60188681305D7
:10FB9000160CD2384815F41305170C92441825F8A2
:10FBA00011781305180CF201CCC01306190CD650AD
:10FBB00068114813061A0C925C484290C013061B49
:10FBC0000CD2681811C013061C0CF201DC6013077C
:10FBD0001D0CD27430116013071E0CF201806013EB
:10FBE000071F0CD28CC011602E070C03D29818117D
:10FBF0000823072118F501201308220CE2A4D8805D
:10FC0000031C000823000179881E046403110CD230
:10FC1000A048120430F2022530120530F2032648C3
:10FC20001002180009270CD6EC08F0040103180292
:10FC30000A100001E20114B3093D126002B5C200CE
:10FC4000082429208FC1C2040521108F37C3040561
:10FC5000210112431052043112E8198F5FC30405C9
:10FC600021014F65C304056101126B101EE4BC0441
:10FC70002994E0023C0C00208F1725430082438426
:10FC80002108122B104359438852010412D110430A
:10FC9000FF438C520204436D443C2D44036D900499
:10FCA00052C71421945206144321451421105208BE
:10FCB000145279142540520A6452CF142124520B55
:10FCC0001452FF142D4404520C14432F46142138AF
:10FCD000520D14525F142138520E145289142138D7
:10FCE0004300101412B31412E104313842108C1086
:10FCF000035D470008BD04213852031410037D48FA
:10FD00000008D70412B0D912607D1EC0ED031A801E
:10FD1000291340381D124B0C1DE8051300961812CC
:10FD2000DA0812E1045403C20100E422607F0100FA
:10FD300084064F19D8E4066110472BD858210C25AA
:10FD4000E01259105203201003E09304007D10616B
:10FD5000401A106947892E9C211012DC05839B2EC6
:10FD600040210447FF2E94210C2D5407473F2F902C
:10FD700021102D340712F5105205501B983A7F16AA
:10FD800030885110100360EA00001D102207611135
:10FD9000012D840712CB105208202D840768044FD0
:10FDA0003100088C2838C802803F64244447D4F6C8
:10FDB000B051435300E01069C447ECF69469C4475E
:10FDC0001CF4906D7805522C10520510473CF488B5
:10FDD00069C4524C106D680352F850520810430425
:10FDE000F770520910521010620A7042F730520B2D
:10FDF00010522810520C10525C60520D108B34F7C8
:10FE0000442101524010520F10524C106DEC03521D
:10FE10006C40521110527C10521210528C1052131E
:10FE200010529C105214104BACF48C52151052BC52
:10FE3000105216104B58F7FC5217105264105218FB
:10FE4000104FE0F8440352191052E810521A1052A1
:10FE50007030521B10527C10521C104F88F7480310
:10FE6000521D1056CC90521E1052DC90521F10564C
:10FE70009400690552A01052211052EC40522210F9
:10FE800052AC206D940552B81052241052FC606D93
:10FE900084051EF8AC04255C6D7C051E0C680525E8
:10FEA0004C52271052201062282046F5505229103B
:10FEB000521C10522A10122C1025BC522B10523CEE
:10FEC00010522C1056F030522D104334F380522E25
:10FED0001056C430522F1052D010523010524C5085
:10FEE000523110525C1052321056DC6052331056B0
:10FEF000E8006D110B476CF500523510527C105222
:10FF00003610478CF550523710529C105238105210
:10FF1000ACF052391052BC10523A1052CC10523B35
:10FF2000105248E0523C1052F4907D960642F81070
:10FF3000523E10520C10523F105218105241104FA6
:10FF4000F8F8D8054BEC1A1343EC1C0810035CF1CD
:10FF500000088404F309FE540452FF01E3B652146E
:09FF60001D50040002032D0103F1
:040000050800F83DBA
:00000001FF
