:020000040800F2
:10000000D02C0020B9F4000825EE000827EE0008E7
:1000100029EE00082BEE00082DEE0008000000007D
:100020000000000000000000000000002FEE0008AB
:1000300031EE00080000000033EE000835EE000845
:1000400015F8000819F800081DF8000821F8000844
:1000500025F8000829F800082DF8000831F80008F4
:1000600035F8000839F800083DF8000841F80008A4
:1000700045F8000885EE000849F800088FEE0008F2
:100080004DF8000851F8000855F8000859F8000824
:100090005DF8000861F8000865F8000869F80008D4
:1000A0006DF8000871F8000875F8000879F8000884
:1000B0007DF80008000000000000000081F8000842
:1000C00085F8000889F800088DF8000891F8000804
:1000D00095F8000899EE000899F80008A3EE0008CA
:1000E0009DF80008ADEE00080000000000000000D0
:1000F0000000000000000000000000000000000000
:1001000000000000A1F8000800000000A5F80008A9
:100110000000000000000000A9F80008ADF8000889
:10012000B1F80008B5F80008B9F80008BDF80008F3
:10013000C1F80008000000000000000000000000FE
:10014000C5F80008C9F80008CDF80008D1F8000883
:10015000D5F80008B7EE0008C1EE0008D9F800088D
:10016000DDF80008E1F80008E5F8000800000000EC
:10017000E9F80008EDF80008F1F8000800000000B8
:10018000F5F80008F9F80008FDF8000880B55448B3
:100190000078012806D0022807D0042808D00828B3
:1001A00009D00BE000F0A0F808E000F089FE05E0BF
:1001B00001F04AF802E001F009FAFFE701BD2DE97C
:1001C000F0470024474D2888002804D02888401E86
:1001D0002880002081E0424E307A00287CD1202106
:1001E000DFF8BC0C01F0DAFE002801D1012700E0A5
:1001F0000027DFF8B08C0421404601F0CFFE002834
:1002000002D15FF0010901E05FF0000902214046E0
:1002100001F0C4FE002802D15FF0010A01E05FF0A6
:10022000000A0121404601F0B9FE002801D1012059
:1002300000E0002057EA490757EA8A073C0054EAE1
:10024000C0042000C0B2012805D0022803D0042831
:1002500001D0082836D17068401C70607068502842
:100260002FD3347001203072DFF83C1C086814284A
:1002700001D219202880DFF8340C22000378D2B292
:100280009A4219D10A68521C0A600A681E2A02D2D0
:100290000021716014E00A68B42A02D24121716021
:1002A0000EE00A68F02A02D24621716008E04E2270
:1002B0007260F0220A6003E00022726000220A608D
:1002C000047009E00020DFF8E41B0870282070604B
:1002D0000020DFF8D41B08603078BDE8F08700000C
:1002E000D8270020AC280020F8B584B0DFF8C04B38
:1002F000A078002817D001283AD002286AD0032815
:1003000000F0FB80042800F07F81052800F0308297
:10031000062800F0B482072800F07F83092800F047
:10032000868400F0BBBDDFF88C5B0020E860DFF85E
:10033000886B0A220021300001F0B6FE30203070B8
:10034000302070703020B0703020F070E86800010C
:10035000801CC0B2039002960520019004200090FA
:10036000052300220121A01C02F094FC00F096BDA0
:10037000DFF8400BC168491CC160C16804291EDB5D
:10038000DFF8340B02F0A1FC012815D1A51C0622D0
:10039000290014F1080001F0D5FEF120039000209F
:1003A00002900C20019007200090072300220221D8
:1003B000280002F06FFC0BE00020A07008E0C0688D
:1003C0000001801C0200D2B20021A01C02F03FFC00
:1003D00000F064BD207907280AD0C0F08C8009287D
:1003E00032D01BD30B285BD044D30C286ED082E0D4
:1003F000A51C0622290014F1080001F0A3FEF1203B
:100400000390002002900F2001900E2000900E23F8
:1004100000220321280002F03DFC6CE0A51C06220E
:10042000290014F1080001F08DFEF1200390002056
:100430000290142001901220009012230022042127
:10044000280002F027FC56E0A51C0622290014F122
:10045000080001F077FEF1200390002002901720A1
:10046000019016200090162300220521280002F09A
:1004700011FC40E0A51C0622290014F1080001F03F
:1004800061FEF1200390002002901B2001901920B2
:100490000090192300220621280002F0FBFB2AE02D
:1004A000A51C0622290014F1080001F04BFEF120E2
:1004B000039000200290202001901D2000901D2319
:1004C00000220721280002F0E5FB14E0A51C06220B
:1004D000290014F1080001F035FE002003900020EF
:1004E0000290232001902320009023230022082142
:1004F000280002F0CFFB00F0D1BC20790E2802D0FA
:100500000F2840D07EE0E078002802D001281FD0DC
:1005100038E0A61C0622310014F1080001F012FE9A
:10052000DFF89059F220039015F10C0002900F2093
:1005300001900E2000900E23E278521CD2B20321CB
:10054000300002F0A7FBDFF874094078E86019E09A
:10055000A51C0622290014F1080001F0F3FDF0208B
:100560000390002002902620019026200090262350
:1005700000220921280002F08DFB0120DFF83C1940
:100580000870FFE73EE0E078002802D001281FD085
:1005900038E0A61C0622310014F1080001F0D2FD5B
:1005A000DFF81059F220039015F10C0002900F2093
:1005B00001900F2000900F23E278521CD2B2032149
:1005C000300002F067FBDFF8F4084068E86019E0EB
:1005D000A51C0622290014F1080001F0B3FDF0204B
:1005E00003900020029026200190262000902623D0
:1005F00000220921280002F04DFB0120DFF8BC1881
:100600000870FFE700F04ABC2079122806D0C0F03D
:10061000AE80142800F08E8046D3A8E0E078002851
:1006200002D001281FD03EE0A61C0622310014F1A2
:10063000080001F087FDDFF87C58F220039015F1E7
:100640000C00029014200190122000901223E278F6
:10065000521CD2B20421300002F01CFBDFF85C080F
:10066000406AE8601FE0A51C0622290014F108007A
:1006700001F068FDF02003900020029026200190F8
:1006800026200090262300220921280002F002FBE8
:10069000DFF8AC1BDFF81C08C068088002220120CC
:1006A00003F03CF8FFE762E0E078002802D0012880
:1006B0001FD03EE0A61C0622310014F1080001F014
:1006C00041FDDFF8F057F220039015F10C00029085
:1006D00014200190122000901323E278521CD2B211
:1006E0000421300002F0D6FADFF8D007806AE86013
:1006F0001FE0A51C0622290014F1080001F022FDCC
:10070000F0200390002002902620019026200090E7
:10071000262300220921280002F0BCFADFF8201B62
:10072000DFF89007C06808800222022002F0F6FF7E
:10073000FFE71CE0A51C0622290014F1080001F0C7
:1007400001FDF02003900020029026200190262039
:100750000090262300220921280002F09BFADFF8EE
:10076000E01A002008800222032002F0D7FF95E360
:100770002079162802D0172840D07FE0E0780028A2
:1007800002D001281FD038E0A61C0622310014F147
:10079000080001F0D7FCDFF81C57F220039015F198
:1007A0000C00029017200190162000901623E2788A
:1007B000521CD2B20521300002F06CFADFF8FC06C0
:1007C000C069E86019E0A51C0622290014F10800A0
:1007D00001F0B8FCF0200390002002902620019048
:1007E00026200090262300220921280002F052FA38
:1007F0000120DFF8C8160870FFE73FE0E078002826
:1008000002D001281FD038E0A61C0622310014F1C6
:10081000080001F097FCDFF89C56F220039015F1D8
:100820000C00029017200190162000901723E27808
:10083000521CD2B20521300002F02CFADFF87C06FF
:10084000006AE86019E0A51C0622290014F10800DE
:1008500001F078FCF0200390002002902620019007
:1008600026200090262300220921280002F012FAF7
:100870000120DFF848160870FFE7FFE70EE3207954
:10088000192806D0C0F0C8801B2800F0858043D30B
:10089000C2E0E078002802D0012822D03BE0A71C6B
:1008A0000622390014F1080001F04CFCDFF8045670
:1008B00015F10C06F220039002961B2001901920DE
:1008C00000901923E278521CD2B20621380002F0BF
:1008D000E1F9DFF870090078E860DFF8E0054663C9
:1008E00019E0A51C0622290014F1080001F02AFCD9
:1008F000F0200390002002902620019026200090F6
:10090000262300220921280002F0C4F90120DFF883
:10091000AC150870FFE77FE0E078002802D00128DE
:100920001FD038E0A61C0622310014F1080001F0A7
:1009300009FCDFF88055F220039015F10C000290BD
:100940001B200190192000901A23E278521CD2B289
:100950000621300002F09EF9DFF86005C06AE86009
:1009600019E0A51C0622290014F1080001F0EAFB99
:10097000F020039000200290262001902620009075
:10098000262300220921280002F084F90120DFF843
:100990002C150870FFE73FE0E078002802D001281E
:1009A0001FD038E0A61C0622310014F1080001F027
:1009B000C9FBDFF80055F220039015F10C000290FE
:1009C0001B200190192000901B23E278521CD2B208
:1009D0000621300002F05EF9DFF8E004006BE86009
:1009E00019E0A51C0622290014F1080001F0AAFB59
:1009F000F0200390002002902620019026200090F5
:100A0000262300220921280002F044F90120DFF802
:100A1000AC140870FFE7FFE740E220791D2809D0F9
:100A2000C0F004811F2800F0858043D3202800F007
:100A3000C080FBE0E078002802D001281FD038E019
:100A4000A61C0622310014F1080001F07BFBDFF840
:100A50006454F220039015F10C00029020200190C4
:100A60001D2000901D23E278521CD2B207213000D5
:100A700002F010F9DFF84404806BE86019E0A51C6F
:100A80000622290014F1080001F05CFBF02003901D
:100A9000002002902620019026200090262300228C
:100AA0000921280002F0F6F80120DFF81014087080
:100AB000FFE7BBE0E078002802D001281FD038E033
:100AC000A61C0622310014F1080001F03BFBDFF800
:100AD000E453F220039015F10C00029020200190C5
:100AE0001D2000901E23E278521CD2B20721300054
:100AF00002F0D0F8DFF8C403C06BE86019E0A51C71
:100B00000622290014F1080001F01CFBF0200390DC
:100B1000002002902620019026200090262300220B
:100B20000921280002F0B6F80120DFF890130870C0
:100B3000FFE77BE0E078002802D001281FD037E0F3
:100B4000A61C0622310014F1080001F0FBFADFF8C0
:100B50006453F220039015F10C00029020200190C4
:100B60001D2000901F23E278521CD2B207213000D2
:100B700002F090F8DFF84403006CE86018E0A51C70
:100B80000622290014F1080001F0DCFAF02003909D
:100B9000002002902620019026200090262300228B
:100BA0000921280002F076F80120C4490870FFE707
:100BB0003CE0E078002802D001281DD035E0A61CDA
:100BC0000622310014F1080001F0BCFAB94DF22000
:100BD000039015F10C000290202001901D20009040
:100BE0002023E278521CD2B20721300002F052F8E2
:100BF000B248406CE86018E0A51C0622290014F1F8
:100C0000080001F09FFAF0200390002002902620B7
:100C1000019026200090262300220921280002F0BE
:100C200039F80120A5490870FFE7FFE736E1207A8F
:100C300003280AD0C0F03181052838D0C0F02A81BD
:100C4000072800F0B28069D327E1322001F0CCFC04
:100C500003209A490870A07A0E2802D00F2809D0E4
:100C600024E0DFF84C0941789248C068C0B203F034
:100C700026FE1BE000200100C9B20B290FDADFF8C5
:100C800034190200D2B251F822108A4AD268914235
:100C900003D1DFF81C19487001E0401CEBE7DFF8D6
:100CA00010094178007803F00AFEFFE7F5E0834D74
:100CB00003202870322001F097FCA07A162802D079
:100CC000172815D029E0287A04F00EF800EE100A53
:100CD000DFF8E408D0ED060A764890ED031AB8EE86
:100CE000C11AB8EE400A81EE000A02F0A8FD14E035
:100CF000687A03F0F9FF00EE100A6E48D0ED030A9F
:100D0000F8EEE00AB8EE400AC0EE800ADFF8A80864
:100D100090ED050A02F093FDFFE7BEE0674D03206A
:100D20002870322001F060FCA07A192804D03BD34F
:100D30001B2823D00CD337E0DFF80805D0ED020ADA
:100D400090ED010A5B48C068C0B202F02BFE2BE0B8
:100D5000A87A03F0C9FF00EE100ADFF8E80455494D
:100D6000D1ED030AF8EEE00AB8EE400AC0EE800AC0
:100D700090ED010A007802F015FE15E0A87A03F064
:100D8000B3FF00EE100ADFF8BC04D0ED020A4949B7
:100D900091ED031AB8EEC11AB8EE400A81EE000ACE
:100DA000007802F0FFFDFFE777E0444D0320287054
:100DB000322001F019FCA07A1D2806D069D31F2823
:100DC00035D01BD320284BD063E0E87A03F08CFFAA
:100DD00000EE100ADFF8E407D0ED031A90ED021AD6
:100DE000D0ED010A334890ED032AB8EEC22AB8EEDE
:100DF000400A82EE000A02F09BFE4AE0E87A03F025
:100E000073FF00EE100ADFF8B407D0ED031A90ED7F
:100E1000021A2849D1ED030AF8EEE00AB8EE400ABA
:100E2000C0EE800A90ED000A02F082FE31E0E87A1E
:100E300003F05AFF00EE100ADFF88007D0ED031A26
:100E40001C49D1ED030AF8EEE00AB8EE400A80EE44
:100E5000801AD0ED010A90ED000A02F069FE18E058
:100E6000E87A03F041FF00EE100ADFF8500711495D
:100E7000D1ED030AF8EEE00AB8EE400AC0EE801A9F
:100E800090ED021AD0ED010A90ED000A02F050FE3A
:100E9000FFE702E002F032FCFFE7FFE705B0F0BD3C
:100EA000000800480004004864280020BC280020F6
:100EB00020280020D8270020000000207C000020EF
:100EC00010B5DFF8FC36987800280ED002281ED026
:100ED0000CD3042876D027D3062800F0E280C0F097
:100EE000AD80072800F03681A8E1A7E1DFF8D4063D
:100EF000DFF8D416CA68825C521CCB68C254CA6838
:100F0000825C3A2A02DB3022C968425496E1587961
:100F10001979884202D21879401E1871F1220021F5
:100F2000981C01F094FE89E1D87800280CD15879FA
:100F30001979884202D21879401E1871F1220021D5
:100F4000981C01F084FE3CE018790E2802D00F288E
:100F500012D036E0D878002802D0012801D00AE06B
:100F600009E0DFF86406C168B1F5807F02DAC16884
:100F7000491CC160FFE724E0D878002802D001288E
:100F800001D01EE01DE000210800C0B20B2817DAD6
:100F9000DFF82026DFF830060B00DBB252F82330F2
:100FA000C468A3420AD10B00DBB20A2B06DA0B009D
:100FB000DBB202EB83025268C26001E0491CE3E746
:100FC000FFE73BE1D87800280CD15879197988429D
:100FD00002D21879401E1871F1220021981C01F0EC
:100FE00036FE2AE01879122804D026D3142824D0FB
:100FF00011D322E0D878002802D0012801D009E0DE
:1010000008E0DFF8C405C168642902D14FF47A71A1
:10101000C160FFE711E0D878002802D0012801D094
:101020000AE009E0DFF8A005C168B1F57A7F02D1D6
:1010300042F21071C160FFE7FFE7FFE0D8780028B7
:101040000CD158791979884202D21879401E18714A
:10105000F1220021981C01F0FAFD21E018791628F0
:1010600002D017280ED01BE0D878002802D0012823
:1010700001D006E005E0DFF85005C168491CC160F9
:10108000FFE70DE0D878002802D0012801D006E063
:1010900005E0DFF83405C168491CC160FFE7FFE7E0
:1010A000CCE0D87800280CD158791979884202D23E
:1010B0001879401E1871F1220021981C01F0C7FD1B
:1010C00047E01879192804D043D31B282DD013D317
:1010D0003FE0D878002802D0012801D00BE00AE0D8
:1010E000DFF8E414C868002802D10120C86001E0DC
:1010F0000020C860FFE72CE0D878002802D0012843
:1011000001D011E010E0DFF8300B807A03F0ECFD45
:10111000DFF8B424D3684FF47A714843834202D293
:10112000D068401CD060FFE713E0D878002802D0D8
:10113000012801D00CE00BE0DFF88C04C168DFF877
:10114000F82AD26A914202DAC168491CC160FFE7FD
:10115000FFE773E0D87800280CD1587919798842D4
:1011600002D21879401E1871F1220021981C01F05A
:101170006EFD62E018791D2806D05ED31F2830D09E
:101180001BD3202845D058E0D878002802D0012869
:1011900001D011E010E0DFF8A00AC07A03F0A4FD4E
:1011A000DFF82424D3684FF47A714843834202D293
:1011B000D068401CD060FFE73FE0D878002802D01C
:1011C000012801D00CE00BE0DFF8FC03C168DFF878
:1011D000682A926B914202DAC168491CC160FFE73C
:1011E0002BE0D878002802D0012801D010E00FE0D1
:1011F000DFF8440AC07A03F077FDDFF8CC23D36828
:1012000050214843834202D2D068401CD060FFE79F
:1012100013E0D878002802D0012801D00CE00BE0C0
:10122000DFF8A403C168DFF8102A126C914202DAD9
:10123000C168491CC160FFE7FFE7FFE710BD000080
:10124000AE2800204C28002010B5DFF874339878C1
:1012500000280ED002281ED00CD3042876D027D325
:10126000062800F0DF80C0F0AC80072800F02F8156
:101270009CE19BE1DFF84C03DFF84C13CA68825C09
:10128000521ECB68C254CA68825C302A02DA392204
:10129000C96842548AE118799979884202D218794A
:1012A000401C1871F1220021981C01F0D0FC7DE156
:1012B000D87800280CD118799979884202D2187907
:1012C000401C1871F1220021981C01F0C0FC3CE088
:1012D00018790E2802D00F2811D036E0D8780028CF
:1012E00002D0012801D009E008E0DFF8DC02C16883
:1012F000012902DBC168491EC160FFE725E0D878FB
:10130000002802D0012801D01FE01EE00A221000B0
:10131000C0B2002818D0DFF89C32DFF8AC12100001
:10132000C0B253F82000CC68A0420BD11000C0B26C
:10133000002807D01000C0B203EB800050F8040C66
:10134000C86001E0521EE2E7FFE72FE1D8780028ED
:101350000CD118799979884202D21879401C1871F9
:10136000F1220021981C01F072FC29E01879122862
:1013700004D025D3142823D010D321E0D878002816
:1013800002D0012801D008E007E08F48C168B1F51C
:101390007A7F01D16421C160FFE711E0D87800288D
:1013A00002D0012801D00AE009E08748C16842F272
:1013B0001072914202D14FF47A71C160FFE7FFE7EA
:1013C000F4E0D87800280CD118799979884202D2B3
:1013D0001879401C1871F1220021981C01F037FC8B
:1013E0001FE01879162802D017280DD019E0D878F8
:1013F000002802D0012801D005E004E07248C1684D
:10140000491EC160FFE70CE0D878002802D001280F
:1014100001D005E004E06C48C168491EC160FFE7E7
:10142000FFE7C3E0D87800280CD118799979884271
:1014300002D21879401C1871F1220021981C01F089
:1014400006FC43E01879192804D03FD31B2826D086
:1014500012D33BE0D878002802D0012801D00AE05E
:1014600009E05949C868002802D10120C86001E09C
:101470000020C860FFE729E0D878002802D00128C2
:1014800001D00BE00AE05048DFF8AC17096BC268E6
:10149000914202DAC168491EC160FFE716E0D878C0
:1014A000002802D0012801D00FE00EE0DFF8880705
:1014B000807A03F019FC444A00214843D1688842ED
:1014C00002D2D068401ED060FFE7FFE76EE0D87818
:1014D00000280CD118799979884202D21879401CD9
:1014E0001871F1220021981C01F0B1FB5DE0187920
:1014F0001D2806D059D31F282DD015D320283DD024
:1015000053E0D878002802D0012801D00BE00AE08F
:101510002D48DFF82417C96BC268914202DAC1680E
:10152000491EC160FFE740E0D878002802D00128BA
:1015300001D00FE00EE0DFF80007C07A03F0D4FB23
:10154000214A00214843D168884202D2D068401E17
:10155000D060FFE729E0D878002802D0012801D028
:101560000BE00AE01848DFF8D016496CC2689142D7
:1015700002DAC168491EC160FFE716E0D87800288A
:1015800002D0012801D00FE00EE0DFF8AC06C07AEF
:1015900003F0AAFB0C4A00214843D168884202D2DA
:1015A000D068401ED060FFE7FFE7FFE710BD0000F6
:1015B000340C0020BC0600209C270020302800208E
:1015C0002028002000000020D82700207FB5DFF869
:1015D0006C46A078002814D0022816D012D3042814
:1015E00000F0898014D3062800F08481C0F00F81B8
:1015F000082800F00B83C0F02882092800F00D8332
:1016000018E317E30020A07014E30020A07011E39A
:1016100020790E2802D00F2836D06BE0E078002821
:1016200002D0012816D02EE0A51CF1200390002046
:1016300002900C2001900720009007230022022135
:10164000280001F027FB0622290014F1080000F011
:1016500079FD18E0A51C0622290014F1080000F00D
:1016600071FDF1200390DFF8D80502900F20019062
:101670000E2000900E23E078421ED2B203212800F3
:1016800001F008FBFFE735E0E078002802D00128F0
:1016900016D02EE0A51CF1200390002002900C2013
:1016A000019007200090072300220221280001F06A
:1016B000F1FA0622290014F1080000F043FD18E0B9
:1016C000A51C0622290014F1080000F03BFDF120C2
:1016D0000390DFF8700502900F2001900E2000901B
:1016E0000F23E078421ED2B20321280001F0D2FA83
:1016F000FFE7FFE79EE22079122805D0C0F0868040
:1017000014286DD036D381E0E078002802D001287B
:1017100016D02EE0A51CF1200390002002900C2092
:10172000019007200090082300220221280001F0E8
:10173000B1FA0622290014F1080000F003FD18E0B8
:10174000A51C0622290014F1080000F0FBFCF12082
:101750000390DFF8F404029014200190122000900E
:101760001223E078421ED2B20421280001F092FA3E
:10177000FFE74BE0E078002802D0012816D02EE0E9
:10178000A51CF1200390002002900C20019007205E
:101790000090082300220221280001F07BFA062293
:1017A000290014F1080000F0CDFC18E0A51C062269
:1017B000290014F1080000F0C5FCF1200390DFF8C7
:1017C0008C04029014200190122000901323E078E2
:1017D000421ED2B20421280001F05CFAFFE715E0B6
:1017E000A51CF1200390002002900C2001900720FE
:1017F0000090082300220221280001F04BFA062263
:10180000290014F1080000F09DFCFFE712E22079A6
:10181000162802D0172836D06BE0E078002802D0D6
:10182000012816D02EE0A51CF12003900020029084
:101830000C2001900720009009230022022128009B
:1018400001F028FA0622290014F1080000F07AFCC1
:1018500018E0A51C0622290014F1080000F072FC13
:10186000F1200390DFF8E803029017200190162082
:1018700000901623E078421ED2B20521280001F024
:1018800009FAFFE735E0E078002802D0012816D0F9
:101890002EE0A51CF1200390002002900C20019066
:1018A00007200090092300220221280001F0F2F90C
:1018B0000622290014F1080000F044FC18E0A51CE1
:1018C0000622290014F1080000F03CFCF1200390EE
:1018D000DFF8800302901720019016200090172354
:1018E000E078421ED2B20521280001F0D3F9FFE7CB
:1018F000FFE79FE12079192805D0C0F0A5801B28BB
:101900006DD037D3A0E0E078002802D0012816D0AF
:101910002FE0A51CF1200390002002900C200190E4
:10192000072000900A2300220221280001F0B2F9CA
:101930000622290014F1080000F004FC19E0A51C9F
:101940000622290014F1080000F0FCFBC24EF12031
:10195000039002961B200190192000901923E07833
:10196000421ED2B20621280001F094F9B248466323
:10197000FFE769E0E078002802D0012816D02DE0CA
:10198000A51CF1200390002002900C20019007205C
:1019900000900A2300220221280001F07BF9062290
:1019A000290014F1080000F0CDFB17E0A51C062269
:1019B000290014F1080000F0C5FBF1200390A748AE
:1019C00002901B200190192000901A23E078421EFB
:1019D000D2B20621280001F05DF9FFE734E0E0789B
:1019E000002802D0012816D02DE0A51CF12003907C
:1019F000002002900C200190072000900A23002272
:101A00000221280001F046F90622290014F10800FD
:101A100000F098FB17E0A51C0622290014F108002D
:101A200000F090FBF12003908D4802901B20019064
:101A3000192000901B23E078421ED2B20621280014
:101A400001F028F9FFE7FFE7F4E020791D2808D02E
:101A5000C0F0DB801F286ED038D3202800F0A08093
:101A6000D3E0E078002802D0012816D02DE0A51C94
:101A7000F1200390002002900C200190072000909C
:101A80000B2300220221280001F004F9062229007C
:101A900014F1080000F056FB17E0A51C06222900EF
:101AA00014F1080000F04EFBF12003906D48029005
:101AB000202001901D2000901D23E078421ED2B20C
:101AC0000721280001F0E6F8FFE79EE0E078002813
:101AD00002D0012816D02DE0A51CF1200390002093
:101AE00002900C200190072000900B23002202217D
:101AF000280001F0CFF80622290014F1080000F0B8
:101B000021FB17E0A51C0622290014F1080000F0B3
:101B100019FBF120039054480290202001901D20D1
:101B200000901E23E078421ED2B20721280001F067
:101B3000B1F8FFE769E0E078002802D0012816D06C
:101B40002DE0A51CF1200390002002900C200190B4
:101B5000072000900B2300220221280001F09AF8B0
:101B60000622290014F1080000F0ECFA17E0A51C89
:101B70000622290014F1080000F0E4FAF120039095
:101B80003A480290202001901D2000901F23E07809
:101B9000421ED2B20721280001F07CF8FFE734E0B2
:101BA000E078002802D0012816D02DE0A51CF120F5
:101BB0000390002002900C200190072000900B233E
:101BC00000220221280001F065F80622290014F104
:101BD000080000F0B7FA17E0A51C0622290014F14E
:101BE000080000F0AFFAF120039021480290202075
:101BF00001901D2000902023E078421ED2B20721E0
:101C0000280001F047F8FFE7FFE713E0062214F190
:101C10000801A01C00F096FA0CE0074D2878022875
:101C200007D0062214F10801A01C00F08BFA002056
:101C30002870FFE77FBD00007C00002020280020E6
:101C40007D00002080000020A0000020A4000020D3
:101C5000980000209C0000204C280020A8000020B4
:101C6000AC000020B4000020B8000020BC00002020
:101C7000C0000020F8B4030000250868E8400028F0
:101C800000F0D78001260F6816FA05F007403A00E9
:101C9000002A00F0CC80087910F00300012804D05D
:101CA000087910F0030002281DD19F685FF0030C33
:101CB0002800C0B240001CFA00FC37EA0C07D1F83B
:101CC0000CC02800C0B240001CFA00FC5CEA070708
:101CD0009F605868AE40B0434E68C6F30016AE40F1
:101CE000304304005C60087910F0030003280ED034
:101CF000DE6803272800C0B240008740BE438F68DB
:101D00002800C0B2400087403E433400DC600879C0
:101D100010F00300022818D12800C00803EB80004F
:101D2000066A0F2715F00700C0B280008740BE4347
:101D30000F6915F00700C0B2800087403E433400B1
:101D40002800C00803EB800004621E6803272800F7
:101D5000C0B240008740BE430F7917F00307280048
:101D6000C0B2400087403E4334001C60486810F415
:101D7000403F5CD09548066856F001060660006852
:101D800010F0010000900098914F2800800857F84B
:101D900020605FF00F0C15F00300C0B280001CFA49
:101DA00000FC36EA0C06B3F1904F01D1002414E098
:101DB0008848834201D101240FE08748834201D142
:101DC00002240AE08548834201D1032405E08448C7
:101DD000834201D1042400E0072415F00300C0B2BF
:101DE0008000844026432800800847F820607D4C0E
:101DF000206890434F68FF0200D5104320607A4E60
:101E0000346894434F68BF0200D514433460774E62
:101E1000306890434F68BF0300D510433060744E64
:101E2000346894434F68FF0300D5144334606D1C3D
:101E300023E7F1BC70472DE9F041030000250800BD
:101E4000E840002800F0A880012616FA05F00840B6
:101E50000200002A00F09E80DFF874C1280080088C
:101E60005CF820000F2715F0030E5FFA8EFE5FEA84
:101E70008E0E17FA0EFE1EEA00000400B3F1904F1A
:101E800002D15FF0000E19E05248834202D15FF0A8
:101E9000010E13E05048834202D15FF0020E0DE0C4
:101EA0004E48834202D15FF0030E07E04C48834264
:101EB00002D15FF0040E01E05FF0070E15F00300A1
:101EC000C0B280001EFA00FE74452CD14848D0F8FC
:101ED00000E03EEA020EC0F800E04448D0F800E01E
:101EE0003EEA020EC0F800E03F48D0F800E03EEACB
:101EF000020EC0F800E03B48D0F800E03EEA020ED7
:101F0000C0F800E015F00300C0B2800017FA00F03E
:101F10000400280080085CF82000A043AE465FEA79
:101F20009E0E4CF82E005FF0030C1868AE465FFA68
:101F30008EFE5FEA4E0E1CFA0EFE5EEA000018608E
:101F40002800C00803EB800E2800C00803EB8000C7
:101F5000D0F8208015F00700C0B28000874038EA32
:101F60000707CEF8207098682F00FFB27F001CFA98
:101F700007F7B84398605868AE4030EA06065E60DE
:101F8000DE682800C0B240001CFA00FC36EA0C0CE7
:101F9000C3F80CC06D1C52E7BDE8F0810200106967
:101FA0000B009BB2184201D0012000E00020C0B21B
:101FB00070471300DBB2002B03D00B009BB2836190
:101FC00002E00B009BB28362704700006010024089
:101FD000080001400004004800080048000C0048C8
:101FE00000100048080401400C04014004040140B2
:101FF0000004014038B504000D00DFF8FC01016861
:10200000200000F006F8A84201D3012000E00020E3
:1020100032BD814204D25FF0FF32101A081800E08E
:10202000081A704738B52DED048B08EE100A0C0025
:102030001500DFED438A2800C0B2FB2810DBB8EEA4
:10204000C89A2800C0B24042C0B200F08BF829EE16
:10205000009A00212000B0EE490A00F0B1F80EE02D
:10206000B8EEC89A2800C0B200F07CF889EE009A59
:102070002900C9B22000B0EE490A00F0A1F8BDEC79
:10208000048B31BD10B400210A00838892B29A42B9
:1020900006D2002203680C00A4B21A55491CF3E7CB
:1020A0000022828010BC704710B4040013005A1E36
:1020B0009BB2002B02D02170641CF7E710BC704764
:1020C00070B504000D001600DFF82401007821002F
:1020D000C9B2884209D3DFF824211068002804D04F
:1020E000310089B228001268904770BD38B50400ED
:1020F0000D00280002F0FEFF020092B2290020002D
:10210000C0B2FFF7DDFF31BD70B504000D0028003F
:1021100002F0F0FF020092B229002000C0B2FFF7E7
:10212000CFFFDFF8DC603068002807D0280002F01D
:10213000E1FF010089B228003268904770BD0000BD
:102140000000000030B404000D0013005A1E9BB2C2
:10215000002B04D02B7823706D1C641CF5E730BC79
:102160007047000010B504002000C0B2FB2816DB49
:102170002000C0B2D0F5807002F0F4FF41EC110BEA
:102180009FED200B03F007F853EC102B00201949AA
:1021900003F00AF803F02CF900EE100A0FE020001B
:1021A000C0B203F059F941EC110B9FED160B02F090
:1021B000F2FF51EC100B03F01BF900EE100A10BDFA
:1021C00038B52DED028B82B0B0EE408A04000D00D0
:1021D00018EE100A03F04EF9CDE900012A000B4970
:1021E000200003F06BF902B0BDEC028B31BD0000A2
:1021F000380C00200000F03F9C280020A42800207C
:10220000A02800200000000000002440F8F700088B
:1022100080B500224FF40071DFF8800BFFF7C9FE94
:1022200000224FF400715FF09040FFF7C2FE03F010
:1022300065F9DFF86C0BDFF86C1B4163DFF8681B96
:10224000421CC1F85821021DC1F8702110F114027E
:102250000A62027A81F8252010F118028A63427A14
:1022600081F83D2010F10C02C1F8A021027A81F81A
:10227000A52110F12402C1F8B821027A81F8BD210C
:1022800010F12802C1F8D021027A81F8D52110F18D
:102290001C02C1F81822027A81F81D2210F12002D6
:1022A000C1F83022427A81F8352210F12C02C1F8AF
:1022B0007822827A81F87D2210F13002C1F89022D2
:1022C000827A81F8952210F13802C1F8C022C27AD0
:1022D00081F8C52210F13C02C1F8D822C27A81F8F7
:1022E000DD2210F14002C1F8F022C27A81F8F52215
:1022F00010F14402C1F80823C07A81F80D03DFF819
:10230000B40A0068C1F85003DFF8AC0A0068C1F8ED
:10231000800301BD38B5002000242000C0B207288A
:1023200035DADFF8985A2000C0B20001284440781E
:1023300001282AD12000C0B20001284440680028AA
:102340000ED003F033F92100C9B2090129444968CC
:10235000401A2100C9B2090129448968884214D36E
:1023600000202100C9B209012944487003F01EF978
:102370002100C9B20901294448602000C0B22100EF
:10238000C9B209012944C9688847641CC5E700200F
:1023900032BD38B50400DFF8285A687800281FD10C
:1023A00000224FF40071DFF8F409FFF702FE00226B
:1023B0004FF400715FF09040FFF7FBFD03F09EF8D3
:1023C00089200090202307220521DFF8F80903F077
:1023D000F3F8012068700221DFF8E00903F034FA15
:1023E000012032BD7CB50400DFF8DC5928780028D4
:1023F00003D0022823D003D33DE003F04FFA3AE0A4
:1024000003F0C2FA89200090202307220521DFF87B
:10241000B40903F0D1F8DFF8B42903212C2003F02C
:10242000E5F9DFF8AC290421082003F0DFF903F017
:1024300008FB41F28830DFF8841988611BE0012035
:10244000DFF87C194870892000902023072205219D
:10245000DFF8700903F0B0F8DFF86069022130009E
:1024600003F0F2F90321300003F0EEF9042130000B
:1024700003F0EAF9FFE72878401C28702100C9B270
:10248000DFF8380903F0EFF9012076BD70B50400DC
:1024900000F0BCF8DFF828596878012803D1A87843
:1024A00000F0ACFB04E00021DFF8100903F0CCF9E8
:1024B000DFF82009A9780278914207D0A978017045
:1024C000DFF814090068DFF814190860A8780A28F2
:1024D00012D1DFF808694FF4FA613068FFF78AFD1E
:1024E000012809D1DFF8F00800683060062215F1F4
:1024F0000801A81CFFF726FE2100C9B2DFF8BC08BE
:1025000003F0B1F9012070BD10B50400DFF8D01858
:10251000DFF8D0080069FFF76DFD012827D1DFF84B
:10252000C8080178012905D1002101700020DFF8D9
:1025300090188870DFF8B4080188491C018042F2C5
:102540001071DFF878282300DBB21B011A4492686F
:10255000B1FBF2F102888A420DD300210180DFF83D
:1025600060188878002806D00020887003E00120D9
:10257000DFF8741808702100C9B2DFF8400803F0D2
:1025800072F9012010BD38B50400FDF718FEDFF820
:102590005458287A012808D10521DFF8200803F0D3
:1025A00053F9DFF83408006828612100C9B2DFF868
:1025B0000C0803F058F9012032BD10B50400FDF7F6
:1025C000E5FDDFF8200800210170002101720120E3
:1025D00010BD10B5040000224FF40051DFF8BC0715
:1025E000FFF7E7FC012010BD10B5040001224FF4F5
:1025F0000051DFF8A807FFF7DCFCDFF8C007210077
:1026000089B28166062103F02EF910BD38B5DFF8D6
:102610009047DFF8DC07616B097850F82100DFF89C
:102620008817C1F86002DFF8CC0701786170DFF825
:10263000C817407851F820006060207A02F054FBFF
:1026400000EE100ADFF8B457B8EE400AD5ED010AE3
:1026500020EE200ABDEEC00A84ED030A607A02F083
:1026600043FB00EE100AB8EE400AD5ED020A20EE58
:10267000200ABDEEC00A84ED040A207A02F034FB81
:1026800000EE100AB8EE400AD5ED030A20EE200A4B
:10269000BDEEC00A84ED050A607A02F025FB00EE6B
:1026A000100AB8EE400AD5ED040A20EE200ABDEE6D
:1026B000C00A84ED060A207A02F016FB00EE100A2A
:1026C000B8EE400AD5ED050A20EE200ABDEEC00A9C
:1026D00084ED070A607A02F007FB00EE100AB8EEFC
:1026E000400AD5ED060A20EE200ABDEEC00A84EDB0
:1026F000080AA07A02F0F8FA00EE100ADFF8A456F1
:10270000B8EE400AD5ED020A20EE200ABDEEC00A5E
:1027100084ED0B0AA07A02F0E7FA00EE100AB8EE98
:10272000400AD5ED010A20EE200ABDEEC00A84ED74
:102730000C0AE07A02F0D8FA00EE100ADFF8C05670
:10274000B8EE400AD5ED000A20EE200ABDEEC00A20
:1027500084ED0E0AE07A02F0C7FA00EE100AB8EE35
:10276000400AD5ED010A20EE200ABDEEC00A84ED34
:102770000F0AE07A02F0B8FA00EE100AB8EE400A4A
:10278000D5ED020A20EE200ABDEEC00A84ED100A43
:10279000E07A02F0A9FA00EE100AB8EE400AD5ED90
:1027A000030A20EE200ABDEEC00A84ED110A31BDF5
:1027B0002DE9F84F8AB006002021002202AC20004B
:1027C00003F0ACF90024002500208DF8050000205E
:1027D0008DF806001827DFF8D0853000C0B27843A6
:1027E000404490F815903000C0B2784340444068AF
:1027F000002842D001213000C0B200F0A9F9002821
:102800000ED13000C0B27843404442683000C0B2BC
:1028100078434044017D4846C0B202F0E7FF1EE025
:102820005FF0000A3000C0B278434044406802F0D4
:1028300061FC5146C9B2814207D2202002A952460A
:10284000D2B288541AF1010AECE702AA3000C0B2F1
:1028500078434044017D4846C0B202F0C7FF3000D3
:10286000C0B278434044406802F044FCDFF894155D
:102870000979491C484310FA89F93000C0B27843FD
:1028800040448068002800F03A813000C0B27843AC
:102890004044007B00280BD002281ED012D304280D
:1028A00030D024D3062845D036D307283ED044E084
:1028B0003000C0B2784340448068007800210400B2
:1028C0000D003AE03000C0B278434044806890F98F
:1028D0000000C11704000D002FE03000C0B27843A3
:1028E000404480680088002104000D0025E030008D
:1028F000C0B2784340448068B0F90000C1170400BA
:102900000D001AE03000C0B278434044806800688F
:10291000002104000D0010E03000C0B278434044B4
:1029200080680068C11704000D0006E001208DF8E2
:10293000050002E002208DF805009DF80500002842
:102940000CD13000C0B278434044407B404202008A
:10295000D2B202A92000FFF765FB26E09DF8050032
:1029600001281AD13000C0B278434044806802F098
:10297000C1FB202819D23000C0B27843404480689F
:1029800002F0B8FB020092B23000C0B2784340447B
:10299000816802A8FFF7D6FB07E03000C0B2784399
:1029A0004044806800788DF8080002213000C0B2F1
:1029B00000F0CEF8012823D13000C0B27843404463
:1029C000807DC0B200098DF806009DF806000F2832
:1029D00005D0202002A99DF80620885410E05FF061
:1029E000000A02A802F086FB5146C9B2814207D212
:1029F000202002A95246D2B288541AF1010AF0E707
:102A00003000C0B201285ED15FF0000A00208DF8CE
:102A100004003000C0B278434044407B002802D01C
:102A200009208DF80400392000902E2315220F2153
:102A3000DFF8D40303F0A6F802A802F05BFB83469C
:102A4000DFF8C0030079401C00FB0BFB5846C0B206
:102A5000022190FBF1F01F280BDA5846C0B2022188
:102A600090FBF1F0D0F140009DF8041050FA81FA8B
:102A700007E05846C0B2D0F15F009DF8041050FA4C
:102A800081FA02AA3000C0B278434044007D401C65
:102A9000C0B2DFF870134979D1EBC001491EC9B249
:102AA0005046C0B203F018FA5AFA8BF09DF8049021
:102AB000B0EB090989200090202307220521C14895
:102AC00002F07AFD1BE089200090202307220521D7
:102AD000BC4802F071FD02AA3000C0B27843404405
:102AE000017D4846C0B202F081FE02A802F002FB5E
:102AF000C4490979491C484310FA89F081463000DD
:102B0000C0B278434044006900281ED03000C0B2F3
:102B1000784340448068002817D03000C0B2784322
:102B200040448068B94988420FD03000C0B2784331
:102B3000404402693000C0B207FB00F708EB070011
:102B4000017D4846C0B202F051FE0BB0BDE8F08FE7
:102B5000F8B504000D0094492200D2B21820424377
:102B600001EB0200817D2800C0B201402800C0B204
:102B700081422FD1A026A64F4FF496712800C0B2F3
:102B8000704338442200D2B250F82200FFF732FAE4
:102B900001282AD12800C0B206FB00F607EB060088
:102BA0002100C9B28C4A126840F821202820994996
:102BB0002A00D2B242430A442300DBB22E00F6B20E
:102BC00000FB06F008442100C9B2405CD0F10100CE
:102BD000D0540AE08F492A00D2B22820424301EBA8
:102BE00002002100C9B2002242548A49EDB22820D5
:102BF000454301EB0500E4B2005DF2BD70B5040091
:102C0000002602F0C1FE00F077F82000C0B200F00C
:102C10007DF82000C0B200F093F80025280080B2B3
:102C2000282811DA60492A0092B21820424301EBA9
:102C30000200C07D2100C9B2884203D12800C0B281
:102C4000FFF7B6FD6D1CE9E702F0FBFE70BDF0B4C6
:102C50004271C47803792500EDB2AB420AD3F02566
:102C6000514E2700FFB218235F4306EB07039D7503
:102C7000641CEFE718234C4C85785D432544467966
:102C8000AE75002904D0857803FB05F323449960D1
:102C9000F0BC70472DE9F84F0700884691469A46E8
:102CA0000A9E0B9DDDF830B00D9C87F8008087F8F8
:102CB000019087F802A0FE703D712200D2B2594601
:102CC0003800FFF7C4FFBDE8F18F10B40100002207
:102CD0001000C0B204280CD21000C0B2085C4E4BE9
:102CE0001400E4B21B5D984201D0002002E0521CA7
:102CF000EEE7012010BC704780B50120009008234A
:102D00007F220821002003F06BF901BD10B50400FB
:102D10002000C0B2002812D138480078002807D11E
:102D200022A2214890F84410782002F05FFD06E0CE
:102D30001FA21D4890F84410782002F057FD10BDE6
:102D40000100C9B2092924D115490978002906D002
:102D500002290ED008D3042915D00FD318E02F492B
:102D6000114AC2F8981318E02D490F4AC2F8981377
:102D700013E02C490C4AC2F898130EE02A490A4A7B
:102D8000C2F8981309E02949074AC2F8981304E0E9
:102D900003E02249044AC2F898137047000800482B
:102DA0007C0000204C28002028010020200000008A
:102DB0004E00000080050020C40000200C00002010
:102DC0002028002010EC0008BD28002098F50008FD
:102DD000ACF10008BE2800209C28002074280020A8
:102DE00080EE3600D8270020BF280020B028002021
:102DF00020010020340C0020BC0600209C2700206D
:102E00003028002040280020E8E90008360C002087
:102E1000EC1E0020E4240020CC000020D000002084
:102E2000E0000020F0000020000100201001002040
:102E300010B504000121DFF8E80C02F014FD0120B8
:102E400010BD30B587B004001421002202AD280067
:102E500002F064FEDFF8480BD0E90023CDE900233F
:102E600002A80090DFF80C5C2978684600F0F0F9C1
:102E700028786870BDF80410009800F0C0FC28782D
:102E8000002801D000202870DFF8945C022128007F
:102E900002F0DAFC0321280002F0E5FC2100C9B2AF
:102EA000280002F0E0FC012007B030BD10B504009E
:102EB000DFF8C41B8888002810D0DFF8C00B028818
:102EC0008B889A4208D1002101800321DFF8500C41
:102ED00002F0BAFC012008E0898801802100C9B213
:102EE000DFF83C0C02F0BFFC012010BD2DE9F041E1
:102EF000040000250026DFF8807BB88803283DDB2E
:102F00003868B988084410F8010C3968BA88114447
:102F100011F8021C51EA00210E00B988891E386898
:102F200003F0F8F805002800310080B289B2884229
:102F30001DD10721DFF8E80B02F095FC3868007816
:102F400042280DD1DFF82C8B012198F8010000F008
:102F500098F998F80120D7E9000100F082F913E010
:102F60000021DFF8100B407800F08BF90CE0002115
:102F7000DFF8000B407800F084F905E00021DFF86D
:102F8000F40A407800F07DF9DFF8E80A407800F0B4
:102F9000DFF80221DFF8880B02F077FC0120BDE8A2
:102FA000F0810100DFF8EC0C0278032A01D0042242
:102FB00002700120704701000120704710B5040025
:102FC000DFF8600B0178012936D1DFF85C1BC97886
:102FD000012931D1DFF8541B91ED030AD0ED020A2B
:102FE000B4EE600AF1EE10FA08DA91ED030AD0EDC2
:102FF000010AB4EE600AF1EE10FA0ED501224FF488
:1030000000615FF09040FEF7D4FF01224FF4805141
:103010005FF09040FEF7CDFF1CE000224FF400610E
:103020005FF09040FEF7C5FF00224FF480515FF043
:103030009040FEF7BEFF0DE000224FF400615FF00C
:103040009040FEF7B6FF00224FF480515FF09040B1
:10305000FEF7AFFFDFF8C80A4FF47A7181662100EE
:10306000C9B202F000FC012010BD38B50400DFF841
:10307000281C087800281FD101200870DFF81C5C8C
:10308000012210212800FEF794FF002208212800C9
:10309000FEF78FFF00220421DFF8040CFEF789FF02
:1030A0004FF4FA60DFF8781A886703F015FA03F036
:1030B000BEFB03F0ADFB12E00020087001220821E6
:1030C000DFF8D80BFEF775FF01220421DFF8D00BE3
:1030D000FEF76FFF4EF66020DFF8441A8867210084
:1030E000C9B2DFF83C0A02F0BEFB012032BD10B5C8
:1030F0000400DFF8381A0878002802D10020087789
:103100000FE0DFF8A00B8278042A05D08278092A24
:1031100005D1007A042802D10320087701E00220BB
:103120000877DFF8040AC078012804D10120487725
:103130000120887703E0002048770020887721006D
:10314000C9B2DFF8DC0902F08EFB012010BD0000DF
:1031500038B52DED028B04009FEDB48A2000C0B27B
:1031600000285AD1DFF8C45995ED010ADFEDB00A05
:1031700020EE200ABDEEC00A10EE100A00F0DCF9C5
:1031800085ED010A95ED010A00F044FA85ED030A88
:1031900095ED020A00F09EFA85ED040A95ED040A09
:1031A000D5ED060A30EE200ADFF8FC0AD0ED020A5F
:1031B000F4EE400AF1EE10FA02D5D0ED020A0BE06F
:1031C000D0ED030AB4EE600AF1EE10FA02D5D0EDAC
:1031D000030A01E0F0EE400AC5ED040AD5ED030A4A
:1031E00095ED051A30EE818AD0ED000AF4EE480A1A
:1031F000F1EE10FA02D590ED000A0BE090ED010A15
:10320000B4EE408AF1EE10FA02D590ED010A01E029
:10321000B0EE480A85ED030AFFE7DFF81059287879
:10322000002807D10020686095ED010A00F0F2F94E
:1032300085ED030A2878002807D10020A86095EDC5
:10324000020A00F047FA85ED040ABDEC028B31BD9D
:1032500038B504000D002900C9B2200000F01BF8A9
:1032600031BD70B504000D00160020000078C0B21A
:10327000422805D13200D2B22000290000F062F8C5
:1032800070BD38B504000D002900C9B22000C0B2DD
:1032900000F0D0F831BD3EB504000D002800C0B2EA
:1032A000002805D0022821D00BD3032833D047E0D3
:1032B00004200090002303224221200002F048FF56
:1032C0003EE0DFF8C40D818802290ED1016801912A
:1032D0008088022190FBF1F080B200904FF480537F
:1032E00006224221200002F081FF29E0DFF8980D3C
:1032F000818802290ED1016801918088022190FB0A
:10330000F1F080B2009041F2040306224221200035
:1033100002F06CFF14E0DFF8700D818802290ED1F5
:10332000016801918088022190FBF1F080B2009049
:1033300042F2200306224221200002F057FFFFE75D
:1033400037BD00002DE9F84F2DED028B82B004004F
:103350000D0091460020ADF800009FED348A002654
:103360004846C0B2002803D0401E022856D958E073
:103370000320ADF8000002226946200000F00CFA9C
:1033800008EE900A02226946200000F005FA804605
:10339000DFF89877B8EE680A10EE100A02F06AF8C3
:1033A00082468B46404602F057F841EC110B9FEDE8
:1033B000D10B01F0F0FE53EC102B5046594601F0B2
:1033C000F3FE02F015F8786002226946200000F052
:1033D000E3F900EE100AB0EE408A022269462000AE
:1033E00000F0DAF90600B8EE480A10EE100A02F012
:1033F00041F882468B46300002F02EF841EC110B6A
:103400009FEDBC0B01F0C7FE53EC102B5046594604
:1034100001F0CAFE01F0ECFFB86002E000F05BF9D9
:10342000FFE702B0BDEC028BBDE8F18F00000000A9
:103430000000C8420200D2B2002A032A1BD80A00A8
:10344000D2B2012A0ED1DFF8E42600235370012303
:1034500013700200D2B2002A0CD10122DFF8C83664
:10346000DA7007E0DFF8C4265378032B02DA5378CA
:103470005B1C5370FFE7DFF8B4365A78002A0CD093
:103480005A78032A09DB00221A7000225A600022AF
:103490009A600022DFF89036DA7070472DE9F0412B
:1034A00000242500EDB20A2D43DA00252E00F6B2E5
:1034B000092E3CDA2E00F6B201EB860676682F0064
:1034C000FFB251F82770BE422FDA00262F00FFB25C
:1034D00051F82770AC465FFA8CFC01EB8C0CDCF8E1
:1034E00004C0AE465FFA8EFE41F82EC0AC465FFACD
:1034F0008CFC01EB8C0CCCF80470AC465FFA8CFCB5
:1035000050F82CC0AE465FFA8EFE00EB8E0EDEF851
:1035100004E0A8465FFA88F840F828E0AE465FFA73
:103520008EFE00EB8E0ECEF804C06D1CBEE7641C50
:10353000B7E7BDE8F081000038B52DED028B04003F
:103540009FED948ADFF8F81A087800282AD1012024
:10355000087000210800C0B20A2815DA0800C0B2BD
:10356000DFF8E02A0B00DBB242F82300DFF8202B63
:103570000800C0B252F82000002803D10800C0B2F1
:1035800042F82040491CE5E7DFF8045B09230022EC
:103590002900DFF8B00AFFF781FF95ED050AB8EEC4
:1035A000C00A30E000200100C9B20A291EDADFF8A3
:1035B000941A0200D2B251F82220092A0BD100221B
:1035C0000300DBB241F82320DFF8C41A0200D2B2B4
:1035D00041F8224008E00200D2B251F82220521CE9
:1035E0000300DBB241F82320401CDCE7DFF8A05ADF
:1035F000092300222900DFF84C0AFFF74FFF95ED61
:10360000050AB8EEC00ADFEDBC0A80EE200ABDEC68
:10361000028B31BDF0EE400A9FEDB81A9FEDB83A2B
:10362000DFED5C3AF5EE400AF1EE10FA40D0F0EE34
:10363000603A9FEDB40ADFF8E40A90ED004A34EEF8
:10364000634AB4EE404AF1EE10FA08DA90ED004A0F
:1036500033EEC44AB4EE404AF1EE10FA03DB9FEDBC
:10366000AA0A21EE001ADFF8B80A90ED000AF0EE7F
:10367000401ADFF8B01A91ED000A30EE010AB0EE00
:10368000402A32EE030A82EE000AF0EE402A33EEC0
:10369000E10AB0EE614A00EE224A80ED004AB7EE40
:1036A000000A30EE620A20EE020A81ED000A08E00C
:1036B000DFF8700A5FF07E510160DFF8640A0021D4
:1036C0000160DFF85C0ADFF8541A02680A6090EDC6
:1036D000000A7047704780B50320DFF8B8150870FE
:1036E0000421DFF83C0402F0D0F83220FEF77CFF22
:1036F00001BD0000000000000000244080B5DFF89C
:10370000280A0078DB4908700220DFF88815087065
:103710000421DFF80C0402F0A6F801BD2DE9F04108
:1037200004000D0016002F00DFF85C894046FEF70C
:10373000A9FC300080B2022802D004280BD01DE082
:103740007878D8F8001008703878D8F800104870E9
:10375000A8F8046015E07878D8F800100870387878
:10376000D8F800104870F878D8F800108870B87849
:10377000D8F80010C870A8F8046002E00020A8F88B
:103780000400DFF8A40904700120DFF8A019087014
:10379000BDE8F08100000000F0B4030000200C88B8
:1037A0001500EDB2042D16D12500ADB21D44AE7842
:1037B0002500ADB21D44ED7855EA06252600B6B2C7
:1037C0009E5D2700BFB21F447F7857EA062757EA5D
:1037D000054738000DE01500EDB2022D09D1250096
:1037E000ADB25D5D2600B6B21E44767856EA052677
:1037F00030000D8855FA82F50D80F0BC704770B529
:1038000004000D00DFF8286901224FF480513000D8
:10381000FEF7CFFB0A2003F02DF802F0F1FF4FF482
:103820007A732A0092B22100DFF8080903F073F8D6
:1038300000224FF480513000FEF7BBFB70BD2DE934
:10384000F0412DED028B8EB0F0EE408AB0EE608A32
:10385000322100226C46200002F060F9002700248B
:103860000025DFF8C882C8ED058A88ED068A98ED44
:10387000050A01F02DFC060098ED060A01F028FC6F
:10388000804668463100090E3A00D2B281547F1C4E
:103890003100090C3A00D2B281547F1C3100090A70
:1038A0003A00D2B281547F1C3900C9B246547F1C01
:1038B0004146090E3A00D2B281547F1C4146090CA0
:1038C0003A00D2B281547F1C4146090A3A00D2B272
:1038D00081547F1C3900C9B200F801807F1C3A0076
:1038E000D2B292B26946DFF8500804F031F80EB057
:1038F000BDEC028BBDE8F0810000C84295BFD63315
:1039000017B7D1380100004000007A4470B5002498
:103910000025DFF824080078C0B2FF2839D0DFF88E
:103920001C080178C9B20906DFF814080078C0B293
:1039300051EA0041DFF80C080078C0B251EA0021DA
:10394000DFF804080078C0B201430C00DFF8FC0780
:103950000178C9B20906DFF8F8070078C0B251EA69
:103960000041DFF8F0070078C0B251EA0021DFF82B
:10397000E8070078C0B201430D006C4E16F1140147
:10398000200001F0CDFA16F11801280001F0C8FA64
:1039900004E06648002141610021816170BD0000A2
:1039A000B0F700082DE9F0472DED028B8EB0040032
:1039B000F0EE408AB0EE608A322100226D46280087
:1039C00002F0ACF8002500260027DFF858A18AF89D
:1039D00000408AED028ACAED018A9AED020A01F0DE
:1039E00077FB80469AED010A01F072FB814668463A
:1039F0009AF800102A00D2B281546D1C4146090E7B
:103A00002A00D2B281546D1C4146090C2A00D2B260
:103A100081546D1C4146090A2A00D2B281546D1CA2
:103A20002900C9B200F801806D1C4946090E2A0020
:103A3000D2B281546D1C4946090C2A00D2B281547D
:103A40006D1C4946090A2A00D2B281546D1C290016
:103A5000C9B200F801906D1C2A00D2B292B2694638
:103A6000DFF8F80603F074FF0EB0BDEC028BBDE882
:103A7000F0870000B8280020E40B0020B6280020C2
:103A800070B500240025DFF8D4060078C0B2FF2806
:103A90003CD0244EDFF8C80600783070DFF8C4064A
:103AA0000178C9B20906DFF8C0060078C0B251EA51
:103AB0000041DFF8B8060078C0B251EA0021DFF813
:103AC000B0060078C0B201430C00DFF8A806017808
:103AD000C9B20906DFF8A0060078C0B251EA004179
:103AE000DFF898060078C0B251EA0021DFF89006AE
:103AF0000078C0B201430D0016F10801200001F06A
:103B00000FFA311D280001F00BFA07E005480021EB
:103B10000170DFF8701681600021416070BD000007
:103B2000300700204C280020882800209C270020F7
:103B30002DE9F84F2DED048B8EB0F0EE409AB0EEEB
:103B4000608AF0EE418AB0EE619A3221002201AC27
:103B5000200001F0E3FF5FF0000B00200090002444
:103B600000250026DFF840A1CAED009A8AED018AFF
:103B7000CAED028A8AED039A9AED000A01F0A8FACA
:103B800007009AED010A01F0A3FA80469AED020AB5
:103B900001F09EFA81469AED030A01F099FA8246F5
:103BA00001A83900090E5A46D2B281541BF1010B0B
:103BB0003900090C5A46D2B281541BF1010B39006D
:103BC000090A5A46D2B281541BF1010B5946C9B2B7
:103BD00047541BF1010B4146090E5A46D2B281549B
:103BE0001BF1010B4146090C5A46D2B281541BF11C
:103BF000010B4146090A5A46D2B281541BF1010B0E
:103C00005946C9B200F801801BF1010B4946090E63
:103C10005A46D2B281541BF1010B4946090C5A464F
:103C2000D2B281541BF1010B4946090A5A46D2B25D
:103C300081541BF1010B5946C9B200F801901BF1E8
:103C4000010B5146090E5A46D2B281541BF1010BA9
:103C50005146090C5A46D2B281541BF1010B514610
:103C6000090A5A46D2B281541BF1010B5946C9B216
:103C700000F801A01BF1010B5A46D2B292B201A981
:103C8000DFF8040503F064FE0EB0BDEC048BBDE864
:103C9000F18F00007C000020C528002000040048AF
:103CA000000C004820280020302800202DE9F04199
:103CB0000024002500260027DFF8CC040078C0B2DD
:103CC000FF2871D0DFF8C4040178C9B20906DFF813
:103CD000C0040078C0B251EA0041DFF8B8040078AF
:103CE000C0B251EA0021DFF8B0040078C0B201434D
:103CF0000C00DFF8A8040178C9B20906DFF8A004B7
:103D00000078C0B251EA0041DFF898040078C0B2F0
:103D100051EA0021DFF890040078C0B201430D00A1
:103D2000DFF888040178C9B20906DFF88404007856
:103D3000C0B251EA0041DFF87C040078C0B251EA19
:103D40000021DFF874040078C0B201430E00DFF8F0
:103D50006C040178C9B20906DFF864040078C0B2C7
:103D600051EA0041DFF85C040078C0B251EA00215A
:103D7000DFF854040078C0B201430F00DFF84C8430
:103D80004146200001F0CCF818F10401280001F0B0
:103D9000C7F818F10801300001F0C2F818F10C0161
:103DA000380001F0BDF80BE0DFF82004DFF8D41391
:103DB000016000214160DFF8181481600021C160BA
:103DC000BDE8F08178B591B004000D003C210022DF
:103DD00002AE300001F0A2FE0020ADF80400032185
:103DE000092000F06CFD0B2000900023DFF8E42395
:103DF00001A902A801F07EF84FF47A73BDF80420FF
:103E000002A9DFF8D40302F086FD12B070BD78B5C8
:103E100091B004000D003C21002202AE300001F000
:103E20007DFE0020ADF80400C34803F061FDCB48DF
:103E300003F05EFDDFF8A40300210170D149816029
:103E4000002141600D2000900023DFF8942301A998
:103E500002A801F04FF84FF47A73BDF8042002A9CC
:103E6000DFF8740302F057FD12B070BD38B590B0A2
:103E700004000D0003A8DFF86C13322203F0ACFD40
:103E8000DFF86403D0E90023CDE9012303A8019002
:103E90000023D648027802A903A800F0B6FF02204A
:103EA0000090002379A202A903A801F023F84FF49F
:103EB0007A73BDF808200199C74802F02CFD11B0B3
:103EC00030BDF8B504000D000026206800783028C9
:103ED0003ADB206800783A2836DA00270020010013
:103EE000C9B2A28889B291420FD221680200D2B22F
:103EF000895C302905DB21680200D2B2895C3A294D
:103F000000DB02E07F1C401CE9E73900C9B22068F1
:103F100001F0A8F80600B6F5807F0DD2B3484178CD
:103F20003000C0B200F0CBFC4FF47A7302227AA1C9
:103F3000A94802F0F0FC0EE04FF47A730522AC4978
:103F4000A54802F0E8FC06E04FF47A730522A84980
:103F5000A14802F0E0FCF1BD38B590B004000D00BE
:103F600003A8A449322203F037FDA348D0E9002377
:103F7000CDE9012303A8019000239C48427802A9BF
:103F800003A800F042FF0220009000233FA202A9F4
:103F900003A800F0AFFF4FF47A73BDF80820019931
:103FA0008D4802F0B8FC11B030BDF8B504000D002A
:103FB000002620680078302839DB206800783A280D
:103FC00035DA002700200100C9B2A28889B29142E7
:103FD0000FD221680200D2B2895C302905DB21684A
:103FE0000200D2B2895C3A2900DB02E07F1C401C4F
:103FF000E9E73900C9B2206801F034F806000C2E58
:104000000DD23100C9B27948007800F058FC4FF465
:104010007A73022240A1704802F07DFC0EE04FF45A
:104020007A73052272496C4802F075FC06E04FF481
:104030007A7305226E49684802F06DFCF1BD0000FC
:10404000C62800202827002080B5FFF75FFCFFF777
:1040500017FDFFF72BFE69486949C0F8A4136949A9
:10406000C0F8B4136849C0F8C4136849C0F8D41341
:104070006749C0F8E4136749C0F8F41302F0D7FBAE
:1040800002F0C6FB01BD0000C00700200D0A0000C1
:104090005027002070B50020002400252800C0B261
:1040A000092836DA5C4E2800C0B20001304440785E
:1040B00001282CD1012004002800C0B200013044A6
:1040C000406800280ED001F071FA2900C9B2090138
:1040D00031444968401A2900C9B20901314489684C
:1040E000884214D300202900C9B209013144487024
:1040F00001F05CFA2900C9B2090131444860280086
:10410000C0B22900C9B209013144C96888476D1C91
:10411000C4E72000C0B270BD4F4B000090280020C3
:104120008C280020C8070020C42800207C00002024
:1041300000080048DC2100200008020802080208EC
:104140000308020804080208050802080608020815
:1041500007080208080802080908020800100208F7
:1041600002100208031002080410020805100208D9
:1041700006100208071002080810020809100208B9
:104180000A10020800007A440020020802200208F7
:104190000320020804200208052002080620020865
:1041A0000720020808200208092002080A20020845
:1041B0000B2002080C2002080D2002080E20020825
:1041C0000F200208102002081120020830280020C9
:1041D0000000A042B0F50008CC2000204C280020B0
:1041E000E8F2000888EF0008B8F70008340C002057
:1041F000A8F70008BCEF0008C0F70008D4070020AB
:10420000C53D00080F3E00086D3E0008C33E000893
:10421000593F0008AB3F0008300700200200002093
:10422000704730B40200DFF8900A002304688588E4
:10423000635583885B1C8380DFF8803A1B780468B1
:104240008588635583885B1C8380012030BC704760
:10425000F8B504000D00002000212E002268330074
:10426000DBB2D25C23683700FFB23B445F7857EA89
:1042700002273A0092B2B2F5807F23DA380080B28A
:1042800000281FD0DFF8300A21683200D2B2895CE2
:1042900002688388D1548188491C8180216832005A
:1042A000D2B21144497802688388D1548188491C6C
:1042B0008180DFF8080A41783800C0B200F0FFFAC8
:1042C000012000E00020F2BD30B40200DFF8E80970
:1042D000002304688588635583885B1C8380DFF82E
:1042E000DC395B7804688588635583885B1C838030
:1042F000012030BC7047F8B504000D0000200021FB
:104300002E0022683300DBB2D25C23683700FFB294
:104310003B445F7857EA02273A0092B20B2A1FDA31
:10432000DFF8940921683200D2B2895C0268838880
:10433000D1548188491C818021683200D2B2114455
:10434000497802688388D1548188491C818039006A
:10435000C9B2DFF86809007800F0B1FA012000E086
:104360000020F2BDF8B504000D000026DFF850096A
:1043700090ED030A00F0ACFE0100DFF83C090A00F2
:10438000120A03688788DA558288521C8280026884
:104390008388D1548288521C82800A00120E0368DE
:1043A0008788DA558288521C82800A00120C0368C2
:1043B0008788DA558288521C82800120F2BDF8B5C8
:1043C00004000D000026DFF8F80890ED040A00F064
:1043D0007FFE0100DFF8E0080A00120A0368878800
:1043E000DA558288521C828002688388D154828880
:1043F000521C82800A00120E03688788DA55828870
:10440000521C82800A00120C03688788DA55828861
:10441000521C82800120F2BDF8B504000D00002678
:104420009FEDA10A00F054FE0100DFF88C080A009D
:10443000120A03688788DA558288521C82800268D3
:104440008388D1548288521C82800A00120E03682D
:104450008788DA558288521C82800A00120C036811
:104460008788DA558288521C82800120F2BD0000C4
:10447000F8B504000D0000269FED8B0A00F028FE21
:104480000100DFF834080A00120A03688788DA5549
:104490008288521C828002688388D1548288521C90
:1044A00082800A00120E03688788DA558288521CBF
:1044B00082800A00120C03688788DA558288521CB1
:1044C00082800120F2BD30B40200DFF8EC07002347
:1044D00004688588635583885B1C8380DFF8E03738
:1044E0001B7F04688588635583885B1C838001205B
:1044F00030BC704730B40200DFF8BC07002304680A
:104500008588635583885B1C8380DFF8B4375B7FC5
:1045100004688588635583885B1C8380012030BCD8
:10452000704730B40200DFF89007002304688588E4
:10453000635583885B1C8380DFF884379B7F046826
:104540008588635583885B1C8380012030BC70475D
:1045500030B40200DFF860070023046885886355E3
:1045600083885B1C83800023046885886355838867
:104570005B1C8380012030BC704730B40200DFF840
:104580003807002304688588635583885B1C838013
:10459000002304688588635583885B1C8380012021
:1045A00030BC704730B40200DFF80C070023046809
:1045B0008588635583885B1C8380DFF808371B7808
:1045C00004688588635583885B1C8380012030BC28
:1045D0007047F8B504000D00002000212E0022686D
:1045E0003300DBB2D25C23683700FFB23B445F7814
:1045F00057EA02273A0092B2012A03D0380080B26B
:10460000002822D1DFF8B00621683200D2B2895CDE
:1046100002688388D1548188491C818021683200D6
:10462000D2B21144497802688388D1548188491CE8
:104630008180DFF89006D0ED020A90ED010A380083
:10464000C0B2FFF7AFF9012000E00020F2BDF8B5DD
:1046500004000D000026DFF86C0690ED020A00F061
:1046600037FD0100DFF850060A00120A0368878848
:10467000DA558288521C828002688388D1548288ED
:10468000521C82800A00120E03688788DA558288DD
:10469000521C82800A00120C03688788DA558288CF
:1046A000521C82800120F2BD000000002DE9F84379
:1046B00004000D000026002000900027A846206876
:1046C0004146C9B20844817820684246D2B21044BB
:1046D000C07850EA012021684246D2B2895C226843
:1046E0004346DBB21A4492F8019059EA012959EA8B
:1046F0000049DFF8C40521684246D2B2895C0268ED
:104700008388D1548188491C818021684246D2B275
:104710001144497802688388D1548188491C81807A
:1047200021684246D2B21144897802688388D15404
:104730008188491C818021684246D2B21144C978DF
:1047400002688388D1548188491C81806946484623
:1047500000F0E6FBDFF86C05DDED000A90ED010AE4
:104760000078FFF71FF90120BDE8F283F8B50400D7
:104770000D000026DFF84C0590ED010A00F0A8FCC2
:104780000100DFF834050A00120A03688788DA5549
:104790008288521C828002688388D1548288521C8D
:1047A00082800A00120E03688788DA558288521CBC
:1047B00082800A00120C03688788DA558288521CAE
:1047C00082800120F2BD2DE9F84304000D0000268F
:1047D000002000900027A84620684146C9B208443E
:1047E000817820684246D2B21044C07850EA012055
:1047F00021684246D2B2895C22684346DBB21A4441
:1048000092F8019059EA012959EA0049DFF8A80411
:1048100021684246D2B2895C02688388D15481887B
:10482000491C818021684246D2B21144497802680D
:104830008388D1548188491C818021684246D2B244
:104840001144897802688388D1548188491C818009
:1048500021684246D2B21144C97802688388D15493
:104860008188491C81806946484600F059FBDFF881
:104870005404D0ED020A9DED000A0078FFF792F88B
:104880000120BDE8F28370B504000D00DFF8386444
:10489000012220213000FDF78CFB0A2001F0EAFF05
:1048A0004FF47A732A0092B22100DFF8200402F05C
:1048B00032F8002220213000FDF77BFB70BD7CB573
:1048C00004000D00082100226E46300001F026F998
:1048D0000026DFF8E803047045706946027833006B
:1048E000DBB2CA54761C40783200D2B28854761CAF
:1048F0003200D2B292B26946DFF8D40303F028F84E
:1049000073BDDFF8CC030078C0B2FF280AD0DFF80F
:10491000AC03DFF8C01309780170DFF8BC13097825
:10492000417005E0DFF89403092101700321417013
:1049300070472DE9F04F87B0040000275FF00008B2
:104940005FF000090025DFF89423D2E90001CDE9EA
:1049500002010026DFF88823D2E90001CDE9040135
:10496000DFF854A35046FDF78DFBA0880828C0F25D
:104970009E812068A188084410F8010C2168A28853
:10498000114411F8021C51EA0021ADF81810A18859
:10499000891E206801F0BEFBADF81A00BDF81A00B0
:1049A000BDF81810884240F0808120680078C34923
:1049B0000978884240F07981206880782168CF7832
:1049C00057EA002720684078032807D0042805D03C
:1049D00006286DD0102800F0C48062E120680079BC
:1049E0002168497951EA00210D005FF00108404635
:1049F000C0B20F2836DA5FF01409DFF8E8B240469B
:104A0000C0B209FB00F058444068390089B28842BE
:104A100025D1280080B24146C9B209FB01F15944B1
:104A2000896888421BDB002100204246D2B209FB84
:104A300002F25A44D268904701280FD14046C0B2D2
:104A400009FB00F0584480682D1A4046C0B209FBAB
:104A500000F90BEB09008068C71900E002E018F1CB
:104A60000108C4E7BAF80400002820D0BAF804000E
:104A7000022190FBF1F201FB1200002817D1DAF8B5
:104A800000000190BAF80400022190FBF1F080B21E
:104A900000903B009BB2206842782068017804A80F
:104AA00001F018FCBDF814100498FFF7ECFEFAE0D2
:104AB00004200100C9B2A288921E91420EDA216838
:104AC0000200D2B2895C029ABDF80C30D154BDF814
:104AD0000C10491CADF80C10401CEAE75FF001080F
:104AE0004046C0B20F2817DA14227E4B4046C0B2AF
:104AF000504318444068390089B2884209D10021E6
:104B000002A8C4465FFA8CFC02FB0CF21A4412693C
:104B1000904718F10108E3E7BAF8040000281FD015
:104B2000BAF80400022190FBF1F201FB1200002808
:104B300016D1DAF800000190BAF80400022190FBC7
:104B4000F1F080B200903B009BB206222068017811
:104B500004A801F010FCBDF814100498FFF793FEB0
:104B6000A1E000200600206800792168497951EA17
:104B700000210D0007200100C9B2A288921E9142B7
:104B80000EDA21680200D2B2895C029ABDF80C30BC
:104B9000D154BDF80C10491CADF80C10401CEAE7CC
:104BA000280080B240002168897988424DD1BDF843
:104BB0000C002168897989B2884246D15FF00108EA
:104BC0004046C0B20F2840DA5FF01409DFF814B194
:104BD0004046C0B209FB00F058444068390089B231
:104BE00088422FD1280080B24146C9B209FB01F1A9
:104BF00059448968884225DB310089B202A84246BF
:104C0000D2B209FB02F25A4412699047012818D126
:104C10004046C0B209FB00F058448068400010FADA
:104C200086F64046C0B209FB00F0584480682D1A51
:104C30004046C0B209FB00F90BEB09008068C719B8
:104C400000E002E018F10108BAE7BAF80400002811
:104C500026D0BAF80400022190FBF1F201FB120009
:104C600000281DD1206880782168C97851EA002188
:104C70000F00DAF800000190BAF80400022190FB5E
:104C8000F1F080B200903B009BB2102220680178C6
:104C900004A801F070FBBDF814100498FFF7F3FDB1
:104CA00001E0002004E0012002E0002000E00020FC
:104CB00007B0BDE8F08F0000E8060020340C0020AB
:104CC0009C2700204C28002000040048542100208C
:104CD00000000208020002080300020898F700081A
:104CE000A0F700089005002001000800C0B20028CD
:104CF00001D1012021E00800C0B2FF2801D10A2023
:104D00001BE00800C0B2FE2801D1642015E00800B5
:104D1000C0B2FD2802D14FF47A700EE00800C0B294
:104D2000FC2802D142F2107007E00800C0B2FB2854
:104D300002D1DFF8980300E0012070472DE9F24F1F
:104D400082469346002000210A260027B046B94635
:104D5000009A1588BBF1000F08D5DBF100042D2067
:104D60002A0092B20AF802006D1C00E05C462000A6
:104D7000002142464B4602F083FE002901D1002863
:104D800008D0A6FB080106FB091107FB08118046A5
:104D90008946ECE7404649460A22002302F070FEAD
:104DA00006000F00002F01D1002E28D02000002186
:104DB00032003B0002F064FE3030290089B20AF86C
:104DC00001006D1CA0465FF00009200000213200A8
:104DD0003B0002F055FEA6FB002306FB013307FB58
:104DE0000033B8EB020079EB030104003000390016
:104DF0000A22002302F044FE06000F00D2E70098CA
:104E000005802800C0B2BDE8F28F2DE9FE4F0600F4
:104E10000F0090460020ADF8000000200024002183
:104E20005FF0000BB7F80090B8F1000F02D5D8F191
:104E3000000500E04546424639003000FFF77EFF9E
:104E4000B7F800A0002D4FD09DF80800FFF74CFFE9
:104E500001008D4205D20A2045431BF1010B002DB4
:104E6000F7D15846C0B2002821D050460200D2B235
:104E7000324412F8012C2D2A06D00200D2B24B4641
:104E800092B29BB29A4208D130220300DBB2F254B4
:104E90001AF1010ABBF1010BE3E70200D2B232447E
:104EA00012F8012C0300DBB2F254401EDEE70A20A8
:104EB000B1FBF0F450468346002C15D00A20B4FB19
:104EC000F0F45846C0B2304410F8010C5946C9B24B
:104ED0007054BBF1010B002CEED12E205946C9B203
:104EE00070541AF1010AE7E7A7F800A05046C0B2D3
:104EF000BDE8FE8FF0B4049C00252E00B6B2A64299
:104F00000BD20E88771C0F802F00BFB217FA83F7E1
:104F1000D75DB6B287556D1CEFE7F0BC7047000057
:104F20002DE9F34F81B02DED028B9FED658A0024B2
:104F300001250026F7EE008A00273800C0B220289D
:104F400064DA0398F84010F0010004003800C0B2A1
:104F5000172829DA18EE900A00F08CFA82468B4660
:104F60002000C0B200F078FA804689463800C0B20E
:104F7000D0F117005FF0FF31484300F0F3F841EC47
:104F8000110B9FED500B00F006F951EC100B42464F
:104F90004B4602F08DFE52465B4602F05BFF00F08E
:104FA00027FA08EE900A2FE03800C0B21F2824DA52
:104FB0003000C0B200F050FA82468B462000C0B2EA
:104FC00000F04AFA804689463800C0B2173800F02F
:104FD000C9F841EC110B9FED3B0B00F0DCF851ECF4
:104FE000100B42464B4602F063FE52465B4602F00F
:104FF00031FF02F0EDFF060006E02000C0B20128FC
:1050000002D15FF0FF3005007F1C96E7280040B218
:1050100000F0A8F8804689463000C0B27F3800F022
:10502000A1F841EC110B9FED270B00F0B4F851EC07
:10503000100B42464B4602F03BFE8046894618EE76
:10504000900A00F017FA42464B4602F031FE00F09B
:10505000CFF900EE100A049880ED000ABDEC028B37
:10506000BDE8F78F70B40300002200240020002563
:105070002A000E00D2B2F6B2B2421FD22A00D2B239
:105080009A5C302A0ADB2A00D2B29A5C3A2A05DA04
:105090002A00D2B29A5C303A140001E000221400D7
:1050A0002A00D2B2002A03D12200D2B2100003E0BB
:1050B0000A22504350FA84F06D1CD9E770BC704747
:1050C000000000000000000000000040A086010079
:1050D00010B42DED010A00206A460023042B07D2EC
:1050E000D45C1900C9B2C9008C4020435B1CF5E7B1
:1050F00012BC704700F10103810704D010F8011BB6
:10510000820781B1FAD10268A2F10131914311F015
:10511000803104BF50F8042FF6E709BAB1FA81F1E3
:1051200000EBD100401CC01A704730B4002513E0DA
:1051300050F8042BD30744BFA9F101039A18091FA3
:10514000042942F8045BFAD213468C0744BF158049
:105150009B1CC90748BF1D7050F8041B0029E7D1EC
:1051600030BC7047C11768B14840401AB0FA80F2AD
:105170009040D21CC907C2F5846241EA025202EB98
:10518000D021400570470268531C036011707047BE
:1051900041EC100B01BD80B553EC112B51EC100B01
:1051A00002F034FFF4E72E00F0B540F2FF7581EA1B
:1051B000030C0CF0004C15EA11541DBF15EA1357EF
:1051C000AC42AF42E5E0BC41C1F31301C3F31303AA
:1051D000801A994143F4801304D2641E400049416F
:1051E00080185941C90241EA5051B1FBF3F603FB63
:1051F0001611A2FB0675D7EBC020A94102D2761E7C
:1052000080185941C90241EA5051B1FBF3FE03FB3A
:105210001E11A2FB0E75D7EBC020A94103D2AEF13F
:10522000010E80185941890241EA9051760546EAFB
:105230008E2EB1FBF3F603FB1611A2FB0675D7EB1E
:105240008020A94102D2761E80185941C90241EA44
:1052500050514EEA060EB1FBF3F603FB1611A2FB0A
:105260000675D7EBC020A94102D2761E801859419D
:10527000C90241EA5051B1FBF3F703FB1711A2FB3E
:105280000735D3EBC020A94167F100070CBF0042EE
:1052900047F0010766F3D5274FEA1E31B80814F529
:1052A000806412DDBD0775F1004250EB0E5051EBEA
:1052B000045111F5801F5CBF41EA0C01F0BD4CF0B8
:1052C0007F6141F0E0410020F0BDBD076D0840EA7C
:1052D0000E5041F48011D4F10104B4F120060ADA31
:1052E000C4F120060200E04001FA06F3E140184351
:1052F000B24015430EE0342C13DCC6F1200445EA1D
:1053000040056D0820FA06F2154321FA06F0A14087
:105310000D43002175F1004250F1000051EB0C01EA
:10532000F0BD00205FEA0C01F0BDCFB992185B41DF
:10533000B3FA83F704BFB2FA82F6BF190B3FB7F195
:1053400020062FBF02FA06F3BB40C7F1200622FA5F
:1053500006F638BF3343BA401CB1E419641E33E784
:105360007F4231F00041B1FA81F404BFB0FA80F617
:10537000A4190B3CB4F120062FBF00FA06F1A1409E
:10538000C4F1200620FA06F638BF3143A0403C1B8A
:105390001AE7AC421ABF05EA1357AF4212E050EACF
:1053A00041061CBF52EA4306BFE750EA41073046B8
:1053B00061461CBF41EA0551F0BD52EA430C08BFEB
:1053C000C143F0BD00204FF4001616EB410F98BF0B
:1053D00016EB430F08BF16EB410F24BFC14305E096
:1053E00016EB430F0CBF61464CEA0551F0BD0000BF
:1053F00001F000428B1AA3F16051B1F5801F0ADB66
:10540000B1F17F6F1FD242EAC102C10071F10041C8
:1054100042EB507070470B15C3F10903212B10D2DA
:10542000890241EA905180020128494141F000413E
:1054300021FA03F0C3F12003994071F1004150417A
:105440007047100070476FF0000013EB103F5CBF17
:10545000000E42EAC0507047014648B1B0FA80F1F0
:105460008840C91CC1F58461090501EBD0214005C4
:1054700070470000C0F3C75181B1FF2906D0C110A9
:10548000400721F0E04101F16051704741020CBF3B
:1054900040F4E0016FF000410020704700F000414F
:1054A00000020AD0B0FA80FC00FA0CF001F1605161
:1054B000A1EB0C5101EBD021400570470CB430B585
:1054C00083B00A4606A9029104460025019400957E
:1054D00002AB01A9084878441E3003F00DF9019A87
:1054E000157000284EBF04460198041B204603B0E7
:1054F00030BC5DF80CFB00BF8FFCFFFF80B50122C4
:1055000040212348FCF755FD2249234800F04EFA7C
:1055100000F01EF8012000F005F800F0D1FA00F0CC
:105520001FFA01BD704711B581B0194C002240210E
:105530002000FCF73EFD4FF47A73012201A91748C1
:1055400004F03AF9012240212000FCF732FD13BD9E
:1055500010B50F4C002240212000FCF72AFD00224C
:1055600080212000FCF725FD012000F019F805201E
:1055700000F016F8012280212000FCF71AFD05201A
:1055800000F00EF8012240212000FCF712FD10BDB2
:105590000008004868280020EC1000205C2500204E
:1055A00010B50400200001F065F910BD0148006845
:1055B000704700BF7828002070B4039CDFF8805249
:1055C000286029716A71AB71EC7100262E7270BC73
:1055D00070472DE9F84F04000D00160000275FF01A
:1055E0000008DFF85C9299F80500082880F2FC803A
:1055F000300099F80610C0B2884205D399F8070028
:105600003100C9B2884201D22E200600402099F80C
:105610000510491C90FBF1F02900C9B2814280F2CB
:10562000E38099F8040050FA84F0802880F2DC804E
:1056300099F805305B1C99F8050003FB05035B1C1A
:10564000DBB299F804201219D2B299F80500401C77
:1056500015FB00F1C9B22000C0B200F029F9002109
:10566000080099F80420C0B2904280F0BD8000206C
:1056700015FB00F00200D2B2082392FBF3F21700F0
:10568000C0B2082290FBF2F302FB13008046FF2217
:105690006C4BD3F800C03800C0B250FA85FE8020B1
:1056A00000FB0EFE5EFA84FED3F800A03800C0B204
:1056B00050FA85FB802000FB0BFB5BFA84F01AF8A4
:1056C00000A0D8F1080B100050FA0BF010EA0A0AFB
:1056D0000CF80EA0D3F800C03800C0B250FA85FE16
:1056E000802000FB0EFE5EFA84F00090D3F800E00C
:1056F0003800C0B250FA85FA802000FB0AFA5AFA44
:1057000084F01EF800E0D9F800A0B3465FFA8BFBE6
:1057100099F80600BBEB000099F804B00BFB00FB06
:105720000AEB0B008A465FFA8AFA10F80A0010FAB0
:1057300008F050EA0E00DDF800E00CF80E00D3F897
:1057400000C03800C0B250FA85FE802000FB0EFE7B
:105750005EFA84F08444D3F800E03800C0B250FA16
:1057600085FA802000FB0AFA5AFA84F0704490F817
:10577000800012FA08F202408CF880201A68380083
:10578000C0B250FA85FC802000FB0CFC5CFA84F06F
:1057900002441B683800C0B250FA85FC802000FB30
:1057A0000CFC5CFA84F0184490F88030D9F800C002
:1057B000B6465FFA8EFE99F80600BEEB000E99F829
:1057C000040000FB0EFE0CEB0E008C465FFA8CFC16
:1057D00010F80C00D8F1080C50FA0CF0034382F8D2
:1057E0008030641C491C3BE7BDE8F18FF8B5070029
:1057F0000C001600124D6879082820DA307800284D
:105800001DD032782100C9B23800C0B2FFF7E1FEE6
:10581000761C2879401CC719287950FA87F0401C5B
:10582000812802DB00200700641C40206979491CA4
:1058300090FBF1F02100C9B28142DFDBFFE7F1BD4F
:10584000402800206C280020020001200B00DBB261
:105850001B011344587000200B00DBB21B011344E2
:1058600058600120704738B504000D000120290060
:10587000C9B2090121444870FFF798FE2900C9B256
:10588000090121444860012032BD020000200B00C4
:10589000DBB21B01134458700120704780B50348E8
:1058A00000F024FC00F0CDF801BD0000E8E50008A0
:1058B00070B40400E4B2802C01DB7F2420001400CB
:1058C000E4B2802C01DB7F2422000C00E4B2402CE7
:1058D00001DB3F2421001C00E4B2402C01DB3F240B
:1058E0002300354C050026683678EDB2B54201D26A
:1058F000256828702568AD781600F6B2B54201D249
:105900002568AA700D0026687678EDB2B54201D2FE
:10591000256869702568ED781E00F6B2B54201D29F
:105920002468E37070BC704723487F2102681170BF
:105930000021026891703F210268517000210068C7
:10594000C17070471C480021026811707F210268F5
:1059500091700021026851703F210068C17070474A
:1059600070B54FF480640025144806682A002100B1
:10597000300000F0D3F83F237F2200210020FFF702
:1059800097FF00F05EF870BD70B54FF4806400259D
:105990000A4806682A002100300000F0BFF83F23C3
:1059A0007F2200210020FFF783FF70BD034A1060B3
:1059B000014A116070470000702800206C28002008
:1059C00010B5040000224FF480713A48FCF7F1FA58
:1059D0002000C0B2FFF7A7FD10BD10B504000122E2
:1059E0004FF480713348FCF7E4FA2000C0B2FFF7AF
:1059F0009AFD10BD10B5040014F00F0050F0B00077
:105A0000C0B2FFF7DDFF10BD10B504002000C0B22A
:105A100000F005F82000C0B200F00CF810BD10B581
:105A200004002000C0B2000950F01000C0B2FFF71F
:105A3000C7FF10BD10B5040014F00F00FFF7C0FF42
:105A400010BD70B500242000C0B210282EDA1A4D07
:105A5000286840782100C9B2491CB0EBC10F23DA95
:105A60002868C0782100C9B2B0EBC10F1EDB20004E
:105A7000C0B2FFF7BFFF28680078FFF7C5FF2868AE
:105A80000678286880783100C9B288420CD30B4868
:105A900001682200D2B28020424352FA86F0085CAC
:105AA000FFF79BFF761CECE7641CCCE7FFF73CFF9D
:105AB00070BD000000080048702800206C280020FD
:105AC00080B5AE20FFF77CFFA220FFF779FFA02072
:105AD000FFF776FFC820FFF773FF2F20FFF770FF57
:105AE000322000F0C7FEA420FFF76AFF4020FFF736
:105AF00067FF2520FFF764FF0A2000F0BBFE81202E
:105B0000FFF75EFF1220FFF75BFFFFF729FFAF20D3
:105B1000FFF756FF052000F0ADFE01BD62F30F2236
:105B200062F31F42401810F0030308D0C91A1FD3B4
:105B3000DB0748BF00F8012D28BF20F8022D130015
:105B400030B414461546103928BF20E93C00FAD875
:105B5000490728BF20E90C0048BF40F8042D890000
:105B600028BF20F8022D48BF00F8012D30BC704737
:105B7000C91818BF00F8012DCB0728BF00F8012D68
:105B80007047000070B4039CDFF8845328602971CB
:105B90006A71AB71EC7101262E7270BC70472DE9F1
:105BA000F74F04000D00DFF868639DF80800B17935
:105BB000884204D3F0799DF80810884202D22E2042
:105BC0008DF80800307A002845D100273800317957
:105BD000C0B288423DD231689DF80820B079121ACF
:105BE0003079424301EB02003900C9B210F801904C
:105BF000002080464046C0B2082828DA3800C0B2EB
:105C000050FA84F0802805DA4046C0B250FA85F098
:105C1000402801DB00205DE1012010FA08F0494630
:105C2000C9B2014208D0012218EB0501C9B23819E6
:105C3000C0B200F06FF907E0002218EB0501C9B20D
:105C40003819C0B200F066F918F10108D2E77F1CDC
:105C5000BCE730793EE1307A012840F08E807079DF
:105C6000082190FBF1F201FB1200012806DB70799C
:105C7000082190FBF1FB1BF1010B03E07079082177
:105C800090FBF1FB31795846C0B24143491C8DF875
:105C9000011031689DF80820B079121A9DF80100B2
:105CA000424301EB020001788DF80010401C019086
:105CB0005FF0000840469DF80010C0B2884259D2FB
:105CC0005FF0000948465946C0B2C9B288424ED278
:105CD00001994246D2B25846C0B2424301EB02009B
:105CE0004946C9B210F801A0002007003800C0B230
:105CF000082839DA4046C0B250FA84F0802808DA21
:105D00004846C0B2C00050FA85F050FA87F04028EB
:105D100001DB0020DEE04846C0B2C00050FA87F048
:105D2000717988421EDA0121B9405046C0B208425A
:105D30000CD001225FFA89F915EBC9017918C9B2B3
:105D400018EB0400C0B200F0E5F80BE000225FFAA7
:105D500089F915EBC9017918C9B218EB0400C0B272
:105D600000F0D8F87F1CC1E719F10109AAE718F182
:105D700001089FE79DF80000ACE0307A022840F06F
:105D8000A8807079082190FBF1F0401C8DF800008C
:105D900030799DF8001010FB01F08DF80200316899
:105DA0009DF80820B079121A9DF80200424301EBD9
:105DB0000200019096F804B000208DF80100002147
:105DC0000020002210009DF80030C0B298420CD292
:105DD0003079431E9DF801001B1A13FB02F0019B52
:105DE000C0B2185C0100521CECE70800C0B20028E9
:105DF0000BD1BBF1010B5846C0B2002805D09DF86D
:105E00000100401C8DF80100D9E7002738009DF8FB
:105E10000010C0B2884259D25FF00008404659468F
:105E2000C0B2C9B288424FD201993A00D2B2307999
:105E3000424301EB02004146C9B210F801905FF005
:105E4000000A5046C0B208283BDA4046C0B250FAB9
:105E500084F0802808DA3800C0B2C00050FA85F01B
:105E600050FA8AF0402801DB002033E03800C0B24D
:105E7000C00050FA8AF0717988421FDA012111FAC4
:105E80000AF14846C0B208420CD00122FFB215EB1D
:105E9000C7011AEB0101C9B218EB0400C0B200F04F
:105EA00039F80BE00022FFB215EBC7011AEB010134
:105EB000C9B218EB0400C0B200F02CF81AF1010AC4
:105EC000BFE718F10108A9E77F1C9FE75846C0B259
:105ED00000E00020BDE8FE8FF8B504000F001500BB
:105EE0000B484079D0F13F003900C9B288420EDB3F
:105EF000287800280BD02A783900C9B22000C0B217
:105F0000FFF74DFE0600701C04196D1CF0E7F1BD93
:105F100040280020F8B504000D0016002000C0B293
:105F2000802803DA2800C0B2402800DB57E03000A8
:105F3000C0B2002824D02900C9B20822DFF8CC3131
:105F40002800C0B2082790FBF7F78020474357FA94
:105F500084F72800C0B25FF0080C90FBFCFC8020A6
:105F600000FB0CFC5CFA84F0185C5FF0010C91FB08
:105F7000F2FE02FB1E111CFA01F10143D95524E087
:105F80002900C9B20822DFF884312800C0B20827EE
:105F900090FBF7F78020474357FA84F72800C0B2F8
:105FA0005FF0080C90FBFCFC802000FB0CFC5CFA12
:105FB00084F0185C5FF0010C91FBF2FE02FB1E11F5
:105FC0001CFA01F130EA0101D9552B00DBB22200A5
:105FD000D2B22900C9B22000C0B2FFF769FCF1BDFE
:105FE0002DE9F84F05000E00170098460A9C38006E
:105FF000C0B22900C9B2401A03F0F7FD81464046FD
:10600000C0B23100C9B2401A03F0EFFD814502DA97
:106010005FF0010B01E05FF0000B5846C0B20028B2
:1060200005D0280035000600380047468046380075
:106030002900C0B2C9B2884205D228003D0007003D
:106040003000464680464346DBB23A00D2B23100C9
:10605000C9B22800C0B2FFF72BFC781B8DF80000F6
:106060004046C0B23100C9B2401A03F0BEFD8DF8FF
:1060700001009DF80000022190FBF1F9300041463B
:10608000C0B2C9B2884202D25FF0010A01E05FF0FB
:10609000FF3A38002900C0B2C9B2884224D358461A
:1060A000C0B2002808D02200D2B22900C9B2300004
:1060B000C0B2FFF72FFF07E02200D2B23100C9B211
:1060C0002800C0B2FFF726FF9DF80100B9EB0009D8
:1060D000484640B2002805D51AEB06069DF8000098
:1060E00010EB09096D1CD4E7BDE8F18FF8B5040089
:1060F0004FF480652600064807682A003100380002
:1061000001F06AFCFFF71EFCF1BD0000EC1000205E
:106110006C28002030B403004FF6FF7000248C423E
:1061200013DA1A5D50400822002A0CD0C50706D5A4
:1061300080B2400880F4204090F0010001E080B27D
:106140004008521EF0E7641CE9E780B230BC70479B
:106150002DE9F84305000E0017009846089C5FF0F3
:1061600000092868494689B2465419F1010928688E
:10617000494689B2475419F10109404680B2000AE4
:1061800029684A4692B2885419F10109286849469B
:1061900089B200F8018019F10109200080B2000ADB
:1061A00029684A4692B2885419F10109286849467B
:1061B00089B2445419F10109494689B22868FFF7A8
:1061C000A9FF010028684A4692B2815419F10109D9
:1061D000080080B2000A2A684B469BB2D05419F1DD
:1061E0000109A5F804900120BDE8F2832DE9F84FDC
:1061F00006000F00904699460A9DDDF82CA0002469
:1062000000213068220092B28754641C306822005A
:1062100092B200F80280641C484680B2000A3268DC
:1062200023009BB2D054641C3068220092B200F864
:106230000290641C4046C0B2062802D0102807D045
:106240001CE0280080B2012801D0002040E015E0C9
:10625000280080B2000A326823009BB2D054641C2C
:106260003068220092B28554641C2800C0B24000FD
:10627000326823009BB2D054641CFFE75FF0000B30
:10628000584680B2290089B2B0EB410F0BDA58466C
:1062900080B21AF800003168220092B28854641C5F
:1062A0001BF1010BECE7210089B23068FFF732FFE8
:1062B00001003068220092B28154641C080080B250
:1062C000000A326823009BB2D054641CB4800120C1
:1062D000BDE8F28F2DE9F84F05000E001700984633
:1062E0000A9CDDF82C905FF0000B002029685A46CC
:1062F00092B28E541BF1010B29685A4692B28F5408
:106300001BF1010B2100C9B249002A685B469BB210
:10631000D1541BF1010B5FF0000A504680B22100FE
:1063200089B2B0EB410F0CDA504680B219F8000088
:1063300029685A4692B288541BF1010B1AF1010ADE
:10634000EBE7594689B22868FFF7E4FE01002868A8
:106350005A4692B281541BF1010B080080B2000A28
:106360002A685B469BB2D0541BF1010BA5F804B020
:106370000120BDE8F28F2DE9F84F05000E0017004F
:1063800098460A9CDDF82C905FF0000B5FF0000A45
:106390002868594689B246541BF1010B28685946B2
:1063A00089B247541BF1010B404680B2000A2968AC
:1063B0005A4692B288541BF1010B2868594689B29B
:1063C00000F801801BF1010B3800C0B2062802D092
:1063D00010281DD02CE0200080B2012801D0002020
:1063E0003EE000208246504680B2210089B2B0EBE8
:1063F000410F0CDA504680B219F8000029685A465D
:1064000092B288541BF1010B1AF1010AEBE70FE07D
:10641000200080B2000A29685A4692B288541BF1C3
:10642000010B2868594689B244541BF1010BFFE760
:10643000594689B22868FFF76DFE010028685A4660
:1064400092B281541BF1010B080080B2000A2A6845
:106450005B469BB2D0541BF1010BA5F804B00120A0
:10646000BDE8F28F80B5D448D44901605FF4E131D2
:106470004160002181600021C160002101610C2187
:10648000416100218161002101620021416200F02F
:1064900005FA002801D003F00BFC01BD80B5C84807
:1064A000C84901604FF4165141600021816000210C
:1064B000C160002101610C21416100218161002145
:1064C000C161002101620021416200F0E7F900286A
:1064D00001D003F0EDFB01BD80B5BB48BB490160B5
:1064E0004FF416514160002181600021C1600021FC
:1064F00001610C214161002181610021C161002104
:1065000001620021416200F0C9F9002801D003F0C6
:10651000CFFB01BD38B59EB00400142200216846AF
:1065200003F0C8FB6022002106A803F0C3FB20682B
:10653000A249884252D1202006900020119006A83E
:1065400003F0C2FB002801D003F0B2FBA0480168B1
:1065500051F001010160006810F0010005900598FC
:106560009C48016851F002010160006810F00200CF
:10657000059005984FF440600090022001900120A2
:106580000290032003900820049069469248FBF78C
:1065900071FB924D92482860042068600020A8603A
:1065A0000020E86080202861002068610020A86148
:1065B0000020E86100202862280003F0F9FD00288F
:1065C00001D003F075FB6567AC6200220021462014
:1065D00004F08FF8462004F0A1F8ABE02068794978
:1065E000884251D10120069000200E9006A803F0A9
:1065F0006BFB002801D003F05BFB7A48016851F483
:1066000080410160006810F4804005900598714851
:10661000016851F002010160006810F0020005906D
:106620000598C020009002200190002002900320D5
:1066300003900720049069466748FBF71BFB6A4DEF
:106640006A482860022068600020A8600020E86096
:1066500080202861002068610020A8610020E86196
:1066600000202862280003F0A3FD002801D003F0D9
:106670001FFB6567AC6200220021252004F039F879
:10668000252004F04BF855E020685049884251D14C
:10669000042006900020109006A803F015FB0028A7
:1066A00001D003F005FB5248016851F480210160DC
:1066B000006810F48020059005984648016851F064
:1066C00004010160006810F00400059005984FF483
:1066D000406000900220019000200290032003906F
:1066E0000720049069464348FBF7C4FA424D4348EB
:1066F0002860022068600020A8600020E8608020F8
:106700002861002068610020A8610020E861002065
:106710002862280003F04CFD002801D003F0C8FADD
:106720006567AC6200220021272003F0E2FF2720EA
:1067300003F0F4FF1FB030BD10B5040020681F49FE
:10674000884210D1224801684908490001604FF48D
:1067500040612148FBF76FFB606F03F099FD462015
:1067600003F0E3FF27E02068164988420FD11D4857
:10677000016831F480410160C0211748FBF75BFBE1
:10678000606F03F085FD252003F0CFFF13E0206844
:106790000E4988420FD11648016831F4802101600A
:1067A0004FF440611348FBF746FB606F03F070FD48
:1067B000272003F0BAFF10BDCC200020008000404D
:1067C0005421002000380140DC2100200048004016
:1067D0005C1002404C1002400004004824260020B7
:1067E00080040240601002406C26002058000240E5
:1067F0005810024000080048B42600203000024033
:1068000080B51848FBF73EFC02201749087001BD0F
:1068100080B501221549164800F0E3F80022012155
:10682000272003F066FF272003F078FF01BD7047A3
:1068300038B504000B480D490A78036885885A5515
:106840008288521C8280828840F2FF139A4201D3D0
:10685000002282800122064800F0C3F8012002498C
:10686000087031BDE40B0020C9280020C828002092
:10687000DC21002070B50400FEF798FE050026001C
:1068800016F1010F02D0044800783618FEF78EFE8C
:10689000401BB042FAD370BD370C002010B5040085
:1068A000002C01D1012035E0A0690028FFD1E06F64
:1068B000002805D1002084F878002000FFF72AFE88
:1068C0002420E067206800684008400021680860D4
:1068D000606A002802D0200000F0DEFB200000F0FB
:1068E0005FFA012801D1012014E02068406830F4EB
:1068F0009040216848602068806830F02A00216854
:1069000088602068006850F001002168086020005D
:1069100000F02FFC10BD2DE9FC4706000D0017000C
:106920009846F06F202859D1002D03D0380080B24E
:10693000002801D1012052E00020C6F88400212067
:10694000F067FEF733FE8146A6F85070A6F8527045
:10695000B068B0F5805F05D13069002802D100240D
:10696000AA4602E02C005FF0000AB6F852000028A8
:1069700022D0CDF800804B4600228021300000F06C
:1069800061FC002803D02020F067032027E0002CC2
:1069900008D1BAF80000C005C00D316808851AF1A9
:1069A000020A03E0207831680885641CB6F85200BA
:1069B000401EA6F85200D8E7CDF800804B460022D2
:1069C0004021300000F03EFC002803D02020F0677A
:1069D000032004E02020F067002000E00220BDE852
:1069E000F68770B505000C001600D5F88000202849
:1069F00024D1002C03D0300080B2002801D1012026
:106A00001DE0002028662868DFF8901388420ED029
:106A10002868406800020AD5286850E8000F50F046
:106A2000806001002A6842E800100028F4D132009A
:106A300092B22100280000F054FC00E0022070BD5A
:106A40002DE9F04706003068C7693068D0F800804B
:106A50003068D0F8089040F60F043C40002C0BD171
:106A6000B80609D55FEA886006D5B06E002802D066
:106A70003000B16E88478FE1002C00F0AA805FEAF9
:106A8000C97005D4DFF8080618EA000F00F0A180ED
:106A900017F00100C0B200280BD05FEAC85008D53B
:106AA000012031680862D6F8840050F00100C6F871
:106AB0008400B8070DD519F00100C0B2002808D035
:106AC000022031680862D6F8840050F00400C6F84D
:106AD000840078070DD519F00100C0B2002808D055
:106AE000042031680862D6F8840050F00200C6F82D
:106AF0008400380710D55FEA886004D419F00100DB
:106B0000C0B2002808D0082031680862D6F8840096
:106B100050F00800C6F8840038050CD55FEA48102C
:106B200009D54FF4006031680862D6F8840050F04F
:106B30002000C6F88400D6F88400002848D0B806A3
:106B400008D55FEA886005D5B06E002802D0300015
:106B5000B16E8847D6F8840005003068806840062A
:106B600002D415F0280F2DD0300000F09EFC3068C4
:106B70008068400622D53068083050E8000F30F0B9
:106B800040000100306810F1080242E800100028BF
:106B9000F1D1706F00280DD0DFF8F804716F8863B1
:106BA000706F03F055FC002812D0706F716F896B05
:106BB00088470DE0300003F011FE09E0300003F0DB
:106BC0000DFE05E0300003F009FE0020C6F8840049
:106BD000E2E0306E012840F0BD80F80640F1BA8056
:106BE0005FEAC86040F1B680102031680862306802
:106BF000806840066DD5706F0068D0F804A05046DC
:106C000080B2002852D05046B6F8581080B2884260
:106C10004CD2A6F85AA0706F00680068800639D47C
:106C2000306850E8000F30F480700100326842E8AC
:106C300000100028F4D13068083050E8000F4008F8
:106C400040000100306810F1080242E800100028FE
:106C5000F1D13068083050E8000F30F040000100FA
:106C6000306810F1080242E800100028F1D120201D
:106C7000C6F8800000203066306850E8000F30F021
:106C800010000100326842E800100028F4D1706F53
:106C900003F0B4FB02207066B6F85810B6F85A003C
:106CA000091A89B2300003F07AFD11E05046B6F8B7
:106CB000581080B288420BD1706F0068006880065F
:106CC00006D502207066B6F85810300003F067FD54
:106CD00062E0B6F85800B6F85AA0B0EB0A0AB6F867
:106CE0005A00002835D0504680B2002831D0306894
:106CF00050E8000F30F490700100326842E8001054
:106D00000028F4D13068083050E8000F40084000F7
:106D10000100306810F1080242E800100028F1D1AB
:106D20002020C6F88000002030660020B066306861
:106D300050E8000F30F010000100326842E8001007
:106D40000028F4D102207066514689B2300003F069
:106D500026FD21E0F8020AD55FEA492007D55FF455
:106D6000801031680862300003F0CAFD14E0380674
:106D700009D55FEA086006D5F06E002802D0300021
:106D8000F16E884708E0780606D55FEA486003D5CB
:106D9000300000F054FCFFE7BDE8F08700800040C1
:106DA0002DE9F04704000026DFF8A8192068884282
:106DB000FFD0A2682069024360690243E069024390
:106DC00020680368DFF890090340134320680360DC
:106DD0002068436833F44053E0680343206843600D
:106DE000D4F818802068884202D0206A50EA080847
:106DF0002068806830F4306058EA000022689060B3
:106E00002068DFF8482A904216D1DFF8440A00686B
:106E100010F00300002805D0022805D006D303286F
:106E200006D007E0012760E002275EE004275CE06F
:106E300008275AE0102758E02068DFF8182A904207
:106E400017D1DFF80C0A006810F00C00002806D0FB
:106E5000042808D0082804D00C2806D007E0002712
:106E600043E0022741E004273FE008273DE01027E8
:106E70003BE02068DFF8E029904217D1DFF8D00925
:106E8000006810F03000002806D0102808D0202814
:106E900004D0302806D007E0002726E0022724E0AF
:106EA000042722E0082720E010271EE020688842FF
:106EB0001AD1DFF89C09006810F44060002809D05E
:106EC000B0F5806F0AD0B0F5006F05D0B0F5406F17
:106ED00006D007E0002708E0022706E0042704E0C8
:106EE000082702E0102700E010272068884246D1DA
:106EF0003800C0B2002806D0022808D0042809D0E3
:106F000008280BD00DE004F06BF981460DE0DFF8A6
:106F10004C990AE004F0F7F8814606E04FF4004986
:106F200003E05FF0000901200600B9F1000F00F056
:106F3000A580616803204143894505D361684FF40A
:106F400080504143494502D20120060096E04FF4AB
:106F50008072606840080021E2FB0901626800233A
:106F600000F08EFD0500B5F5407F05D3B5F5801F17
:106F700002D22068C56081E0012006007EE0E06961
:106F8000B0F5004F41D13800C0B2002808D0012828
:106F90000AD002280CD004280DD008280FD011E008
:106FA00004F01EF9814611E004F027F981460DE056
:106FB000DFF8A8980AE004F0A6F8814606E04FF44E
:106FC000004903E05FF0000901200600B9F1000F5D
:106FD00054D06068400810EB49006168B0FBF1F0E4
:106FE0000500102D0ED3B5F5803F0BD24FF6F07192
:106FF0002940C5F3420001438A46504680B22168C9
:10700000C8603BE00120060038E03800C0B200282C
:1070100008D001280AD002280CD004280DD0082856
:107020000FD011E004F0DCF8814611E004F0E5F83F
:1070300081460DE0DFF824980AE004F064F8814608
:1070400006E04FF4004903E05FF00009012006006C
:10705000B9F1000F12D0606819EB50006168B0FB05
:10706000F1F00500102D07D3B5F5803F04D22800BC
:1070700080B22168C86001E0012006000020A066FF
:107080000020E0663000C0B2BDE8F08700000000DC
:10709000200100042576000890F82410090707D580
:1070A00001684A6832F40042416B0A4301684A6051
:1070B00090F82410C90707D501684A6832F40032F5
:1070C000816A0A4301684A6090F82410890707D54D
:1070D00001684A6832F48032C16A0A4301684A6032
:1070E00090F82410490707D501684A6832F48022D5
:1070F000016B0A4301684A6090F82410C90607D55D
:1071000001688A6832F48052816B0A4301688A60A0
:1071100090F82410890607D501688A6832F4005275
:10712000C16B0A4301688A6090F82410490613D5A0
:1071300001684A6832F48012016C0A4301684A60AF
:10714000016CB1F5801F07D101684A6832F4C002B2
:10715000416C0A4301684A6090F82410090607D57B
:1071600001684A6832F40022816C0A4301684A606F
:10717000704738B504000020C4F88400FEF716FA02
:1071800005002068006800071DD57FF07E40009054
:107190002B0000225FF40011200000F053F80028BB
:1071A00011D0206850E8000F30F080000100226804
:1071B00042E800100028F4D12020E067002084F885
:1071C000780003203DE02068006840072CD57FF060
:1071D0007E4000902B0000225FF48001200000F030
:1071E00031F8002820D0206850E8000F30F490706B
:1071F0000100226842E800100028F4D1206808301D
:1072000050E8000F400840000100206810F108021B
:1072100042E800100028F1D12020C4F880000020AE
:1072200084F8780003200CE02020E0672020C4F8D8
:1072300080000020206600206066002084F878002E
:10724000002032BD2DE9F04105000E0090461F00E0
:10725000069C2868C0693040B04201D1012000E09E
:1072600000204146C9B2884238D114F1010FF0D054
:10727000FEF79CF9C01B844201D3002C01D10320EE
:107280002DE0286800684007E3D5802EE1D0402E2D
:10729000DFD02868C06900070DD50820296808627A
:1072A000280000F002F90820C5F88400002085F8C5
:1072B0007800012013E02868C0690005C9D54FF4A3
:1072C000006029680862280000F0EFF82020C5F867
:1072D0008400002085F87800032000E00020BDE84D
:1072E000F08130B403005965A3F85820A3F85A2060
:1072F000002098669868B0F5805F0BD11869002867
:1073000004D140F2FF10A3F85C0023E0FF20A3F8B3
:107310005C001FE0986800280AD11869002803D192
:10732000FF20A3F85C0015E07F20A3F85C0011E0CB
:107330009868B0F1805F0AD11869002803D17F20D6
:10734000A3F85C0006E03F20A3F85C0002E0002008
:10735000A3F85C000020C3F884002220C3F880005A
:107360001868083050E8000F50F001000400186859
:1073700010F1080545E800400028F1D19868B0F503
:10738000805F06D11869002803D10FF2D1309866CA
:1073900002E00FF2D5209866186900280BD0186813
:1073A00050E8000F50F4907004001D6845E800405C
:1073B0000028F4D10AE0186850E8000F50F02000CF
:1073C00004001D6845E800400028F4D1002030BCCE
:1073D000704770B504000D0016006565A4F858608C
:1073E0000020C4F884002220C4F88000606F0028C8
:1073F00021D00FF21510616FC8620FF2B110616FEA
:1074000008630FF2D110616F48630020616F8863D9
:1074100033009BB2626D206810F12401606F02F0AE
:10742000A1FF002807D01020C4F884002020C4F851
:10743000800001202AE0206900280AD0206850E856
:10744000000F50F480700100226842E8001000280C
:10745000F4D12068083050E8000F50F0010001001E
:10746000206810F1080242E800100028F1D12068DD
:10747000083050E8000F50F040000100206810F183
:10748000080242E800100028F1D1002070BD016818
:1074900051E8001F31F0C0010A00036843E80021F1
:1074A0000029F4D12021C1677047016851E8001F0D
:1074B00031F490710A00036843E800210029F4D1F7
:1074C0000168083151E8001F490849000A000168B5
:1074D00011F1080343E800210029F1D1016E0129CF
:1074E0000AD1016851E8001F31F010010A00036859
:1074F00043E800210029F4D12021C0F880100021A8
:10750000016600218166704738B50400A56A2068CD
:10751000006880063AD40020A5F85A00286850E890
:10752000000F30F4807001002A6842E80010002843
:10753000F4D12868083050E8000F400840000100EE
:10754000286810F1080242E800100028F1D12868EC
:10755000083050E8000F30F040000100286810F1BA
:10756000080242E800100028F1D12020C5F8800070
:10757000286E01280AD1286850E8000F30F010006A
:1075800001002A6842E800100028F4D10020686653
:10759000286E012805D1B5F85810280003F0FFF82F
:1075A00002E0280003F0E0F831BD000038B5040027
:1075B000A56A01206866286E012807D1B5F8581021
:1075C000490889B2280003F0EAF802E0280003F035
:1075D00097FE31BDF8B50400A56AEE6FD5F880704E
:1075E00028688068000607D5212E05D10020A5F85F
:1075F00052002800FFF74BFF28688068400607D537
:10760000222F05D10020A5F85A002800FFF74DFFD2
:10761000D5F8840050F01000C5F88400280003F06D
:10762000DDF8F1BD38B50400A56A0020A5F85A00C0
:107630000020A5F85200280003F0D0F831BD10B5A5
:107640000400206850E8000F30F04000010022687C
:1076500042E800100028F4D12020E0670020E06616
:10766000200003F04EFE10BD70B50500B5F85C605B
:10767000D5F88000222866D12868808C040016EA9C
:107680000400696D0870686D401C6865B5F85A00A3
:10769000401EA5F85A00B5F85A00002859D12868AC
:1076A00050E8000F30F4907001002A6842E80010A2
:1076B0000028F4D12868083050E8000F4008400046
:1076C0000100286810F1080242E800100028F1D1FA
:1076D0002020C5F880000020A86600206866286881
:1076E0001C4988420ED02868406800020AD52868E4
:1076F00050E8000F30F0806001002A6842E8001076
:107700000028F4D1286E012819D1002028662868A5
:1077100050E8000F30F0100001002A6842E8001025
:107720000028F4D12868C069C00602D51020296855
:107730000862B5F85810280003F031F809E0280075
:1077400003F012F805E02868008B50F00800296863
:10775000088370BD00800040F369FFEFF8B50500B5
:10776000B5F85C70D5F88000222867D12868808C35
:107770000400686D060017EA04003080686D801C04
:107780006865B5F85A00401EA5F85A00B5F85A00C9
:10779000002859D1286850E8000F30F4907001009B
:1077A0002A6842E800100028F4D12868083050E820
:1077B000000F400840000100286810F1080242E86C
:1077C00000100028F1D12020C5F880000020A86614
:1077D000002068662868224988420ED028684068E0
:1077E00000020AD5286850E8000F30F080600100E0
:1077F0002A6842E800100028F4D1286E012819D127
:1078000000202866286850E8000F30F010000100C2
:107810002A6842E800100028F4D12868C069C00630
:1078200002D5102029680862B5F85810280002F027
:10783000B6FF09E0280002F097FF05E02868008BFA
:1078400050F0080029680883F1BD000000380140AD
:107850008810024000440040004800400024F4002A
:10786000008000402DE9F74F82B000265FF0000A4B
:107870005FF0000B54465D46002000900127DDF8C4
:107880000C80DDF80890049810F0070F2BD10498B5
:10789000C008002182468B4603F08CFD4FF47A70BD
:1078A00003F0A0FD00200600300080B20021594501
:1078B00017D801D3504514D2D8E9000104000D00B7
:1078C00022002B004946002003F01CFD0700380071
:1078D000C0B2012805D019F1080918F10808761C72
:1078E000E2E703F078FD3800C0B205B0BDE8F08FE4
:1078F00070B50400012503F05DFD06004FF47A70B9
:1079000003F070FD3000C0B200280FD1C4F3CC20CA
:10791000B0F5807F05D20121C4F3CC2003F0CEFD69
:1079200004E00121C4F3CC2003F0C8FD4FF47A70C9
:1079300003F058FD05000548016831F002010160BF
:1079400003F049FD2800C0B270BD000014200240C1
:107950002DE9F041C0B004000D00160000274FF4DF
:1079600080710022E8464046FEF7D8F82000FFF775
:10797000BFFFA5208DF8000030008DF801005FF0FA
:1079800000084046310080B289B288420AD240469F
:1079900080B2285C6946424692B21144887018F160
:1079A0000108EEE7B61C300080B20821B6B20836F6
:1079B000361A90FBF1F001FB0066320092B2694684
:1079C0002000FFF74FFF002801D0002000E0012039
:1079D00040B0BDE8F081000062B38B0708D0521EB2
:1079E00011F8013B00F8013B00F024808B07F6D131
:1079F000830740F0208000BF103A07D330B4B1E8CD
:107A00003810103AA0E83810F9D230BC530724BF20
:107A1000B1E80810A0E8081044BF51F8043B40F852
:107A2000043BD20724BF31F8022B20F8022B44BFBD
:107A30000B7803707047121F17D35B0009D151F800
:107A4000043B20F8023B1B0C121F20F8023BF6D22D
:107A50000BE051F8043B00F8013B1B0A20F8023B05
:107A60001B0C121F00F8013BF3D238BF121D521E2F
:107A700024BF11F8013B00F8013BF8D87047000023
:107A8000BBBBE1B1B2F5803F80F07E80022A1ED9F7
:107A90008C46B1FBF2F102FB11C31B0443EA104315
:107AA000B3FBF2FC02FB1C3380B240EA0343B3FB9E
:107AB000F2F002FB103240EA0C4000237047022A29
:107AC00005D98446B0FBF2F002FB10C270474AB100
:107AD00005D100F0010249085FEA3000704700223A
:107AE0000023704703F03ABD0B0002000021002084
:107AF0007047904271EB030CF6D3B3F5803F2FD261
:107B0000F0B5B3FA83F7B1FA81F4A7F10F0E3D1B7C
:107B10005340CEF1200602FA0EF2F3415340B5F184
:107B20000F0746D80F3C2C444140C4F12006A0402A
:107B3000F1414140B1FBF3F603FB1611A2FB0645F0
:107B4000001BA94102D2761E8018594180EA010229
:107B500021FA0EF362FA0EF200215A403046F0BDCF
:107B600030B4B1FBF3FC03FB1C11A2FB0C45001B62
:107B7000A94103D2ACF1010C8018594130BC024636
:107B80000B46604600217047B2F1807F65D3F0B5A7
:107B9000B2FA82F7B1FA81F4C7F10F063D1B22FA5F
:107BA00006F307F1110EF24120355A40B5F10F07E7
:107BB000B8D94140C4F12006A040F1414140B1FB99
:107BC000F3FC03FB1C11A2FB0C45001BA94103D2D3
:107BD000BCF1010C801859410F2F12D30F3FC9037C
:107BE00041EA5041B1FBF3F603FB1611A2FB064537
:107BF000D4EBC030A94102D2761E8018594146EA22
:107C0000CC3C07B34140C7F12006B840F1414140A8
:107C1000B1FBF3F603FB1611A2FB0645001BA941BD
:107C200002D2761E8018594180EA010221FA0EF331
:107C3000C7F1200462FA0EF20CFA07F05A402CFA4F
:107C400004F13043F0BD80EA010221FA0EF3002175
:107C500062FA0EF260465A40F0BD8C46B1FBF2F17A
:107C600002FB11C31B0243EA1063B3FBF2FC02FBED
:107C70001C331B024CEA002043EA1063B3FBF2FC06
:107C800002FB1C331B024CEA002043EA1063B3FBE7
:107C9000F2FC02FB1C331B024CEA002043EA106397
:107CA000B3FBF2FC02FB1C324CEA002000237047BD
:107CB000B0B581EA030C0CF0004C40F2FF7515EAF8
:107CC00011541DBF15EA1357AC42AF4239E0E41915
:107CD00023EA455343F48013C90241F0004141EACD
:107CE000505EC7021100A7FB020200284FF00000FF
:107CF000EEFB01204FF00001E3FB072118BF42F02B
:107D00000102401800214941E3FB0E01A4F5806403
:107D10000F0302D252004041494154F101046CDD8D
:107D2000470872F1004250F1000051EB0451A1F5F7
:107D300080115CBF41EA0C01B0BD4CEA0551002046
:107D4000B0BD05EA1357AC4214BFAF4241E050EA60
:107D5000410E1CBF52EA430E02E061460020B0BD56
:107D600024423C441BD15FEA070EF6D0090302BF50
:107D700001460020AEF1140EB1FA81F7AEEB070414
:107D800001FA07FE0C37C7F1200100FA07F7C840D7
:107D90004EEA000E23EA455343F48013A2E733F082
:107DA0000043B3FA83F704BFB2FA82FE77440B3F75
:107DB000E41BB7F1200E2FBF02FA0EF3BB40C7F150
:107DC000200E22FA0EFE38BF43EA0E03BA40641CAE
:107DD00082E750EA410E14BF52EA430E6FF00001F1
:107DE0004FF4001717EB430F8ABF194617EB410FEB
:107DF000B5E74CEA05510020B0BDD4F10104B4F15F
:107E000020070FDAC4F12007520828BF42F0010210
:107E100010FA07F501FA07F7E1BF2A43E0403843BB
:107E2000E1400FE0352C98DCC7F1200452EA400213
:107E300020FA07F218BF42F0010231FA07F0A14020
:107E40000A43002172F1004250F1000051EB0C0195
:107E5000B0BD000070B44FF0004591EA030F43F14C
:107E600087836B40841A71EB030604D26E40001BBB
:107E7000B141121973414FF4001C1CEB410F34BF88
:107E80007CEB430683E00C0DA4EB1356362E00F377
:107E90007C80012E45EAC32341DC43EA525312BFE2
:107EA000D20292025B08240545EAC12141EA505101
:107EB000D2EBC020994125D407D1B0FA80F610FA50
:107EC00006F162D00020203608E0B1FA81F6B14018
:107ED000C6F1200220FA02F21143B0404FEAF474D6
:107EE000B4EB465434F001064FEA74040AD8D6F5D0
:107EF0000016760D04F00044F04061FA06F250409E
:107F0000F1404840C00A40EA415021F0004128BFFA
:107F10005FEA500550F1000044EBD12135E0DB0A67
:107F200045EAC121C90AB6F120050EDD42EA024246
:107F3000120CC5F1200603FA06F6EB4042EA0605EC
:107F40006D42984161F100010DE062FA06F5F240E0
:107F5000554063FA06FC82EA0C02F3405A406D4237
:107F6000904161EB030111F4801F05D1641E62058D
:107F700002D06D004041494121F48011430875F160
:107F8000004350F1000041EB045170BC70471CEB02
:107F9000410F15D223F0004352EA43060BD04FEABB
:107FA0004C0CBCEB410F04D80C0D661E342EB7DD13
:107FB000EBE7801A994150EA410608BF0021E4E747
:107FC00008BF1CEB430F28BF6FF00001DDE7000086
:107FD000C1F30A5340F2FE329B1A14DDD3F12003A1
:107FE0004FEAE17208DDC90241EA505141F0004018
:107FF000D84080185040704703F2E13010B1D243AE
:1080000082F0004070470020704700002DE9F04DDD
:108010002DED0A8B41EC190B43EC182B51EC180B8E
:1080200020F0000431F0004508BF002C84B000F0BF
:10803000088353EC192B0020DFF88C1603F002FBA9
:1080400000F0FF82DFF8141603F0FCFA08D151ECBF
:10805000180B48004015401C02D1090300F0F182C2
:1080600051EC190B48004015401C00F00E8251ECF9
:10807000190B31F0004108BF002800F0068251ECD6
:10808000180B48004015401C00F0FF8151EC180B04
:108090004B0043EAD0734200002B08BF002A04D1F2
:1080A000B0EE48AAF0EE68AA19E040F23344A4EB1F
:1080B0005352352A04DB00F0000001F000410CE0CF
:1080C000202A03DD203AD140914000E001D1002078
:1080D00003E0002AC4BFD040904041EC1A0B51ECA1
:1080E000190BC80F0BD053EC182B51EC1A0B03F0E3
:1080F000A9FA04D0AFF300809FED3F9BA3E253ECBD
:10810000192B23F00041B1F5801F22F000000DD2A1
:108110000022002908BF0028009216D06A4651ECC0
:10812000190B03F09FFA41EC190B0EE0DFF8AC4598
:10813000DFF82C7504EB115000903B40DFF824056C
:10814000924643EA000B4BEC19AB51EC190BC80FEC
:1081500036D021F0004053EC192B034643EC192B89
:1081600051EC1A0B4B0043EAD0734200002B08BFBE
:10817000002A04D1B0EE4A0AF0EE6A0A19E040F291
:108180003444A4EB5352352A04DB00F0000001F024
:1081900000410CE0202A03DD203AD140914000E06C
:1081A00001D1002003E0002AC4BFD040904041EC40
:1081B000100B53EC1A2B51EC100B03F043FA01D1C6
:1081C000002600E00126009801281DD151EC190B72
:1081D000DFF89424DFF8943403F07CFA14D253ECE3
:1081E000192B00204FF08041FFF762FD00279FED23
:1081F00004BB41EC190B27E0FFFFFFFFFFFFFF7FF0
:10820000000000000000F03F53EC192B0020DFF8C5
:108210006014FFF74DFD9FED78AB53EC1A2BFFF781
:1082200019FEFFF7D5FEA0F120042046FCF79AFFC7
:108230000022DFF84034FFF73BFD53EC1A2BFFF729
:1082400009FE41EC1B0B670151EC190B53EC1B2B86
:1082500003F086F941EC1A0B53EC192B51EC1B0B74
:10826000FFF7F8FD02460B4651EC1A0BFCF79CFF9A
:1082700041EC190B53EC192BFFF71AFD41EC1C0BC9
:1082800053EC1C2BDFF8F003DFF8F013FFF710FDC1
:10829000DFF8EC23DFF8EC33FFF7DCFD53EC1C2BAD
:1082A000FFF706FDDFF8E023DFF8E033FFF7D2FD4C
:1082B00053EC1C2BFFF7FCFCDFF8D423DFF8D4339E
:1082C000FFF7C8FD53EC1C2BFFF7F2FCDFF8C823C7
:1082D000DFF8C833FFF7BEFD53EC1C2BFFF7E8FCBB
:1082E000DFF8BC23DFF8BC33FFF7B4FD53EC1C2BE5
:1082F000FFF7DEFCDFF8B023DFF8B033FFF7AAFDAD
:1083000053EC1C2BFFF7D4FC53EC1A2B03F028F989
:1083100004460D460020DFF8B01353EC1B2B03F08E
:108320001FF900224FF08043FFF7C2FC22462B4684
:10833000FFF790FD53EC192BFFF7BAFC41EC100B43
:10834000DFF86C03784400F55A70074453EC1A2B9D
:1083500051EC100BFFF77EFD41EC190B0098FCF778
:1083600001FFD7E90023FFF775FD41EC1A0B53EC31
:10837000192BDFF84003DFF84013FFF799FC53ECAB
:108380001A2BFFF767FD53EC182BFFF791FC002227
:10839000DFF8283303F09EF941EC1B0B69D301226F
:1083A000C74B03F0AFF961D9C80F53EC1B2B1ABFB1
:1083B0000020C449AB49FFF74DFDFFF709FE00223D
:1083C000C14BCDE901238046CDF8008053EC192B39
:1083D00051EC180BFFF76CFC04460D46D7E902017F
:1083E000D7E90423FFF736FD53EC182BFFF760FCA9
:1083F0009FEDB6BB04E000BF000000000000E03FBE
:1084000053EC1B2BFFF754FC22462B46FFF722FDB3
:1084100007468B4653EC1A2B51EC180BFFF748FC20
:1084200004460D464046FCF79DFE02460B4620469C
:10843000294603F095F853EC1B2BFFF739FC3A461D
:108440005B46FFF707FDDDE9012303F073F941EC1B
:10845000190B31F0004108BF00280AD051EC190B6C
:1084600048004015401C06D1090304D19FEDA09B94
:1084700001E09FED9B9B002E00F0E58051EC190B75
:1084800081F0004141EC190BDDE051EC190B480083
:108490004015401C02D1090340F0D58051EC180B67
:1084A00048004015401C06D1090304D0B0EE489A9C
:1084B000F0EE689AC7E051EC180B48000124401513
:1084C000401C61D051EC180B4B0043EAD0734200C2
:1084D000002B08BF002A04D1B0EE48AAF0EE68AA2B
:1084E00019E040F23345A5EB5352352A04DB00F086
:1084F000000001F000410CE0202A03DD203AD140C9
:10850000914000E001D1002003E0002AC4BFD04028
:10851000904041EC1A0B53EC182B51EC1A0B03F062
:1085200091F818BF00244B0043EAD0734200002B9F
:1085300008BF002A04D1B0EE4A0AF0EE6A0A19E038
:1085400040F23445A5EB5352352A04DB00F000001D
:1085500001F000410CE0202A03DD203AD140914097
:1085600000E001D1002003E0002AC4BFD0409040C9
:1085700041EC100B44B153EC1A2B51EC100B03F0EF
:1085800061F80CBF0024012451EC190B4800401580
:10859000401C0AD1090308D151EC190BC80F21D195
:1085A00053EC182BDA0F49D040E051EC180B48007F
:1085B0004015401C1ED109031CD153EC192B23F08C
:1085C0000041B1F5801F22F0000021D200220029D5
:1085D00008BF002800921FD06A4651EC190B03F027
:1085E00041F819E051EC180BC80F01D1002C21E023
:1085F000E4B10AE0002C1ABF51EC190BC80F00209F
:1086000053EC182BDA0F14D180B19FED329B1AE096
:10861000324C04EB1150009051EC180BC80F00982D
:1086200002D100280ADC01E0002807DD9FED2C9B29
:1086300009E0002818BF9FED2C9B04D19FED2C9BD7
:1086400001E09FED049B04B051EC190BBDEC0A8BCB
:10865000BDE8F08D000000000000F03F0000F0BF1A
:10866000FFFF0F800000E03FCD3B7F669EA0E63F0E
:10867000000050400000903FF7DE29BFD8F8C23F0D
:10868000F4B3FECC1A99C33F62CB68D96F46C73F9B
:10869000C6C912DAC471CC3F4AE98A942449D23F50
:1086A000F75F97999999D93FBC5555555555E53F71
:1086B000185B0000FE822B654715F73F0000E0C005
:1086C0000000E0400000E0BF0000F03FEF39FAFE9C
:1086D000422EE63F000000000000008002FCFFFF89
:1086E0000000000000000000000000000000F0FF9B
:1086F000000000000000F07F2DE9F14FB0B092467D
:1087000004910DF142013A9A2B9199464A7000204A
:108710000AE01AF8011B0498309A90470028049048
:1087200000F0B6860D98401C0D909AF8000050B1EC
:108730002528EED1002100220791089209910A9282
:108740000B910C9204E00D9800F0A4BE41F00101E1
:108750001AF8010F2028F9D023280CD02B2804D098
:108760002D2805D0302809D00BE041F00201EFE7B9
:1087700041F00401ECE741F00801E9E741F01001A4
:10878000E6E72A280FD1D9F8002052F8040BC9F8DF
:10879000002000280F9003D540420F9041F00401C3
:1087A0000AF1010A14E00F92DFF828380AE00F9866
:1087B000984205DA00EB800402EB4402303A0F9253
:1087C0000AF1010A9AF80020A2F130000A28EED33B
:1087D0009AF800002E2803D04FF0FF320E9229E0C5
:1087E0001AF8010F2A2809D1D9F8000050F8042BF3
:1087F000C9F800000E920AF1010A1BE02D280CBFF7
:108800000AF1010A002000220E92DFF8C8470BE0AF
:1088100040B90E9AA24205DA02EB820503EB45034A
:10882000303B0E930AF1010A9AF80030A3F13002AE
:108830000A2AEDD3ADF84010DFF89C07784400F524
:10884000F3609AF8001003F069F908B11AF8010B07
:108850008DF842009DF84200682805D19AF8000082
:1088600068280CD1622106E06C2804BF9AF8000049
:108870006C2804D171218DF842100AF1010A12A866
:1088800006901AF801BBBBF125012CD01C3900F071
:10889000D081091F022940F2CC81133900F02385D1
:1088A000093900F0C681891E00F0B885491E00F024
:1088B0006585491E022940F2BC81091F00F05E85D2
:1088C000491F00F02881491E00F00D85491E00F067
:1088D000D080C91E0DD0891E00F00585C91E00F08C
:1088E000028500F0A6BD25238DF84830012100F057
:1088F000ABBDD9F8000050F8044BC9F80000002CBB
:10890000059440F0A3802B994878002800F09980C6
:108910004FF0FF340FF6843003F00CF9201A40F0CA
:10892000B78500F092BD6D1E40F0A9853096079D79
:1089300012AF75B1309E17F8012B02A9304600F036
:1089400073FE002801D46D1EF5D10028309640F04A
:108950009F850A9D3020002D8DF804000CDD309E8F
:10896000012301AA02A9304600F06EFE002840F063
:108970008F856D1EF4D13096059F089D75B1309E90
:1089800017F8012B02A9304600F04EFE002801D452
:108990006D1EF5D10028309640F07A850B9D302071
:1089A000002D8DF804000CDD309E012301AA02A9E0
:1089B000304600F049FE002840F06A856D1EF4D173
:1089C000309605980899099D471875B1309E17F89B
:1089D000012B02A9304600F027FE002801D46D1EAD
:1089E000F5D10028309640F053850C9D3020002DA5
:1089F0008DF804000CDD309E012301AA02A9304647
:108A000000F022FE002840F043856D1EF4D1309620
:108A10009DF8400041077FF588AE2020002C8DF89E
:108A200004007FF782AE309D012301AA02A92846E7
:108A300000F00AFE002840F02B85641EF4D130952A
:108A400073E60FF66440059000F0FFBC0E9D002D0C
:108A500004D52046FCF74EFB044607E02A46204694
:108A600003F088F8002814BF041B2C46089400F07B
:108A7000ECBCD9F8001051F8040BC9F8001020F034
:108A80000004002121F0FF3512ABCDE9024505932A
:108A9000DDE9022306993C2413B90AB90E9898B16E
:108AA00002F00F053035641EEEB23A2EA8BF27350E
:108AB000120942EA03721B090D5508BF002A03D0B0
:108AC00005980D19A842EBD308190590C4F13C0292
:108AD0000E98089282420ADABDF84010821A4FF6C8
:108AE000EF7001400A92ADF8401000F0AEBC0028D3
:108AF00040F1AB849DF8400000F01400102840F0D5
:108B0000A4840F9B07990A985B1A1B1A9A1A002AC9
:108B100040F39B84E5E32B99487820B14FF0FF3474
:108B20000FF65430F8E69DF84200622861D06828BC
:108B300017D06A283FD06C2806D0712847D07428F7
:108B40002CD07A281DD064E0D9F8001051F8040B1D
:108B5000C9F80010002868D14FF0FF340FF630300C
:108B6000DAE6D9F8001051F8040BC9F8001020B962
:108B70004FF0FF340FF61830CEE60D99018000F06B
:108B800064BCD9F8001051F8040BC9F80010002893
:108B90004BD14FF0FF340FF6F820BDE6D9F80010A6
:108BA00051F8040BC9F8001000283ED14FF0FF34F3
:108BB0000FF6DC20B0E6D9F8001051F8040BC9F824
:108BC000001080B94FF0FF340FF6C420A4E6D9F8A6
:108BD000001051F8040BC9F8001020B94FF0FF3411
:108BE0000FF6AC2098E60D9AD317C0E9002300F0E9
:108BF0002CBCD9F8001051F8040BC9F8001020B9AA
:108C00004FF0FF340FF6882086E60D99017000F0D2
:108C10001CBCD9F8001051F8040BC9F8001020B999
:108C20004FF0FF340FF6682076E60D99016000F0F2
:108C30000CBCD9F80020D21D22F00702C9F8002090
:108C4000D2E900010832C9F80020CDE90201C80FBD
:108C500002D007982D210AE0BDF84000810702D517
:108C600007982B2103E0C00705D50798202112AAF9
:108C70001154401C0790DDE90223079912A8CDE9A1
:108C80002C2308444BF020016129059021AC0BD026
:108C90000E99002902D506210E9105E001BF4BF087
:108CA0002001672901220E92DDE9022359004915AE
:108CB000491C0DD11A030BD0ABF1610503211A2D0C
:108CC000089102D20FF6E41110E00FF6E4110DE066
:108CD00059004915491C0DD11A030BD1ABF161059F
:108CE00003211A2D089119D30FF6CC110322FEF798
:108CF00073FEAAE3DDE90201CDE92E01DDE92E23B1
:108D000023F00047B7F5801F22F000060DD20022A5
:108D1000002F08BF002E009203D116E00FF6941129
:108D2000E4E76A4602F09EFC0FE0DFF8DC08DFF8BB
:108D3000DC1800EB17500090DDE92E234FF0FF30D8
:108D40001940DFF8CC7810403943CDE902014BF0EF
:108D5000200061280DD1059830210170821CBBF1E3
:108D6000610F05920CBF7821582141700798801C33
:108D70000790DDE9020120F0000231F0004308BF56
:108D8000002A02D10026002568E14BF02008B8F146
:108D9000610F40F0B4800E98002847BF2121019157
:108DA000401C0190019FDDE92C017F1C0022002363
:108DB000DDE9024502F08EFC00998DF8842038BF71
:108DC00085F00045091F002F00910DF1850653DD48
:108DD000204629460022002302F094FC4CD2480091
:108DE000400D00F11C0212D0002A10DD40F2FF738A
:108DF0009A4206DBDFF81C1805F000400143002012
:108E000011E06FF31E5141EA025120460BE024F0BD
:108E1000000035F0004108BF00280FBF29461C2282
:108E2000294602F0D3FE04460D46FFF7D1F8FF1F96
:108E3000002F804609DDFCF795F902460B462046D7
:108E4000294602F08DFB04460D46F01D0721B8F1BE
:108E5000000F0CDD491E5EBF08F00F0200F8012D67
:108E60004FEA2818F3D502E0002200F8012D491E30
:108E7000FAD5C61D002FABDC0DF18500361A01981E
:108E80008642D8BF304600280DF1850430D4B04268
:108E900006DA0DF185010A5C082AA8BF0F2100DA65
:108EA0000021024621AB134400E0401E13F8015993
:108EB000521E8D42F9D00F2904D10DF185018B5C32
:108EC0005B1C8B54002A04D50099091D21AC401C61
:108ED0000091411E0CD46218ABF13A06137830337E
:108EE000DDB23A2DA8BFF318491E02F80139F5D5B5
:108EF0000E99002940F1B080421E0E92ACE000991C
:108F0000DFF8142747F29750414391FBF2F2DDE975
:108F10002C45009225F00045D2F1070204DD2046E1
:108F2000294600F04EFB0BE052420020DFF8EC1621
:108F300000F047FB02460B4620462946FCF734F971
:108F40000446B8F1660F0E9806BF009F0A37062741
:108F50003F18142FC8BF142730200D468DF8840009
:108F60000DF18506002F39DD2046294602F0CCFEA2
:108F700001460A4606F1080304200A26B2FBF6F66B
:108F800006EB860EA2EB4E02303203F8012C0A22C9
:108F9000B6FBF2F202EB820EA6EB4E063036401E16
:108FA00003F8026DE9D1083F002F03F10806D9DD6F
:108FB0000846FCF751FA02460B462046294602F0C5
:108FC000CFFA0022DFF85836FEF772FE04460D464F
:108FD000CAE700BFCBCCCC0C286800000DF185009F
:108FE000361A0DF1850404E00098401E761E0090AC
:108FF000641C20783028F7D0B8F1660F02D10099B0
:10900000491C04E0B8F1650F0CBF012100210E9846
:1090100008188642B8BF701E00281DD4B04204DA7A
:10902000215C3429C8BF392100DC30210246631E8F
:109030009D1800E0401E15F80169521E8E42F9D0BD
:10904000392902D1A15C491CA154002A04D50099F8
:10905000491C1C46401C00910646009D02F068FE1B
:10906000406A0778DDF8388030B2002802DC01263B
:109070000FF248644BF02000662808BF6D1C16D024
:10908000672846D128B210F1040F48DB404546DA84
:109090009DF840006D1C010703D430B24045B8BFB5
:1090A000804628B2B8EB000848BF4FF000080FFA1E
:1090B00085FBBBF1000F00F3B5800898411C0891B7
:1090C000302205990A54B8F1000F03DC9DF84000E6
:1090D000010704D50898411C089105990F5418EB15
:1090E0000B0FB8BFC8F100052DB268420B90A84421
:1090F00032B29045B8BF4646059B089836B20996ED
:10910000324621461844FEF767FCA8EB06000C9097
:10911000D2E0BBF1610F17D14FF0700B19E030B204
:10912000404504DA9DF840100A0758BF8046B8F160
:10913000010848BF4FF00008BBF1670F14BF4FF0A4
:10914000450B4FF0650B04E0BBF1410F08BF4FF03A
:10915000500B0898411C0891B8F1000F059914F8BC
:10916000012B0A5403DC9DF8400001071AD508982A
:10917000411C0891B8F1000F05990F5412DD761EBD
:1091800030B280450598089BB8BF464632B22146AA
:109190001844FEF721FC089936B271180891A8EB23
:1091A00006000B9005980899084429B2002980F818
:1091B00000B003D42B224270821C04E02D224270A6
:1091C0000D46821C6D4200212CAB28460AE0044665
:1091D0000A2094FBF0F000EB8005A4EB450403F8B3
:1091E000014B491C00B20028F1DC012906DC4BF0E0
:1091F0002000652804BF302002F8010B00292CABA9
:1092000008D1302002F8010B06E0491E585C3030CE
:1092100002F8010B0029F8DC059908980844121A95
:10922000099249E030B229B288421CDA0598089BBD
:1092300032B221461844FEF7CFFB089936B27118B6
:10924000ABEB0606B8F1000F08910B9603DC9DF816
:109250004000020704D5059847540999491C099113
:10926000CDF8308028E00598089B2AB221461844A2
:10927000FEF7B2FB0898761B5844B8F1000F08902F
:1092800003DC9DF840100A0703D5411C089105999D
:109290000F5430B280450598089BB8BF464632B29D
:1092A00004EB0B011844FEF797FB089836B2301810
:1092B0000890A8EB06000B909DF8400000F0140009
:1092C000102840F0C280079A08990B988A180999CB
:1092D00082180C988A1882180F98824280F2B58002
:1092E000821A0A92B1E09DF84200622808D06828EC
:1092F0000ED06A2814D06C281FD0712810D01CE022
:10930000D9F8001051F8040BC9F80010C0B21AE0E7
:10931000D9F8001051F8040BC9F8001080B212E01F
:10932000D9F80020D21D22F00702C9F80020D2E9A6
:1093300000010832C9F8002006E0D9F8001051F801
:10934000040BC9F800100021CDE902019DF840008E
:1093500001075AD5DDE90223002B08BF002A54D0AB
:109360004BF02000782850D1079812A930220A54D7
:10937000401C431C079301F800B046E09DF84200F2
:10938000622808D068280ED06A2814D06C281FD014
:10939000712810D01CE0D9F8001051F8040BC9F85E
:1093A000001040B21AE0D9F8001051F8040BC9F8C7
:1093B000001000B212E0D9F80020D21D22F00702FE
:1093C000C9F80020D2E900010832C9F8002006E0FF
:1093D000D9F8001051F8040BC9F80010C117CDE9F5
:1093E0000201002902D507982D210AE0BDF84000AE
:1093F000810702D507982B2103E0C00705D5079800
:10940000202112AA1154401C079012A80799014468
:10941000059102A8594600F04FF816E00120079088
:10942000D9F8000050F8041BC9F800008DF8481066
:109430000BE025210122BBF1000F8DF848100792A7
:1094400003D08DF849B0022107910F9A07980A9925
:109450000C9C121A0898521A0B99121A0998521A4F
:10946000121A9DF84000141B41073FF560AA202006
:10947000002C8DF804007FF75AAA309E2546012360
:1094800001AA02A9304600F0DFF800283FF44BAAF9
:109490004FF0FF3031B0BDE8F08F00007072696EA0
:1094A00074665F733A20626164202573206172677D
:1094B000756D656E740000002DE9FC4307466F2949
:1094C0003E6908BF082405D041F02000782814BF69
:1094D0000A2410243C25D7E90023642918BF6929F0
:1094E0009046994605D1002B03D5D8F1000869EBC9
:1094F0004909B9F1000F08BFB8F1000F0CD1386B62
:1095000050B9082C39D197F83800010735D53020EB
:109510003B2586F83B0030E08DF800104046494678
:109520002246E317FEF7ACFA3032D0B26D1E3A286D
:10953000019504DB9DF80000A0F151018A187255D5
:10954000404649462246E317FEF79AFA80465FEA0C
:10955000010908BFB8F1000F03D0F86871198842FB
:10956000DCD3082C09D197F83800010705D5705DC8
:10957000302802D06D1E30207055C5F13C02BA6112
:109580007119F960386B824208DA821A3A624FF632
:10959000EF70398F01403987BDE8F38300280ED57D
:1095A00097F8380000F01400102808D17B6B796917
:1095B000386A5B1A1B1A9A1A002AC8BF3A62BDE8B9
:1095C000F3832DE9D04306460F4614464FF00008BA
:1095D000DFF8509012E0E00707D542464B46304690
:1095E0003946FEF765FB06460F4640464946424669
:1095F0004B46FEF75DFB641080468946002CEAD19D
:1096000030463946BDE8D08302FCFFFFFFFF0F80E4
:109610000000E03F0000F07FA08601000000F03F66
:1096200084D797410000244010B503460C461146EC
:10963000A0689847A06020B1E06A401CE06200206A
:1096400010BD4FF0FF3010BDF8B505460E46174669
:109650001C4600205CB117F8011BB068A847B06039
:1096600030B1F06A401CF0620020641EF3D1F2BDFC
:109670004FF0FF30F2BD00007072696E74665F7368
:109680003A20256E20646973616C6C6F77656400A5
:109690007072696E74663A2062616420256E206182
:1096A0007267756D656E7400000000006E616E007B
:1096B0004E414E00696E6600494E46003000000083
:1096C00010B50400002C01D1012074E0606A00286C
:1096D00006D16068B0F5827F06D00020E06103E02B
:1096E00000202061002060610020A06294F85D00ED
:1096F000002805D1002084F85C00200002F044FB23
:10970000022084F85D002068006830F04000216885
:109710000860E06840F20171884201D3002101E055
:109720004FF48051E068B0F5706F05D0E068B0F597
:10973000E06F01D00020A062606810F48270A2681F
:1097400012F404421043227C12F002021043227DE4
:1097500012F001021043A26912F400721043227F3A
:1097600012F03802104394F8202012F080021043C7
:10977000A26A12F40052104322681060A269120C0F
:1097800012F0040294F8240010F01000024394F840
:10979000340010F008000243E06810F470600243E7
:1097A00011F48050024320684260002020660120AE
:1097B00084F85D00002010BD2DE9F84306000D007F
:1097C00017001C00FBF7F2FE8046B94696F85D00D4
:1097D000012801D00220ECE0002D03D0380080B237
:1097E000002801D10120E4E096F85C00012801D1B5
:1097F0000220DEE0012086F85C00032086F85D0090
:1098000000203066B563B787F787002030640020FA
:10981000A6F844000020A6F846000020306500208D
:10982000F064B068B0F5004F0BD13068006830F0DC
:109830004000316808603068006850F4804031684A
:10984000086030680068400605D43068006850F051
:10985000400031680860F06840F20171884235D3F9
:109860007068002803D0484680B2012809D1B06B47
:1098700000883168C860B06B801CB063F08F401EF8
:10988000F087F08F002873D03068806880070AD591
:10989000B06B00883168C860B06B801CB063F08F1B
:1098A000401EF087EDE7FBF781FEB0EB0800A04219
:1098B00002D314F1010F01D1002CE2D1012086F86E
:1098C0005D00002086F85C00032072E070680028CC
:1098D00003D0484680B2012817D1F08F02280AD35E
:1098E000B06B00883168C860B06B801CB063F08FCB
:1098F000801EF08709E0B06B007831680873B06BA8
:10990000401CB063F08F401EF087F08F00282FD0EE
:1099100030688068800718D5F08F02280AD3B06BB2
:1099200000883168C860B06B801CB063F08F801E07
:10993000F087EAE7B06B007831680873B06B401CC1
:10994000B063F08F401EF087DFE7FBF72FFEB0EB30
:109950000800A04202D314F1010F01D1002CD4D190
:10996000012086F85D00002086F85C00032020E0DE
:1099700042462100300000F003F9002801D02020E9
:109980003066B068002808D1002000903068C068B8
:1099900000903068806800900098012086F85D0093
:1099A000002086F85C00306E002801D0012000E025
:1099B0000020BDE8F2832DE9FC4705000E001700EA
:1099C0009846DDF82890FBF7F1FD0400B8EB04049D
:1099D00019EB0404FBF7EAFD824668480068400181
:1099E000000D00FB04F00090286880683040B04211
:1099F00001D1012000E000203900C9B2884243D0E3
:109A000018F1010FF0D0FBF7D1FDB0EB0A00A04236
:109A100001D2002C2FD12868406830F0E00029687E
:109A200048606868B0F5827F0DD1A868B0F5004F36
:109A300003D0A868B0F5806F05D12868006830F0C1
:109A4000400029680860A86AB0F5005F0BD128685B
:109A5000006830F40050296808602868006850F4F5
:109A6000005029680860012085F85D00002085F815
:109A70005C00032009E00098002801D100200400C8
:109A80000098401E0090AFE70020BDE8F6872DE962
:109A9000FE4F06000F0014009846DDF830900020BD
:109AA0008DF80000FBF782FD0500B8EB050519EB0A
:109AB0000505FBF77BFD8246306810F10C0B2F4843
:109AC000016823204143090D01FB05F10191306834
:109AD00080683840A0424ED0B7F5C06F07D1002C47
:109AE00005D19BF800008DF800009DF8000018F1EA
:109AF000010FECD0FBF75AFDB0EB0A00A84201D2EF
:109B0000002D2FD13068406830F0E00031684860A7
:109B10007068B0F5827F0DD1B068B0F5004F03D00A
:109B2000B068B0F5806F05D13068006830F0400053
:109B300031680860B06AB0F5005F0BD1306800682A
:109B400030F40050316808603068006850F400500C
:109B500031680860012086F85D00002086F85C000E
:109B6000032009E00198002801D100200500019898
:109B7000401E0190ABE70020BDE8FE8F0C050020E1
:109B80007CB504000D00160000962B0000224FF457
:109B9000C0512000FFF77BFF002805D0206E50F059
:109BA0002000206603201FE000962B000022802169
:109BB0002000FFF700FF002805D0206E50F02000A5
:109BC0002066032010E000962B0000224FF4C061B5
:109BD0002000FFF75CFF002805D0206E50F0200029
:109BE0002066032000E0002076BD002848BF4042E8
:109BF000704780B502F004F900F011F802F012F994
:109C000002F0F8F9FCF72EFC02F024FA02F094F8C6
:109C1000FCF744FCFCF760FC02F046FBFEE710B5E5
:109C200096B04421002205AC2000FBF777FF1421F9
:109C300000226C462000FBF771FF4FF4007002F029
:109C40000FFD002801D000F033F818200590012006
:109C50000A9001200B9000200C9060200D900220B3
:109C60000F900120109001201190282012900720C1
:109C70001390022014900220159005A800F042FED7
:109C8000002801D000F014F80F200090032001906C
:109C900000200290002003900020049004216846D8
:109CA00001F074F9002801D000F002F816B010BDE0
:109CB00072B6FEE710B5044610460A460146204635
:109CC000FBF72CFF204610BD2DE9F84F05005FF093
:109CD000000800272868000527D5686C00280DD0EB
:109CE000B0F5000F03D0B0F5400F0DD00DE0DFF858
:109CF0002403016851F48031016008E00021281D2F
:109D000000F092F9804602E001E0012080464046E2
:109D1000C0B2002808D1DFF80C130A6832F4400200
:109D2000686C02430A6000E04746286880037AD5E1
:109D30005FF00009DFF8E0A2DAF80000C0000DD4FF
:109D4000DAF8000050F08050CAF80000DAF800009D
:109D500010F080500090009801208146DFF8BCB2DE
:109D6000DBF8000050F48070CBF80000FBF71EFC1D
:109D70000600DBF80000C00506D4FBF717FC801BCB
:109D80000328F6D3032080464046C0B200283FD1C6
:109D9000DFF88CB2DBF8000010F440700400002CF7
:109DA00015D0E86D844212D0DBF8000030F440702A
:109DB0000400DBF8000050F48030CBF80000DBF842
:109DC000000030F48030CBF80000CBF80040E00712
:109DD0000FD5FBF7EBFB0600DBF80000800708D48B
:109DE000FBF7E4FB801B41F289318842F4D3032066
:109DF00080464046C0B2002808D1DBF8001031F49C
:109E00004071E86D0143CBF8001002E0474600E0E6
:109E100047464846C0B2012805D1DAF8000030F0C4
:109E20008050CAF800002878C00707D5DFF8F41181
:109E30000A6892089200286A02430A60287880071C
:109E400007D5DFF8E0110A6832F00C02686A0243B5
:109E50000A602878400707D5DFF8C8110A6832F091
:109E60003002A86A02430A602878800607D5DFF826
:109E7000B4110A6832F44062E86A02430A60286852
:109E8000800507D5DFF89C110A6832F44022E86BA0
:109E900002430A602868400507D5DFF888110A6880
:109EA00032F44012286C02430A602878400607D535
:109EB000DFF870110A6832F44052286B02430A60DE
:109EC0002878000607D5DFF85C110A6832F44042B2
:109ED000686B02430A602868C00507D5DFF84411A3
:109EE0000A6832F44032A86B02430A602868800492
:109EF00020D5DFF830110A6832F04062A86C0243C6
:109F00000A60A86CB0F1006F06D1DFF808010168A3
:109F100051F4801101600DE0A86CB0F1806F09D19F
:109F20000121281D00F080F880464046C0B200287C
:109F300000D047462868000320D5DFF8E8100A68FB
:109F400032F04062E86C02430A60E86CB0F1006FE6
:109F500006D1DFF8C000016851F4801101600DE006
:109F6000E86CB0F1806F09D10121281D00F05CF888
:109F700080464046C0B2002800D0474628684003CB
:109F800020D5DFF8A0100A6832F04062286D024345
:109F90000A60286DB0F1006F06D1DFF87800016823
:109FA00051F4801101600DE0286DB0F1806F09D18E
:109FB0000121281D00F038F880464046C0B2002834
:109FC00000D047462868400415D5DFF858100A68C5
:109FD00032F04052686D02430A60686DB0F1805FF4
:109FE00009D10221281D00F01FF880464046C0B26A
:109FF000002800D047462868000407D5DFF8241061
:10A000000A6832F08042A86D02430A603800C0B28C
:10A01000BDE8F28F0C100240581002400070004062
:10A0200090100240881002402DE9F04105000C001C
:10A0300000275949086810F0030F12D0086810F083
:10A0400003002A68904209D12868002806D00868D1
:10A05000C0F30210401C6968884232D0012007001A
:10A060002FE02868012804D01BD303280FD007D382
:10A0700017E04A480068800701D40120070012E079
:10A0800046480068400501D4012007000BE0434822
:10A090000268920304D40068400301D40120070041
:10A0A00001E0012007003800C0B2002809D10A6889
:10A0B00032F07302286802436868401E52EA0012B8
:10A0C0000A603800C0B2002861D1DFF8D080D8F82B
:10A0D000000030F08060C8F80000FBF767FA060067
:10A0E000D8F80000000106D5FBF760FA801B0328B2
:10A0F000F6D3032007003800C0B2002847D1002C57
:10A100000BD127490A6827480240A86852EA002272
:10A11000E86852EAC0620A601CE0012C0DD12049B7
:10A120000A6821480240A86852EA002228694008CB
:10A13000401E52EA40520A600CE019490A681B4866
:10A140000240A86852EA002268694008401E52EAAC
:10A1500040620A60D8F8000050F08060C8F8000043
:10A16000FBF724FA0600D8F80000000106D4FBF73C
:10A170001DFA801B0328F6D3032007003800C0B265
:10A18000002804D106490A68A86902430A60380019
:10A19000C0B2BDE8F08100000C1002400010024087
:10A1A00010100240FF80FF07FF809FFFFF80FFF934
:10A1B00030B40100002901D1012067E00868624A3B
:10A1C00090420AD20A68614882181420B2FBF0F06B
:10A1D000800048645E48086409E00A685D488218A7
:10A1E0001420B2FBF0F0800048645B480864022051
:10A1F00081F82500086802686FF30E128B68C86842
:10A200000343086903434869034388690343C869F2
:10A210000343086A03431A43086802608868B0F57C
:10A22000804F2AD0086C4A4B984213D14B480368A0
:10A230000F2491F8445015F01C05AC40A343036073
:10A2400003684C6891F8445015F01C05AC4023435A
:10A25000036012E0424803680F2491F8445015F05F
:10A260001C05AC40A343036003684C6891F844505C
:10A2700015F01C05AC40234303600020C863012097
:10A2800081F82500002081F82400002030BC7047B0
:10A2900010B40100002901D1012053E008680068D2
:10A2A000400840000A6810600868274A90420AD2B5
:10A2B0000A68264882181420B2FBF0F08000486437
:10A2C0002348086409E00A68224882181420B2FB77
:10A2D000F0F0800048642048086400200A6810609C
:10A2E000012091F8442012F01C0290400A6C50604A
:10A2F000086C174A90420AD1184802680F2391F857
:10A30000444014F01C04A3409A43026009E014483E
:10A3100002680F2391F8444014F01C04A3409A43B0
:10A3200002600020C862002008630020486300200B
:10A3300088630020C863002081F82500002081F890
:10A340002400002010BC704708040240F8FFFDBF45
:10A3500000000240F8FBFDBF00040240A8000240DC
:10A36000A80402402DE9F04104000D0016001F0072
:10A370005FF0000894F82400012801D102203BE09E
:10A38000012084F8240094F8250001282DD1022012
:10A3900084F825000020E063206800684008400041
:10A3A000216808603B0032002900200000F0F8F826
:10A3B000206B002806D02068006850F00E0021684D
:10A3C00008600BE02068006830F004002168086035
:10A3D0002068006850F00A00216808602068006862
:10A3E00050F001002168086004E0002084F8240097
:10A3F000022080464046C0B2BDE8F0810100002244
:10A4000091F82500022806D00420C863002081F8B6
:10A41000240001201BE00868006830F00E000B6883
:10A42000186008680068400840000B681860012048
:10A4300091F8443013F01C0398400B6C58600120D5
:10A4400081F82500002081F824001000C0B2704778
:10A4500038B50400002594F82500022804D0042013
:10A46000E063012005001FE02068006830F00E0066
:10A470002168086020680068400840002168086082
:10A48000012094F8441011F01C018840216C4860B0
:10A49000012084F82500002084F82400A06B002807
:10A4A00002D02000A16B88472800C0B232BD70B531
:10A4B0000400206C056820680668042094F84410A5
:10A4C00011F01C0110FA01F10D4219D0710717D5D6
:10A4D00021680968890605D42168096831F00401FA
:10A4E0002268116094F8441011F01C018840216C1E
:10A4F0004860206B002852D02000216B88474EE036
:10A50000022094F8441011F01C0110FA01F10D42E0
:10A510001FD0B1071DD521680968890608D42168B4
:10A52000096831F00A0122681160012184F82510C0
:10A5300094F8441011F01C018840216C4860002000
:10A5400084F82400E06A002829D02000E16A8847C6
:10A5500025E0082094F8441011F01C0188400542C1
:10A560001DD030071BD52068006830F00E00216830
:10A570000860012094F8441011F01C018840216CFF
:10A5800048600120E063012084F82500002084F861
:10A590002400606B002802D02000616B884770BDEA
:10A5A00030B4012490F8445015F01C05AC40056C03
:10A5B0006C60046863608468102C04D10468A26035
:10A5C0000468E16003E00468A1600468E26030BCF4
:10A5D0007047000010B410F00703DFF868412268EC
:10A5E0004FF6FF010A40DFF8601151EA03210A43E8
:10A5F000226010BC7047DFF84C010068C0F30220F5
:10A6000070470000010049B200290AD4012210F06D
:10A610001F018A40DFF8341103005BB25B0941F887
:10A6200023207047010049B200290DD4012210F007
:10A630001F018A40464903005BB25B0941F82320B1
:10A64000BFF34F8FBFF36F8F704710B4020052B249
:10A65000002A05D40A013F4B040064B21A5508E0F1
:10A660000A013D4B040064B214F00F04234403F8C4
:10A67000042C10BC704770B4030013F00704D4F12D
:10A680000700052801D3042001E0D4F10700251DAF
:10A69000072D01D2002500E0E51E012616FA00F084
:10A6A000401E0140A94016FA05F56D1E2A401143CF
:10A6B000080070BC704710B50400601EB0F1807FC8
:10A6C00001D301200EE0601E244908600F215FF0D5
:10A6D000FF30FFF7BAFF0020214908600720214919
:10A6E0000860002010BD10B504002000FFF772FFC5
:10A6F00010BD2DE9F04104000D0016000027FFF702
:10A700007AFF8046320029004046FFF7B4FF01007F
:10A71000200040B2FFF799FFBDE8F08110B50400BA
:10A72000200040B2FFF76EFF10BD10B504002000FE
:10A7300040B2FFF777FF10BD10B504002000FFF70F
:10A74000BAFF10BD0CED00E00000FA0500E100E0EA
:10A7500080E100E000E400E018ED00E014E000E03B
:10A7600018E000E010E000E010B504002068414966
:10A770000968884202D1012001F067FE20683E4945
:10A780000968884202D1012001F0BEFF20683B49E0
:10A790000968884202D10120FCF74AF810BD38B59B
:10A7A00004000D00206833490968884203D128005D
:10A7B00080B201F04AFE20682F490968884203D11F
:10A7C000280080B201F0A0FF20682C490968884267
:10A7D00003D1280080B2FCF72BF831BD10B504007E
:10A7E000206824490968884202D100202449087061
:10A7F000206821490968884202D102202049087056
:10A8000020681E490968884202D104201C4908704A
:10A8100002211C48FBF718F810BD1CB5184C207815
:10A820000090194B00220021032001F095FF2078B1
:10A8300000280ED101F008FE14480188491C01804F
:10A840000188142903DB0021018001F0E7FD01F0FC
:10A85000E9FD20782078022803D101F054FF01F0AF
:10A8600043FF20782078042803D1FBF7E0FFFBF7B3
:10A87000CFFF13BDCC20002054210020DC2100207C
:10A88000CD2800201005002078F10008BA2800200B
:10A8900070B505000C001600D5F8800020282DD1D9
:10A8A000002C03D0300080B2002801D1012026E026
:10A8B0000120286600206866320092B2210028003C
:10A8C000FCF787FD01000800C0B2002813D1286EF4
:10A8D00001280ED110202A681062286850E8000F65
:10A8E00050F0100002002B6843E800200028F4D14B
:10A8F00001E0012001000800C0B200E0022070BDAC
:10A90000704700002DE9FE4F0500002D01D1012008
:10A910003AE3DFF80499D9F8004014F00C04DFF8AA
:10A920001889D8F8007017F003072878C00640F19E
:10A93000C680002C03D00C2C7AD1012F78D1DFF8FF
:10A94000D4A8DAF80000800704D5A869002801D14E
:10A95000012019E3DAF80000000704D5DAF8000056
:10A9600010F0F00005E0DFF860090068000910F061
:10A97000F000296A88421ED2286A00F05FFC002895
:10A9800001D0012000E3DAF8000050F00800CAF816
:10A990000000DAF8001031F0F001286A0143CAF82B
:10A9A0000010DFF82809016831F47F41EA6951EAB3
:10A9B000022101601FE0DAF8000050F00800CAF838
:10A9C0000000DAF8001031F0F001286A0143CAF8FB
:10A9D0000010DFF8F808016831F47F41EA6951EAB4
:10A9E00002210160002C06D1286A00F027FC002813
:10A9F00001D00120C8E200F086FBDFF8D418D9F8B6
:10AA00000020C2F30312895C11F01F01C840DFF877
:10AA10000C180860DFF80808006801F0BBFF8DF82B
:10AA200000009DF80000002849D09DF80000ABE22E
:10AA3000A86900282DD0DFF8DC97D9F8000050F085
:10AA40000100C9F80000FAF7B1FD0600D9F80000CE
:10AA5000800706D4FAF7AAFD801B0328F6D303204B
:10AA600092E2D9F8000050F00800C9F80000D9F8C7
:10AA7000001031F0F001286A0143C9F80010DFF836
:10AA80004C08016831F47F41EA6951EA0221016012
:10AA900015E0DFF88097D9F8000040084000C9F8B9
:10AAA0000000FAF783FD0600D9F80000800706D5FC
:10AAB000FAF77CFD801B0328F6D3032064E2287894
:10AAC000C00754D5082C03D00C2C0BD1032F09D16F
:10AAD000DFF840070068800349D56868002846D140
:10AAE000012051E26868B0F5803F06D1DFF8240705
:10AAF000016851F48031016018E06868B0F5A02F5A
:10AB00000AD1DFF81007016851F480210160016863
:10AB100051F48031016009E0DFF8F806016831F492
:10AB200080310160016831F480210160686800288B
:10AB30000ED0FAF73BFD0600DFF8D8060068800368
:10AB400015D4FAF733FD801B6528F5D303201BE2EB
:10AB5000FAF72CFD0600DFF8BC060068800306D576
:10AB6000FAF724FD801B6528F5D303200CE2287832
:10AB7000800752D5042C03D00C2C15D1022F13D1F1
:10AB8000DFF890060068400504D5E868002801D188
:10AB90000120F9E1DFF83407016831F0F8512A6942
:10ABA00051EA0261016038E0E86800281FD0DFF850
:10ABB0006496D9F8000050F48070C9F80000FAF7E4
:10ABC000F5FC0600D9F80000400506D4FAF7EEFCC3
:10ABD000801B0328F6D30320D6E1DFF8F0060168D6
:10ABE00031F0F8512A6951EA0261016015E0DFF89D
:10ABF0002496D9F8000030F48070C9F80000FAF704
:10AC0000D5FC0600D9F80000400506D5FAF7CEFCC1
:10AC1000801B0328F6D30320B6E1287800072ED541
:10AC20006869002815D0DFF8A096D9F8000050F028
:10AC30000100C9F80000FAF7B9FC0600D9F80000D5
:10AC400080071CD4FAF7B2FC801B0328F6D303203C
:10AC50009AE1DFF87496D9F8000040084000C9F87E
:10AC60000000FAF7A3FC0600D9F80000800706D51B
:10AC7000FAF79CFC801B0328F6D3032084E1287894
:10AC8000400740F181805FF00009DFF848A6DAF85C
:10AC90000000C0000DD4DAF8000050F08050CAF86F
:10ACA0000000DAF8000010F08050019001980120B7
:10ACB0008146DFF824B6DBF80000C00513D4DBF8CA
:10ACC000000050F48070CBF80000FAF76FFC06002B
:10ACD000DBF80000C00506D4FAF768FC801B0328E7
:10ACE000F6D3032050E1A868012806D1DFF8EC056F
:10ACF000016851F00101016017E0A86805280AD138
:10AD0000DFF8D805016851F004010160016851F0D5
:10AD10000101016009E0DFF8C40501684908490044
:10AD20000160016831F004010160A868002810D0BA
:10AD3000FAF73CFC0600DFF8A4050068800719D488
:10AD4000FAF734FC801B41F289318842F3D30320A7
:10AD50001AE1FAF72BFC0600DFF88005006880078F
:10AD600008D5FAF723FC801B41F289318842F3D3DE
:10AD7000032009E14846C0B2012805D1DAF80000F5
:10AD800030F08050CAF80000287880062ED5686A16
:10AD9000002815D0DFF84895D9F8000050F00100E0
:10ADA000C9F80000FAF702FC0600D9F80000800795
:10ADB0001CD4FAF7FBFB801B0328F6D30320E3E047
:10ADC000DFF81C95D9F8000040084000C9F80000E1
:10ADD000FAF7ECFB0600D9F80000800706D5FAF771
:10ADE000E5FB801B0328F6D30320CDE0A86A0028EA
:10ADF00000F0C980A86A022840F0A380D8F80000BB
:10AE0000070017F00300E96A884222D117F07000AA
:10AE1000296B491EB0EB011F1BD117F4FE40696B73
:10AE2000B0EB012F15D117F07840A96BB0EBC16FD3
:10AE30000FD117F4C000E96B4908491EB0EB415F20
:10AE400007D117F0C060296C4908491EB0EB416F6B
:10AE500057D00C2C53D0DFF8BCA3DAF80000400127
:10AE600001D5012090E0DAF8000030F08070CAF8D7
:10AE70000000FAF79BFB8146DAF80000800107D555
:10AE8000FAF794FBB0EB09000328F5D303207BE02D
:10AE9000D8F80010DFF84C040140E86A0143286B41
:10AEA000401E51EA0011686B51EA0021E86B40082E
:10AEB000401E51EA4051286C4008401E51EA406152
:10AEC000A86B51EAC061C8F80010DAF8000050F031
:10AED0008070CAF80000D8F8000050F08070C8F800
:10AEE0000000FAF763FB0600DAF8000080014AD49C
:10AEF000FAF75CFB801B0328F6D3032044E0012013
:10AF000042E0DFF81093D9F8000080013BD4D9F873
:10AF1000000050F08070C9F80000D8F8000050F030
:10AF20008070C8F80000FAF741FB0600D9F800006D
:10AF3000800128D4FAF73AFB801B0328F6D30320BC
:10AF400022E00C2C1DD0DFF8CC92D9F8000030F0B4
:10AF50008070C9F80000FAF729FB0600D9F8000054
:10AF6000800106D5FAF722FB801B0328F6D30320C5
:10AF70000AE0D8F80010DFF870030140C8F80010AC
:10AF800001E0012000E00020BDE8FE8F2DE9F04146
:10AF900004000D00002C01D10120B2E0DFF84C7359
:10AFA000386810F00700A8420BD23868C008C0000B
:10AFB00028433860386810F00700A84201D001200B
:10AFC0009FE0207880070DD5DFF84C12086810F05C
:10AFD000F000A268904205D20A6832F0F002A06840
:10AFE00002430A602078C00742D56068032806D172
:10AFF000DFF82002006880011CD4012081E0606835
:10B00000022806D1DFF80C020068800312D4012068
:10B0100077E06068002806D1DFF8F8010068800753
:10B0200008D401206DE0DFF8EC010068400501D490
:10B03000012066E0DFF8E081D8F800108908890077
:10B0400060680143C8F80010FAF7B0FA0600D8F8B3
:10B05000000010F00C006168B0EB810F08D0FAF727
:10B06000A5FA801B41F289318842F0D3032048E0E1
:10B07000207880070CD56849A0680A6812F0F002B1
:10B08000904205D20A6832F0F002A06802430A60DA
:10B09000386810F0070085420BD23868C008C0003D
:10B0A00028433860386810F00700A84201D001201A
:10B0B00027E02078400706D557490A6832F4E06255
:10B0C000E06802430A602078000707D5524801680B
:10B0D00031F46051226951EAC201016000F013F8B5
:10B0E000DFF8EC114C4A1268C2F30312895C11F0CC
:10B0F0001F01C840494908604948006801F04AFCFE
:10B10000C0B2BDE8F0812DE9F0410026002042499F
:10B11000096811F00C01DFF820C1DCF8007017F0AD
:10B120000307002903D00C291AD1012F18D1DFF809
:10B13000E4E0DEF800805FEA087806D4DFF888E112
:10B14000DEF800E0CEF3032E03E0DEF800E0CEF3FD
:10B15000031E674E56F82E6000290CD130000AE01D
:10B16000042903D1DFF88CE1704604E0082902D1FC
:10B17000DFF884E170460C292DD1DCF800E01EF0E8
:10B18000030E73469E46BEF1020F03D0BEF1030FBD
:10B1900003D005E0DFF85CE103E0DFF85CE100E00C
:10B1A000B646DCF80020C2F30212521C1500DCF88F
:10B1B0000020C2F3062202FB0EFEBEFBF5F2DCF815
:10B1C00000C0CCF3416C1CF1010C5FEA4C0C6446EE
:10B1D000B2FBF4FC6046BDE8F0811048006870479F
:10B1E00080B5FFF7FAFF45490B4A1268C2F3022205
:10B1F000895C11F01F01C84002BD80B5FFF7EDFF6B
:10B200003E49054A1268C2F3C222895C11F01F014F
:10B21000C84002BD00100240081002400C0500208A
:10B22000E80400202849086810F07E400A6852F4BB
:10B2300000020A60704700000C1002407CB5040058
:10B240000025244E3068C00003D501F003FA010048
:10B250000FE0306850F080503060306810F080505F
:10B260000090009801F0F6F90100306830F080504D
:10B270003060B1F5007F09D1812C15D3A12C02D308
:10B280000220050010E0012005000DE0812C02D312
:10B290000320050008E0802C02D10220050003E015
:10B2A000702C01D10120050010480268D208D2009C
:10B2B0002A430260006810F00700A84201D0012074
:10B2C00000E0002076BD000094100240041002400F
:10B2D000D8F2000858100240007000409010024060
:10B2E000981002408C809D01FCFFEEFE0020024081
:10B2F000F0EF00080024F40000127A0090F7000834
:10B30000704770472DE9F84F82468B4614001D00A8
:10B310000026DFF884713878012801D1022047E047
:10B32000012038704CF25038404600F05BF88146FE
:10B330004846C0B2002837D100207860DFF85C01B1
:10B340000168490506D5016831F480610160022079
:10B35000387701E000203877BAF1000F07D12200DA
:10B360002B00584600F071F8012006000FE0BAF1FA
:10B37000010F02D0BAF1020F09D12100584600F0A6
:10B3800071F8BAF1020F02D15FF480200600404646
:10B3900000F028F88146002E04D0DFF8040101688F
:10B3A000B143016000F09FF8002038704846C0B2F9
:10B3B000BDE8F28F00203A490A68002A09D53C4AC4
:10B3C0003C4B13603C4B13600968002901D50121F7
:10B3D0000800C0B270473248016851F00041016076
:10B3E0000020704770B50400FAF7E0F805002D4A18
:10B3F0001068C00309D514F1010FF8D0FAF7D6F898
:10B40000401BA042F3D303201EE0116826480140F0
:10B41000002913D0204843680B43436011F0404F8C
:10B4200005D0224B1E6811F0404006431E60880084
:10B4300002D021F040401060012005E01068C007F4
:10B4400001D501201060002070BD10B414490C68B3
:10B4500054F001040C600260BFF36F8F011D0B609C
:10B4600010BC704770B4402304000D000C4A1668ED
:10B4700056F480261660EFF3108272B62E682660AE
:10B48000241D2D1D5B1E1E00F6B2002EF6D182F388
:10B49000108870BC70470000EC04002000200240BF
:10B4A0001420024010200240FAC30200182002407B
:10B4B0000820024023016745AB89EFCD10B4DFF8C7
:10B4C0009820136833F47E73C40014F4FF6423439C
:10B4D0001360136853F002031360136853F480334E
:10B4E000136010BC7047DFF86800017F0A00D2B219
:10B4F000012A03D00A00D2B2032A11D1DFF8542066
:10B50000136833F400731360136853F4006313601B
:10B51000136833F400631360136853F4007313600B
:10B520000A00D2B2022A03D00A00D2B2032A0CD1F6
:10B53000084A136853F480531360136833F480533C
:10B540001360136853F4806313600022027770471E
:10B55000EC0400200020024014200240704700004C
:10B5600070B44FF0004591EA030F7CF57BAC6B4063
:10B57000841A71EB030603D2001BB1411219734107
:10B580004FF4001C1CEB410F34BF7CEB430442E042
:10B590000C0DA4EB1356352E4FDC45EAC323DB0A12
:10B5A00045EAC121C912B6F120050DDD63FA05F6A1
:10B5B000EB4086EA0305124218BF45F00105C018AA
:10B5C00051F100010CD213E062FA06F5F240554049
:10B5D000F3415A40B340F3405A408018594107D3D1
:10B5E00049085FEA30005FEA350528BF45F00105EC
:10B5F00001F58011420875F1004250F1000041EB65
:10B6000004514E0016F5001F70BC38BF7047002073
:10B61000090D090570471CEB410F10D252EA430691
:10B620000BD0BCEB410F05D80C0DAB43661E342E7E
:10B63000B6DD02E0AB438018594170BC704770BC66
:10B640007047000090420CD141EA030C50EA4C0CC8
:10B6500007D0994205D14FF4001C1CEB410F38BFB5
:10B660008942704710B5144600F002F8226010BD00
:10B67000C1F30A5343B14A0012F5001F28D2A3F2C6
:10B68000FE32A1EB0251704750EA410C20D001F08C
:10B69000004C31EA0C01B1FA81F204BFB0FA80F338
:10B6A000D2180B3AB2F120032CBF00FA03F19140FB
:10B6B00041EA0C013EBFC2F1200C20FA0CF3194301
:10B6C0009040524240F2FD33D21A01EB03517047D1
:10B6D000002270474FF4001C1CEB410F94BF1CEB81
:10B6E000430F09E041EA030C50EA4C0C52EA0C0CFF
:10B6F00003D2994208BF9042704714BF8B428242E6
:10B70000704700004FF4001C1CEB410F94BF1CEB72
:10B71000430F09E041EA030C50EA4C0C52EA0C0CCE
:10B7200003D28B4208BF8242704714BF99429042B5
:10B7300070470000F8B52DED0A8B41EC1A0B48005C
:10B740004015109D401C43EC182B23D051EC1A0BD4
:10B7500031F0004108BF00281CD051EC180B480004
:10B760004015401C16D051EC180B31F0004108BFB9
:10B7700000280FD051EC1A0B0022DFF84833FFF7F6
:10B78000A9FF80F0A38055EC184B9FED800B05F0CE
:10B790000042ACE051EC1A0B48004015401C02D1AD
:10B7A000090340F0898151EC180B48004015401CFA
:10B7B00001D1090353D151EC180B31F0004308BFFC
:10B7C000002A08D151EC1A0B48004015401C46D104
:10B7D000090344D10DE048004015401C12D1090373
:10B7E00010D151EC1A0B48004015401C37D1090309
:10B7F00035D1AFF30080BDEC0A8B4FF0FF306FF016
:10B800000041F4BD51EC1A0B31F0004108BF002893
:10B8100028D151EC180B4800400D05EB000234D143
:10B8200051EC180B31F0004108BF002806D02A4621
:10B8300051EC180B00F0CAF941EC180B51EC180B45
:10B8400020F0000231F0004308BF002A05D0480074
:10B850004015401C03D1090301D1AFF3008051EC26
:10B86000180B2BE151EC1A0B48004015401C26D157
:10B87000090324D153EC1A2B51EC180BBDEC0A8BA5
:10B8800001B0BDE8F040FCF713BA002AC8DD40F271
:10B89000FF70824209DB9FED9F0B53EC102B01F0F0
:10B8A00000410B4343EC182BC8E76FF31E5141EAEC
:10B8B000025155EC184B0D4645EC184BBEE755ECC4
:10B8C000184B9FED320B05F0004210E001227E4B39
:10B8D000FFF718FF11D89FED8F0B51EC100B55ECB3
:10B8E000184BAFF3008005F0004040EA010251EC34
:10B8F000100BBDEC0A8B1146F4BD53EC1A2B7348A8
:10B900007349FCF7D5F941EC100B53EC102B9FED6C
:10B91000719B03F0004251EC190B0C46144353EC9D
:10B92000192B51EC100B2346FCF794FAFCF750FB53
:10B930000446F9F717FC41EC1B0B53EC1B2B4FF0A3
:10B9400078406649FCF7B4F902460B4651EC1A0BF5
:10B95000FFF706FE06460F4653EC1B2B6048614975
:10B96000FCF7A6F902460B4630463946FFF7F8FDCC
:10B9700041EC1A0B21F0004100225B4BFFF7AAFEBD
:10B9800008D2B0EE48AAF0EE68AA55E00000000028
:10B990000000000053EC1A2B51EC1A0BFCF788F94D
:10B9A00041EC1B0B53EC1B2B50485149FCF780F921
:10B9B000504A514BFCF74EFA53EC1B2BFCF778F92D
:10B9C00041EC1C0B53EC1B2B4C484D49FCF770F918
:10B9D0004C4A4D4BFCF73EFA53EC1B2BFCF768F935
:10B9E00053EC192BFCF736FA53EC1A2BFCF760F9E1
:10B9F00041EC190B53EC1C2BFCF72CFA9FED43ABDD
:10BA000053EC1A2BFCF726FA06460F4651EC1C0B9A
:10BA100053EC192BFFF7A4FD53EC1A2BFCF71AFA81
:10BA200002460B4630463946F9F7BEFB53EC182B5D
:10BA3000FCF73EF941EC1A0B51EC1A0B2A1948009D
:10BA4000400D02EB000319D0002B17DD40F2FF7010
:10BA5000834209DB9FED2F0B53EC102B01F00041CB
:10BA60000B4343EC1A2B16E06FF31E5141EA0351CE
:10BA700055EC1A4B0D4645EC1A4B0CE051EC1A0BE9
:10BA800031F0004108BF002805D051EC1A0B00F03E
:10BA90009DF841EC1A0B51EC1A0B20F0000231F02A
:10BAA000004308BF002A05D048004015401C03D1C0
:10BAB000090301D1AFF3008051EC1A0BBDEC0A8BE6
:10BAC000F4BD000000C89CC000C89C40FE822B65ED
:10BAD0004715F73F000000000000E03F422EE63F20
:10BAE000F2E4D5BCE7E84B3E0000903C112E5781B4
:10BAF000A03F503F5843128C8F71BC3F4BE8A5418B
:10BB0000B752013F0BBDF3DAE8708C3F0000000034
:10BB10000000F03F000000000000F07FC9B2027892
:10BB20008A421AB11CBF10F8012FF9E718BF002094
:10BB30007047000080B500B906A005490B681BB12D
:10BB400022220021984701E000F054FF222002BD8C
:10BB5000A8280020636F6E73747261696E74206828
:10BB6000616E646C65723A20626164206D65737306
:10BB700061676500C9B2830706D0521E22D310F850
:10BB8000013B9942F7D11FE0083A13D302F10402B6
:10BB900041EA012141EA014150F8043B121F21BF53
:10BBA0004B40A3F1013C2CEA030C1CF0803FF3D086
:10BBB000C9B2001F083210F8013B521E28BF91EA9B
:10BBC000030FF8D818BF0120401E7047124254D40A
:10BBD00040F2FF7C1CEA11530FD0634531D09B1813
:10BBE00063453CBF01EB0251704701F0004141EA5F
:10BBF0000C510020AFF30080704750EA410320D081
:10BC000001F0004C91EA0C011CD0B1FA81F30B3B1E
:10BC10009A420DD9D21A994051EA0C01C3F1200C75
:10BC200020FA0CFC61449840531C40F2FF7CD7E79B
:10BC3000914041EA0C01C2F1200C20FA0CF31943A7
:10BC400090407047B0FA80F31533202BE0D3202AC0
:10BC5000EED3203A203B9A4209D9D21A00FA03F1D6
:10BC600041EA0C010020531C40F2FF7CB8E700FAC7
:10BC700002F141EA0C0100207047524240F2FF7C81
:10BC80001CEA11530DD06345DBD0B2EB030C3CBF73
:10BC9000A1EB025170470CF1010221EA035141F47A
:10BCA000801150EA410CCCD001F0004C352A27DC41
:10BCB00030B481EA0C01B2F1200309DAC2F12003A9
:10BCC000044601FA03F5D0402843D1409C400CE0E3
:10BCD000C3F12002450020FA03F418BF44F0010428
:10BCE00021FA03F091400C43002174F1004550F11A
:10BCF000000051EB0C01244230BC7FF47BAF704755
:10BD00006146002076E70000400D491840EA812096
:10BD10000CD2490DA1F58061491C40F0004005DBC3
:10BD2000D1F11F0154BFC840C017704700207047B1
:10BD300000487047FC0B002080B52C482C4901605E
:10BD40004FF482714160002181604FF4E061C16075
:10BD500000210161002141614FF4007181610021E6
:10BD6000C16100210162002141620021816207213D
:10BD7000C1620021016308214163FDF7A1FC002895
:10BD800001D0FDF795FF01BD10B586B00400142267
:10BD9000002101A8FDF78EFF20681549884222D1B5
:10BDA0001448016851F480410160006810F480403B
:10BDB000009000981048016851F00201016000688D
:10BDC00010F00200009000984FF4204001900220F3
:10BDD000029000200390032004900520059001A903
:10BDE0000648F5F747FF06B010BD00005C250020AF
:10BDF00000380040581002404C1002400004004837
:10BE000010B500240320FEF76EFC0F2000F0C2FDE9
:10BE1000002802D00120040001E000F0EFFD200026
:10BE2000C0B210BD70B586B0142200216846FDF77F
:10BE300041FF6B48016851F004010160016811F095
:10BE4000040105910599016851F0800101600168C4
:10BE500011F0800105910599016851F0010101601F
:10BE6000016811F0010105910599016851F0020185
:10BE70000160016811F0020105910599016851F016
:10BE800008010160006810F0080005900598554C05
:10BE9000002243F2C1312000F6F78BF800224FF464
:10BEA000F8515FF09040F6F784F84F4D00220421DE
:10BEB0002800F6F77EF84D4E002238213000F6F7C4
:10BEC00078F842F2C13000900120019000200290E9
:10BED0000020039069462000F5F7CCFE4CF21E00CE
:10BEE0000090032001900020029069462000F5F7A1
:10BEF000C1FE0B20009003200190002002906946B3
:10BF00003B48F5F7B7FE48F2FF0000900320019090
:10BF10000020029069465FF09040F5F7ABFE2020CC
:10BF20000090002001900120029069462000F5F762
:10BF3000A1FE072000900020019001200290694698
:10BF40003000F5F797FE4FF4A640009003200190D3
:10BF50000020029069463000F5F78CFE4FF4F8504F
:10BF6000009001200190002002900020039069467B
:10BF70005FF09040F5F77EFE4FF480500090012076
:10BF80000190002002900320039069462000F5F7FD
:10BF900071FE0420009001200190002002900020FA
:10BFA000039069462800F5F765FE182000900120EF
:10BFB0000190002002900020039069463000F5F7C0
:10BFC00059FE2020009001200190002002900320C3
:10BFD000039069463000F5F74DFE06B070BD00BF16
:10BFE0004C10024000080048000C004800040048C3
:10BFF000001C004880B51648016851F0020101603C
:10C00000016811F0020100910099016851F00101ED
:10C010000160006810F001000090009800220021EB
:10C020000D20FEF766FB0D20FEF778FB00220021B5
:10C030000F20FEF75EFB0F20FEF770FB00220021B1
:10C040004520FEF756FB4520FEF768FB01BD00BF0B
:10C050004810024018B591B01422002101A8FDF744
:10C0600029FE042200216846FDF724FE2C2200212F
:10C0700006A8FDF71FFE484C48482060002060607D
:10C080007F20A060FF20E060002020610020606130
:10C090000020A0610020E061200000F0CBFC00281F
:10C0A00001D0FDF705FE00208DF8040000208DF87A
:10C0B000050000208DF80600002004900020059067
:10C0C000012201A9200000F01AFD002801D0FDF78F
:10C0D000EFFD01208DF8000001208DF80100012006
:10C0E0008DF8020000208DF803000122694620002F
:10C0F00000F0B3FD002801D0FDF7DAFD00208DF837
:10C10000180000208DF8190000208DF81A0000207A
:10C1100007900020099000200A9000200B9000203A
:10C120000D9000200E9001208DF83C004FF480709F
:10C130001090012206A9200000F01EFE002801D068
:10C14000FDF7B6FD12B010BD10B598B00400602226
:10C1500000216846FDF7AEFD20681049884219D1DC
:10C160005FF4003000904FF4007017906846FDF7C0
:10C17000ABFD002801D0FDF79BFD0948016851F493
:10C1800000410160002200212920FEF7B2FA292097
:10C19000FEF7C4FA18B010BD782700200028004030
:10C1A0009010024010B5040001F0EFF8012010BD1E
:10C1B00038B50400DFF85814087800280ED10120A3
:10C1C0000870DFF850048088DFF84C1408802100E4
:10C1D000C9B2DFF84804F9F746FB22E0DFF838047B
:10C1E000DFF83054AA8803889A4212D100200870E0
:10C1F000AA8829680220F5F763FF92A10220F5F7CB
:10C2000075FF0121280001F065F92800F5F73AFFD4
:10C2100007E0A98801802100C9B2DFF80004F9F71E
:10C2200022FB012032BD10B50400FEF7F6FA012012
:10C2300010BD10B50400DFF8E8130320F5F764FF24
:10C240000421DFF8D803F9F70EFB012010BD01002F
:10C250000120704701000120704701000120704754
:10C2600080B500F0AFFF01F023FA01BD1CB500F06E
:10C2700039F801F0AAFAF5F7CBFFF7F7E5FEDFF89A
:10C28000A443002000900FF2291300225FF0FF3139
:10C29000200000F0A1FFDFF89013200001F058F813
:10C2A000200000F0BFFF13BDF8B50024FFF7D8FF52
:10C2B000FFF7DCFF00F096F8012803D14FF4FA6095
:10C2C000FAF7D8FA002500F01DF806002E4301F019
:10C2D00087FA07003743F7F7DDFE38430400F6F727
:10C2E00019F8EFE780B500F099F800F09BF80FF22D
:10C2F000B500DFF8381308600FF2D100DFF8301313
:10C30000086001BD70B50020002400252800C0B2DF
:10C3100007283ADAC14E2800C0B200013044407804
:10C32000012830D12800C0B2042801D00120040027
:10C330002800C0B200013044406800280ED0F9F750
:10C3400035F92900C9B2090131444968401A290068
:10C35000C9B2090131448968884214D300202900F8
:10C36000C9B2090131444870F9F720F92900C9B26E
:10C370000901314448602800C0B22900C9B209014E
:10C380003144C96888476D1CC0E7A44A92F841004F
:10C39000002803D104211000F9F765FA2000C0B28B
:10C3A00070BD000080B500219C48F9F74DFA01BD31
:10C3B00010B504009F490320F5F798FE0521974822
:10C3C000F9F742FA00F001F810BD704738B50400E3
:10C3D0000D004FF47A732A0092B221009648FAF7C2
:10C3E0009AFA31BD38B500250024FEF71BFF010085
:10C3F000880110D4C8000ED488000CD448000AD498
:10C40000002908D4480102D50120040003E00801F6
:10C4100001D5012004002000C0B232BD80B5FAF77A
:10C4200021F801BD80B5012284498348FAF7D9FA81
:10C43000002201214620FEF75CF94620FEF76EF946
:10C4400001BD00000D0A000070472DE9F041040015
:10C45000002500217A4A16887A4FF869002823D1EE
:10C460006C48828812FA84F2B2F5966F01D30022EA
:10C4700082805FF000084146220089B292B2914268
:10C480000ED2016882881144424692B26E4BC44675
:10C490001FFA8CFC13F80C308B5418F10108EAE7F2
:10C4A00081886118818077E03000230080B29BB2E0
:10C4B000984229D2A01B05005648838813FA85F3B9
:10C4C000B3F5966F01D3002383805FF000084146E7
:10C4D0002B0089B29BB2994212D201688388194419
:10C4E00043469BB2DFF860C1C6461FFA8EFE1EFAB5
:10C4F00086FE1CF80EC001F803C018F10108E6E73B
:10C5000081886918818046E0D6F164000500414BBE
:10C51000988810FA84F010FA85F0B0F5966F01D380
:10C520000020988000200100AC4689B21FFA8CFCE4
:10C53000614513D21968B3F804C0614484461FFAF8
:10C540008CFCDFF804E180461FFA88F818FA86F8B8
:10C550001EF808E001F80CE0401CE4E75FF000087A
:10C560004046210080B289B2884210D2186899886A
:10C570000844414689B2DFF8D0C0C6461FFA8EFE95
:10C580001CF80EC000F801C018F10108E8E799880E
:10C590002819411899801480F86900280AD164226A
:10C5A00029492548FEF774F93868006830F004001E
:10C5B0003968086001211948F9F746F9BDE8F081AA
:10C5C0000100224801600020704780B520480168C2
:10C5D00051F480410160016831F4804101601648E6
:10C5E000FAF7AAF8002002BD38B504000D00104A81
:10C5F0001068002804D0290089B2200012689047F2
:10C600000020124909688847002032BD0000000060
:10C61000C228002088050020B42800201005002032
:10C6200094F100080828002080A903009428002025
:10C63000A42800205CF10008CC200020C1280020A4
:10C64000B228002024260020C025002080280020B9
:10C6500040100240DFF88000006810F4C0607047AE
:10C660000200B2F5007F26D1DFF86C00036813F4F6
:10C67000C063B3F5007F2CD0036833F4C06353F478
:10C6800000730360DFF85400036832204343DFF88F
:10C690005000B3FBF0F0401C0100DFF848000368D5
:10C6A0005B0503D5002901D0491EF6E70068400567
:10C6B0000FD503200EE0DFF82000036813F4C063F9
:10C6C000B3F5806F05D0036833F4C06353F480631F
:10C6D0000360002070470000007000400C0500203F
:10C6E00040420F001470004080B5012217491848DD
:10C6F000FAF777F9002201212520FDF7FAFF25201E
:10C70000FEF70CF801BD704738B504000D480F491D
:10C710000A78036885885A558288521C82808288EC
:10C7200040F2FF139A4201D300228280012208487E
:10C73000FAF757F901200449087002210548F9F772
:10C7400092F831BDEC0B0020CB280020CA28002035
:10C7500054210020F00600202DE9F84785B005009F
:10C760000E0014001F000020ADF802005FF0000A68
:10C77000DFF80C22107AA84202D27FF0040055E0C4
:10C78000D0683040B04202D07FF005004EE05068E3
:10C79000002806D0002C04D00DF1020101A8526837
:10C7A00090470DF1380843463A004FF40071DFF826
:10C7B000DC0101F020F9814600F0CFF86946BDF8B0
:10C7C000020010EB090080B200F076F810F1010FC2
:10C7D00028D05FF0000A5046BDF8021080B28842AF
:10C7E00010D201A8514689B2405CDFF89811BDF81B
:10C7F00000208854BDF80000401CADF800001AF17C
:10C80000010AE8E743463A004FF40071DFF874018B
:10C81000BDF800C0604401F0EEF800F0A3F800F0AD
:10C8200008F803E000F09EF87FF0020006B0BDE8D3
:10C83000F08770B50024002500F099F8002837D162
:10C8400000F08BF84E4E308A718A88422ED0B07834
:10C8500001280ED13188308A091AB1820220B070C5
:10C8600000203080B08A002803D10020B070002062
:10C870003082B07800280CD1308A718A884204D284
:10C88000718A308A091AB18203E0308AD0F580605B
:10C89000B0823C48318A0844050000F079F8B18A3A
:10C8A0002800394A92689047040001E000F05AF8E5
:10C8B000200040B270BD000070B402005FF0FF3095
:10C8C0002F4B5C8A1D8AAC4216D15C8AD4F58064F9
:10C8D00015002600ADB2B6B2B5422BD315001E8AA4
:10C8E000ADB2B54226D201259D705D8A1D801D8A9C
:10C8F0002C0000255D821DE01C8A5D8AAC4216D2A8
:10C900005C8AD4F5806415002600ADB2B6B2B5429B
:10C9100010D315001E8AADB2B5420BD201259D7011
:10C920005D8A1D801D8A2C0000255D8202E01D8A23
:10C930005C8A2C1B15002600ADB2B6B2B54209D2F6
:10C940005D8A0D805D8A15FA82F5AD05AD0D5D82BB
:10C950000023180000B270BC70470948C18A491C06
:10C96000C18270470648C18A491EC1827047044887
:10C97000C08A002801D1002000E00120704700009B
:10C98000F0270020EC140020A4F50008EC1800208B
:10C990007047000038B504000025134908780028C6
:10C9A0001DD04FF47A700978B0FBF1F00F49096897
:10C9B000B1FBF0F0FDF7C0FE00280DD1102C08D21D
:10C9C000002221005FF0FF30FDF793FE084804606D
:10C9D00007E00120050004E00120050001E001203E
:10C9E00005002800C0B232BD370C00200C05002025
:10C9F000E8040020012001F0EFB8000081B00B48EE
:10CA0000016851F001010160006810F00100009020
:10CA100000980748016851F080510160006810F0EB
:10CA200080500090009801B0704700BF6010024035
:10CA30005810024070B504000125002C5CD094F819
:10CA40002100002805D1002084F820002000FFF7F5
:10CA50007BFB022084F821002068C068C00642D415
:10CA6000CA2021684862532021684862200000F0F3
:10CA70002AFB06003000C0B200281AD12068816865
:10CA8000DFF8E806014020688160206881686268FC
:10CA900020690243A0690243114320688160E06875
:10CAA0002168086120680069A16850EA0140216896
:10CAB0000861200000F02DFB05002800C0B200280E
:10CAC0000DD12068C06C800880002168C86420688F
:10CAD000C16CE2696069024311432068C164FF20B0
:10CAE0002168486201E0002005002800C0B200284B
:10CAF00002D1012084F821002800C0B270BD2DE9C8
:10CB0000F04705000E00140095F82000012801D11F
:10CB100002206DE0012085F82000022085F8210028
:10CB2000CA2029684862532029684862280000F01A
:10CB3000CAFA80464046C0B200284AD1002C20D113
:10CB400028688068400601D40020F070307800F03A
:10CB50001FFB8246707800F01BFB8146B07800F026
:10CB600017FB5FFA8AFA5FFA89F95FEA092959EA3D
:10CB70000A49C0B250EA0909F07859EA80594F468B
:10CB800010E028688068400601D40020F0703078FA
:10CB90007178090251EA0041B0780143F07851EA16
:10CBA00080510F00DFF8C805384029680860286800
:10CBB000806830F480202968886028688168F2687D
:10CBC00030690243114328688160280000F0A1FA0F
:10CBD0008046FF20296848624046C0B2002802D142
:10CBE000012085F82100002085F820004046C0B2D1
:10CBF000BDE8F087F8B505000E0014002868806ACB
:10CC00007060286800694004400CB06028680768BC
:10CC1000DFF85C0507403800000C10F03F00307072
:10CC20003800000A10F07F00707017F07F00B070BD
:10CC30003800800D10F00100F070002C0BD130781E
:10CC400000F0B4FA3070707800F0B0FA7070B0781C
:10CC500000F0ACFAB0700020F2BD2DE9F041050003
:10CC60000E00140095F82000012801D1022058E0A0
:10CC7000012085F82000022085F82100002C07D132
:10CC80007078C00604D5707810F0EF000A3070702C
:10CC9000002C16D1F07800F07BFA8046707800F016
:10CCA00077FA0700B07800F073FA5FFA88F8FFB2FD
:10CCB0003F0257EA0847C0B20743307857EA403787
:10CCC00009E0F07877783F0257EA0047B0780743E9
:10CCD000307857EA4037CA202968486253202968CB
:10CCE0004862280000F0EFF980464046C0B20028B4
:10CCF00008D1DFF88004384029684860280000F037
:10CD000008FA8046FF20296848624046C0B20028E1
:10CD100002D1012085F82100002085F8200040463E
:10CD2000C0B2BDE8F081F8B505000E001400286817
:10CD30004768DFF8400407403800000CF070380006
:10CD4000000A10F01F00707017F03F00B07038003C
:10CD5000400B10F007003070002C0BD1F07800F081
:10CD600025FAF070707800F021FA7070B07800F059
:10CD70001DFAB0700020F2BD2DE9F84305000E0049
:10CD8000140095F82000012801D10220E5E00120DF
:10CD900085F82000022085F82100002C2DD128687C
:10CDA0008068400601D40020F070306A0028FFD06F
:10CDB000307800F0EDF98046707800F0E9F907006E
:10CDC000B07800F0E5F9814696F8240000F0E0F92B
:10CDD0005FFA88F8FFB23F0257EA08475FFA89F91D
:10CDE00059EA0707F17857EA8157C0B257EA006756
:10CDF000306A07437069074317E028688068400677
:10CE000001D40020F070307877783F0257EA00476D
:10CE1000B0780743F07857EA805796F8240057EA2D
:10CE20000067306A074370690743D6F80480F069E9
:10CE300050EA0808CA2029684862532029684862D5
:10CE4000B06AB0F5807F39D12868806830F480708E
:10CE5000296888602868C06810F0800070F4C0708D
:10CE60002968C860F8F7A2FB81462868C068C00737
:10CE700012D4F8F79BFBB0EB090040F2E93188428D
:10CE8000F3D3FF2029684862032085F821000020A1
:10CE900085F82000032060E02868C7612868C0F892
:10CEA00044802868806850F4807029688860286809
:10CEB000806850F480502968886038E0286880686D
:10CEC00030F40070296888602868C06810F080001D
:10CED00070F420702968C860F8F768FB81462868FC
:10CEE000C068800712D4F8F761FBB0EB090040F28C
:10CEF000E9318842F3D3FF2029684862032085F88E
:10CF00002100002085F82000032026E02868076221
:10CF10002868C0F848802868806850F40070296844
:10CF200088602868806850F4005029688860DFF8BD
:10CF30004802016851F480210160DFF84002016875
:10CF400051F480210160FF2029684862012085F8A2
:10CF50002100002085F820000020BDE8F28370B594
:10CF600004000D0094F82000012801D1022062E0A5
:10CF7000012084F82000022084F82100CA202168C2
:10CF80004862532021684862B5F5807F24D120682B
:10CF9000806830F48070216888602068806830F490
:10CFA000805021688860F8F701FB06002068C0689F
:10CFB000C00736D4F8F7FAFA801B40F2E93188420C
:10CFC000F4D3FF2021684862032084F82100002068
:10CFD00084F8200003202EE02068806830F4007080
:10CFE000216888602068806830F40050216888607B
:10CFF000F8F7DCFA06002068C068800711D4F8F75B
:10D00000D5FA801B40F2E9318842F4D3FF20216831
:10D010004862032084F82100002084F820000320C7
:10D0200009E0FF2021684862012084F821000020E7
:10D0300084F82000002070BD10B504005FF480204B
:10D040004F49086020688068C0040ED52068C06819
:10D05000C0050AD52068C06810F0800070F4C07068
:10D060002168C860200000F049FE206880688004C4
:10D070000ED52068C06880050AD52068C06810F009
:10D08000800070F420702168C860200000F082FFEA
:10D09000012084F8210010BD38B50400394821680A
:10D0A000C860F8F783FA05002068C068800608D4D5
:10D0B000F8F77CFA401B40F2E9318842F4D30320B0
:10D0C00000E0002032BD70B5040000262068C06872
:10D0D00040061BD45FF0FF302168C860F8F766FA9D
:10D0E00005002068C068400610D43000C0B2032894
:10D0F0000CD0F8F75BFA401B40F2E9318842F0D3DC
:10D1000003200600032084F82100EAE73000C0B2C3
:10D1100070BD70B5040000251B48016831F0800126
:10D1200001601A4E306880060AD42000FFF7B4FF71
:10D13000002817D0032084F821000320050011E007
:10D14000306830F0200030602000FFF7A5FF002895
:10D1500004D0032084F8210003200500306850F03B
:10D16000200030602800C0B270BD0000BFFF8FFFFC
:10D170007F7F7F003FFFFF00000401400804014063
:10D18000140401405FFF03000C2800400828004001
:10D190000100002208000300DBB20A2B02D3521C5C
:10D1A0000A38F8E750EA0210C0B270470100C9B26D
:10D1B00009090A2211FB02F110F00F004018C0B259
:10D1C0007047000080B50020DFF800130860DFF82A
:10D1D00000030068804702BD2DE9F04104000D0006
:10D1E00016001F00DDF81880002C18D03800002829
:10D1F00015D0002020602800DFF8D412496A884743
:10D20000606000202072002060720020A072E76041
:10D21000C4F81080E67200206061002000E0012068
:10D22000BDE8F0812DE9F04704005FF00008002C14
:10D230003BD0200000F002F9002836D1607A0028A7
:10D2400033D160680700DFF88892D9F82000804762
:10D250000600B74200D2370027600020207201206C
:10D2600060720020A072DFF864A2DAF800000028E3
:10D2700006D1D9F810008047200000F019F916E017
:10D28000D9F8180080470500206828182060206819
:10D29000DAF800100968884203D2200000F008F98B
:10D2A00005E0200000F0EDF801E001208046404656
:10D2B000C0B2BDE8F0872DE9F04105000026002D41
:10D2C00040D0DFF80882D8F80070D8F8004001207C
:10D2D000A872D8F80000002836D000206872D8F86C
:10D2E0000000A8421AD10020D8F800100872D8F81F
:10D2F00000004069002809D0D8F800004069C8F84B
:10D300000000D8F8000000F0A6F818E0DFF8C0012F
:10D31000C06880470020C8F8000010E0002C0ED044
:10D32000AC4209D16069002802D064697C6102E0E6
:10D33000002004007C6102E027006469EEE7002021
:10D34000060001E0012006003000C0B2BDE8F08117
:10D3500070B504000D000026002C02D1012006004B
:10D3600010E028005A49496A88476060200000F0B0
:10D3700065F8002806D02000FFF79DFF2000FFF78A
:10D3800051FF06003000C0B270BD2DE9F843504D8A
:10D39000686980470600286980470700B7EB0608E0
:10D3A000DFF82891D9F8000000280FD0D9F8000044
:10D3B00004002068804504D22068B0EB080020609B
:10D3C00001E0002020606469002CF2D1D9F800004F
:10D3D000002824D0D9F800000068002806D0A869E9
:10D3E0008047D9F800100968814218D2D9F80000A6
:10D3F0000400D9F800004069C9F80000002020723C
:10D40000002060722069E1688847E07A0128DDD158
:10D41000A07A0028DAD12000FFF704FFD6E7D9F878
:10D420000000002808D0D9F80000007A002803D1B5
:10D43000D9F8000000F00FF8BDE8F183020023489E
:10D440000168002905D0914201D1012002E049691B
:10D45000F7E70020704770B504001D4D286A80472B
:10D46000060001202072A869804721683018814297
:10D4700003D2A8698047301820602068A9688847CF
:10D4800070BD10B411490A6809684B6951690029D7
:10D4900009D019680468A14202D21A005B69F5E755
:10D4A0005061436102E050610021416110BC70474E
:10D4B00038B5050005480468002C01D00021217210
:10D4C0006C6105600068FFF7C6FF31BD9828002039
:10D4D00020F000082DE9FC4704000D005FF0FF3646
:10D4E00000226E4BD3E90001CDE900015FF0000995
:10D4F0004846A18880B2884224D22068494689B231
:10D50000405C3D2805D02068494689B2405C3F28F0
:10D5100000D117E02068494689B2405C41280EDB03
:10D520002068494689B2405C5B2808DA2068494691
:10D5300089B2405C203021684A4692B2885419F181
:10D540000109D5E700273800C0B2412880F2A28047
:10D55000DFF84C8121003800C0B20001404408309F
:10D5600000F019FD0600002E00F192803800C0B2D4
:10D57000000140444068002800F08A803800C0B2B2
:10D58000000140444068002808D14FF47A73A28813
:10D5900021004448F9F7BFF901207CE0DFF808A139
:10D5A0005046F4F76FFD0020010089B2A288921B5B
:10D5B000914223DA21683144020092B2895C3F290A
:10D5C0000AD021683144020092B2895C3D2903D01F
:10D5D000BAF80410802900DB10E021683144020011
:10D5E00092B2895CDAF80020BAF80430D154BAF863
:10D5F0000410491CAAF80410401CD5E73900C9B230
:10D6000009014144898916FA81F6B1464846A18844
:10D6100080B2884226D22068494689B2405C0D28F3
:10D620000CD1484680B2A188491E884206DA20689B
:10D63000494689B2084440780A2813D0BDF804004E
:10D6400080280CD22068494689B2405C0099BDF818
:10D6500004208854BDF80400401CADF8040019F102
:10D660000109D3E7114805702800C0B2401E012807
:10D6700002D9801E09D009E0002168463A00D2B2E2
:10D68000120142445268904700E0FFE7012002E0A7
:10D690007F1C58E70020BDE8F68700BFE8F70008C8
:10D6A000D4070020CC200020CC070020C728002071
:10D6B00010B586B0DFF84840002201A92000FFF72E
:10D6C00099FA002269462000FFF72DFBDFF83400AD
:10D6D0009DF8061081709DF8051041709DF80410AA
:10D6E00001709DF80010C1709DF8021001719DF845
:10D6F000011041719DF80310817106B010BD00004A
:10D70000782700205828002010B50400012210219D
:10D710005448F4F74EFC012010BD70B50400524D82
:10D72000524E30786978884207D05148697850F86D
:10D73000210000F02BF8687830702100C9B24D4804
:10D74000F8F791F8012070BD10B504004A48C07880
:10D75000012802D14948F7F7ECF803214548F8F7CA
:10D7600082F84648F4F78EFC012010BD10B5040085
:10D770003F483D49497850F8210000F007F8210062
:10D78000C9B23C48F8F76FF8012010BD10B504008D
:10D790003B483C4901604460002181600021C16038
:10D7A000002101610C214161002181610021C161E1
:10D7B0000021016200214162F9F770F8002801D0D0
:10D7C000FCF776FAFEF790FF10BD80B5F7F799F8F1
:10D7D00027482549497850F82100FFF7D7FF01BDB8
:10D7E00070B50020002400252800C0B2042836DAD5
:10D7F000204E2800C0B200013044407801282CD1CE
:10D80000012004002800C0B2000130444068002814
:10D810000ED0F7F7CBFE2900C9B20901314449689F
:10D82000401A2900C9B2090131448968884214D3D9
:10D8300000202900C9B2090131444870F7F7B6FE4B
:10D840002900C9B20901314448602800C0B229004A
:10D85000C9B209013144C96888476D1CC4E720007A
:10D86000C0B270BD00040048340C0020C328002062
:10D87000BC060020F006002088280020EC0B0020C9
:10D88000542100200038014002000020116809786E
:10D8900030290CDB116809783A2908DA11684B1C29
:10D8A00013600A23097803FB00103038EEE7704755
:10D8B0002DE9F04F91B00400DDF868801B9D1C9E9F
:10D8C000DFF808030768700603D5DFF80403006873
:10D8D0000700022B01DB252B01DB002088E0F0078D
:10D8E00002D55FF0300C01E05FF0200C5FF0000E1D
:10D8F000B00706D5002A04D52D2086465242B8F13D
:10D9000001085FF00009002A06D13020EA460AF833
:10D91000090019F1010910E0002A0ED010009A4602
:10D92000B0FBFAFB0AFB1B00385CEA460AF8090068
:10D9300019F10109B2FBF3F2EEE74D4500DA4D466D
:10D94000B8EB0508F0070DD44046B0F101080128F6
:10D9500008DB20202070641C491E002901D1200012
:10D9600046E0F1E77046C0B2002807D084F800E036
:10D97000641C491E002901D1200039E04046B0F165
:10D980000108012808DB84F800C0641C491E002936
:10D9900001D120002CE0F1E72800451E814508DA7E
:10D9A00030202070641C491E002901D120001FE096
:10D9B000F2E74846B0F1010901280ADB684610F891
:10D9C00009002070641C491E002901D120000FE0CD
:10D9D000EFE74046B0F10108012808DB2020207065
:10D9E000641C491E002901D1200001E0F1E720005C
:10D9F00011B0BDE8F08F2DE9F74F88B005001E008B
:10DA00000998012801DA0020DDE0AA460A9800788A
:10DA1000002806D1BAEB05000999491E8842C0F2D8
:10DA2000CC80BAEB05000999491E884280F2C58076
:10DA30000A980078252806D00A9800788AF800000D
:10DA40001AF1010AB5E0002080460A98401C0A90AD
:10DA50000A980078302801D158F001085FF0FF3BA8
:10DA6000D9460A980078302807DB0A9800783A28C7
:10DA700003DA0AA8FFF708FF8146CDF81CB0CDF8FD
:10DA800018B00A2005900A980078582843D06328D7
:10DA90000AD0642844D0692842D0732816D075284B
:10DAA00040D0782839D03EE0B9F10109B9F1010F31
:10DAB00005DB20208AF800001AF1010AF4E730683B
:10DAC000361D8AF800001AF1010A72E03068361D2E
:10DAD0000400002C01D13F4804002000F7F70AFBA6
:10DAE00004904846B0F101090499814205DA2020EA
:10DAF0008AF800001AF1010AF3E7002007000498F1
:10DB0000874207DA20788AF80000641C1AF1010ABB
:10DB10007F1CF4E74DE058F040081020059026E007
:10DB200058F0020823E00A980078252804D0252020
:10DB30008AF800001AF1010ABAEB05000999491E9A
:10DB4000884214DA0A980078002806D00A980078EB
:10DB50008AF800001AF1010A02E00A98401E0A90B1
:10DB6000BAEB05000999491E884200DA21E00698BF
:10DB70006C2803D13068361D039009E05FEA887095
:10DB800003D53068361D039002E03068361D0390DF
:10DB9000CDF8088007980190CDF80090059B039A76
:10DBA0000999491EBAEB0500091A5046FFF780FE95
:10DBB00082460A98401C0A9028E700208AF8000054
:10DBC000BAEB050528000BB0BDE8F08FF40B002080
:10DBD000F80B0020F0F7000880B5AFF30080024A90
:10DBE00011001820ABBEFBE72600020080B5DFF86D
:10DBF0007003DFF870130160002141601F21816014
:10DC000040F2FF31C160002101610021416100212A
:10DC100081610021C161FEF70DFF002801D0FCF7F2
:10DC200047F801BD38B5DFF84043207800280FD110
:10DC3000FFF7DCFFDFF828534FF480712800FFF76F
:10DC40008EF9280000F09AFA00F01CF801202070EC
:10DC5000002032BD10B50400200000F055F800206F
:10DC600010BD80B5DFF8F8020168C96811F08001C5
:10DC700071F4C0710268D1604FF48071FFF76FF9E1
:10DC8000002002BD10B5DFF8E442211D14F1180098
:10DC900000F01DF92060206810BDDFF8D002006898
:10DCA000704780B586B001A9684600F010F9AF4909
:10DCB0000968401A07B000BD10B586B00024AA4814
:10DCC0000078012804D101A9684600F000F9040099
:10DCD000200006B010BD0320704700B58021A1FBD5
:10DCE00000017D220023F9F7CBFE00BD7D21A1FBC1
:10DCF0000001C00940EA4160C909704710B504003D
:10DD00009B480068804710BD2DE9F04F99B0040092
:10DD10004021002209AD2800F7F700FF5FF000085E
:10DD20005FF0000A002600275FF0000B8F4D04A86B
:10DD3000291D1422F9F760FEA8690390FFF791FFEF
:10DD400040F2FF30059D451B20008005800D4519E0
:10DD5000A40A9DF80E908748844204D3864804198B
:10DD600019F10109F7E79DF81080B4F5616F04D34C
:10DD7000B4F5616418F10108F7E79DF811703C2CC7
:10DD800002D33C3C7F1CFAE79DF81200210051FAB7
:10DD900080F6280080B2B0F5806F03DBB5F58065B2
:10DDA000761CF6E7300080B23C2802D33C3E7F1C54
:10DDB000F8E7380080B23C2803D33C3F18F1010853
:10DDC000F7E7404680B2182804D3B8F1180819F1D3
:10DDD0000109F6E79DF80F00042190FBF1F201FB29
:10DDE0001200002817D165499DF80D00084410F86D
:10DDF000010C4A4680B292B2904223D21FFA89F9AE
:10DE000048469DF80D20114411F8011C90FBF1F9D2
:10DE100001FB190916E05A499DF80D00084410F855
:10DE2000010C4A4680B292B290420BD21FFA89F995
:10DE300048469DF80D20114411F8011C90FBF1F9A2
:10DE400001FB1909DFF83CA140F2FF31280080B244
:10DE5000091ACAF804105FF02060CAF81C008AF89A
:10DE600002608AF801708AF800808AF824909DF890
:10DE700013008AF803000020CAF820005FF0004079
:10DE8000CAF814004FF48070CAF828000020CAF8BD
:10DE90000C000020CAF81000002251463048FEF75E
:10DEA0006BFF002810D0DAF8040002909AF8020004
:10DEB00001909AF8010000909AF800309AF8242016
:10DEC000314909A8F7F7FAFA19B0BDE8F08FF8B5AB
:10DED00004000D000026224F002221003800FEF72A
:10DEE00022FF002229003800FEF784FEE17840F28C
:10DEF000B5504143C91C8908E078042290FBF2F335
:10DF000002FB1300002801D1204A00E0204A637878
:10DF10003D2043433C3B022093FBF0F041186078E6
:10DF2000401EC0B240001300C34013F00303C91ADF
:10DF3000A078401E41180F484143AB786E783C20D2
:10DF40004643F3182E784FF4616000FB06335918EE
:10DF5000890201F2FF316868091A0800F2BD000069
:10DF60007827002000280040CC280020BC27002073
:10DF7000942800208051010080AEFEFF18F70008B1
:10DF80000CF70008FC26002008F10008505544005A
:10DF9000A0AA990070472DE9FE4F04000D00002053
:10DFA000002600270021ADF804105FF001085FF0A3
:10DFB00000095FF0000A21680978212901D10121B7
:10DFC0008A465FF0000B584600B2A988884272DA90
:10DFD00020685146C9B2405C29685A4612B2895C31
:10DFE000884265D1012080465046C0B2401C0600E0
:10DFF000002081460020ADF80400300000B2A18866
:10E0000088424ADA2068310009B2405C7C281ED17F
:10E01000BDF90400002804D10120814616EB0B0055
:10E02000070001A800903B001BB22A002100701CD1
:10E0300000B200F059F880464046C0B2012806D12F
:10E040005146C9B2584600B200F03DF839E04846A2
:10E05000C0B200280FD12068310009B2405C2968A5
:10E060005A4612B21144320012B2895C884202D080
:10E070000020804611E04846C0B2002801D1761C3D
:10E08000BBE73000BDF9041000B2884203DABDF9E5
:10E0900004000600B1E7761CAFE74046C0B2012895
:10E0A00006D15146C9B2584600B200F00CF808E05B
:10E0B0001BF1010B87E75146C9B25FF0FF3000F05A
:10E0C00002F8BDE8FE8F02000800C0B2002802D1AD
:10E0D000100000B207E0100000B2002802D45FF088
:10E0E000FF3000E000207047F0B50400059D0120DE
:10E0F000002637003FB207FA84F7B1F804C067453D
:10E100003ADA0F68A4460FFA8CFC6744B4460FFA5B
:10E110008CFC17F80C707C2F03D137192F8000B2BC
:10E120002BE09788B4460FFA8CFC0CFA83FC674509
:10E1300006DAB2F904707F1C2F805FF0FF373800D9
:10E140000F68A4460FFA8CFC6744B4460FFA8CFCA7
:10E1500017F80C70D2F800C09E460FFA8EFEF444F9
:10E16000B6460FFA8EFE1CF80EC0674502D05FF06F
:10E17000FF373800761CBCE700B2F0BD010091F813
:10E180002000012801D102201BE0012081F820009D
:10E19000022081F82100CA200A68506253200A68D0
:10E1A00050620868806850F020000A689060FF2084
:10E1B0000A685062012081F82100002081F82000C7
:10E1C0000020704700000000000000000000F0BFC9
:10E1D000000000000000008000000000000000803F
:10E1E0000000000000000000000000C05294EEBFDC
:10E1F00000000048204E51BE000000F86467BCBC1F
:10E200000000000000000000000000208133EDBF8E
:10E2100000000080B3DB14BE000000506706A3BC02
:10E220000000000000000000000000D0E9DCEBBFAF
:10E2300000000008C39259BE00000080B0D3B8BCF3
:10E24000000000000000000000000070F98FEABF2D
:10E25000000000C0A51028BE000000E8BFC0B0BC90
:10E26000000000000000000000000070284CE9BF22
:10E2700000000060134B42BE000000C03D20B8BC4F
:10E28000000000000000000000000050FA10E8BF8D
:10E29000000000C05FF62BBE000000905C71A7BCC0
:10E2A000000000000000000000000020FCDDE6BFD0
:10E2B000000000C0F8F154BE00000018E9F6B9BC37
:10E2C0000000000000000000000000D0C3B2E5BF65
:10E2D00000000070E43254BE00000050DB06B4BC05
:10E2E000000000000000000000000010EF8EE4BFFE
:10E2F00000000020F36252BE000000C02A879ABCD2
:10E300000000000000000000000000B02272E3BF27
:10E31000000000F0E8E056BE00000028352DBDBC2E
:10E320000000000000000000000000000A5CE2BFE6
:10E33000000000B0FA8E41BE00000040AE6FBDBCD0
:10E34000000000000000000000000000564CE1BF8B
:10E35000000000F015CD5FBE00000000141C90BC52
:10E36000000000000000000000000040BD42E0BFCF
:10E3700000000030F93457BE000000E06C1E93BC72
:10E380000000000000000000000000E0F57DDEBF9E
:10E39000000000B08A535EBE00000080DA77AABC9D
:10E3A0000000000000000000000000C09D81DCBFF4
:10E3B00000000000FFA226BE0000006057E2B0BCD3
:10E3C000000000000000000000000060F98FDABFCC
:10E3D000000000580A8151BE000000F05F60B8BC28
:10E3E00000000000000000000000000098A8D8BF56
:10E3F000000000607A7F45BE000000D05433A3BC0B
:10E400000000000000000000000000600FCBD6BF3D
:10E41000000000D091CB40BE000000406D1BA0BCAE
:10E420000000000000000000000000A0FBF6D4BFC8
:10E4300000000098C5CE52BE000000003A397EBCF4
:10E440000000000000000000000000E0FE2BD3BF31
:10E450000000004073872BBE00000000926879BC6A
:10E46000000000000000000000000040C069D1BFB3
:10E4700000000058F16353BE00000080438D7CBC57
:10E48000000000000000000000000080D85FCFBF47
:10E49000000000181F8354BE000000B03F42A2BC21
:10E4A00000000000000000000000008067FCCBBFFF
:10E4B00000000060FAFF53BE00000050E00DB8BC41
:10E4C00000000000000000000000000098A8C8BF85
:10E4D000000000607A7F35BE000000C0543393BC5A
:10E4E000000000000000000000000000DC63C5BF69
:10E4F00000000058D6FF54BE00000000396490BCF4
:10E500000000000000000000000000C0AD2DC2BFF0
:10E5100000000080A45915BE000000E0484BABBCD1
:10E520000000000000000000000000801A0BBEBFC9
:10E5300000000050BF3C5ABE000000A0B364B6BC4F
:10E5400000000000000000000000008004D6B7BFFB
:10E5500000000040BBCF36BE0000008076CEA8BCD5
:10E5600000000000000000000000008032BBB1BFCE
:10E57000000000402A0043BE00000028C60CBDBCBD
:10E580000000000000000000000000009473A7BF1E
:10E59000000000182B3B59BE000000C0E55DA5BC83
:10E5A000000000000000000000000000EE4397BFE4
:10E5B000000000A0E6C340BE00000020958DB5BC61
:10E5C00000000000000000000000000000000080CB
:10E5D000000000000000008000000000000000803B
:10E5E000000000000000000000000000000000002B
:10E5F000000000000000000000000000000000001B
:10E60000000000000000000000000000000000000A
:10E6100000000000000000000000000000000000FA
:10E6200000000000000000000000000000000000EA
:10E6300000000000000000000000000000000000DA
:10E6400000000000000000000000000000000000CA
:10E6500000000000000000000000000000000000BA
:10E6600000000000000000000000000000000000AA
:10E6700000000000000000000000000000C0F0FCEE
:10E68000FFFEF8C0000000000000000000000000D5
:10E69000000000000000000000000000000000007A
:10E6A000000000000000000000000000000000006A
:10E6B000000000000000000000000000000000005A
:10E6C000000000000000000000000000000000004A
:10E6D000000000000000000000000000000000003A
:10E6E000000000000000000000000000000000002A
:10E6F000000000000000000000C0F0FCFFFFFFFF72
:10E70000FFFFFFFFFFFCF0C0000000000000000062
:10E710000000000080C0C0C0C0E0F0F0F0F0703831
:10E720003C3C3C3C3F3F0F03000000000000000069
:10E7300000000000000000000000000000000000D9
:10E7400000000000000000000000000000000000C9
:10E7500000000000000000000000000000000000B9
:10E7600000000000000000000000000000000000A9
:10E770000000000000C0F0FCFFFFFFFFFF3F0F0F95
:10E7800003070F3FFFFFFFFFFFFC30383C3C1C0E30
:10E790008FCFC7C3C3C3E37371303030383C0C0034
:10E7A00000000070F8CCCC0C0C0000C0F03C0CFC5D
:10E7B000FC000000C0F01C0C0C8CFCF00000000001
:10E7C00000000CFCFC0000C03C0C00C0FCFC0C0079
:10E7D00000FCFCCCCCCCCC0C000C8CFCFC1C0C0C41
:10E7E0000C0000000000000000000000000000001D
:10E7F00000C0F0FCFFFF7F3F0F07C3C04030301860
:10E80000CCCCC7C3033330100C8CCCC4C3C3E3F3EC
:10E810003130303038380C000000000000000000BB
:10E8200000000C0C0C0C0F03030C0F030303030F6D
:10E830000F000000030F0C0C0C0F03010000000080
:10E840000000000F0F0C030000000C0F0F00000071
:10E850000F0F0F0C0C0C000000000F0F0000000049
:10E8600000000000000000000000000000C0F0FCFC
:10E870003F3F0F0703000C00C3C13030CCCC033343
:10E880003300000C0C0003030300000001030F0F12
:10E890003C78C00000000000000000000000000004
:10E8A0000000000000000000000000000000000068
:10E8B0000000000000000000000000000000000058
:10E8C0000000000000000000000000000000000048
:10E8D0000000000000000000000000000000000038
:10E8E00000000000000000000000C0300F03030023
:10E8F0000000000000000000000000030000000015
:10E900000000000000000000000000000000000007
:10E91000000000030C30C0000000000000000000F8
:10E9200000000000000000000000000000000000E7
:10E9300000000000000000000000000000000000D7
:10E9400000000000000000000000000000000000C7
:10E9500000000000000000000000000000000000B7
:10E9600000000000000000000000000000000000A7
:10E970000000000000000000000000000000000097
:10E980000000000000000000000000000000000087
:10E990000000000000000000000000000000000077
:10E9A0000000000000000000000000000000000067
:10E9B0000000000000000000000000000000000057
:10E9C0000000000000000000000000000000000047
:10E9D0000000000000000000000000000000000037
:10E9E0000000000000000000060000000000000021
:10E9F000000F00000F00000F00000F0000000000DB
:10EA00000000000000000000000000000000000006
:10EA10000000000000000700001E00E01F00FF1FB4
:10EA2000F8FF03FF1F00FF01000F000000000000BF
:10EA300000000000000000000000000000000000D6
:10EA4000000000000E000000C07F00F8FF01FCFF86
:10EA500007FCFF073E800F0E000E0E000E0E000E8C
:10EA60001E800FFCFF07FCFF07F8FF01C07F0000BE
:10EA700000000E00000070000E38000E38000E1C62
:10EA8000000E0E000EFEFF0FFEFF0FFEFF0FFEFF3B
:10EA90000F00000E00000E00000E00000E0000002F
:10EAA0000E00000060000F78800F7CC00F7CE00F2C
:10EAB0001EF00F0EF80E0E7C0E0E3E0E1E1F0EFEEA
:10EAC0000F0EFC070EF8030EF0010E0000000E0002
:10EAD00000003080013880033C80073C800F1E001E
:10EAE0000F0E0E0E0E0E0E0E0E0E1E1F0FFEFF0F41
:10EAF000FCFB07FCF903F0E0010000000F00000040
:10EB000000F00000F80000FE0080EF00C0E700F019
:10EB1000E1007CE0003EE000FEFF0FFEFF0FFEFF85
:10EB20000FFEFF0F00E00000E0000E00000000807C
:10EB300001F88703FE8707FE870FFE070F0E030EFF
:10EB40008E030E8E030E8E070F8EFF070EFF070E2D
:10EB5000FE0300FC000000000E000000C07F00F07B
:10EB6000FF01F8FF07FCFF073E0E0F0E070E0E0712
:10EB70000E0E070E1E0F0F3EFF0F3CFE0738FE0362
:10EB800030F8010000000E0000000E00000E000032
:10EB90000E00000E000F0EE00F0EF80F0EFE0F8E8F
:10EBA000FF00CE0F00FE0300FE00003E00001E002E
:10EBB000000000000E000000F0E001F8FB03FCFB89
:10EBC00007FEFF0F1E1F0F0E0E0E0E0E0E0E0E0E68
:10EBD0001E1F0FFEFF0FFCFB07FCFB03F0E0010014
:10EBE00000000E000000F08301F88703FC8F07FE91
:10EBF0009F0F1E1E0F0E1C0E0E1C0E0E1C0E1E8EC8
:10EC00000FFCFF07FCFF03F8FF01C07F00000000BE
:10EC1000000000000000005F000000070007001473
:10EC20007F147F14242A7F2A122313086462364932
:10EC30005522500005030000001C22410000412223
:10EC40001C00082A1C2A0808083E0808005030004A
:10EC5000000808080808006060000020100804028E
:10EC60003E5149453E00427F4000426151494621A4
:10EC700041454B311814127F1027454545393C4A10
:10EC80004949300171090503364949493606494960
:10EC9000291E0036360000005636000000081422F7
:10ECA00041141414141441221408000201510906DD
:10ECB000324979413E7E1111117E7F494949363EE4
:10ECC000414141227F4141221C7F494949417F09FD
:10ECD0000901013E414151327F0808087F00417F10
:10ECE00041002040413F017F081422417F404040C5
:10ECF000407F0204027F7F0408107F3E4141413E75
:10ED00007F090909063E4151215E7F0919294646BE
:10ED10004949493101017F01013F4040403F1F20E7
:10ED200040201F7F2018207F631408146303047899
:10ED30000403615149454300007F4141020408102A
:10ED40002041417F00000402010204404040404055
:10ED5000000102040020545454787F484444383859
:10ED600044444420384444487F3854545418087E5E
:10ED7000090102081454543C7F0804047800447DBF
:10ED800040002040443D00007F10284400417F4067
:10ED9000007C041804787C0804047838444444381F
:10EDA0007C14141408081414187C7C080404084803
:10EDB00054545420043F4440203C4040207C1C20BC
:10EDC00040201C3C4030403C44281028440C50500B
:10EDD000503C4464544C44000836410000007F001D
:10EDE00000004136080008082A1C08081C2A0808E8
:10EDF0006070787C7E1C362A361C303E3F3E3007E1
:10EE0000087F09077C444444387C7C4444387C7C3B
:10EE10007C44387C7C7C7C381E3276321E000002BA
:10EE200005020000FEE7FEE7FEE7FEE7FEE77047AB
:10EE30007047704780B500F05FF824480168491CAE
:10EE4000016023480168491C01600168C92918D381
:10EE5000002101601F490878002802D101200870B4
:10EE600001E0002008700878012805D10122012165
:10EE70001948F3F79EF804E0002201211648F3F741
:10EE800098F801BD80B51548FBF711FB01BD80B5B1
:10EE90001348FBF70CFB01BD80B51248F7F7D0FD16
:10EEA00001BD80B51048F7F7CBFD01BD80B50F4817
:10EEB000FEF7C2F801BD80B50D48FBF7F8FA01BDB9
:10EEC00080B50C48F7F7BCFD01BD00009C28002070
:10EED0007C280020C028002000080048B42600201C
:10EEE0006C26002054210020DC21002078270020FF
:10EEF00024260020CC20002003480168034A127811
:10EF000089180160704700BF78280020370C002066
:10EF1000F0B40246106895681318506803EB50046B
:10EF2000C0071CD54D441AE013F8017B05F8017B9E
:10EF3000491EF9D198B113F8011BC6F38106032EBF
:10EF400008BF13F8016B01EB06214942801C2944DC
:10EF500005D011F8016B05F8016B401EF9D1A342F1
:10EF60000ED013F8016B16F0030104BF13F8011B58
:10EF7000C91C30090F28DBD113F8010B0F30D7E77C
:10EF8000F0BC02F10C007047494420536C61766577
:10EF90003A20000000000000000000000000000017
:10EFA0000000000000000000000000000000000061
:10EFB000000000000000000000000000425220534A
:10EFC0006C6176653A20000000000000000000003F
:10EFD0000000000000000000000000000000000031
:10EFE0000000000000000000000000000000000021
:10EFF000A0860100400D0300801A060000350C00B9
:10F0000040420F0080841E0000093D0000127A007B
:10F010000024F40000366E010048E801006CDC02B8
:10F0200025DC00080000000055DC000863DC000857
:10F0300085DC00089BDC0008A3DC0008B9DC0008C4
:10F04000D7DC0008DBDC0008EDDC000830313233AF
:10F050003435363738396162636465666768696A72
:10F060006B6C6D6E6F707172737475767778797A78
:10F070000000000030313233343536373839414200
:10F08000434445464748494A4B4C4D4E4F505152D8
:10F09000535455565758595A0000000010B50749A7
:10F0A00079441831064C7C44163404E00A68081D83
:10F0B000114488470146A142F8D110BD2C00000040
:10F0C000480000004EF68851CEF20001086840F476
:10F0D00070000860BFF34F8FBFF36F8F4FF0007069
:10F0E000E1EE100A704700004360FFFF941C00002F
:10F0F0003C0C00200000000019FEFFFF0408000087
:10F10000AA0A000000000020616C61726D20666137
:10F11000696C3A2025642D25643A25643A25643AC1
:10F1200025640D0A0000000000F00DF8002801D051
:10F13000FFF7B4FFAFF300800020AFF30080FAF7D1
:10F1400058FD00F002F80120704700F001B80000FF
:10F1500007463846FEF740FDFBE70000755F61702B
:10F16000705F636F6D6D3A2074782074696D65729D
:10F170002063620D0A000000755F6170705F636F4D
:10F180006D3A2075617274202564206572726F7209
:10F19000210D0A00755F6170705F636F6D6D3A20BD
:10F1A00073657420727463210D0A000073616F76B9
:10F1B00069657467726F75702E636F6D2E766E0061
:10F1C000535654485F53564D5F444C535F56315F1E
:10F1D000315F310061742B72646C617374666F729D
:10F1E0006C6F673D0000000061742B72646C61738A
:10F1F00074666F726F706572613D000061742B728E
:10F20000646C617374666F726576656E743D000040
:10F2100061742B72646C617374666F726770733D96
:10F220000000000061742B726573746F7265736CFB
:10F230006176653F0000000053565F454E56495FBA
:10F24000434D5F4E4F330000456E74657220506130
:10F250007373776F72640000312E4D6F6462757343
:10F260002052545500000000362E496E666F726DB4
:10F270006174696F6E000000534554204D4F444245
:10F280005553205254550000312E4944202020204F
:10F2900020203A2000000000322E42617564726125
:10F2A00074653A200000000043414C494220534518
:10F2B0004E534F520000000052414E4745205345E7
:10F2C0005454494E47000000537563636573736679
:10F2D000756C6C7921000000000000000000000047
:10F2E0000102030406070809526573746F726520F2
:10F2F0004F4B210D0A00000061742B6D7174746D09
:10F3000061696E3D0000000061742B6D7174746D55
:10F3100061696E3F0000000061742B6D717474624E
:10F3200061636B75703D000061742B6D7174746264
:10F3300061636B75703F000061742B726573657457
:10F3400070756C73653F000061742B666C6F777429
:10F3500068726573683D000061742B666C6F77742A
:10F3600068726573683F000061742B7175616E741B
:10F3700068726573683D000061742B7175616E740D
:10F3800068726573683F000061742B626174746811
:10F39000726573683D00000061742B62617474686B
:10F3A000726573683F00000061742B65726173655C
:10F3B0006D656D3F0000000061742B6677766572A5
:10F3C00073696F6E3F00000061742B6C6F67696E2C
:10F3D0006465783F0000000061742B72646C617397
:10F3E000746C6F673F00000061742B6C6576656C10
:10F3F00063616C69623D000061742B6C6576656CBD
:10F4000063616C69623F000061742B6C6576656CAA
:10F410007468726573683D0061742B6C6576656C09
:10F420007468726573683F0061742B6578626174FB
:10F430007468726573683D0061742B6578626174ED
:10F440007468726573683F0061742B776D636861DF
:10F450006E6E656C3D00000061742B776D636861B2
:10F460006E6E656C3F00000061742B6D6F64696E99
:10F47000666F723D0000000061742B6D6F64696EF1
:10F48000666F723F0000000061742B7072657373C9
:10F49000696E666F723D000061742B7072657373E4
:10F4A000696E666F723F000061742B7265736574DC
:10F4B000736C6176653F0000014880470148004752
:10F4C000C9F4000825F700080248016851F47001EA
:10F4D0000160704788ED00E054656D7020203A208F
:10F4E00000000000332E4F66667365740000000054
:10F4F000342E5761726E696E67000000312E5A65B6
:10F50000726F203A20000000322E536C6F70653A03
:10F5100020000000312E4E4F3320203A2000000002
:10F52000322E54656D70203A200000005741524E33
:10F53000494E47204E4F3300312E4D6F6465203ABF
:10F5400020000000322E55707065723A20000000D5
:10F55000332E4C6F7765723A20000000312E555FD4
:10F560004E4F332D3A200000322E4C5F4E4F332D3C
:10F570003A200000332E555F54656D703A2000002C
:10F58000342E4C5F54656D703A2000002A56657227
:10F5900073696F6E00000000576562736974653AA5
:10F5A00000000000C1C50008CBC50008E9C500087F
:10F5B0005265736574204F4B210D0A0061742B73E3
:10F5C0006572693D0000000061742B736572693FCC
:10F5D0000000000061742B73696D736572693F00F0
:10F5E00061742B73777365727665720061742B6436
:10F5F0007574793D0000000061742B647574793F67
:10F600000000000061742B667265716D696E3D00CB
:10F6100061742B667265716D696E3F0061742B7346
:10F62000617665626F783F0061742B6E756D7761EE
:10F630006B653D0061742B726561646C6F673D00A2
:10F6400061742B70756C73653D00000061742B70E4
:10F65000756C73653F00000061742B6465627567AB
:10F660003D00000061742B64656275673F00000017
:10F6700061742B6D72657365743F000061742B7546
:10F6800073657275726C3D0061742B75736572667B
:10F6900074703D0061742B746573746C6F673F0008
:10F6A00061742B726561646C6F673F0061742B73CA
:10F6B0006C6176653D00000061742B736C6176654A
:10F6C0003F00000061742B6F6E74656D683F000031
:10F6D00061742B6F666674656D683F0061742B6999
:10F6E00064736C6176653F0061742B6964736C614F
:10F6F00076653D0061742B6272736C6176653F00C4
:10F7000061742B6272736C6176653D001F1C1F1E55
:10F710001F1E1F1F1E1F1E1F1F1D1F1E1F1E1F1F00
:10F720001E1F1E1FAFF30080FFF7CCFCFFF7FCFC91
:10F730004E4F335F4E2E00006D672F4C00000000CF
:10F740004C6F6767696E000053455454494E47003B
:10F75000322E43616C696200352E52616E6765001E
:10F760004E4F333A20000000206D672F4C00000000
:10F77000332E5265736574004F464653455400005E
:10F78000496E666F722E00002A4D6F64656C000032
:10F7900000000000010203046422002000000000B9
:10F7A00064230020000000004552524F5200000028
:10F7B0000000000000000000000000000C0000003D
:10F7C000000000000C00000061742B7274633D00A7
:10F7D00061742B7274633F0061742B6770733F0018
:10F7E00061742B656E640000E423002000000000BB
:10F7F0003C4E554C4C3E0000252E2A660000000071
:10F80000686A6C747A4C00004F4646004F4E000008
:10F8100020894300FFF7FEBFFFF7FEBFFFF7FEBFE3
:10F82000FFF7FEBFFFF7FEBFFFF7FEBFFFF7FEBF0C
:10F83000FFF7FEBFFFF7FEBFFFF7FEBFFFF7FEBFFC
:10F84000FFF7FEBFFFF7FEBFFFF7FEBFFFF7FEBFEC
:10F85000FFF7FEBFFFF7FEBFFFF7FEBFFFF7FEBFDC
:10F86000FFF7FEBFFFF7FEBFFFF7FEBFFFF7FEBFCC
:10F87000FFF7FEBFFFF7FEBFFFF7FEBFFFF7FEBFBC
:10F88000FFF7FEBFFFF7FEBFFFF7FEBFFFF7FEBFAC
:10F89000FFF7FEBFFFF7FEBFFFF7FEBFFFF7FEBF9C
:10F8A000FFF7FEBFFFF7FEBFFFF7FEBFFFF7FEBF8C
:10F8B000FFF7FEBFFFF7FEBFFFF7FEBFFFF7FEBF7C
:10F8C000FFF7FEBFFFF7FEBFFFF7FEBFFFF7FEBF6C
:10F8D000FFF7FEBFFFF7FEBFFFF7FEBFFFF7FEBF5C
:10F8E000FFF7FEBFFFF7FEBFFFF7FEBFFFF7FEBF4C
:10F8F000FFF7FEBFFFF7FEBFFFF7FEBFFFF7FEBF3C
:10F90000D0033132333400014008F4010000932366
:10F91000000801011A1003D0070000E51052022967
:10F9200012640850038D2400080310500788130048
:10F930000009250008041021281287105205101212
:10F940000A0812BB1012060852050412D31061787F
:10F95000F00306FFFEFFFF0001216CF0010CE8033D
:10F960000001100338F200080E23123101B2200109
:10F9700020100000456E74657220746F205365740A
:10F980007570000020100557616974696E670B413E
:10F9900010200320446F6E65095200103003457239
:10F9A000726F721F40050008F800080CF8AC433075
:10F9B000F70892078F92010C21A74738F708250412
:10F9C00043D8F43021181210442138210CF20140A0
:10F9D00048220134C348F218900302180001056060
:10F9E00061182402033000014CF201484822020C45
:10F9F000E25848200112000211D2503012031812AE
:10FA0000090CC3E4F41812041825B4D2F018120536
:10FA100018220B60D148120618120C0CD26878120A
:10FA20000718120D0CD2781811012603B08B88F23A
:10FA30000421011003020400030F115298186950A9
:10FA400012031812100CF201A8481304110C526092
:10FA500090652C230205C380020000FCF4183B686B
:10FA6000F7B01A04ABC0010008F5181168130414AC
:10FA70000CD270D811201304150CF6017868130508
:10FA8000160CD2144815F41305170C92201825F8FB
:10FA900011781305180CF3002CF5481306190CD235
:10FAA0003818114813061A0CD24460114813061B6B
:10FAB0000CF20150C013061C0CF601B82013071DF0
:10FAC0000CF2015CA823071E0CF1016013071F0C48
:10FAD000D274C011602E070C03D2801811082307BE
:10FAE0002118F501201308220CE28CD880031C0099
:10FAF0000823000179881002040008240CD28848E9
:10FB0000120430F2022530120530F20326481002AA
:10FB1000180009270CD6C808F004010318020A10BF
:10FB20000001E20114B3093D126002A5C1000824DE
:10FB300029208FB1C1040521108F27C2040521019E
:10FB40001233105204312DB4048F4FC20405210129
:10FB50004F55C204056101125B102802C0F1000874
:10FB600094E0023C0C00208F80041D4200081D42DE
:10FB70008421081223104351428852010412C910F3
:10FB800043F7428C5202044365433C2D44036D907D
:10FB90000452BF14219452061443194414211052E4
:10FBA00008145271142540520A6452C71421245279
:10FBB0000B1452F5142D4404520C14432345142104
:10FBC00038520D145251142138520E14527B142104
:10FBD000384300101412A51412D304313842108C8B
:10FBE0004C044F460008AD46E00552031410036D67
:10FBF000470008C70412B0D912607D1EC0ED031A79
:10FC000080291340381D124B0C1DE805130096186F
:10FC100012DA0812E1045403C20100E422607F01F9
:10FC20000084064F09D7E4066110471BD758210C02
:10FC300025E01249105203201003E09304006D10D8
:10FC400061401A106947312E9C211012DC05834354
:10FC50002E40210447AD2E94210C2D540747ED2E44
:10FC60009021102D340717A32F8C5150100360EAF8
:10FC70000000B71092061012BD1022076111012D6D
:10FC80008407176B308051202D180712EF106B84FA
:10FC90002838C802803F64244447BCF5B051435320
:10FCA00000C81069C447D4F59469C447F8F2906D50
:10FCB00078054308F3105205104718F38869C452B9
:10FCC00028106D680352E05052081052EC7062091F
:10FCD000605110520A104304F630520B10521010AB
:10FCE000520C10523860520D108B1CF644210152F8
:10FCF0002810520F105234106DEC0352484052112C
:10FD0000105258105212105268105213105278109C
:10FD10005214104B88F38C52151052981052161032
:10FD20004B40F6FC521710524C105218104FC8F7A7
:10FD3000440352191052D010521A10525830521B0C
:10FD400010526410521C104F70F64803521D10568A
:10FD5000A890521E1052B890521F10567C00690590
:10FD600052881052211052C8405222105294206DD5
:10FD7000940552A01052241052D8606D84051ED4F0
:10FD8000AC04255C6D7C0512E810254C52271052FE
:10FD9000FC10622820555052291052F810522A1097
:10FDA0001E08A00725BC522B10521810622C80553B
:10FDB00030522D104310F280522E1056AC30522F7C
:10FDC0001052B81052301052285052311052381080
:10FDD00052321056C46052331056D0006D110B478A
:10FDE00048F4005235105258105236104768F450FB
:10FDF0005237105278105238104388F4F0523910AC
:10FE0000529810523A1052A810523B105224E0520D
:10FE10003C1052DC906D960652E810523E1052F49F
:10FE200010533F000142F7105241104FE0F7D80540
:10FE30004BEC1A1343EC1C0810034CF0000874043C
:10FE4000F309EE530452FF01E3A651141D500400C0
:05FE500002032D010377
:040000050800F725D3
:00000001FF
