:020000040800F2
:10000000E82E0020990F0108290901082B09010891
:100010002D0901082F09010831090108000000001D
:10002000000000000000000000000000330901088B
:1000300035090108000000003709010839090108E5
:10004000C1130108C5130108C9130108CD13010824
:10005000D1130108D5130108D9130108DD130108D4
:10006000E1130108E5130108E9130108ED13010884
:10007000F113010889090108F51301089309010822
:10008000F9130108FD130108011401080514010802
:10009000091401080D1401081114010815140108B0
:1000A000191401081D140108211401082514010860
:1000B0002914010800000000000000002D140108B0
:1000C0003114010835140108391401083D140108E0
:1000D000411401089D09010845140108A7090108F8
:1000E00049140108B10901080000000000000000E7
:1000F0000000000000000000000000000000000000
:10010000000000004D140108000000005114010817
:1001100000000000000000005514010859140108F7
:100120005D140108611401086514010869140108CF
:100130006D14010800000000000000000000000035
:100140007114010875140108791401087D1401085F
:1001500081140108BB090108C509010885140108BB
:10016000891401088D140108911401080000000091
:1001700095140108991401089D140108000000005D
:10018000A1140108A5140108A914010810B5040060
:100190000121DFF8000C02F0E4F9012010BD30B5B8
:1001A00087B004001421002202AD280002F0F4F907
:1001B000DFF8EC0BD0E90023CDE9002302A8009082
:1001C000DFF8E45B2978684600F029FA287868703F
:1001D000BDF80410009801F01AF800202870DFF82C
:1001E000B45B0221280002F0ADF90321280002F0DF
:1001F000B8F92100C9B2280002F0B3F9012007B014
:1002000030BD10B50400DFF8A81B8888002810D086
:10021000DFF8A00B02888B889A4208D10021018068
:100220000321DFF8700B02F08DF9012008E08988C6
:1002300001802100C9B2DFF85C0B02F092F90120C5
:1002400010BD2DE9F041040000250026DFF8607B99
:10025000B88803283DDB3868B988084410F8010CD9
:100260003968BA88114411F8021C51EA00210E00C5
:10027000B988891E386802F0C2F9050028003100EB
:1002800080B289B288421DD10721DFF8080B02F045
:1002900068F93868007809280DD1DFF80C8B012146
:1002A00098F8010000F0D4F998F80120D7E900018E
:1002B00000F0BEF913E00021DFF8EC0A407800F00E
:1002C000C7F90CE00021DFF8E00A407800F0C0F93F
:1002D00005E00021DFF8D00A407800F0B9F9DFF836
:1002E000C80A407800F0F6F80221DFF8A80A02F008
:1002F0004AF90120BDE8F0810100DFF8C00A027868
:10030000032A01D0042202700120704710B50400B6
:100310002100C9B2DFF87C0A02F023F9012010BDE8
:1003200010B50400DFF89C0A0178012936D1DFF806
:10033000981AC978012931D1DFF8901A91ED040A91
:10034000D0ED020AB4EE600AF1EE10FA08DA91ED8F
:10035000040AD0ED010AB4EE600AF1EE10FA0ED5EF
:1003600001224FF400615FF0904002F0ACFC0122EA
:100370004FF480515FF0904002F0A5FC1CE0002299
:100380004FF400615FF0904002F09DFC00224FF4BA
:1003900080515FF0904002F096FC0DE000224FF497
:1003A00000615FF0904002F08EFC00224FF480511B
:1003B0005FF0904002F087FCDFF8D8094FF47A71C3
:1003C00081662100C9B202F0CCF8012010BD38B519
:1003D0000400DFF8FC19087800281FD101200870FC
:1003E000DFF8F05901221021280002F06CFC0022F5
:1003F0000821280002F067FC00220421DFF8D80958
:1004000002F061FC4FF4FA60DFF88819886702F0A7
:10041000B5FC02F05EFE02F04DFE12E00020087016
:1004200001220821DFF8AC0902F04DFC0122042171
:10043000DFF8A40902F047FC4EF66020DFF85419FB
:1004400088672100C9B2DFF84C0902F08AF8012060
:1004500032BD10B50400DFF874190878002803D104
:10046000002081F838001AE0DFF8BC0C8278042AFA
:100470000ED082780A2A02D1027A042A08D0827821
:10048000052A05D082780A2A06D1007A052803D1E8
:10049000032081F8380002E0022081F83800DFF8FC
:1004A0002809C078012806D1012081F839000120EF
:1004B00081F83A0005E0002081F83900002081F839
:1004C0003A002100C9B2DFF8CC0802F04AF8012056
:1004D00010BD000070B52DED028B04009FEDBA8AAF
:1004E0002000C0B2002874D1DFF8E05895ED010A71
:1004F000DFEDB60A20EE200ABDEEC00A10EE100AAB
:1005000000F0F6FA85ED010ADFF8446D68683060A6
:1005100096ED000A00F062FC86ED010A70686860E2
:1005200095ED010A00F052FB85ED040A95ED030AF2
:1005300000F0ACFB85ED060A95ED020A00F0A8FB81
:1005400085ED050A95ED060AD5ED090A30EE200A7B
:10055000DFF8500CD0ED020AF4EE400AF1EE10FA8A
:1005600002D5D0ED020A0BE0D0ED030AB4EE600A2A
:10057000F1EE10FA02D5D0ED030A01E0F0EE400AE8
:10058000C5ED060AD5ED050A95ED081A70EE810A4B
:10059000C5ED050AD5ED040A95ED071A30EE818AFE
:1005A000D0ED000AF4EE480AF1EE10FA02D590ED13
:1005B000000A0BE090ED010AB4EE408AF1EE10FA69
:1005C00002D590ED010A01E0B0EE480A85ED040A7B
:1005D000FFE7DFF8F8572878002807D10020686087
:1005E00095ED010A00F0F2FA85ED040A287800285A
:1005F00007D10020E86095ED030A00F047FB85ED88
:10060000060A2878002807D10020A86095ED020A84
:1006100000F0DCFA85ED050ABDEC028B70BD38B543
:1006200004000D002900C9B2200000F01BF831BD04
:1006300070B504000D00160020000078C0B2092833
:1006400005D13200D2B22000290000F0C1F870BDFF
:1006500038B504000D002900C9B22000C0B200F076
:10066000BBF931BD3EB504000D002800C0B2002822
:100670000FD0022820D015D3042831D026D3062845
:100680004DD037D3082874D05ED3092800F0868077
:1006900099E006200090002303220921200001F0A8
:1006A000CCFF90E0012000904FF4805303220921F9
:1006B000200001F0C2FF86E00120009041F2040317
:1006C00003220921200001F0B8FF7CE00120009006
:1006D0004FF4815303220921200001F0AEFF72E0A4
:1006E0000120009041F2240303220921200001F09F
:1006F000A4FF68E0DFF8FC0D818802290ED10168B3
:1007000001918088022190FBF1F080B200904FF4BB
:10071000805306220921200001F0DDFF53E0DFF8BD
:10072000D40D818802290ED10168019180880221AF
:1007300090FBF1F080B2009041F2040306220921FF
:10074000200001F0C8FF3EE0DFF8A80D81880229F3
:100750000ED1016801918088022190FBF1F080B2F6
:1007600000904FF4815306220921200001F0B3FFCD
:1007700029E0DFF8800D818802290ED101680191FE
:100780008088022190FBF1F080B2009041F22403B6
:1007900006220921200001F09EFF14E0DFF8540D2D
:1007A000818802290ED1016801918088022190FB85
:1007B000F1F080B2009042F22003062209212000CD
:1007C00001F089FFFFE737BD000000000000C842CC
:1007D0002DE9F0472DED048B84B004000D00924606
:1007E0000020ADF808009FED988A00265046C0B260
:1007F000002810D0401E00F08B80401E00F09F802B
:10080000401E00F0B380401E00F0C780401E042848
:1008100040F2DA80DBE00320ADF80800022202A9F2
:10082000200000F0C1FC08EE900A022202A920007C
:1008300000F0BAFC8146DFF89475B8EE680A10EE55
:10084000100A02F069FCCDE90001484602F088FC7C
:1008500041EC110B9FED7D0B02F097FC53EC102B3C
:10086000DDE9000102F09AFC02F0BCFD7860022292
:1008700002A9200000F098FC09EE100A022202A949
:10088000200000F091FC8046B8EE490A10EE100AF4
:1008900002F042FCCDE90001404602F061FC41EC6F
:1008A000110B9FED6A0B02F070FC53EC102BDDE98D
:1008B000000102F073FC02F095FDF860022202A92B
:1008C000200000F071FC00EE100AB0EE408A022217
:1008D00002A9200000F068FC0600B8EE480A10EEFD
:1008E000100A02F019FCCDE90001300002F038FCDA
:1008F00041EC110B9FED550B02F047FC53EC102B14
:10090000DDE9000102F04AFC02F06CFDB8605EE037
:100910000320ADF80800022202A9200000F044FCE8
:1009200000EE100AB0EE408AB8EE480AF2EE040A71
:1009300080EE200ADFF8940480ED0A0A47E00320E5
:10094000ADF80800022202A9200000F02DFC00EE04
:10095000100AB0EE408AB8EE480AF2EE040A80EEC1
:10096000200ADFF8680480ED0B0A30E00320ADF8C0
:100970000800022202A9200000F016FC00EE100A76
:10098000B0EE408AB8EE480AF2EE040A80EE200A81
:10099000DFF8380480ED0C0A19E00320ADF80800F8
:1009A000022202A9200000F0FFFB00EE100AB0EEC8
:1009B000408AB8EE480AF2EE040A80EE200ADFF818
:1009C0000C0480ED0D0A02E000F08FFBFFE704B09D
:1009D000BDEC048BBDE8F0870200D2B2002A092AE0
:1009E0001BD80A00D2B2012A0ED1DFF8E02300237F
:1009F0005370012313700200D2B2002A0CD10122DD
:100A0000DFF8C433DA7007E0DFF8C0235378032B34
:100A100002DA53785B1C5370FFE7DFF8B0335A7883
:100A2000002A0FD05A78032A0CDB00221A70002209
:100A30005A600022DA6000229A620022DA62002202
:100A4000E14BDA7070470000000000000000000079
:100A5000000024402DE9F04100242500EDB20A2DCC
:100A600043DA00252E00F6B2092E3CDA2E00F6B24B
:100A700001EB860676682F00FFB251F82770BE4260
:100A80002FDA00262F00FFB251F82770AC465FFA2C
:100A90008CFC01EB8C0CDCF804C0AE465FFA8EFED9
:100AA00041F82EC0AC465FFA8CFC01EB8C0CCCF804
:100AB0000470AC465FFA8CFC50F82CC0AE465FFA6E
:100AC0008EFE00EB8E0EDEF804E0A8465FFA88F892
:100AD00040F828E0AE465FFA8EFE00EB8E0ECEF8B0
:100AE00004C06D1CBEE7641CB7E7BDE8F0810000E0
:100AF00038B52DED028B04009FED958ADFF8FC1BC5
:100B0000087800282AD10120087000210800C0B20E
:100B10000A2815DA0800C0B2DFF8E42B0B00DBB2BC
:100B200042F82300DFF8DC2B0800C0B252F82000A6
:100B3000002803D10800C0B242F82040491CE5E774
:100B4000DFF8C05B092300222900DFF8B40BFFF7B0
:100B500081FF95ED050AB8EEC00A30E000200100E3
:100B6000C9B20A291EDADFF8981B0200D2B251F886
:100B70002220092A0BD100220300DBB241F82320F6
:100B8000DFF8801B0200D2B241F8224008E00200E8
:100B9000D2B251F82220521C0300DBB241F82320CC
:100BA000401CDCE7DFF85C5B092300222900DFF84A
:100BB000500BFFF74FFF95ED050AB8EEC00ADFEDC9
:100BC000740A80EE200ABDEC028B31BDF0EE400AC3
:100BD0009FED711A9FED713ADFED5D3AF5EE400A37
:100BE000F1EE10FA40D0F0EE603A9FED6E0ADFF8B9
:100BF000300C90ED004A34EE634AB4EE404AF1EE18
:100C000010FA08DA90ED004A33EEC44AB4EE404AD6
:100C1000F1EE10FA03DB9FED650A21EE001ADFF812
:100C2000040C90ED000AF0EE401ADFF8FC1B91ED89
:100C3000000A30EE010AB0EE402A32EE030A82EEDC
:100C4000000AF0EE402A33EEE10AB0EE614A00EE0F
:100C5000224A80ED004AB7EE000A30EE620A20EE2A
:100C6000020A81ED000A08E0DFF8BC0B5FF07E515C
:100C70000160DFF8B00B00210160DFF8A80BDFF89E
:100C8000A01B02680A6090ED000A704770470000E0
:100C9000F0EE400A9FED401A9FED403ADFED2C3A0E
:100CA000F5EE400AF1EE10FA40D0F0EE603A9FED1A
:100CB000420ADFF8780B90ED004A34EE634AB4EE56
:100CC000404AF1EE10FA08DA90ED004A33EEC44AD9
:100CD000B4EE404AF1EE10FA03DB9FED340A21EE48
:100CE000001ADFF84C0B90ED000AF0EE401ADFF826
:100CF000441B91ED000A30EE010AB0EE402A32EEBC
:100D0000030A82EE000AF0EE402A33EEE10AB0EE6A
:100D1000614A00EE224A80ED004AB7EE000A30EE4A
:100D2000620A20EE020A81ED000A08E0DFF8040BF7
:100D30005FF07E510160DFF8F80A00210160DFF802
:100D4000F00ADFF8E81A02680A6090ED000A7047BE
:100D500000000000F0EE402A9FED193AF4EE601A10
:100D6000F1EE10FA04D0B4EE412AF1EE10FA02D1FD
:100D7000B0EE620A0BE032EEE00A72EE413A20EE8B
:100D8000230A71EEE03A80EE230A30EE010A704742
:100D90000000C8424008002095BFD63317B7D138AD
:100DA0005413010801002041D02A002000007A4499
:100DB000080D0020CE2A0020CDCC4C3E7C00002027
:100DC000000000005C2A0020982A0020B82800209B
:100DD000DD2A002000040048000C0048F8B52DED85
:100DE000028B9CB0B0EE408A0024DFF86414087ACD
:100DF00000280DD00CAA2300DBB20C20434302EBE9
:100E0000030011F1080292E8680080E86800641CA1
:100E1000087D00280DD00CAA2300DBB20C20434330
:100E200002EB030011F1140292E8680080E8680008
:100E3000641C91F8200000280DD00CAA2300DBB21E
:100E40000C20434302EB030011F1200292E86800FA
:100E500080E86800641C91F82C0000280CD00CAAD3
:100E60002300DBB20C20434302EB03002C3191E85A
:100E70002C0080E82C00641C2000C0B2022802DA9A
:100E8000B0EE480A2DE100200100C9B22200D2B222
:100E9000521E91423EDA411C0A002300D2B2DBB25C
:100EA0009A4235D20C220CAB0D00EDB255432B44C7
:100EB00093ED010A0CAB0500EDB255432B44D3ED85
:100EC000010AB4EE600AF1EE10FA1FD50CAB18ADB2
:100ED0000600F6B256431E4496E8805085E88050DE
:100EE0000500EDB255431D440E00F6B256431E44B4
:100EF00096E8805085E880500D00EDB202FB05F2C7
:100F00001A4418AB93E8E00082E8E000491CC3E70C
:100F1000401CB9E700200100C9B22200D2B2521E23
:100F2000914236DA0C210CAA0300DBB24B431A447F
:100F300092ED010A0CAA0300DBB24B431A44D2ED36
:100F4000040AB4EE600AF1EE10FA12D00CAA030003
:100F5000DBB24B431A4492ED020A0CAA0300DBB247
:100F60004B431A44D2ED050AB4EE600AF1EE10FAD2
:100F70000DDB00220CAB0500EDB24D435A550CAA17
:100F80000300DBB201FB03F1114400220A73401C91
:100F9000C1E70025002108002200C0B2D2B2904271
:100FA00018D20C220CAB0800C0B25043185C0028C9
:100FB0000ED068462E00F6B2564330440E00F6B20C
:100FC00002FB06F21A4492E8C80080E8C8006D1CD3
:100FD000491CE0E72800C0B2022802DAB0EE480A55
:100FE0007FE0684690ED010AB4EE480AF1EE10FA8F
:100FF0000CDB90ED052AD0ED041A90ED021AD0ED2D
:10100000010AB0EE480AFFF7A5FE6AE000263000AC
:10101000C0B22900C9B2491E88423CDA0C20694698
:101020003200D2B24243114491ED010AB4EE408A3B
:10103000F1EE10FA2DDB69463200D2B24243114480
:1010400091ED040AB4EE480AF1EE10FA21DB69468C
:101050003200D2B24243114491ED052A6946320072
:10106000D2B242431144D1ED041A69463200D2B2E1
:101070004243114491ED021A69463200D2B200FB9C
:1010800002F00844D0ED010AB0EE480AFFF762FE14
:1010900027E0761CBBE70C2069462A00D2B2424307
:1010A0001144091F91ED002A69462A00D2B2424339
:1010B00011440839D1ED001A69462A00D2B24243E0
:1010C0001144103991ED001A69462A00D2B200FB92
:1010D00002F008441438D0ED000AB0EE480AFFF7D9
:1010E00039FE1CB0BDEC028BF1BD80B50320DFF8EA
:1010F000401A08700421DFF8700E01F044FA322023
:1011000002F0C4FB01BD80B5DFF8280A0078DFF8E3
:10111000281A08700220DFF8181A08700421DFF876
:10112000480E01F01EFA01BD302A00202DE9F041E1
:1011300004000D0016002F00DFF8B883404603F0CE
:1011400083F8300080B2022802D004280BD01DE0C2
:101150007878D8F8001008703878D8F800104870FF
:10116000A8F8046015E07878D8F80010087038788E
:10117000D8F800104870F878D8F800108870B8785F
:10118000D8F80010C870A8F8046002E00020A8F8A1
:101190000400DFF8A00904700120DFF8941908703A
:1011A000BDE8F081402A0020F0B4030000200C8844
:1011B0001500EDB2042D16D12500ADB21D44AE7858
:1011C0002500ADB21D44ED7855EA06252600B6B2DD
:1011D0009E5D2700BFB21F447F7857EA062757EA73
:1011E000054738000DE01500EDB2022D09D12500AC
:1011F000ADB25D5D2600B6B21E44767856EA05268D
:1012000030000D8855FA82F50D80F0BC704770B53E
:1012100004000D00DFF8C46B01224FF48051300050
:1012200001F051FD0A2003F0D5F801F03BFF4FF427
:101230007A732A0092B22100DFF8400E03F01BF906
:1012400000224FF48051300001F03DFD70BD0000E0
:10125000F42800202DE9F0472DED048B8EB0B0EE80
:10126000409AB0EE608AF0EE418A322100226C464C
:10127000200001F091F90024002500260027DFF866
:1012800060AB8AED079A8AED088ACAED098A9AED61
:10129000070A04F08BFA80469AED080A04F086FAF1
:1012A00081469AED090A04F081FA82466846414671
:1012B000090E2200D2B28154641C4146090C22005E
:1012C000D2B28154641C4146090A2200D2B2815430
:1012D000641C2100C9B200F80180641C4946090E53
:1012E0002200D2B28154641C4946090C2200D2B2B9
:1012F0008154641C4946090A2200D2B28154641CFC
:101300002100C9B200F80190641C5146090E220068
:10131000D2B28154641C5146090C2200D2B28154CD
:10132000641C5146090A2200D2B28154641C210077
:10133000C9B200F801A0641C2200D2B292B2694680
:10134000DFF8580B04F0BAFA0EB0BDEC048BBDE820
:10135000F087F8B5002400250026DFF8400B007860
:10136000C0B2FF2856D0DFF8380B0178C9B20906A1
:10137000DFF8300B0078C0B251EA0041DFF8280BEB
:101380000078C0B251EA0021DFF8200B0078C0B22B
:1013900001430C00DFF8180B0178C9B20906DFF829
:1013A000140B0078C0B251EA0041DFF80C0B007852
:1013B000C0B251EA0021DFF8040B0078C0B201434B
:1013C0000D00DFF8FC0A0178C9B20906DFF89C0BB2
:1013D0000078C0B251EA0041DFF8940B0078C0B247
:1013E00051EA0021DFF88C0B0078C0B201430E00F7
:1013F000DFF8EC7917F11C01200004F0FFF817F179
:101400002001280004F0FAF817F12401300004F05C
:10141000F5F807E0DFF8C8090021C1610021016289
:1014200000214162F1BD2DE9F0472DED028B8EB018
:101430000400F0EE408AB0EE608A322100226D4650
:10144000280001F0A9F8002500260027DFF884AB6A
:101450008AF800408AED028ACAED018A9AED020AF2
:1014600004F0A4F980469AED010A04F09FF9814640
:1014700068469AF800102A00D2B281546D1C414689
:10148000090E2A00D2B281546D1C4146090C2A0073
:10149000D2B281546D1C4146090A2A00D2B281544D
:1014A0006D1C2900C9B200F801806D1C4946090E67
:1014B0002A00D2B281546D1C4946090C2A00D2B2CE
:1014C00081546D1C4946090A2A00D2B281546D1C10
:1014D0002900C9B200F801906D1C2A00D2B292B264
:1014E0006946DFF8F40A04F0E9F90EB0BDEC028BAE
:1014F000BDE8F087D008002070B500240025DFF893
:10150000D80A0078C0B2FF283DD0DFF8C86ADFF8FB
:10151000780B00783070DFF8740B0178C9B20906D7
:10152000DFF86C0B0078C0B251EA0041DFF8640BC1
:101530000078C0B251EA0021DFF85C0B0078C0B23D
:1015400001430C00DFF8540B0178C9B20906DFF83B
:10155000500B0078C0B251EA0041DFF8480B007828
:10156000C0B251EA0021DFF8400B0078C0B201435D
:101570000D0016F10801200004F040F8311D28008C
:1015800004F03CF808E0DFF84C0A00210170DFF8B5
:10159000081E81600021416070BD2DE9F84F2DEDDE
:1015A000048B8EB0F0EE409AB0EE608AF0EE418A85
:1015B000B0EE619A3221002201AC200000F0ECFF75
:1015C0005FF0000B00200090002400250026DFF8CB
:1015D000DCAACAED009A8AED018ACAED028A8AED78
:1015E000039A9AED000A04F0E1F807009AED010A67
:1015F00004F0DCF880469AED020A04F0D7F8814640
:101600009AED030A04F0D2F8824601A83900090EC7
:101610005A46D2B281541BF1010B3900090C5A46CB
:10162000D2B281541BF1010B3900090A5A46D2B2D9
:1016300081541BF1010B5946C9B247541BF1010BF0
:101640004146090E5A46D2B281541BF1010B414664
:10165000090C5A46D2B281541BF1010B4146090ACA
:101660005A46D2B281541BF1010B5946C9B200F857
:1016700001801BF1010B4946090E5A46D2B2815432
:101680001BF1010B4946090C5A46D2B281541BF199
:10169000010B4946090A5A46D2B281541BF1010B8B
:1016A0005946C9B200F801901BF1010B5146090ED1
:1016B0005A46D2B281541BF1010B5146090C5A46CD
:1016C000D2B281541BF1010B5146090A5A46D2B2DB
:1016D00081541BF1010B5946C9B200F801A01BF15E
:1016E000010B5A46D2B292B201A9DFF8C40904F044
:1016F000E5F80EB0BDEC048BBDE8F18FDE2A0020CA
:1017000058290020802900202DE9F04100240025DF
:1017100000260027DFF898090078C0B2FF2871D0B2
:10172000DFF890090178C9B20906DFF88C09007862
:10173000C0B251EA0041DFF884090078C0B251EA32
:101740000021DFF87C090078C0B201430C00DFF80B
:1017500074090178C9B20906DFF86C090078C0B2D3
:1017600051EA0041DFF864090078C0B251EA002173
:10177000DFF85C090078C0B201430D00DFF85409BE
:101780000178C9B20906DFF850090078C0B251EA01
:101790000041DFF8A40B0078C0B251EA0021DFF865
:1017A0009C0B0078C0B201430E00DFF8940B017867
:1017B000C9B20906DFF88C0B0078C0B251EA0041CB
:1017C000DFF8840B0078C0B251EA0021DFF87C0B0F
:1017D0000078C0B201430F00DFF8D08841462000F6
:1017E00003F00CFF18F10401280003F007FF18F1C3
:1017F0000801300003F002FF18F10C01380003F07B
:10180000FDFE0BE0DFF8A408DFF88C1B016000216F
:101810004160DFF8141C81600021C160BDE8F081E7
:10182000A02A00209C2A0020D8080020A82A0020F6
:10183000A42A0020DC0800202DE9F34F81B02DED13
:10184000028BA2B0F0EE408AB0EE608A64210022E2
:1018500008AC200000F0A0FE5FF0000B9DF89400A3
:10186000002805D0022817D00CD303281FD029E068
:10187000DFF82C0B9DF898100172C0ED038A80ED03
:10188000048A1FE0DFF8180B9DF898100175C0ED71
:10189000068A80ED078A15E0DFF8040B9DF89810A2
:1018A00080F82010C0ED098A80ED0A8A0AE0DFF88E
:1018B000F00A9DF8981080F82C10C0ED0C8A80ED8D
:1018C0000D8AFFE700200190002000900020079083
:1018D0000020069000200590002004900020039036
:1018E00000200290DFF8B84A94ED030A03F05EFF8F
:1018F000019094ED040A03F059FF009094ED060A5C
:1019000003F054FF050094ED070A03F04FFF0600B3
:1019100094ED090A03F04AFF070094ED0A0A03F068
:1019200045FF804694ED0C0A03F040FF814694ED9C
:101930000D0A03F03BFF824608A8217A5A4692B26C
:1019400081541BF1010B0199090E5A4692B2815440
:101950001BF1010B0199090C5A4692B281541BF1FB
:10196000010B0199090A5A4692B281541BF1010BED
:1019700001995A4692B281541BF1010B0099090E4C
:101980005A4692B281541BF1010B0099090C5A4638
:1019900092B281541BF1010B0099090A5A4692B286
:1019A00081541BF1010B00995A4692B281541BF1EC
:1019B000010B217D5A4692B281541BF1010B290083
:1019C000090E5A4692B281541BF1010B2900090CF1
:1019D0005A4692B281541BF1010B2900090A5A465A
:1019E00092B281541BF1010B594689B245541BF147
:1019F000010B3100090E5A4692B281541BF1010BC2
:101A00003100090C5A4692B281541BF1010B31008E
:101A1000090A5A4692B281541BF1010B594689B208
:101A200046541BF1010B94F820105A4692B281548F
:101A30001BF1010B3900090E5A4692B281541BF179
:101A4000010B3900090C5A4692B281541BF1010B6B
:101A50003900090A5A4692B281541BF1010B5946CA
:101A600089B247541BF1010B4146090E5A4692B206
:101A700081541BF1010B4146090C5A4692B2815424
:101A80001BF1010B4146090A5A4692B281541BF1DF
:101A9000010B594689B200F801801BF1010B94F843
:101AA0002C105A4692B281541BF1010B4946090E83
:101AB0005A4692B281541BF1010B4946090C5A4611
:101AC00092B281541BF1010B4946090A5A4692B25F
:101AD00081541BF1010B594689B200F801901BF1AA
:101AE000010B5146090E5A4692B281541BF1010B6B
:101AF0005146090C5A4692B281541BF1010B5146D2
:101B0000090A5A4692B281541BF1010B594689B217
:101B100000F801A01BF1010B5A4692B208A9DFF8A8
:101B20000C0903F0CBFE22B0BDEC028BBDE8F78FB1
:101B30007C000020DC2A0020D02A00202DE9F84F6C
:101B40000020009000240025002600275FF00008F8
:101B50005FF000095FF0000ADFF8D0080078C0B23B
:101B6000FF2800F0F780DFF838B8DFF8C408007805
:101B70008BF80800DFF8BC080178C9B20906DFF865
:101B8000B8080078C0B251EA0041DFF8B008007828
:101B9000C0B251EA0021DFF8A8080078C0B20143C2
:101BA0000091DFF8A0080178C9B20906DFF89808AB
:101BB0000078C0B251EA0041DFF890080078C0B266
:101BC00051EA0021DFF888080078C0B201430C0018
:101BD000DFF8800800788BF81400DFF87C080178C3
:101BE000C9B20906DFF874080078C0B251EA0041B2
:101BF000DFF86C080078C0B251EA0021DFF8640811
:101C00000078C0B201430D00DFF85C080178C9B26A
:101C10000906DFF858080078C0B251EA0041DFF841
:101C200050080078C0B251EA0021DFF84808007877
:101C3000C0B201430E00DFF8400800788BF82000A6
:101C4000DFF838080178C9B20906DFF834080078EF
:101C5000C0B251EA0041DFF82C080078C0B251EA66
:101C60000021DFF824080078C0B201430F00DFF83C
:101C70001C080178C9B20906DFF814080078C0B260
:101C800051EA0041DFF80C080078C0B251EA0021A7
:101C9000DFF804080078C0B201438846DFF8FC078B
:101CA00000788BF82C00DFF8F8070178C9B2090634
:101CB000DFF8F0070078C0B251EA0041DFF8E8072A
:101CC0000078C0B251EA0021DFF8E0070078C0B226
:101CD00001438946DFF8D8070178C9B20906DFF861
:101CE000D4070078C0B251EA0041DFF8CC07007891
:101CF000C0B251EA0021DFF8C4070078C0B2014346
:101D00008A461BF10C01009803F078FC1BF11001CE
:101D1000200003F073FC1BF11801280003F06EFC97
:101D20001BF11C01300003F069FC1BF12401380099
:101D300003F064FC1BF12801404603F05FFC1BF13B
:101D40003001484603F05AFC1BF13401504603F0C1
:101D500055FC1BE0DFF84806002101720021C1603C
:101D60000021016100210175002181610021C16113
:101D7000002180F8201000214162002181620021B1
:101D800080F82C100021016300214163BDE8F18F30
:101D900078B591B004000D003C21002202AE300065
:101DA00000F0FAFB0020ADF804000321052004F048
:101DB0001EF90B2000900023DFF8042701A902A8D8
:101DC00003F006FC4FF47A73BDF8042002A9DFF893
:101DD000F40602F050FB12B070BD0000000800488D
:101DE000B828002078B591B004000D003C210022F5
:101DF00002AE300000F0D0FB0020ADF80400274810
:101E000003F02CFD744803F029FD72480021017095
:101E1000DFF884158160002141600D2000900023CF
:101E2000DFF8A42601A902A803F0D2FB4FF47A73CD
:101E3000BDF8042002A9DFF88C0602F01CFB12B0EA
:101E400070BD38B590B004000D0003A8DFF87C1613
:101E5000322204F0DDFADFF87806D0E90023CDE97C
:101E6000012303A801900023DFF86806027802A985
:101E700003A803F038FB02200090002380A202A9EF
:101E800003A803F0A5FB4FF47A73BDF8082001996D
:101E9000DFF8300602F0EFFA11B030BD000802089A
:101EA00002080208030802080408020805080208DC
:101EB00006080208070802080808020809080208BC
:101EC0000A080208F8B504000D0000262068007812
:101ED00030283EDB206800783A283ADA00270020D4
:101EE0000100C9B2A28889B291420FD221680200D2
:101EF000D2B2895C302905DB21680200D2B2895C4C
:101F00003A2900DB02E07F1C401CE9E73900C9B236
:101F1000206803F015FC0600B6F5807F0FD2DFF8CD
:101F2000B40541783000C0B204F061F84FF47A7320
:101F3000022254A1DFF88C0502F09DFA12E04FF462
:101F40007A730522DFF89015DFF8780502F093FA2E
:101F500008E04FF47A730522DFF87C15DFF864059A
:101F600002F089FAF1BD0000400800200B080208C9
:101F70000C0802080D08020838B590B004000D00E6
:101F800003A8DFF85815322204F042FADFF85005B2
:101F9000D0E90023CDE9012303A801900023DFF855
:101FA0003405427802A903A803F09DFA02200090AC
:101FB000002333A202A903A803F00AFB4FF47A73AB
:101FC000BDF808200199DFF8FC0402F054FA11B0C2
:101FD00030BD00005C2A002000100208F8B50400A3
:101FE0000D0000262068007830283DDB206800784E
:101FF0003A2839DA002700200100C9B2A28889B244
:1020000091420FD221680200D2B2895C302905DBEF
:1020100021680200D2B2895C3A2900DB02E07F1C11
:10202000401CE9E73900C9B2206803F089FB0600CB
:102030000C2E0FD23100C9B2DFF89804007803F0FB
:10204000D6FF4FF47A7302220EA1DFF8780402F073
:1020500012FA12E04FF47A730522DFF87C14DFF8ED
:10206000640402F008FA08E04FF47A730522DFF8FE
:102070006814DFF8500402F0FEF9F1BD10240020CE
:102080000D0A00004F4B0000021002080310020866
:1020900004100208051002080610020807100208C2
:1020A00008100208091002080A100208402A00203D
:1020B000002002080220020803200208042002086F
:1020C000052002080620020807200208082002084E
:1020D000092002080A2002080B20020870B52DED25
:1020E000028BCEB004000D0002A8DFF8F8134FF405
:1020F000967204F09DF90C20ADF8040007200090C2
:102100000023DFF8E42301A902A803F061FA9FEDA0
:10211000A38AA34EFE2396ED000A20EE080ABDEE28
:10212000C00A10EE102A01A902A803F0DCF9082069
:1021300000900023DFF8B42301A902A803F048FAB5
:10214000FE2396ED010A20EE080ABDEEC00A10EE4D
:10215000102A01A902A803F0C6F907200090002365
:10216000E34A01A902A803F033FA0023327A01A955
:1021700002A803F0B8F9062000900023DD4A01A967
:1021800002A803F025FAFE2396ED030A20EE080AC2
:10219000BDEEC00A10EE102A01A902A803F0A3F9AF
:1021A000062000900023D44A01A902A803F010FAE7
:1021B000FE2396ED040A20EE080ABDEEC00A10EEDA
:1021C000102A01A902A803F08EF90720009000232D
:1021D000CA4A01A902A803F0FBF90023327D01A934
:1021E00002A803F080F9062000900023C44A01A948
:1021F00002A803F0EDF9FE2396ED060A20EE080A88
:10220000BDEEC00A10EE102A01A902A803F06BF976
:10221000062000900023BB4A01A902A803F0D8F9C8
:10222000FE2396ED070A20EE080ABDEEC00A10EE66
:10223000102A01A902A803F056F9072000900023F4
:10224000B14A01A902A803F0C3F9002396F820209F
:1022500001A902A803F047F9062000900023AB4A29
:1022600001A902A803F0B4F9FE2396ED090A20EEB5
:10227000080ABDEEC00A10EE102A01A902A803F058
:1022800032F9062000900023A14A01A902A803F018
:102290009FF9FE2396ED0A0A20EE080ABDEEC00A59
:1022A00010EE102A01A902A803F01DF907200090E2
:1022B0000023984A01A902A803F08AF9002396F89E
:1022C0002C2001A902A803F00EF90620009000239B
:1022D000914A01A902A803F07BF9FE2396ED0C0AAE
:1022E00020EE080ABDEEC00A10EE102A01A902A8CD
:1022F00003F0F9F8062000900023884A01A902A8FB
:1023000003F066F9FE2396ED0D0A20EE080ABDEEF5
:10231000C00A10EE102A01A902A803F0E4F84FF455
:102320007A73BDF8042002A9664802F0A4F84EB002
:10233000BDEC028B70BD00000C2002080D200208CD
:102340000E2002080F2002081020020811200208A7
:1023500080B5FEF7FEFFFFF7CFF8FFF7D5F9FFF7DF
:10236000EDFB6F486F49C0F8A4136F49C0F8B41370
:102370006E49C0F8C4136E49C0F8D4136D49C0F853
:10238000E4136D49C0F8F4136C49C0F8041400F06C
:10239000A0FE00F08FFE01BD0000FA430000C8421D
:1023A000F428002070B50020002400252800C0B2C9
:1023B000092836DA624E2800C0B200013044407865
:1023C00001282CD1012004002800C0B200013044B3
:1023D000406800280ED004F06FF82900C9B2090146
:1023E00031444968401A2900C9B209013144896859
:1023F000884214D300202900C9B209013144487031
:1024000004F05AF82900C9B2090131444860280093
:10241000C0B22900C9B209013144C96888476D1C9E
:10242000C4E72000C0B270BD0000A042001802083E
:102430000218020803180208041802080518020806
:1024400006180208071802080818020809180208E6
:102450000A1802080B1802080C1802080D180208C6
:102460000E1802080F1802081018020811180208A6
:102470001218020813180208141802081518020886
:102480001618020817180208181802081918020866
:102490001A1802081B1802081C1802081D18020846
:1024A0001E1802081F180208201802082118020826
:1024B0002218020823180208241802082518020806
:1024C000D810010800230020B80D010868FB00089F
:1024D0005C130108580D0020E41201088C0A010861
:1024E00064130108FC070108EC120108E41001085C
:1024F000F4120108FC120108041301080C1301086E
:10250000141301081C130108241301082C130108DB
:10251000341301083C130108441301084C1301084B
:10252000E8080020911D0008E51D0008431E000872
:10253000C51E0008791F0008DD1F0008DD20000807
:1025400040080020020001200B00DBB21B011344F5
:10255000587000200B00DBB21B01134458600120AF
:10256000704738B504000D0001202900C9B20901E7
:102570002144487003F0A0FF2900C9B20901214499
:102580004860012032BD020000200B00DBB21B01BD
:10259000134458700120704762F30F2262F31F4208
:1025A000401810F0030308D0C91A1FD3DB0748BF37
:1025B00000F8012D28BF20F8022D130030B4144676
:1025C0001546103928BF20E93C00FAD8490728BF32
:1025D00020E90C0048BF40F8042D890028BF20F8EE
:1025E000022D48BF00F8012D30BC7047C91818BF34
:1025F00000F8012DCB0728BF00F8012D704730B43B
:1026000003004FF6FF7000248C4213DA1A5D50402D
:102610000822002A0CD0C50706D580B2400880F4F5
:10262000204090F0010001E080B24008521EF0E727
:10263000641CE9E780B230BC70472DE9F84305001F
:102640000E0017009846089C5FF00009286849466C
:1026500089B2465419F101092868494689B247549C
:1026600019F10109404680B2000A29684A4692B22F
:10267000885419F101092868494689B200F8018097
:1026800019F10109200080B2000A29684A4692B275
:10269000885419F101092868494689B2445419F14E
:1026A0000109494689B22868FFF7A9FF0100286897
:1026B0004A4692B2815419F10109080080B2000A19
:1026C0002A684B469BB2D05419F10109A5F8049031
:1026D0000120BDE8F2832DE9F84F06000F00904677
:1026E00099460A9DDDF82CA00024002130682200C4
:1026F00092B28754641C3068220092B200F80280C3
:10270000641C484680B2000A326823009BB2D05451
:10271000641C3068220092B200F80290641C4046AB
:10272000C0B2062802D0102807D01CE0280080B2D2
:10273000012801D0002040E015E0280080B2000A06
:10274000326823009BB2D054641C3068220092B2DD
:102750008554641C2800C0B24000326823009BB23C
:10276000D054641CFFE75FF0000B584680B229008C
:1027700089B2B0EB410F0BDA584680B21AF800006C
:102780003168220092B28854641C1BF1010BECE703
:10279000210089B23068FFF732FF01003068220063
:1027A00092B28154641C080080B2000A326823008F
:1027B0009BB2D054641CB4800120BDE8F28F2DE997
:1027C000F84F05000E00170098460A9CDDF82C9083
:1027D0005FF0000B002029685A4692B28E541BF11C
:1027E000010B29685A4692B28F541BF1010B21004C
:1027F000C9B249002A685B469BB2D1541BF1010B58
:102800005FF0000A504680B2210089B2B0EB410F60
:102810000CDA504680B219F8000029685A4692B284
:1028200088541BF1010B1AF1010AEBE7594689B2F2
:102830002868FFF7E4FE010028685A4692B28154E6
:102840001BF1010B080080B2000A2A685B469BB2AC
:10285000D0541BF1010BA5F804B00120BDE8F28FA4
:102860002DE9F84F05000E00170098460A9CDDF888
:102870002C905FF0000B5FF0000A2868594689B27F
:1028800046541BF1010B2868594689B247541BF185
:10289000010B404680B2000A29685A4692B2885419
:1028A0001BF1010B2868594689B200F801801BF121
:1028B000010B3800C0B2062802D010281DD02CE031
:1028C000200080B2012801D000203EE00020824696
:1028D000504680B2210089B2B0EB410F0CDA50466D
:1028E00080B219F8000029685A4692B288541BF148
:1028F000010B1AF1010AEBE70FE0200080B2000A99
:1029000029685A4692B288541BF1010B286859462F
:1029100089B244541BF1010BFFE7594689B228687C
:10292000FFF76DFE010028685A4692B281541BF1F0
:10293000010B080080B2000A2A685B469BB2D054A3
:102940001BF1010BA5F804B00120BDE8F28F30B4F3
:10295000002513E050F8042BD30744BFA9F101036D
:102960009A18091F042942F8045BFAD213468C070F
:1029700044BF15809B1CC90748BF1D7050F8041B3D
:102980000029E7D130BC7047F8B40300002508687F
:10299000E840002800F0D78001260F6816FA05F0FD
:1029A00007403A00002A00F0CC80087910F00300BC
:1029B000012804D0087910F0030002281DD19F6877
:1029C0005FF0030C2800C0B240001CFA00FC37EA9C
:1029D0000C07D1F80CC02800C0B240001CFA00FC63
:1029E0005CEA07079F605868AE40B0434E68C6F384
:1029F0000016AE40304304005C60087910F003001C
:102A000003280ED0DE6803272800C0B240008740AC
:102A1000BE438F682800C0B2400087403E43340068
:102A2000DC60087910F00300022818D12800C008E3
:102A300003EB8000066A0F2715F00700C0B2800084
:102A40008740BE430F6915F00700C0B28000874081
:102A50003E4334002800C00803EB800004621E6877
:102A600003272800C0B240008740BE430F7917F00B
:102A700003072800C0B2400087403E4334001C607A
:102A8000486810F4403F5CD09548066856F001064F
:102A90000660006810F0010000900098914F280037
:102AA000800857F820605FF00F0C15F00300C0B2EB
:102AB00080001CFA00FC36EA0C06B3F1904F01D1FD
:102AC000002414E08848834201D101240FE08748A4
:102AD000834201D102240AE08548834201D10324C4
:102AE00005E08448834201D1042400E0072415F066
:102AF0000300C0B28000844026432800800847F8C5
:102B000020607D4C206890434F68FF0200D5104341
:102B100020607A4E346894434F68BF0200D5144356
:102B20003460774E306890434F68BF0300D5104340
:102B30003060744E346894434F68FF0300D51443EB
:102B400034606D1C23E7F1BC70472DE9F0410300B0
:102B500000250800E840002800F0A880012616FAA9
:102B600005F008400200002A00F09E80DFF874C1E2
:102B7000280080085CF820000F2715F0030E5FFA8C
:102B80008EFE5FEA8E0E17FA0EFE1EEA00000400AB
:102B9000B3F1904F02D15FF0000E19E0524883422A
:102BA00002D15FF0010E13E05048834202D15FF082
:102BB000020E0DE04E48834202D15FF0030E07E0A3
:102BC0004C48834202D15FF0040E01E05FF0070E33
:102BD00015F00300C0B280001EFA00FE74452CD12F
:102BE0004848D0F800E03EEA020EC0F800E0444851
:102BF000D0F800E03EEA020EC0F800E03F48D0F80E
:102C000000E03EEA020EC0F800E03B48D0F800E0E9
:102C10003EEA020EC0F800E015F00300C0B28000EA
:102C200017FA00F00400280080085CF82000A04398
:102C3000AE465FEA9E0E4CF82E005FF0030C18685B
:102C4000AE465FFA8EFE5FEA4E0E1CFA0EFE5EEA9C
:102C5000000018602800C00803EB800E2800C008A0
:102C600003EB8000D0F8208015F00700C0B2800090
:102C7000874038EA0707CEF8207098682F00FFB227
:102C80007F001CFA07F7B84398605868AE4030EAF6
:102C900006065E60DE682800C0B240001CFA00FC38
:102CA00036EA0C0CC3F80CC06D1C52E7BDE8F0818D
:102CB000020010690B009BB2184201D0012000E015
:102CC0000020C0B270471300DBB2002B03D00B0012
:102CD0009BB2836102E00B009BB2836270470000ED
:102CE000601002400800014000040048000800484D
:102CF000000C004800100048080401400C0401408A
:102D0000040401400004014080B5D448D449016066
:102D10005FF4E1314160002181600021C160002148
:102D200001610C21416100218161002101620021CA
:102D3000416201F063FB002801D003F022FC01BDD9
:102D400080B5C848C84901604FF416514160002160
:102D500081600021C160002101610C2141610021DD
:102D600081610021C161002101620021416201F005
:102D700045FB002801D003F004FC01BD80B5BB4831
:102D8000BB4901604FF41651416000218160002170
:102D9000C160002101610C2141610021816100219C
:102DA000C161002101620021416201F027FB00287E
:102DB00001D003F0E6FB01BD38B59EB0040014223B
:102DC0000021684603F0DFFB6022002106A803F023
:102DD000DAFB2068A249884252D1202006900020C8
:102DE000119006A803F0DAFB002801D003F0C9FB1C
:102DF000A048016851F001010160006810F0010075
:102E0000059005989C48016851F002010160006836
:102E100010F00200059005984FF4406000900220E9
:102E2000019001200290032003900820049069463D
:102E30009248FFF7A9FD924D9248286004206860EF
:102E40000020A8600020E8608020286100206861E0
:102E50000020A8610020E86100202862280003F01B
:102E600011FE002801D003F08CFB6567AC620022E4
:102E70000021462004F0A7F8462004F0B9F8ABE0A2
:102E800020687949884251D10120069000200E9097
:102E900006A803F083FB002801D003F072FB7A48F8
:102EA000016851F480410160006810F48040059091
:102EB00005987148016851F002010160006810F046
:102EC000020005900598C02000900220019000208B
:102ED0000290032003900720049069466748FFF79B
:102EE00053FD6A4D6A482860022068600020A8608F
:102EF0000020E86080202861002068610020A8612F
:102F00000020E86100202862280003F0BBFD0028B3
:102F100001D003F036FB6567AC620022002125205A
:102F200004F051F8252004F063F855E0206850497A
:102F3000884251D1042006900020109006A803F08A
:102F40002DFB002801D003F01CFB5248016851F40E
:102F500080210160006810F48020059005984648A3
:102F6000016851F004010160006810F00400059050
:102F700005984FF4406000900220019000200290DC
:102F8000032003900720049069464348FFF7FCFCA8
:102F9000424D43482860022068600020A86000205D
:102FA000E86080202861002068610020A86100207E
:102FB000E86100202862280003F064FD002801D0A9
:102FC00003F0DFFA6567AC6200220021272003F0DE
:102FD000FAFF272004F00CF81FB030BD10B5040034
:102FE00020681F49884210D12248016849084900D9
:102FF00001604FF440612148FFF7A7FD606F03F0C7
:10300000B1FD462003F0FBFF27E020681649884207
:103010000FD11D48016831F480410160C02117487B
:10302000FFF793FD606F03F09DFD252003F0E7FFA0
:1030300013E020680E4988420FD11648016831F428
:10304000802101604FF440611348FFF77EFD606FFF
:1030500003F088FD272003F0D2FF10BD00230020DD
:103060000080004088230020003801401024002008
:10307000004800405C1002404C1002400004004830
:10308000E027002080040240601002402828002031
:1030900058000240581002400008004870280020E4
:1030A0003000024080B5184801F0CEF802201749E0
:1030B000087001BD80B501221549164801F041FA9A
:1030C00000220121272003F07EFF272003F090FF3C
:1030D00001BD704738B504000B480D490A780368F4
:1030E00085885A558288521C8280828840F2FF135C
:1030F0009A4201D3002282800122064801F021FA7F
:1031000001200249087031BD080D0020E12A00208D
:10311000E02A002010240020C0F3C75181B1FF290C
:1031200006D0C110400721F0E04101F16051704725
:1031300041020CBF40F4E0016FF0004100207047F5
:1031400000F0004100020AD0B0FA80FC00FA0CF056
:1031500001F16051A1EB0C5101EBD021400570470A
:10316000014648B1B0FA80F18840C91CC1F58461BC
:10317000090501EBD021400570470268531C03602C
:103180001170704741EC100B01BD80B553EC112B51
:1031900051EC100B03F052FFF4E72E00F0B540F2B3
:1031A000FF7581EA030C0CF0004C15EA11541DBFA9
:1031B00015EA1357AC42AF42E5E0BC41C1F313013D
:1031C000C3F31303801A994143F4801304D2641E9D
:1031D0004000494180185941C90241EA5051B1FBB0
:1031E000F3F603FB1611A2FB0675D7EBC020A9412D
:1031F00002D2761E80185941C90241EA5051B1FBF2
:10320000F3FE03FB1E11A2FB0E75D7EBC020A941F4
:1032100003D2AEF1010E80185941890241EA905162
:10322000760546EA8E2EB1FBF3F603FB1611A2FBE0
:103230000675D7EB8020A94102D2761E801859412D
:10324000C90241EA50514EEA060EB1FBF3F603FB08
:103250001611A2FB0675D7EBC020A94102D2761E3B
:1032600080185941C90241EA5051B1FBF3F703FB01
:103270001711A2FB0735D3EBC020A94167F1000766
:103280000CBF004247F0010766F3D5274FEA1E3115
:10329000B80814F5806412DDBD0775F1004250EBEB
:1032A0000E5051EB045111F5801F5CBF41EA0C0137
:1032B000F0BD4CF07F6141F0E0410020F0BDBD0762
:1032C0006D0840EA0E5041F48011D4F10104B4F1CC
:1032D00020060ADAC4F120060200E04001FA06F3F3
:1032E000E1401843B24015430EE0342C13DCC6F124
:1032F000200445EA40056D0820FA06F2154321FA3C
:1033000006F0A1400D43002175F1004250F100008C
:1033100051EB0C01F0BD00205FEA0C01F0BDCFB90C
:1033200092185B41B3FA83F704BFB2FA82F6BF1971
:103330000B3FB7F120062FBF02FA06F3BB40C7F1DF
:10334000200622FA06F638BF3343BA401CB1E4190E
:10335000641E33E77F4231F00041B1FA81F404BFCB
:10336000B0FA80F6A4190B3CB4F120062FBF00FA86
:1033700006F1A140C4F1200620FA06F638BF314319
:10338000A0403C1B1AE7AC421ABF05EA1357AF42F4
:1033900012E050EA41061CBF52EA4306BFE750EA7A
:1033A0004107304661461CBF41EA0551F0BD52EA73
:1033B000430C08BFC143F0BD00204FF4001616EBCC
:1033C000410F98BF16EB430F08BF16EB410F24BF08
:1033D000C14305E016EB430F0CBF61464CEA0551B3
:1033E000F0BD000001F000428B1AA3F16051B1F56D
:1033F000801F0ADBB1F17F6F1FD242EAC102C10018
:1034000071F1004142EB507070470B15C3F1090395
:10341000212B10D2890241EA9051800201284941B2
:1034200041F0004121FA03F0C3F12003994071F10A
:10343000004150417047100070476FF0000013EBDF
:10344000103F5CBF000E42EAC050704710B500222A
:103450004FF40071DFF81C0CFFF735FC00224FF42D
:1034600000715FF09040FFF72EFC04F05DF9DFF88B
:10347000500CDFF8501CC164DFF84C1C421CC1F832
:103480005821021DC1F8702110F11C020A62027A53
:1034900081F8252010F124028A63827A81F83D2088
:1034A00010F11002C1F8A021037A81F8A53110F1C2
:1034B0001403C1F8B831447A81F8BD4110F13404E5
:1034C000C1F8D041047A81F8D54110F13804C1F82F
:1034D000E841047A81F8ED4110F13C04C1F8004262
:1034E000447A81F8054210F14004C1F81842447A48
:1034F00081F81D42C1F86022027A81F86522C1F884
:103500007832427A81F87D2210F16002C1F890226F
:10351000027A81F8952210F16402C1F8A822027A99
:1035200081F8AD2210F12802C1F8F022027A81F868
:10353000F52210F12C02C1F80823427A81F80D23FC
:1035400010F13002C1F82023827A81F8252310F18E
:103550004402C1F86823C27A81F86D2310F1480251
:10356000C1F88023C27A81F8852310F15002C1F896
:10357000B023027B81F8B52310F15402C1F8C823AF
:10358000027B81F8CD2310F15802C1F8E023027BC1
:1035900081F8E52310F15C02C1F8F823007B81F883
:1035A000FD03DFF8840B0068C1F84004DFF87C0BF2
:1035B0000068C1F8700410BD38B500200024200058
:1035C000C0B2072835DADFF8685B2000C0B200011E
:1035D0002844407801282AD12000C0B200012844A4
:1035E000406800280ED002F067FF2100C9B209012F
:1035F00029444968401A2100C9B20901294489684F
:10360000884214D300202100C9B20901294448701E
:1036100002F052FF2100C9B209012944486020008C
:10362000C0B22100C9B209012944C9688847641C95
:10363000C5E7002032BD38B50400DFF8005B6878CC
:1036400000281FD100224FF40071DFF8280AFFF78D
:103650003AFB00224FF400715FF09040FFF733FB1C
:1036600004F062F889200090202307220521DFF86A
:10367000D00A04F0B1F8012068700221DFF8B00A26
:10368000FEF760FF012032BD7CB50400DFF8B45ABC
:103690002878002803D0022823D003D33DE004F08B
:1036A000E3F93AE004F056FA89200090202307223B
:1036B0000521DFF88C0A04F08FF8DFF88C2A03214B
:1036C0002C2004F0A3F9DFF8842A0421082004F058
:1036D0009DF904F09CFA41F28830DFF8541A8861B1
:1036E0001BE00120DFF8541A487089200090202345
:1036F00007220521DFF8480A04F06EF8DFF8306A87
:1037000002213000FEF71EFF03213000FEF71AFFF2
:1037100004213000FEF716FFFFE72878401C2870D0
:103720002100C9B2DFF8080AFEF71BFF012076BDB1
:1037300070B5040000F0BCF8DFF8005A6878012882
:1037400003D1A87800F017FC04E00021DFF8E009BD
:10375000FEF7F8FEDFF8F809A9780278914207D061
:10376000A9780170DFF8EC090068DFF8EC1908604F
:10377000A8780B2812D1DFF8E0694FF4FA613068BD
:1037800000F01AFD012809D1DFF8C809006830608F
:10379000062215F10801A81C00F0B6FD2100C9B2EF
:1037A000DFF88C09FEF7DDFE012070BD10B50400C6
:1037B000DFF8A819DFF8A809006900F0FDFC01286E
:1037C00027D1DFF8A0090178012905D10021017076
:1037D0000020DFF868198870DFF88C090188491C1F
:1037E000018042F21071DFF848292300DBB21B018F
:1037F0001A449268B1FBF2F102888A420DD300218B
:103800000180DFF838198878002806D000208870F9
:1038100003E00120DFF84C1908702100C9B2DFF87D
:103820001009FEF79EFE012010BD38B5040004F01B
:1038300074FADFF82C59287A012808D10521DFF81D
:10384000F008FEF77FFEDFF80C0900682861210010
:10385000C9B2DFF8DC08FEF784FE012032BD10B5E6
:10386000040004F041FADFF8F8080021017000219B
:103870000172012010BD10B5040000224FF4005168
:10388000DFF8F007FFF71FFA012010BD10B50400A4
:1038900001224FF40051DFF8DC07FFF714FADFF8DC
:1038A0009008210089B281660621FEF75AFE10BDFC
:1038B00070B5DFF80C48DFF8B408E16C097850F80F
:1038C0002100DFF80418C1F85003DFF8A4080178DC
:1038D0006170DFF8A018407851F820006060207A0D
:1038E00001F070FD00EE100ADFF88C58B8EE400AC7
:1038F000D5ED010A20EE200ABDEEC00A84ED040ACF
:10390000607A01F05FFD00EE100AB8EE400AD5EDD6
:10391000020A20EE200ABDEEC00A84ED050AA07A54
:1039200001F050FD00EE100AB8EE400AD5ED030A92
:1039300020EE200ABDEEC00A84ED060A207A01F0CE
:1039400041FD00EE100AB8EE400AD5ED040A20EE63
:10395000200ABDEEC00A84ED070A607A01F032FD4C
:1039600000EE100AB8EE400AD5ED050A20EE200A56
:10397000BDEEC00A84ED080AA07A01F023FD00EE36
:10398000100AB8EE400AD5ED060A20EE200ABDEE78
:10399000C00A84ED090A207A01F014FD00EE100A35
:1039A000B8EE400AD5ED070A20EE200ABDEEC00AA7
:1039B00084ED0A0A607A01F005FD00EE100AB8EE07
:1039C000400AD5ED080A20EE200ABDEEC00A84EDBB
:1039D0000B0AA07A01F0F6FC00EE100AB8EE400ADD
:1039E000D5ED090A20EE200ABDEEC00A84ED0C0ACE
:1039F000E07A01F0E7FC00EE100ADFF8C856B8EEF6
:103A0000400AD5ED020A20EE200ABDEEC00A84ED80
:103A1000110AE07A01F0D6FC00EE100AB8EE400A76
:103A2000D5ED010A20EE200ABDEEC00A84ED120A8F
:103A3000207A01F0C7FC00EE100ADFF84057B8EE1C
:103A4000400AD5ED040A20EE200ABDEEC00A84ED3E
:103A50000D0A207A01F0B6FC00EE100AB8EE400A1A
:103A6000D5ED0D0A20EE200ABDEEC00A84ED0E0A47
:103A7000207B01F0A7FC00EE100ADFF80467B8EE27
:103A8000400AD6ED000A20EE200ABDEEC00A84ED01
:103A9000140A207B01F096FC00EE100AB8EE400AF2
:103AA000D6ED010A20EE200ABDEEC00A84ED150A0B
:103AB000207B01F087FC00EE100AB8EE400AD6ED3C
:103AC000020A20EE200ABDEEC00A84ED160A207B11
:103AD00001F078FC00EE100AB8EE400AD6ED030AB9
:103AE00020EE200ABDEEC00A84ED170A207A01F00C
:103AF00069FC00EE100AB8EE400AD5ED070A20EE88
:103B0000200ABDEEC00A84ED180A207A01F05AFCA2
:103B100000EE100AB8EE400AD5ED0A0A20EE200A9F
:103B2000BDEEC00A84ED190A70BD2DE9F84F8AB0C8
:103B300006002021002202AC2000FEF72DFD00240B
:103B4000002500208DF8050000208DF806001827BC
:103B5000DFF874853000C0B27843404490F8159087
:103B60003000C0B2784340444068002842D0012170
:103B70003000C0B200F0A9F900280ED13000C0B268
:103B80007843404442683000C0B278434044017DED
:103B90004846C0B203F03AFF1EE05FF0000A300072
:103BA000C0B278434044406806F056FA5146C9B264
:103BB000814207D2202002A95246D2B288541AF17B
:103BC000010AECE702AA3000C0B278434044017D0C
:103BD0004846C0B203F01AFF3000C0B278434044F8
:103BE000406806F039FADFF89C150979491C48430A
:103BF00010FA89F93000C0B2784340448068002848
:103C000000F03A813000C0B278434044007B002885
:103C10000BD002281ED012D3042830D024D306287B
:103C200045D036D307283ED044E03000C0B27843B8
:103C3000404480680078002104000D003AE0300024
:103C4000C0B278434044806890F90000C117040076
:103C50000D002FE03000C0B27843404480680088F7
:103C6000002104000D0025E03000C0B2784340443C
:103C70008068B0F90000C11704000D001AE03000A0
:103C8000C0B27843404480680068002104000D0001
:103C900010E03000C0B27843404480680068C1172B
:103CA00004000D0006E001208DF8050002E002206E
:103CB0008DF805009DF8050000280CD13000C0B239
:103CC00078434044407B40420200D2B202A9200027
:103CD00000F08AFA26E09DF8050001281AD130008C
:103CE000C0B278434044806806F0B6F9202819D263
:103CF0003000C0B278434044806806F0ADF902005D
:103D000092B23000C0B278434044816802A800F00B
:103D1000FBFA07E03000C0B2784340448068007886
:103D20008DF8080002213000C0B200F0CEF8012862
:103D300023D13000C0B278434044807DC0B2000936
:103D40008DF806009DF806000F2805D0202002A956
:103D50009DF80620885410E05FF0000A02A806F0E3
:103D60007BF95146C9B2814207D2202002A95246AE
:103D7000D2B288541AF1010AF0E73000C0B201282B
:103D80005ED15FF0000A00208DF804003000C0B260
:103D900078434044407B002802D009208DF804007D
:103DA000392000902E2315220F21DFF8DC0306F0C6
:103DB0006FF902A806F050F98346DFF8C8030079CE
:103DC000401C00FB0BFB5846C0B2022190FBF1F0F7
:103DD0001F280BDA5846C0B2022190FBF1F0D0F157
:103DE00040009DF8041050FA81FA07E05846C0B22E
:103DF000D0F15F009DF8041050FA81FA02AA300059
:103E0000C0B278434044007D401CC0B2DFF8741358
:103E10004979D1EBC001491EC9B25046C0B206F083
:103E2000E1FA5AFA8BF09DF80490B0EB0909892069
:103E30000090202307220521C14803F0CDFC1BE0A0
:103E400089200090202307220521BD4803F0C4FCEF
:103E500002AA3000C0B278434044017D4846C0B257
:103E600003F0D4FD02A806F0F7F8C6490979491C09
:103E7000484310FA89F081463000C0B2784340448C
:103E8000006900281ED03000C0B2784340448068EA
:103E9000002817D03000C0B2784340448068BB4946
:103EA00088420FD03000C0B27843404402693000ED
:103EB000C0B207FB00F708EB0700017D4846C0B21F
:103EC00003F0A4FD0BB0BDE8F08FF8B504000D00C1
:103ED0007D492200D2B21820424301EB0200817DCD
:103EE0002800C0B201402800C0B281422FD1C826AC
:103EF000A74F4FF496712800C0B270433844220097
:103F0000D2B250F8220000F057F901282AD1280037
:103F1000C0B206FB00F607EB06002100C9B28D4ACD
:103F2000126840F8212032209A492A00D2B2424336
:103F30000A442300DBB22E00F6B200FB06F0084470
:103F40002100C9B2405CD0F10100D0540AE091498F
:103F50002A00D2B23220424301EB02002100C9B252
:103F6000002242548B49EDB23220454301EB05005B
:103F7000E4B2005DF2BD70B50400002603F0EAFD76
:103F800000F07AF82000C0B200F080F82000C0B243
:103F900000F09CF80025280080B2322811DA4A4946
:103FA0002A0092B21820424301EB0200C07D21009A
:103FB000C9B2884203D12800C0B2FFF7B6FD6D1C1C
:103FC000E9E703F024FE70BDF0B44271C4780379D0
:103FD0002500EDB2AB420AD3F0253B4E2700FFB2DD
:103FE00018235F4306EB07039D75641CEFE7182356
:103FF000354C85785D4325444679AE75002904D05B
:10400000857803FB05F323449960F0BC70472DE9E4
:10401000F84F0700884691469A460A9E0B9DDDF8A8
:1040200030B00D9C87F8008087F8019087F802A0D7
:10403000FE703D712200D2B259463800FFF7C4FF2E
:10404000BDE8F18F10B4010000221000C0B20428B6
:104050000CD21000C0B2085C4F4B1400E4B21B5DE0
:10406000984201D0002002E0521CEEE7012010BC73
:10407000704700000008004880B501200090082328
:104080007F220821002006F031FA01BD10B504009E
:104090002000C0B2002812D137480078002807D18C
:1040A00024A2094890F84410782003F0AFFC06E001
:1040B00021A2054890F84410782003F0A7FC10BD19
:1040C0007C0000205C2A0020480100200100C9B2C9
:1040D0000A2924D131490978002906D002290ED0B5
:1040E00008D3042915D00FD318E02D492D4AC2F862
:1040F000881418E02C492B4AC2F8881413E02B4985
:10410000284AC2F888140EE02949264AC2F88814C1
:1041100009E02849234AC2F8881404E003E0204952
:10412000204AC2F88814704790060020E40000205E
:104130000C000020200000004E000000302A00206B
:10414000E8050108D52A0020C01001087C0C0108F0
:10415000D62A0020B42A0020842A002080EE3600CF
:10416000E8290020D72A0020C82A0020400100208A
:10417000580D0020CC070020B8280020F42800208B
:10418000402A0020502A0020C00301085A0D0020B8
:10419000101A002068220020EC0000207C00002083
:1041A000F000002048010020000100201001002044
:1041B000200100203001002038B504000D00DFF898
:1041C000FC010168200000F006F8A84201D301209C
:1041D00000E0002032BD814204D25FF0FF32101AAD
:1041E000081800E0081A704738B52DED048B08EE6A
:1041F000100A0C001500DFED438A2800C0B2FB282E
:1042000010DBB8EEC89A2800C0B24042C0B200F03D
:104210008BF829EE009A00212000B0EE490A00F048
:10422000B1F80EE0B8EEC89A2800C0B200F07CF8F1
:1042300089EE009A2900C9B22000B0EE490A00F0C8
:10424000A1F8BDEC048B31BD10B400210A008388B5
:1042500092B29A4206D2002203680C00A4B21A5508
:10426000491CF3E70022828010BC704710B40400A0
:1042700013005A1E9BB2002B02D02170641CF7E77A
:1042800010BC704770B504000D001600DFF8240163
:1042900000782100C9B2884209D3DFF824211068D0
:1042A000002804D0310089B228001268904770BD00
:1042B00038B504000D00280005F0CEFE020092B2D1
:1042C00029002000C0B2FFF7DDFF31BD70B504004A
:1042D0000D00280005F0C0FE020092B22900200067
:1042E000C0B2FFF7CFFFDFF8DC603068002807D0EE
:1042F000280005F0B1FE010089B22800326890471D
:1043000070BD00000000000030B404000D00130078
:104310005A1E9BB2002B04D02B7823706D1C641C9A
:10432000F5E730BC7047000010B504002000C0B2B3
:10433000FB2816DB2000C0B2D0F5807006F070F9C3
:1043400041EC110B9FED200BFEF71FFF53EC102BE0
:1043500000201949FEF722FFFFF744F800EE100A8B
:104360000FE02000C0B2FEF7FBFE41EC110B9FED09
:10437000160BFEF70AFF51EC100BFFF733F800EEB7
:10438000100A10BD38B52DED028B82B0B0EE408A18
:1043900004000D0018EE100AFEF7BEFECDE9000184
:1043A0002A000B49200006F04DF902B0BDEC028B4B
:1043B00031BD00005C0D00200000F03FB42A002059
:1043C000BC2A0020B82A0020000000000000244081
:1043D0009C13010870B5040002F06EF80500260079
:1043E00016F1010F02D004480078361802F064F884
:1043F000401BB042FAD370BD5B0D002010B5040025
:10440000002C01D1012035E0A0690028FFD1E06F28
:10441000002805D1002084F878002000FEF7CCFCAD
:104420002420E06720680068400840002168086098
:10443000606A002802D0200000F0DEFB200000F0BF
:104440005FFA012801D1012014E02068406830F4AF
:104450009040216848602068806830F02A00216818
:1044600088602068006850F0010021680860200022
:1044700000F02FFC10BD2DE9FC4706000D001700D1
:104480009846F06F202859D1002D03D0380080B213
:10449000002801D1012052E00020C6F8840021202C
:1044A000F06702F009F88146A6F85070A6F852703D
:1044B000B068B0F5805F05D13069002802D10024D2
:1044C000AA4602E02C005FF0000AB6F8520000286D
:1044D00022D0CDF800804B4600228021300000F031
:1044E00061FC002803D02020F067032027E0002C87
:1044F00008D1BAF80000C005C00D316808851AF16E
:10450000020A03E0207831680885641CB6F852007E
:10451000401EA6F85200D8E7CDF800804B46002296
:104520004021300000F03EFC002803D02020F0673E
:10453000032004E02020F067002000E00220BDE816
:10454000F68770B505000C001600D5F8800020280D
:1045500024D1002C03D0300080B2002801D10120EA
:104560001DE0002028662868DFF8901388420ED0EE
:104570002868406800020AD5286850E8000F50F00B
:10458000806001002A6842E800100028F4D132005F
:1045900092B22100280000F054FC00E0022070BD1F
:1045A0002DE9F04706003068C7693068D0F8008010
:1045B0003068D0F8089040F60F043C40002C0BD136
:1045C000B80609D55FEA886006D5B06E002802D02B
:1045D0003000B16E88478FE1002C00F0AA805FEABE
:1045E000C97005D4DFF8080618EA000F00F0A180B2
:1045F00017F00100C0B200280BD05FEAC85008D500
:10460000012031680862D6F8840050F00100C6F835
:104610008400B8070DD519F00100C0B2002808D0F9
:10462000022031680862D6F8840050F00400C6F811
:10463000840078070DD519F00100C0B2002808D019
:10464000042031680862D6F8840050F00200C6F8F1
:104650008400380710D55FEA886004D419F001009F
:10466000C0B2002808D0082031680862D6F884005B
:1046700050F00800C6F8840038050CD55FEA4810F1
:1046800009D54FF4006031680862D6F8840050F014
:104690002000C6F88400D6F88400002848D0B80668
:1046A00008D55FEA886005D5B06E002802D03000DA
:1046B000B16E8847D6F884000500306880684006EF
:1046C00002D415F0280F2DD0300000F09EFC306889
:1046D0008068400622D53068083050E8000F30F07E
:1046E00040000100306810F1080242E80010002884
:1046F000F1D1706F00280DD0DFF8F804716F886376
:10470000706F02F00FFB002812D0706F716F896B11
:1047100088470DE0300005F0EFFF09E0300005F0BC
:10472000EBFF05E0300005F0E7FF0020C6F884004D
:10473000E2E0306E012840F0BD80F80640F1BA801A
:104740005FEAC86040F1B6801020316808623068C6
:10475000806840066DD5706F0068D0F804A05046A0
:1047600080B2002852D05046B6F8581080B2884225
:104770004CD2A6F85AA0706F00680068800639D441
:10478000306850E8000F30F480700100326842E871
:1047900000100028F4D13068083050E8000F4008BD
:1047A00040000100306810F1080242E800100028C3
:1047B000F1D13068083050E8000F30F040000100BF
:1047C000306810F1080242E800100028F1D12020E2
:1047D000C6F8800000203066306850E8000F30F0E6
:1047E00010000100326842E800100028F4D1706F18
:1047F00002F06EFA02207066B6F85810B6F85A0049
:10480000091A89B2300005F058FF11E05046B6F899
:10481000581080B288420BD1706F00680068800623
:1048200006D502207066B6F85810300005F045FF36
:1048300062E0B6F85800B6F85AA0B0EB0A0AB6F82B
:104840005A00002835D0504680B2002831D0306858
:1048500050E8000F30F490700100326842E8001018
:104860000028F4D13068083050E8000F40084000BC
:104870000100306810F1080242E800100028F1D170
:104880002020C6F88000002030660020B066306826
:1048900050E8000F30F010000100326842E80010CC
:1048A0000028F4D102207066514689B2300005F02C
:1048B00004FF21E0F8020AD55FEA492007D55FF43A
:1048C000801031680862300005F0A8FF14E0380657
:1048D00009D55FEA086006D5F06E002802D03000E6
:1048E000F16E884708E0780606D55FEA486003D590
:1048F000300000F054FCFFE7BDE8F0870080004086
:104900002DE9F04704000026DFF8A8192068884246
:10491000FFD0A2682069024360690243E069024354
:1049200020680368DFF890090340134320680360A0
:104930002068436833F44053E068034320684360D1
:10494000D4F818802068884202D0206A50EA08080B
:104950002068806830F4306058EA00002268906077
:104960002068DFF8482A904216D1DFF8440A006830
:1049700010F00300002805D0022805D006D3032834
:1049800006D007E0012760E002275EE004275CE034
:1049900008275AE0102758E02068DFF8182A9042CC
:1049A00017D1DFF80C0A006810F00C00002806D0C0
:1049B000042808D0082804D00C2806D007E00027D7
:1049C00043E0022741E004273FE008273DE01027AD
:1049D0003BE02068DFF8E029904217D1DFF8D009EA
:1049E000006810F03000002806D0102808D02028D9
:1049F00004D0302806D007E0002726E0022724E074
:104A0000042722E0082720E010271EE020688842C3
:104A10001AD1DFF89C09006810F44060002809D022
:104A2000B0F5806F0AD0B0F5006F05D0B0F5406FDB
:104A300006D007E0002708E0022706E0042704E08C
:104A4000082702E0102700E010272068884246D19E
:104A50003800C0B2002806D0022808D0042809D0A7
:104A600008280BD00DE006F049FB81460DE0DFF889
:104A70004C990AE006F0D5FA814606E04FF4004969
:104A800003E05FF0000901200600B9F1000F00F01B
:104A9000A580616803204143894505D361684FF4CF
:104AA00080504143494502D20120060096E04FF470
:104AB0008072606840080021E2FB090162680023FF
:104AC00006F0ACFB0500B5F5407F05D3B5F5801FBA
:104AD00002D22068C56081E0012006007EE0E06926
:104AE000B0F5004F41D13800C0B2002808D00128ED
:104AF0000AD002280CD004280DD008280FD011E0CD
:104B000006F0FCFA814611E006F005FB81460DE057
:104B1000DFF8A8980AE006F084FA814606E04FF430
:104B2000004903E05FF0000901200600B9F1000F21
:104B300054D06068400810EB49006168B0FBF1F0A8
:104B40000500102D0ED3B5F5803F0BD24FF6F07156
:104B50002940C5F3420001438A46504680B221688D
:104B6000C8603BE00120060038E03800C0B20028F1
:104B700008D001280AD002280CD004280DD008281B
:104B80000FD011E006F0BAFA814611E006F0C3FA40
:104B900081460DE0DFF824980AE006F042FA8146EB
:104BA00006E04FF4004903E05FF000090120060031
:104BB000B9F1000F12D0606819EB50006168B0FBCA
:104BC000F1F00500102D07D3B5F5803F04D2280081
:104BD00080B22168C86001E0012006000020A066C4
:104BE0000020E0663000C0B2BDE8F08700000000A1
:104BF000200100048551000890F82410090707D50A
:104C000001684A6832F40042416B0A4301684A6015
:104C100090F82410C90707D501684A6832F40032B9
:104C2000816A0A4301684A6090F82410890707D511
:104C300001684A6832F48032C16A0A4301684A60F6
:104C400090F82410490707D501684A6832F4802299
:104C5000016B0A4301684A6090F82410C90607D521
:104C600001688A6832F48052816B0A4301688A6065
:104C700090F82410890607D501688A6832F400523A
:104C8000C16B0A4301688A6090F82410490613D565
:104C900001684A6832F48012016C0A4301684A6074
:104CA000016CB1F5801F07D101684A6832F4C00277
:104CB000416C0A4301684A6090F82410090607D540
:104CC00001684A6832F40022816C0A4301684A6034
:104CD000704738B504000020C4F8840001F0ECFBF4
:104CE00005002068006800071DD57FF07E40009019
:104CF0002B0000225FF40011200000F053F8002880
:104D000011D0206850E8000F30F0800001002268C8
:104D100042E800100028F4D12020E067002084F849
:104D2000780003203DE02068006840072CD57FF024
:104D30007E4000902B0000225FF48001200000F0F4
:104D400031F8002820D0206850E8000F30F490702F
:104D50000100226842E800100028F4D120680830E1
:104D600050E8000F400840000100206810F10802E0
:104D700042E800100028F1D12020C4F88000002073
:104D800084F8780003200CE02020E0672020C4F89D
:104D900080000020206600206066002084F87800F3
:104DA000002032BD2DE9F04105000E0090461F00A5
:104DB000069C2868C0693040B04201D1012000E063
:104DC00000204146C9B2884238D114F1010FF0D019
:104DD00001F072FBC01B844201D3002C01D10320DF
:104DE0002DE0286800684007E3D5802EE1D0402EF2
:104DF000DFD02868C06900070DD50820296808623F
:104E0000280000F002F90820C5F88400002085F889
:104E10007800012013E02868C0690005C9D54FF467
:104E2000006029680862280000F0EFF82020C5F82B
:104E30008400002085F87800032000E00020BDE811
:104E4000F08130B403005965A3F85820A3F85A2024
:104E5000002098669868B0F5805F0BD1186900282B
:104E600004D140F2FF10A3F85C0023E0FF20A3F878
:104E70005C001FE0986800280AD11869002803D157
:104E8000FF20A3F85C0015E07F20A3F85C0011E090
:104E90009868B0F1805F0AD11869002803D17F209B
:104EA000A3F85C0006E03F20A3F85C0002E00020CD
:104EB000A3F85C000020C3F884002220C3F880001F
:104EC0001868083050E8000F50F00100040018681E
:104ED00010F1080545E800400028F1D19868B0F5C8
:104EE000805F06D11869002803D10FF2D13098668F
:104EF00002E00FF2D5209866186900280BD01868D8
:104F000050E8000F50F4907004001D6845E8004020
:104F10000028F4D10AE0186850E8000F50F0200093
:104F200004001D6845E800400028F4D1002030BC92
:104F3000704770B504000D0016006565A4F8586050
:104F40000020C4F884002220C4F88000606F00288C
:104F500021D00FF21510616FC8620FF2B110616FAE
:104F600008630FF2D110616F48630020616F88639E
:104F700033009BB2626D206810F12401606F01F074
:104F80005BFE002807D01020C4F884002020C4F85D
:104F9000800001202AE0206900280AD0206850E81B
:104FA000000F50F480700100226842E800100028D1
:104FB000F4D12068083050E8000F50F001000100E3
:104FC000206810F1080242E800100028F1D12068A2
:104FD000083050E8000F50F040000100206810F148
:104FE000080242E800100028F1D1002070BD0168DD
:104FF00051E8001F31F0C0010A00036843E80021B6
:105000000029F4D12021C1677047016851E8001FD1
:1050100031F490710A00036843E800210029F4D1BB
:105020000168083151E8001F490849000A00016879
:1050300011F1080343E800210029F1D1016E012993
:105040000AD1016851E8001F31F010010A0003681D
:1050500043E800210029F4D12021C0F8801000216C
:10506000016600218166704738B50400A56A206892
:10507000006880063AD40020A5F85A00286850E855
:10508000000F30F4807001002A6842E80010002808
:10509000F4D12868083050E8000F400840000100B3
:1050A000286810F1080242E800100028F1D12868B1
:1050B000083050E8000F30F040000100286810F17F
:1050C000080242E800100028F1D12020C5F8800035
:1050D000286E01280AD1286850E8000F30F010002F
:1050E00001002A6842E800100028F4D10020686618
:1050F000286E012805D1B5F85810280005F0DDFA12
:1051000002E0280005F0BEFA31BD000038B5040009
:10511000A56A01206866286E012807D1B5F85810E5
:10512000490889B2280005F0C8FA02E0280006F014
:105130008DF931BDF8B50400A56AEE6FD5F8807021
:1051400028688068000607D5212E05D10020A5F823
:1051500052002800FFF74BFF28688068400607D5FB
:10516000222F05D10020A5F85A002800FFF74DFF97
:10517000D5F8840050F01000C5F88400280005F030
:10518000BBFAF1BD38B50400A56A0020A5F85A00A5
:105190000020A5F85200280005F0AEFA31BD10B588
:1051A0000400206850E8000F30F040000100226841
:1051B00042E800100028F4D12020E0670020E066DB
:1051C000200006F044F910BD70B50500B5F85C602C
:1051D000D5F88000222866D12868808C040016EA61
:1051E0000400696D0870686D401C6865B5F85A0068
:1051F000401EA5F85A00B5F85A00002859D1286871
:1052000050E8000F30F4907001002A6842E8001066
:105210000028F4D12868083050E8000F400840000A
:105220000100286810F1080242E800100028F1D1BE
:105230002020C5F880000020A86600206866286845
:105240001C4988420ED02868406800020AD52868A8
:1052500050E8000F30F0806001002A6842E800103A
:105260000028F4D1286E012819D10020286628686A
:1052700050E8000F30F0100001002A6842E80010EA
:105280000028F4D12868C069C00602D5102029681A
:105290000862B5F85810280005F00FFA09E0280058
:1052A00005F0F0F905E02868008B50F00800296847
:1052B000088370BD00800040F369FFEFF8B505007A
:1052C000B5F85C70D5F88000222867D12868808CFA
:1052D0000400686D060017EA04003080686D801CC9
:1052E0006865B5F85A00401EA5F85A00B5F85A008E
:1052F000002859D1286850E8000F30F49070010060
:105300002A6842E800100028F4D12868083050E8E4
:10531000000F400840000100286810F1080242E830
:1053200000100028F1D12020C5F880000020A866D8
:10533000002068662868224988420ED028684068A4
:1053400000020AD5286850E8000F30F080600100A4
:105350002A6842E800100028F4D1286E012819D1EB
:1053600000202866286850E8000F30F01000010087
:105370002A6842E800100028F4D12868C069C006F5
:1053800002D5102029680862B5F85810280005F0E9
:1053900094F909E0280005F075F905E02868008B0C
:1053A00050F0080029680883F1BD00000038014072
:1053B0008810024000440040004800400024F400EF
:1053C0000080004001000800C0B2002801D1012087
:1053D00021E00800C0B2FF2801D10A201BE008002C
:1053E000C0B2FE2801D1642015E00800C0B2FD283B
:1053F00002D14FF47A700EE00800C0B2FC2802D14E
:1054000042F2107007E00800C0B2FB2802D1DFF8BA
:10541000980300E0012070472DE9F24F8246934641
:10542000002000210A260027B046B946009A1588B8
:10543000BBF1000F08D5DBF100042D202A0092B249
:105440000AF802006D1C00E05C4620000021424684
:105450004B4605F0E3FE002901D1002808D0A6FB49
:10546000080106FB091107FB081180468946ECE795
:10547000404649460A22002305F0D0FE06000F00F0
:10548000002F01D1002E28D02000002132003B0047
:1054900005F0C4FE3030290089B20AF801006D1C05
:1054A000A0465FF000092000002132003B0005F01B
:1054B000B5FEA6FB002306FB013307FB0033B8EB68
:1054C000020079EB03010400300039000A220023B6
:1054D00005F0A4FE06000F00D2E700980580280022
:1054E000C0B2BDE8F28F2DE9FE4F06000F009046D6
:1054F0000020ADF800000020002400215FF0000B28
:10550000B7F80090B8F1000F02D5D8F1000500E01F
:105510004546424639003000FFF77EFFB7F800A04D
:10552000002D4FD09DF80800FFF74CFF01008D4281
:1055300005D20A2045431BF1010B002DF7D1584637
:10554000C0B2002821D050460200D2B2324412F834
:10555000012C2D2A06D00200D2B24B4692B29BB249
:105560009A4208D130220300DBB2F2541AF1010A48
:10557000BBF1010BE3E70200D2B2324412F8012C76
:105580000300DBB2F254401EDEE70A20B1FBF0F468
:1055900050468346002C15D00A20B4FBF0F4584640
:1055A000C0B2304410F8010C5946C9B27054BBF176
:1055B000010B002CEED12E205946C9B270541AF1BD
:1055C000010AE7E7A7F800A05046C0B2BDE8FE8F89
:1055D000F0B4049C00252E00B6B2A6420BD20E8871
:1055E000771C0F802F00BFB217FA83F7D75DB6B2D2
:1055F00087556D1CEFE7F0BC704700002DE9F34FB5
:1056000081B02DED028B9FED658A002401250026D7
:10561000F7EE008A00273800C0B2202864DA039829
:10562000F84010F0010004003800C0B2172829DA51
:1056300018EE900AFDF770FD82468B462000C0B23E
:10564000FDF78EFD804689463800C0B2D0F11700C4
:105650005FF0FF31484304F0E3FF41EC110B9FED95
:10566000500BFDF792FD51EC100B42464B4605F0F6
:10567000EFFE52465B4605F0BDFFFDF7B3FE08EEB8
:10568000900A2FE03800C0B21F2824DA3000C0B2E0
:10569000FDF766FD82468B462000C0B2FDF760FD37
:1056A000804689463800C0B2173804F0B9FF41EC93
:1056B000110B9FED3B0BFDF768FD51EC100B4246C3
:1056C0004B4605F0C5FE52465B4605F093FF06F0DB
:1056D0004FF8060006E02000C0B2012802D15FF0BA
:1056E000FF3005007F1C96E7280040B204F098FFC9
:1056F000804689463000C0B27F3804F091FF41EC0B
:10570000110B9FED270BFDF740FD51EC100B4246AE
:105710004B4605F09DFE8046894618EE900AFDF73F
:10572000FBFC42464B4605F093FEFDF75BFE00EEA8
:10573000100A049880ED000ABDEC028BBDE8F78FDB
:1057400070B4030000220024002000252A000E006F
:10575000D2B2F6B2B2421FD22A00D2B29A5C302A3A
:105760000ADB2A00D2B29A5C3A2A05DA2A00D2B2BF
:105770009A5C303A140001E0002214002A00D2B2F0
:10578000002A03D12200D2B2100003E00A225043C3
:1057900050FA84F06D1CD9E770BC7047000000001F
:1057A0000000000000000040A086010010B42DEDB4
:1057B000010A00206A460023042B07D2D45C19009A
:1057C000C9B2C9008C4020435B1CF5E712BC70478E
:1057D0002DE9F74F82B000265FF0000A5FF0000B62
:1057E00054465D46002000900127DDF80C80DDF86E
:1057F0000890049810F0070F2BD10498C0080021DE
:1058000082468B4606F02AF84FF47A7006F03EF88E
:1058100000200600300080B20021594517D801D37E
:10582000504514D2D8E9000104000D0022002B00DD
:105830004946002005F0BAFF07003800C0B2012831
:1058400005D019F1080918F10808761CE2E706F0FE
:1058500016F83800C0B205B0BDE8F08F70B504008E
:10586000012505F0FBFF06004FF47A7006F00EF8F4
:105870003000C0B200280FD1C4F3CC20B0F5807F37
:1058800005D20121C4F3CC2006F06CF804E001211C
:10589000C4F3CC2006F066F84FF47A7005F0F6FFFA
:1058A00005000548016831F00201016005F0E7FFDD
:1058B0002800C0B270BD0000142002402DE9F04164
:1058C000C0B004000D00160000274FF480710022C4
:1058D000E8464046FCF760FE2000FFF7BFFFA5202A
:1058E0008DF8000030008DF801005FF000084046A0
:1058F000310080B289B288420AD2404680B2285C28
:105900006946424692B21144887018F10108EEE7E8
:10591000B61C300080B20821B6B20836361A90FBA9
:10592000F1F001FB0066320092B269462000FFF7F9
:105930004FFF002801D0002000E0012040B0BDE86A
:10594000F081000002000020704730B40200DFF850
:10595000900A002304688588635583885B1C8380D4
:10596000DFF8803A1B7804688588635583885B1C60
:105970008380012030BC7047F8B504000D00002082
:1059800000212E0022683300DBB2D25C236837008E
:10599000FFB23B445F7857EA02273A0092B2B2F571
:1059A000807F23DA380080B200281FD0DFF8300A69
:1059B00021683200D2B2895C02688388D154818820
:1059C000491C818021683200D2B2114449780268B2
:1059D0008388D1548188491C8180DFF8080A417886
:1059E0003800C0B200F003FB012000E00020F2BD4F
:1059F00030B40200DFF8E8090023046885886355A5
:105A000083885B1C8380DFF8DC395B7804688588D9
:105A1000635583885B1C8380012030BC7047F8B5D8
:105A200004000D00002000212E0022683300DBB2AC
:105A3000D25C23683700FFB23B445F7857EA022705
:105A40003A0092B20B2A1FDADFF89409216832007B
:105A5000D2B2895C02688388D1548188491C8180D4
:105A600021683200D2B21144497802688388D15447
:105A70008188491C81803900C9B2DFF86809007843
:105A800000F0B5FA012000E00020F2BDF8B50400F6
:105A90000D000026DFF8500990ED040AFFF786FE9E
:105AA0000100DFF83C090A00120A03688788DA550A
:105AB0008288521C828002688388D1548288521C5A
:105AC00082800A00120E03688788DA558288521C89
:105AD00082800A00120C03688788DA558288521C7B
:105AE00082800120F2BDF8B504000D000026DFF829
:105AF000F80890ED060AFFF759FE0100DFF8E0080C
:105B00000A00120A03688788DA558288521C82804C
:105B100002688388D1548288521C82800A00120E47
:105B200003688788DA558288521C82800A00120C2A
:105B300003688788DA558288521C82800120F2BD72
:105B4000F8B504000D0000269FEDA30AFFF72EFE16
:105B50000100DFF88C080A00120A03688788DA550A
:105B60008288521C828002688388D1548288521CA9
:105B700082800A00120E03688788DA558288521CD8
:105B800082800A00120C03688788DA558288521CCA
:105B900082800120F2BD0000F8B504000D0000264F
:105BA0009FED8D0AFFF702FE0100DFF834080A00BE
:105BB000120A03688788DA558288521C828002683C
:105BC0008388D1548288521C82800A00120E036896
:105BD0008788DA558288521C82800A00120C03687A
:105BE0008788DA558288521C82800120F2BD30B449
:105BF0000200DFF8EC07002304688588635583887A
:105C00005B1C8380DFF8E03793F8383004688588C0
:105C1000635583885B1C8380012030BC704730B49F
:105C20000200DFF8BC070023046885886355838879
:105C30005B1C8380DFF8B03793F8393004688588BF
:105C4000635583885B1C8380012030BC704730B46F
:105C50000200DFF88C070023046885886355838879
:105C60005B1C8380DFF8803793F83A3004688588BE
:105C7000635583885B1C8380012030BC704730B43F
:105C80000200DFF85C070023046885886355838879
:105C90005B1C8380002304688588635583885B1CB4
:105CA0008380012030BC704730B40200DFF8300739
:105CB000002304688588635583885B1C83800023E8
:105CC00004688588635583885B1C8380012030BC11
:105CD000704730B40200DFF80807002304688588A5
:105CE000635583885B1C8380DFF800371B7804686A
:105CF0008588635583885B1C8380012030BC704796
:105D0000F8B504000D00002000212E0022683300A9
:105D1000DBB2D25C23683700FFB23B445F7857EABE
:105D200002273A0092B2012A03D0380080B200283C
:105D300022D1DFF8AC0621683200D2B2895C026859
:105D40008388D1548188491C818021683200D2B275
:105D50001144497802688388D1548188491C818024
:105D6000DFF88806D0ED020A90ED010A3800C0B2D3
:105D7000FBF759FB012000E00020F2BDF8B504005C
:105D80000D000026DFF8640690ED020AFFF70EFD15
:105D90000100DFF84C060A00120A03688788DA550A
:105DA0008288521C828002688388D1548288521C67
:105DB00082800A00120E03688788DA558288521C96
:105DC00082800A00120C03688788DA558288521C88
:105DD00082800120F2BD0000000000002DE9F843A0
:105DE00004000D000026002000900027A84620682F
:105DF0004146C9B20844817820684246D2B2104474
:105E0000C07850EA012021684246D2B2895C2268FB
:105E10004346DBB21A4492F8019059EA012959EA43
:105E20000049DFF8BC0521684246D2B2895C0268AD
:105E30008388D1548188491C818021684246D2B22E
:105E40001144497802688388D1548188491C818033
:105E500021684246D2B21144897802688388D154BD
:105E60008188491C818021684246D2B21144C97898
:105E700002688388D1548188491C818069464846DC
:105E8000FFF7BCFBDFF86405DDED000A90ED010AC9
:105E90000078FBF7C8FA0120BDE8F283F8B50400EA
:105EA0000D000026DFF8440590ED010AFFF77EFCA7
:105EB0000100DFF82C050A00120A03688788DA550A
:105EC0008288521C828002688388D1548288521C46
:105ED00082800A00120E03688788DA558288521C75
:105EE00082800A00120C03688788DA558288521C67
:105EF00082800120F2BD2DE9F84304000D00002648
:105F0000002000900027A84620684146C9B20844F6
:105F1000817820684246D2B21044C07850EA01200D
:105F200021684246D2B2895C22684346DBB21A44F9
:105F300092F8019059EA012959EA0049DFF8A004D2
:105F400021684246D2B2895C02688388D154818834
:105F5000491C818021684246D2B2114449780268C6
:105F60008388D1548188491C818021684246D2B2FD
:105F70001144897802688388D1548188491C8180C2
:105F800021684246D2B21144C97802688388D1544C
:105F90008188491C818069464846FFF72FFBDFF85E
:105FA0004C04D0ED020A9DED000A0078FBF73BFAA5
:105FB0000120BDE8F28370B504000D00DFF8306405
:105FC000012220213000FCF77EFE0A20FEF702FAB3
:105FD0004FF47A732A0092B22100DFF81804FEF71A
:105FE0004AFA002220213000FCF76DFE70BD7CB51E
:105FF00004000D00082100226E463000FCF7CCFAA8
:106000000026DFF8E003047045706946027833002B
:10601000DBB2CA54761C40783200D2B28854761C67
:106020003200D2B292B26946DFF8CC03FFF746FCE9
:1060300073BDDFF8C4030078C0B2FF280AD0DFF8D0
:10604000A403DFF8B81309780170DFF8B4130978F6
:10605000417005E0DFF88C030521017003214170D8
:1060600070472DE9F04F87B0040000275FF000086B
:106070005FF000090025DFF88C23D2E90001CDE9AB
:1060800002010026DFF88023D2E90001CDE90401F6
:10609000DFF84CA35046FEF7D7F8A0880828C0F2D6
:1060A0009B812068A188084410F8010C2168A2880F
:1060B000114411F8021C51EA0021ADF81810A18812
:1060C000891E2068FCF79BFAADF81A00BDF81A008B
:1060D000BDF81810884240F07D8120680078C149E1
:1060E0000978884240F07681206880782168CF78EE
:1060F00057EA002720684078032805D006286CD08E
:10610000102800F0C38061E1206800792168497996
:1061100051EA00210D005FF001084046C0B20F288F
:1061200036DA5FF01409DFF8E4B24046C0B209FB8A
:1061300000F058444068390089B2884225D12800CF
:1061400080B24146C9B209FB01F1594489688842CD
:106150001BDB002100204246D2B209FB02F25A4466
:10616000D268904701280FD14046C0B209FB00F029
:10617000584480682D1A4046C0B209FB00F90BEB69
:1061800009008068C71900E002E018F10108C4E7BF
:10619000BAF8040000281FD0BAF80400022190FBCE
:1061A000F1F201FB1200002816D1DAF8000001908C
:1061B000BAF80400022190FBF1F080B200903B009D
:1061C0009BB203222068017804A8FCF7F8FABDF816
:1061D00014100498FFF7EFFEFAE004200100C9B2A2
:1061E000A288921E91420EDA21680200D2B2895C26
:1061F000029ABDF80C30D154BDF80C10491CADF812
:106200000C10401CEAE75FF001084046C0B20F28BE
:1062100017DA14227D4B4046C0B250431844406800
:10622000390089B2884209D1002102A8C4465FFA28
:106230008CFC02FB0CF21A441269904718F1010819
:10624000E3E7BAF8040000281FD0BAF804000221DE
:1062500090FBF1F201FB1200002816D1DAF80000E1
:106260000190BAF80400022190FBF1F080B2009096
:106270003B009BB206222068017804A8FCF7F0FAE4
:10628000BDF814100498FFF796FEA1E00020060068
:10629000206800792168497951EA00210D00072022
:1062A0000100C9B2A288921E91420EDA2168020052
:1062B000D2B2895C029ABDF80C30D154BDF80C10F2
:1062C000491CADF80C10401CEAE7280080B24000E1
:1062D0002168897988424DD1BDF80C0021688979FF
:1062E00089B2884246D15FF001084046C0B20F280B
:1062F00040DA5FF01409DFF814B14046C0B209FB80
:1063000000F058444068390089B288422FD12800F3
:1063100080B24146C9B209FB01F1594489688842FB
:1063200025DB310089B202A84246D2B209FB02F253
:106330005A4412699047012818D14046C0B209FB5F
:1063400000F058448068400010FA86F64046C0B21B
:1063500009FB00F0584480682D1A4046C0B209FB82
:1063600000F90BEB09008068C71900E002E018F1A2
:106370000108BAE7BAF80400002826D0BAF80400E9
:10638000022190FBF1F201FB120000281DD12068D0
:1063900080782168C97851EA00210F00DAF80000FE
:1063A0000190BAF80400022190FBF1F080B2009055
:1063B0003B009BB210222068017804A8FCF750FA39
:1063C000BDF814100498FFF7F6FD01E0002004E08A
:1063D000012002E0002000E0002007B0BDE8F08FBF
:1063E000F8070020580D0020B82800205C2A002063
:1063F0000004004888230020000002080200020870
:1064000003000208D4120108DC120108A0060020D3
:1064100062B38B0708D0521E11F8013B00F8013B14
:1064200000F024808B07F6D1830740F0208000BF66
:10643000103A07D330B4B1E83810103AA0E8381059
:10644000F9D230BC530724BFB1E80810A0E8081007
:1064500044BF51F8043B40F8043BD20724BF31F855
:10646000022B20F8022B44BF0B7803707047121FD9
:1064700017D35B0009D151F8043B20F8023B1B0CF9
:10648000121F20F8023BF6D20BE051F8043B00F853
:10649000013B1B0A20F8023B1B0C121F00F8013BBA
:1064A000F3D238BF121D521E24BF11F8013B00F871
:1064B000013BF8D87047000001480068704700BFF2
:1064C000882A002080B505F09DFA00F011F805F04B
:1064D000ABFA05F091FBFCF717FC05F0BDFB05F0EE
:1064E00063FCFCF72DFCFCF749FC05F043FDFEE7DF
:1064F00010B596B04421002205AC2000FCF74CF802
:10650000142100226C462000FCF746F84FF400707E
:1065100005F00CFF002801D000F033F8182005909A
:1065200001200A9001200B9000200C9060200D901B
:1065300002200F900120109001201190282012902D
:1065400007201390022014900220159005A804F053
:1065500067F9002801D000F014F80F200090032004
:10656000019000200290002003900020049004215C
:10657000684604F099FC002801D000F002F816B03B
:1065800010BD72B6FEE710B5044610460A46014635
:106590002046FCF701F8204610BD00002DE9F84F19
:1065A00005005FF0000800272868000527D5686C03
:1065B00000280DD0B0F5000F03D0B0F5400F0DD07E
:1065C0000DE0DFF82403016851F48031016008E038
:1065D0000021281D00F092F9804602E001E0012030
:1065E00080464046C0B2002808D1DFF80C130A6884
:1065F00032F44002686C02430A6000E047462868B3
:1066000080037AD55FF00009DFF8E0A2DAF8000035
:10661000C0000DD4DAF8000050F08050CAF8000035
:10662000DAF8000010F080500090009801208146B8
:10663000DFF8BCB2DBF8000050F48070CBF800004B
:10664000FFF73AFF0600DBF80000C00506D4FFF7AD
:1066500033FF801B0328F6D3032080464046C0B298
:1066600000283FD1DFF88CB2DBF8000010F4407056
:106670000400002C15D0E86D844212D0DBF8000035
:1066800030F440700400DBF8000050F48030CBF8A8
:106690000000DBF8000030F48030CBF80000CBF8CD
:1066A0000040E0070FD5FFF707FF0600DBF800000A
:1066B000800708D4FFF700FF801B41F28931884230
:1066C000F4D3032080464046C0B2002808D1DBF84E
:1066D000001031F44071E86D0143CBF8001002E086
:1066E000474600E047464846C0B2012805D1DAF8DF
:1066F000000030F08050CAF800002878C00707D5A5
:10670000DFF8F4110A6892089200286A02430A60CE
:106710002878800707D5DFF8E0110A6832F00C020C
:10672000686A02430A602878400707D5DFF8C81175
:106730000A6832F03002A86A02430A6028788006AC
:1067400007D5DFF8B4110A6832F44062E86A024300
:106750000A602868800507D5DFF89C110A6832F4C2
:106760004022E86B02430A602868400507D5DFF83D
:1067700088110A6832F44012286C02430A602878B3
:10678000400607D5DFF870110A6832F44052286BD2
:1067900002430A602878000607D5DFF85C110A6812
:1067A00032F44042686B02430A602868C00507D58E
:1067B000DFF844110A6832F44032A86B02430A60E1
:1067C0002868800420D5DFF830110A6832F0406272
:1067D000A86C02430A60A86CB0F1006F06D1DFF824
:1067E0000801016851F4801101600DE0A86CB0F15E
:1067F000806F09D10121281D00F080F880464046B5
:10680000C0B2002800D047462868000320D5DFF832
:10681000E8100A6832F04062E86C02430A60E86CF3
:10682000B0F1006F06D1DFF8C000016851F48011AB
:1068300001600DE0E86CB0F1806F09D10121281DE5
:1068400000F05CF880464046C0B2002800D04746C1
:106850002868400320D5DFF8A0100A6832F04062B3
:10686000286D02430A60286DB0F1006F06D1DFF891
:106870007800016851F4801101600DE0286DB0F1DD
:10688000806F09D10121281D00F038F8804640466C
:10689000C0B2002800D047462868400415D5DFF86C
:1068A00058100A6832F04052686D02430A60686D01
:1068B000B0F1805F09D10221281D00F01FF8804649
:1068C0004046C0B2002800D047462868000407D5DB
:1068D000DFF824100A6832F08042A86D02430A6093
:1068E0003800C0B2BDE8F28F0C10024058100240D0
:1068F0000070004090100240881002402DE9F041E5
:1069000005000C0000275949086810F0030F12D049
:10691000086810F003002A68904209D1286800280E
:1069200006D00868C0F30210401C6968884232D063
:10693000012007002FE02868012804D01BD303287A
:106940000FD007D317E04A480068800701D4012020
:10695000070012E046480068400501D40120070006
:106960000BE043480268920304D40068400301D45A
:106970000120070001E0012007003800C0B2002814
:1069800009D10A6832F07302286802436868401E21
:1069900052EA00120A603800C0B2002861D1DFF864
:1069A000D080D8F8000030F08060C8F80000FFF711
:1069B00083FD0600D8F80000000106D5FFF77CFD36
:1069C000801B0328F6D3032007003800C0B200283C
:1069D00047D1002C0BD127490A6827480240A868F4
:1069E00052EA0022E86852EAC0620A601CE0012C08
:1069F0000DD120490A6821480240A86852EA0022C5
:106A000028694008401E52EA40520A600CE01949C9
:106A10000A681B480240A86852EA002268694008D8
:106A2000401E52EA40620A60D8F8000050F08060D0
:106A3000C8F80000FFF740FD0600D8F8000000018C
:106A400006D4FFF739FD801B0328F6D30320070087
:106A50003800C0B2002804D106490A68A869024378
:106A60000A603800C0B2BDE8F08100000C1002409E
:106A70000010024010100240FF80FF07FF809FFFC0
:106A8000FF80FFF930B40100002901D1012067E047
:106A90000868624A90420AD20A6861488218142043
:106AA000B2FBF0F0800048645E48086409E00A68C0
:106AB0005D4882181420B2FBF0F0800048645B4807
:106AC0000864022081F82500086802686FF30E123E
:106AD0008B68C868034308690343486903438869AE
:106AE0000343C8690343086A03431A430868026002
:106AF0008868B0F5804F2AD0086C4A4B984213D171
:106B00004B4803680F2491F8445015F01C05AC4025
:106B1000A343036003684C6891F8445015F01C05CA
:106B2000AC402343036012E0424803680F2491F80D
:106B3000445015F01C05AC40A343036003684C6847
:106B400091F8445015F01C05AC402343036000202D
:106B5000C863012081F82500002081F8240000206E
:106B600030BC704710B40100002901D1012053E06E
:106B700008680068400840000A6810600868274AF2
:106B800090420AD20A68264882181420B2FBF0F01C
:106B9000800048642348086409E00A682248821893
:106BA0001420B2FBF0F08000486420480864002004
:106BB0000A681060012091F8442012F01C029040F5
:106BC0000A6C5060086C174A90420AD11848026853
:106BD0000F2391F8444014F01C04A3409A43026030
:106BE00009E0144802680F2391F8444014F01C0493
:106BF000A3409A4302600020C8620020086300207E
:106C00004863002088630020C863002081F82500C5
:106C1000002081F82400002010BC704708040240C6
:106C2000F8FFFDBF00000240F8FBFDBF000402407A
:106C3000A8000240A80402402DE9F04104000D0024
:106C400016001F005FF0000894F82400012801D10D
:106C500002203BE0012084F8240094F8250001285C
:106C60002DD1022084F825000020E0632068006810
:106C700040084000216808603B00320029002000E5
:106C800000F0F8F8206B002806D02068006850F06B
:106C90000E00216808600BE02068006830F00400F6
:106CA000216808602068006850F00A0021680860C8
:106CB0002068006850F001002168086004E00020AE
:106CC00084F82400022080464046C0B2BDE8F0812E
:106CD0000100002291F82500022806D00420C86394
:106CE000002081F8240001201BE00868006830F0D3
:106CF0000E000B68186008680068400840000B68C8
:106D00001860012091F8443013F01C0398400B6C7C
:106D10005860012081F82500002081F8240010002F
:106D2000C0B2704738B50400002594F82500022849
:106D300004D00420E063012005001FE02068006803
:106D400030F00E00216808602068006840084000AC
:106D500021680860012094F8441011F01C0188405B
:106D6000216C4860012084F82500002084F824006C
:106D7000A06B002802D02000A16B88472800C0B279
:106D800032BD70B50400206C0568206806680420D8
:106D900094F8441011F01C0110FA01F10D4219D0C1
:106DA000710717D521680968890605D42168096823
:106DB00031F004012268116094F8441011F01C01B4
:106DC0008840216C4860206B002852D02000216B45
:106DD00088474EE0022094F8441011F01C0110FA8C
:106DE00001F10D421FD0B1071DD521680968890640
:106DF00008D42168096831F00A0122681160012174
:106E000084F8251094F8441011F01C018840216C7E
:106E10004860002084F82400E06A002829D020007F
:106E2000E16A884725E0082094F8441011F01C011D
:106E3000884005421DD030071BD52068006830F01F
:106E40000E0021680860012094F8441011F01C0124
:106E50008840216C48600120E063012084F825000F
:106E6000002084F82400606B002802D02000616BB1
:106E7000884770BD30B4012490F8445015F01C05CB
:106E8000AC40056C6C60046863608468102C04D1AD
:106E90000468A2600468E16003E00468A16004681B
:106EA000E26030BC7047000010B410F00703DFF858
:106EB000684122684FF6FF010A40DFF8601151EA8D
:106EC00003210A43226010BC7047DFF84C010068C0
:106ED000C0F3022070470000010049B200290AD423
:106EE000012210F01F018A40DFF8341103005BB269
:106EF0005B0941F823207047010049B200290DD4F5
:106F0000012210F01F018A40464903005BB25B0971
:106F100041F82320BFF34F8FBFF36F8F704710B43A
:106F2000020052B2002A05D40A013F4B040064B2A9
:106F30001A5508E00A013D4B040064B214F00F0436
:106F4000234403F8042C10BC704770B4030013F002
:106F50000704D4F10700052801D3042001E0D4F18F
:106F60000700251D072D01D2002500E0E51E0126A2
:106F700016FA00F0401E0140A94016FA05F56D1EF4
:106F80002A401143080070BC704710B50400601E11
:106F9000B0F1807F01D301200EE0601E244908601B
:106FA0000F215FF0FF30FFF7BAFF00202149086092
:106FB000072021490860002010BD10B50400200002
:106FC000FFF772FF10BD2DE9F04104000D0016001F
:106FD0000027FFF77AFF8046320029004046FFF77E
:106FE000B4FF0100200040B2FFF799FFBDE8F08137
:106FF00010B50400200040B2FFF76EFF10BD10B5C1
:107000000400200040B2FFF777FF10BD10B5040068
:107010002000FFF7BAFF10BD0CED00E00000FA05FC
:1070200000E100E080E100E000E400E018ED00E0B5
:1070300014E000E018E000E010E000E02DE9F04D81
:107040002DED0A8B41EC190B43EC182B51EC180B6E
:1070500020F0000431F0004508BF002C84B000F09F
:10706000088353EC192B0020DFF88C1605F0A2F9E9
:1070700000F0FF82DFF8141605F09CF908D151ECFE
:10708000180B48004015401C02D1090300F0F182A2
:1070900051EC190B48004015401C00F00E8251ECD9
:1070A000190B31F0004108BF002800F0068251ECB6
:1070B000180B48004015401C00F0FF8151EC180BE4
:1070C0004B0043EAD0734200002B08BF002A04D1D2
:1070D000B0EE48AAF0EE68AA19E040F23344A4EBFF
:1070E0005352352A04DB00F0000001F000410CE0AF
:1070F000202A03DD203AD140914000E001D1002058
:1071000003E0002AC4BFD040904041EC1A0B51EC80
:10711000190BC80F0BD053EC182B51EC1A0B05F0C0
:1071200049F904D0AFF300809FED3F9BA3E253ECFD
:10713000192B23F00041B1F5801F22F000000DD281
:107140000022002908BF0028009216D06A4651ECA0
:10715000190B05F03FF941EC190B0EE0DFF8AC45D7
:10716000DFF82C7504EB115000903B40DFF824054C
:10717000924643EA000B4BEC19AB51EC190BC80FCC
:1071800036D021F0004053EC192B034643EC192B69
:1071900051EC1A0B4B0043EAD0734200002B08BF9E
:1071A000002A04D1B0EE4A0AF0EE6A0A19E040F271
:1071B0003444A4EB5352352A04DB00F0000001F004
:1071C00000410CE0202A03DD203AD140914000E04C
:1071D00001D1002003E0002AC4BFD040904041EC20
:1071E000100B53EC1A2B51EC100B05F0E3F801D106
:1071F000002600E00126009801281DD151EC190B52
:10720000DFF89424DFF8943405F01CF914D253EC21
:10721000192B00204FF0804104F01AF900279FED50
:1072200004BB41EC190B27E0FFFFFFFFFFFFFF7FCF
:10723000000000000000F03F53EC192B0020DFF8A5
:10724000601404F005F99FED78AB53EC1A2B04F0B1
:10725000D1F904F08DFAA0F12004204603F0E0F902
:107260000022DFF8403404F0F3F853EC1A2B04F05A
:10727000C1F941EC1B0B670151EC190B53EC1B2BB3
:1072800005F0F8F841EC1A0B53EC192B51EC1B0BE1
:1072900004F0B0F902460B4651EC1A0BFBF77EFFE7
:1072A00041EC190B53EC192B04F0D2F841EC1C0BF8
:1072B00053EC1C2BDFF8F003DFF8F01304F0C8F8F0
:1072C000DFF8EC23DFF8EC3304F094F953EC1C2BDB
:1072D00004F0BEF8DFF8E023DFF8E03304F08AF9C9
:1072E00053EC1C2B04F0B4F8DFF8D423DFF8D433CC
:1072F00004F080F953EC1C2B04F0AAF8DFF8C82343
:10730000DFF8C83304F076F953EC1C2B04F0A0F836
:10731000DFF8BC23DFF8BC3304F06CF953EC1C2B12
:1073200004F096F8DFF8B023DFF8B03304F062F928
:1073300053EC1C2B04F08CF853EC1A2B05F09AF844
:1073400004460D460020DFF8B01353EC1B2B05F06C
:1073500091F800224FF0804304F07AF822462B4641
:1073600004F048F953EC192B04F072F841EC100BBF
:10737000DFF86C03784400F55A70074453EC1A2B7D
:1073800051EC100B04F036F941EC190B009803F0A6
:1073900047F9D7E9002304F02DF941EC1A0B53EC1F
:1073A000192BDFF84003DFF8401304F051F853ECD9
:1073B0001A2B04F01FF953EC182B04F049F80022A3
:1073C000DFF8283305F03EF841EC1B0B69D30122AE
:1073D000C74B05F0C1F861D9C80F53EC1B2B1ABF7E
:1073E0000020C449AB4904F005F904F0C1F90022BA
:1073F000C14BCDE901238046CDF8008053EC192B19
:1074000051EC180B04F024F804460D46D7E90201AC
:10741000D7E9042304F0EEF853EC182B04F018F825
:107420009FEDB6BB04E000BF000000000000E03F9D
:1074300053EC1B2B04F00CF822462B4604F0DAF830
:1074400007468B4653EC1A2B51EC180B04F000F84E
:1074500004460D46404603F0E3F802460B4620463C
:10746000294605F007F853EC1B2B03F0F1FF3A46D1
:107470005B4604F0BFF8DDE9012305F085F841EC37
:10748000190B31F0004108BF00280AD051EC190B4C
:1074900048004015401C06D1090304D19FEDA09B74
:1074A00001E09FED9B9B002E00F0E58051EC190B55
:1074B00081F0004141EC190BDDE051EC190B480063
:1074C0004015401C02D1090340F0D58051EC180B47
:1074D00048004015401C06D1090304D0B0EE489A7C
:1074E000F0EE689AC7E051EC180B480001244015F3
:1074F000401C61D051EC180B4B0043EAD0734200A2
:10750000002B08BF002A04D1B0EE48AAF0EE68AA0A
:1075100019E040F23345A5EB5352352A04DB00F065
:10752000000001F000410CE0202A03DD203AD140A8
:10753000914000E001D1002003E0002AC4BFD04008
:10754000904041EC1A0B53EC182B51EC1A0B04F041
:1075500031FF18BF00244B0043EAD0734200002BD8
:1075600008BF002A04D1B0EE4A0AF0EE6A0A19E018
:1075700040F23445A5EB5352352A04DB00F00000FD
:1075800001F000410CE0202A03DD203AD140914077
:1075900000E001D1002003E0002AC4BFD0409040A9
:1075A00041EC100B44B153EC1A2B51EC100B04F0CE
:1075B00001FF0CBF0024012451EC190B48004015B9
:1075C000401C0AD1090308D151EC190BC80F21D175
:1075D00053EC182BDA0F49D040E051EC180B48005F
:1075E0004015401C1ED109031CD153EC192B23F06C
:1075F0000041B1F5801F22F0000021D200220029B5
:1076000008BF002800921FD06A4651EC190B04F005
:10761000E1FE19E051EC180BC80F01D1002C21E05C
:10762000E4B10AE0002C1ABF51EC190BC80F00207E
:1076300053EC182BDA0F14D180B19FED329B1AE076
:10764000324C04EB1150009051EC180BC80F00980D
:1076500002D100280ADC01E0002807DD9FED2C9B09
:1076600009E0002818BF9FED2C9B04D19FED2C9BB7
:1076700001E09FED049B04B051EC190BBDEC0A8BAB
:10768000BDE8F08D000000000000F03F0000F0BFFA
:10769000FFFF0F800000E03FCD3B7F669EA0E63FEE
:1076A000000050400000903FF7DE29BFD8F8C23FED
:1076B000F4B3FECC1A99C33F62CB68D96F46C73F7B
:1076C000C6C912DAC471CC3F4AE98A942449D23F30
:1076D000F75F97999999D93FBC5555555555E53F51
:1076E000C0840000FE822B654715F73F0000E0C014
:1076F0000000E0400000E0BF0000F03FEF39FAFE7C
:10770000422EE63F000000000000008002FCFFFF68
:107710000000000000000000000000000000F0FF7A
:10772000000000000000F07F80B5012240212348C6
:10773000FBF7C9FA2249234800F01EFA00F01EF8B0
:10774000012000F005F800F0A1FA00F0EFF901BD0A
:10775000704711B581B0194C002240212000FBF781
:10776000B2FA4FF47A73012201A9174805F07CF9A7
:10777000012240212000FBF7A6FA13BD10B50F4CE3
:10778000002240212000FBF79EFA002280212000E9
:10779000FBF799FA012000F019F8052000F016F81F
:1077A000012280212000FBF78EFA052000F00EF860
:1077B000012240212000FBF786FA10BD0008004896
:1077C000782A0020101200201827002010B504008D
:1077D0002000FCF7FFFD10BD70B4039CDFF8805261
:1077E000286029716A71AB71EC7100262E7270BC31
:1077F00070472DE9F84F04000D00160000275FF0D8
:107800000008DFF85C9299F80500082880F2FC80F7
:10781000300099F80610C0B2884205D399F80700E5
:107820003100C9B2884201D22E200600402099F8CA
:107830000510491C90FBF1F02900C9B2814280F289
:10784000E38099F8040050FA84F0802880F2DC800C
:1078500099F805305B1C99F8050003FB05035B1CD8
:10786000DBB299F804201219D2B299F80500401C35
:1078700015FB00F1C9B22000C0B200F0FFF80021F2
:10788000080099F80420C0B2904280F0BD8000202A
:1078900015FB00F00200D2B2082392FBF3F21700AE
:1078A000C0B2082290FBF2F302FB13008046FF22D5
:1078B0006C4BD3F800C03800C0B250FA85FE80206F
:1078C00000FB0EFE5EFA84FED3F800A03800C0B2C2
:1078D00050FA85FB802000FB0BFB5BFA84F01AF862
:1078E00000A0D8F1080B100050FA0BF010EA0A0AB9
:1078F0000CF80EA0D3F800C03800C0B250FA85FED4
:10790000802000FB0EFE5EFA84F00090D3F800E0C9
:107910003800C0B250FA85FA802000FB0AFA5AFA01
:1079200084F01EF800E0D9F800A0B3465FFA8BFBA4
:1079300099F80600BBEB000099F804B00BFB00FBC4
:107940000AEB0B008A465FFA8AFA10F80A0010FA6E
:1079500008F050EA0E00DDF800E00CF80E00D3F855
:1079600000C03800C0B250FA85FE802000FB0EFE39
:107970005EFA84F08444D3F800E03800C0B250FAD4
:1079800085FA802000FB0AFA5AFA84F0704490F8D5
:10799000800012FA08F202408CF880201A68380041
:1079A000C0B250FA85FC802000FB0CFC5CFA84F02D
:1079B00002441B683800C0B250FA85FC802000FBEE
:1079C0000CFC5CFA84F0184490F88030D9F800C0C0
:1079D000B6465FFA8EFE99F80600BEEB000E99F8E7
:1079E000040000FB0EFE0CEB0E008C465FFA8CFCD4
:1079F00010F80C00D8F1080C50FA0CF0034382F890
:107A00008030641C491C3BE7BDE8F18FF8B50700E6
:107A10000C001600124D6879082820DA307800280A
:107A20001DD032782100C9B23800C0B2FFF7E1FEA4
:107A3000761C2879401CC719287950FA87F0401C19
:107A4000812802DB00200700641C40206979491C62
:107A500090FBF1F02100C9B28142DFDBFFE7F1BD0D
:107A6000502A00207C2A002080B5034802F0C4FD83
:107A700000F0CDF801BD0000C0FF000870B40400A4
:107A8000E4B2802C01DB7F2420001400E4B2802CBF
:107A900001DB7F2422000C00E4B2402C01DB3F24F8
:107AA00021001C00E4B2402C01DB3F242300354CB4
:107AB000050026683678EDB2B54201D225682870F7
:107AC0002568AD781600F6B2B54201D22568AA70D5
:107AD0000D0026687678EDB2B54201D2256869704E
:107AE0002568ED781E00F6B2B54201D22468E37035
:107AF00070BC704723487F21026811700021026822
:107B000091703F210268517000210068C170704778
:107B10001C480021026811707F21026891700021C9
:107B2000026851703F210068C170704770B54FF412
:107B300080640025144806682A0021003000FAF706
:107B40002BFD3F237F2200210020FFF797FF00F04D
:107B50005EF870BD70B54FF4806400250A48066871
:107B60002A0021003000FAF717FD3F237F22002171
:107B70000020FFF783FF70BD034A1060014A1160C7
:107B800070470000802A00207C2A002010B50400E5
:107B900000224FF480713A48FBF795F82000C0B2FC
:107BA000FFF7D7FD10BD10B5040001224FF480711E
:107BB0003348FBF788F82000C0B2FFF7CAFD10BDBC
:107BC00010B5040014F00F0050F0B000C0B2FFF781
:107BD000DDFF10BD10B504002000C0B200F005F8B4
:107BE0002000C0B200F00CF810BD10B50400200059
:107BF000C0B2000950F01000C0B2FFF7C7FF10BDBF
:107C000010B5040014F00F00FFF7C0FF10BD70B5F1
:107C100000242000C0B210282EDA1A4D28684078BF
:107C20002100C9B2491CB0EBC10F23DA2868C07823
:107C30002100C9B2B0EBC10F1EDB2000C0B2FFF7BC
:107C4000BFFF28680078FFF7C5FF28680678286816
:107C500080783100C9B288420CD30B4801682200F9
:107C6000D2B28020424352FA86F0085CFFF79BFFB5
:107C7000761CECE7641CCCE7FFF73CFF70BD00000E
:107C800000080048802A00207C2A002080B5AE2011
:107C9000FFF77CFFA220FFF779FFA020FFF776FF18
:107CA000C820FFF773FF2F20FFF770FF3220FCF78B
:107CB00091FBA420FFF76AFF4020FFF767FF252014
:107CC000FFF764FF0A20FCF785FB8120FFF75EFFCA
:107CD0001220FFF75BFFFFF729FFAF20FFF756FFEA
:107CE0000520FCF777FB01BD80B5514800780128DD
:107CF00006D0022807D0042808D0082809D00BE0B5
:107D000000F0A2F808E001F0AFF805E001F00AFB8E
:107D100002E001F02FFDFFE701BD2DE9F04700244F
:107D2000444D2888002804D02888401E2880002040
:107D30007CE03F4E307A002877D120213E48FAF788
:107D4000B7FF002801D1012700E00027DFF8EC8011
:107D500004214046FAF7ACFF002802D15FF0010988
:107D600001E05FF0000902214046FAF7A1FF002878
:107D700002D15FF0010A01E05FF0000A01214046F4
:107D8000FAF796FF002801D1012000E0002057EA11
:107D9000490757EA8A073C0054EAC0042000C0B2F1
:107DA000012805D0022803D0042801D0082834D1A6
:107DB0007068401C7060706850282DD334700120AA
:107DC00030721F490868142801D2192028801D48E4
:107DD00022000378D2B29A4219D10A68521C0A6072
:107DE0000A681E2A02D20021716014E00A68B42ACF
:107DF00002D2412171600EE00A68F02A02D24621C7
:107E0000716008E04E227260F0220A6003E00022F6
:107E1000726000220A60047007E0002009490870BF
:107E2000282070600020064908603078BDE8F0879F
:107E3000E8290020C42A0020000800480004004867
:107E4000742A0020D42A0020F8B52DED028B84B0CE
:107E5000DFF8384CA07800281AD001283DD002283D
:107E60006DD0032800F0FE80042800F082810528F0
:107E700000F0C582062800F06783072800F0EC8335
:107E8000082800F0B6840A2800F0BC8500F0E2BFA4
:107E9000DFF8FC5B0020E860DFF8F86B0A220021C5
:107EA0003000FCF7E3F93020307030207070302063
:107EB000B0703020F070E8680001801CC0B2039000
:107EC0000296052001900420009005230022012144
:107ED000A01CFCF79CF800F0BDBFDFF8B40BC16834
:107EE000491CC160C16804291EDBDFF8A80BFCF740
:107EF000A9F8012815D1A51C0622290014F10800B3
:107F0000FCF702FAF1200390002002900C2001906F
:107F1000072000900723002202212800FCF777F8B1
:107F20000BE00020A07008E0C0680001801C020087
:107F3000D2B20021A01CFCF747F800F08BBF2079DB
:107F400007280AD0C0F08C80092832D01BD30B2818
:107F50005BD044D30C286ED082E0A51C06222900F9
:107F600014F10800FCF7D0F9F120039000200290F2
:107F70000F2001900E2000900E23002203212800E4
:107F8000FCF745F86CE0A51C0622290014F1080056
:107F9000FCF7BAF9F120039000200290172001901D
:107FA000132000901323002204212800FCF72FF84F
:107FB00056E0A51C0622290014F10800FCF7A4F9DC
:107FC000F120039000200290212001901F200090BA
:107FD0001F23002206212800FCF719F840E0A51C09
:107FE0000622290014F10800FCF78EF9F120039015
:107FF00000200290252001902320009023230022BE
:1080000007212800FCF703F82AE0A51C0622290016
:1080100014F10800FCF778F9F12003900020029099
:108020002A200190272000902723002208212800E1
:10803000FBF7EDFF14E0A51C0622290014F108004F
:10804000FCF762F900200390002002902D2001909F
:108050002D2000902D23002209212800FBF7D7FFB7
:1080600000F0F8BE20790E2802D00F2840D07EE024
:10807000E078002802D001281FD038E0A61C062294
:10808000310014F10800FCF73FF9DFF8045AF22040
:10809000039015F10C0002900F2001900E2000902B
:1080A0000E23E278521CD2B203213000FBF7AFFF5F
:1080B000DFF8700C4078E86019E0A51C0622290062
:1080C00014F10800FCF720F9F02003900020029042
:1080D0003020019030200090302300220A21280017
:1080E000FBF795FF0120DFF83C1C0870FFE73EE03E
:1080F000E078002802D001281FD038E0A61C062214
:10810000310014F10800FCF7FFF8DFF88459F22081
:10811000039015F10C0002900F2001900F200090A9
:108120000F23E278521CD2B203213000FBF76FFF1D
:10813000DFF8F00B4068E86019E0A51C0622290072
:1081400014F10800FCF7E0F8F02003900020029002
:108150003020019030200090302300220A21280096
:10816000FBF755FF0120DFF8BC1B0870FFE700F0AC
:1081700071BE207913280BD0C0F03F81152800F084
:1081800093804BD3172800F01B81C0F0D38034E1DB
:10819000E078002802D001281FD03EE0A61C06226D
:1081A000310014F10800FCF7AFF8DFF8E458F220D2
:1081B000039015F10C0002901720019013200090FD
:1081C0001323E278521CD2B204213000FBF71FFFC8
:1081D000DFF8500B406BE8601FE0A51C0622290069
:1081E00014F10800FCF790F8F020039000200290B2
:1081F0003020019030200090302300220A212800F6
:10820000FBF705FFDFF8541CDFF88408C06808801E
:1082100002220520F8F78AFFFFE7EEE0E078002869
:1082200002D001281FD03EE0A61C0622310014F126
:108230000800FCF769F8DFF85858F220039015F1B0
:108240000C00029017200190132000901423E27874
:10825000521CD2B204213000FBF7D9FEDFF8C40A69
:10826000806BE8601FE0A51C0622290014F10800BD
:10827000FCF74AF8F0200390002002903020019093
:1082800030200090302300220A212800FBF7BFFE97
:10829000DFF8C81BDFF8F807C06808800222062054
:1082A000F8F744FFFFE7A8E0E078002802D00128B3
:1082B0001FD03EE0A61C0622310014F10800FCF796
:1082C00023F8DFF8CC57F220039015F10C00029050
:1082D00017200190132000901523E278521CD2B28F
:1082E00004213000FBF793FEDFF8380AC06BE8602A
:1082F0001FE0A51C0622290014F10800FCF704F871
:10830000F020039000200290302001903020009057
:10831000302300220A212800FBF779FEDFF83C1BFE
:10832000DFF86C07C068088002220720F8F7FEFE1D
:10833000FFE762E0E078002802D001281FD03EE08D
:10834000A61C0622310014F10800FBF7DDFFDFF860
:108350004057F220039015F10C0002901720019075
:10836000132000901623E278521CD2B20421300070
:10837000FBF74DFEDFF8AC09006CE8601FE0A51CC0
:108380000622290014F10800FBF7BEFFF02003903D
:1083900000200290302001903020009030230022F5
:1083A0000A212800FBF733FEDFF8B01ADFF8E006F9
:1083B000C068088002220820F8F7B8FEFFE71CE03A
:1083C000A51C0622290014F10800FBF79DFFF020F0
:1083D0000390002002903020019030200090302344
:1083E00000220A212800FBF712FEDFF8701A002095
:1083F000088002220920F8F799FE00F02BBD2079B1
:108400001B2806D0C0F09E801D2800F0828040D33B
:1084100098E0E078002802D001281FD038E0A61CA0
:108420000622310014F10800FBF76EFFDFF86056FA
:10843000F220039015F10C0002901D2001901B20EA
:1084400000901B23E278521CD2B205213000FBF7CA
:10845000DEFDDFF8D008006EE86019E0A51C0622FA
:10846000290014F10800FBF74FFFF02003900020D3
:1084700002903020019030200090302300220A2109
:108480002800FBF7C4FD0120DFF898180870FFE70B
:1084900058E0E078002802D001281FD038E0A61C60
:1084A0000622310014F10800FBF72EFFDFF8E0553B
:1084B000F220039015F10C0002901D2001901B206A
:1084C00000901C23E278521CD2B205213000FBF749
:1084D0009EFDDFF85008406EE86019E0A51C0622FA
:1084E000290014F10800FBF70FFFF0200390002093
:1084F00002903020019030200090302300220A2189
:108500002800FBF784FD0120DFF818180870FFE74A
:1085100018E0A51C0622290014F10800FBF7F4FE60
:10852000F020039000200290302001903020009035
:10853000302300220A212800FBF769FD0120DFF823
:10854000E417087000F086BC20791F2802D021288B
:1085500040D07FE0E078002802D001281FD038E02A
:10856000A61C0622310014F10800FBF7CDFEDFF84F
:108570002055F220039015F10C000290212001906B
:108580001F2000901F23E278521CD2B20621300037
:10859000FBF73DFDDFF88C07806AE86019E0A51C59
:1085A0000622290014F10800FBF7AEFEF02003902C
:1085B00000200290302001903020009030230022D3
:1085C0000A212800FBF723FD0120DFF85817087067
:1085D000FFE73FE0E078002802D001281FD038E014
:1085E000A61C0622310014F10800FBF78DFEDFF80F
:1085F000A054F220039015F10C000290212001906C
:108600001F2000902123E278521CD2B206213000B4
:10861000FBF7FDFCDFF80C07006BE86019E0A51C18
:108620000622290014F10800FBF76EFEF0200390EB
:108630000020029030200190302000903023002252
:108640000A212800FBF7E3FC0120DFF8D8160870A8
:10865000FFE7FFE700F0FEBB2079232806D0C0F03B
:10866000C780252800F0858043D3C1E0E07800284A
:1086700002D0012822D03BE0A71C0622390014F1C9
:108680000800FBF741FEDFF8085415F10C06F22054
:108690000390029625200190232000902323E27866
:1086A000521CD2B207213800FBF7B1FCDFF8B40747
:1086B0000078E860DFF86C06C66419E0A51C0622A5
:1086C000290014F10800FBF71FFEF02003900020A2
:1086D00002903020019030200090302300220A21A7
:1086E0002800FBF794FC0120DFF838160870FFE73C
:1086F0007EE0E078002802D001281FD038E0A61CD8
:108700000622310014F10800FBF7FEFDDFF880536C
:10871000F220039015F10C000290252001902320F7
:1087200000902423E278521CD2B207213000FBF7DC
:108730006EFCDFF8F005406CE86019E0A51C06222D
:10874000290014F10800FBF7DFFDF0200390002062
:1087500002903020019030200090302300220A2126
:108760002800FBF754FC0120DFF8B8150870FFE77C
:108770003EE0E078002802D001281ED037E0A61C99
:108780000622310014F10800FBF7BEFDC04DF220B7
:10879000039015F10C0002902520019023200090F9
:1087A0002523E278521CD2B207213000FBF72FFCC0
:1087B000DFF87005806CE86019E0A51C062229002E
:1087C00014F10800FBF7A0FDF020039000200290B8
:1087D0003020019030200090302300220A21280010
:1087E000FBF715FC0120DFF83C150870FFE7FFE7F9
:1087F00030E32079272809D0C0F00381292800F030
:10880000838042D32A2800F0BE80FAE0E078002876
:1088100002D001281ED037E0A61C0622310014F138
:108820000800FBF771FD9A4DF220039015F10C0042
:1088300002902A200190272000902723E278521CE2
:10884000D2B208213000FBF7E2FBDFF8D804006D5C
:10885000E86019E0A51C0622290014F10800FBF7C6
:1088600053FDF02003900020029030200190302032
:108870000090302300220A212800FBF7C8FB0120CA
:10888000DFF8A0140870FFE7BBE0E078002802D012
:1088900001281ED037E0A61C0622310014F1080082
:1088A000FBF732FD7A4DF220039015F10C00029097
:1088B0002A200190272000902823E278521CD2B26F
:1088C00008213000FBF7A3FBDFF85804406DE86097
:1088D00019E0A51C0622290014F10800FBF714FD7D
:1088E000F020039000200290302001903020009072
:1088F000302300220A212800FBF789FB0120DFF842
:1089000024140870FFE77CE0E078002802D00128FA
:108910001ED037E0A61C0622310014F10800FBF738
:10892000F3FC5B4DF220039015F10C0002902A201D
:108930000190272000902923E278521CD2B208210E
:108940003000FBF764FBDFF8DC03806DE86019E0C2
:10895000A51C0622290014F10800FBF7D5FCF02025
:1089600003900020029030200190302000903023AE
:1089700000220A212800FBF74AFB0120DFF8A4139C
:108980000870FFE73DE0E078002802D001281ED003
:1089900036E0A61C0622310014F10800FBF7B4FCF7
:1089A0003B4DF220039015F10C0002902A2001901B
:1089B000272000902A23E278521CD2B208213000EE
:1089C000FBF725FBDFF85C03C06DE86018E0A51C31
:1089D0000622290014F10800FBF796FCF020039012
:1089E000002002903020019030200090302300229F
:1089F0000A212800FBF70BFB0120CA490870FFE79A
:108A0000FFE727E2207A03280ED0C0F02282052853
:108A100000F0C381C0F05881072800F095803CD356
:108A2000082800F0D88014E23220FAF72FFF032044
:108A3000BC490870A07A0E2802D00F2809D02BE07C
:108A4000DFF8CC0841781248C068C0B2FDF7CFFA11
:108A500022E000200100C9B20B290FDADFF8B418B8
:108A60000200D2B251F82210094AD268914203D1D1
:108A7000DFF89C18487001E0401CEBE7DFF8900835
:108A800041780078FDF7B3FA06E000BF302A0020F5
:108A9000E829002000000020DBE1A24D032028701F
:108AA0003220FAF7F3FEA07A1F2804D04BD32128F6
:108AB00031D018D347E0287AFCF784FC00EE100A86
:108AC000DFF8540890ED091AD0ED080ADFF84C08D9
:108AD000D0ED031AF8EEE11AB8EE400A81EE800AF2
:108AE000F8F7B8FB2FE0687AFCF76CFC00EE100A90
:108AF000DFF8240890ED091ADFF82018D1ED030AF9
:108B0000F8EEE00AB8EE400AC0EE800A90ED070ADF
:108B1000F8F7A0FB17E0A87AFCF754FC00EE100A67
:108B2000DFF8F407DFF8F417D1ED030AF8EEE00AF6
:108B3000B8EE400A80EE801AD0ED080A90ED070AE0
:108B4000F8F788FBFFE784E1764D03202870322098
:108B5000FAF79CFEA07A232804D03BD3252823D003
:108B60000CD337E0BF48D0ED020A90ED010ADFF8E0
:108B7000AC07C068C0B2F8F756FC2BE0E87AFCF707
:108B800021FC00EE100AB748DFF89017D1ED030A78
:108B9000F8EEE00AB8EE400AC0EE800A90ED010A55
:108BA0000078F8F740FC15E0E87AFCF70BFC00EEE3
:108BB000100AAC48D0ED020ADFF8601791ED031AF5
:108BC000B8EEC11AB8EE400A81EE000A0078F8F754
:108BD0002AFCFFE73DE1534D032028703220FAF7CD
:108BE00055FEA07A272806D06DD3292837D01CD36C
:108BF0002A284ED067E0287BFCF7E4FB00EE100A41
:108C0000DFF81C07D0ED031A90ED021AD0ED010A2F
:108C1000DFF8080790ED032AB8EEC22AB8EE400A42
:108C200082EE000AF8F7B9FC4DE0287BFCF7CAFB9E
:108C300000EE100ADFF8E806D0ED031A90ED021AF4
:108C4000DFF8D816D1ED030AF8EEE00AB8EE400AD4
:108C5000C0EE800A90ED000AF8F79FFC33E0287B15
:108C6000FCF7B0FB00EE100ADFF8B406D0ED031AF3
:108C7000DFF8A816D1ED030AF8EEE00AB8EE400AD4
:108C800080EE801AD0ED010A90ED000AF8F785FC1D
:108C900019E0287BFCF796FB00EE100ADFF880064F
:108CA000DFF87816D1ED030AF8EEE00AB8EE400AD4
:108CB000C0EE801A90ED021AD0ED010A90ED000A84
:108CC000F8F76BFCFFE7C4E0A07A132807D061D364
:108CD00015285CD028D317285BD059D35AE0114C03
:108CE000207AFCF76FFB08EE100A207AFCF76AFB8B
:108CF00000EE100ADFF82406D0ED030AF8EEE00AD1
:108D0000B8EE481AC0EE810A90ED031AB8EEC11A07
:108D1000B8EE400A81EE000A01210020F8F78CFD30
:108D200038E000BF7C000020DFF8304A207AFCF7F2
:108D300049FB08EE100A207AFCF744FB00EE100A0B
:108D4000DFF8D805D0ED030AF8EEE00AB8EE481ACD
:108D5000C0EE810A90ED031AB8EEC11AB8EE400ACF
:108D600081EE000A01210320F8F766FDDFED3C0AE1
:108D70009FED3B0A00210120F8F75EFDDFED380A88
:108D80009FED370A00210220F8F756FD02E001E0CE
:108D900000E0FFE7F8F7B7F95BE0DFF87C0590F853
:108DA0003900012850D13220FAF770FDDFF8AC0904
:108DB00003210170A17A1B2904D044D31D2931D08D
:108DC00018D340E0007AFCF7FDFA00EE100ADFF855
:108DD0004C05D0ED030AF8EEE00AB8EE400AC0EE0A
:108DE000800ADFF87C0990ED000A01210120F8F7E4
:108DF00023FD2DE0007AFCF7E5FA00EE100ADFF81B
:108E00001C05D0ED030AF8EEE00AB8EE400AC0EE09
:108E1000800ADFF84C0990ED000A01210220F8F7E2
:108E20000BFD15E0DFED0E0A9FED0D0A002101207C
:108E3000F8F702FDDFED0A0A9FED090A0021022082
:108E4000F8F7FAFC04E003E00420DFF810190870DA
:108E5000FFE7FFE704B0BDEC028BF1BDC62A00209E
:108E6000000000005C2A00201FB5DFF8F848A07859
:108E7000002810D0022820D00ED3042878D029D37F
:108E8000062800F04D81C0F0F380082800F0CF8163
:108E9000C0F077813BE23AE2DFF8CC08DFF87C14DF
:108EA000CA68825C521CCB68C254CA68825C3A2A87
:108EB00002DB3022C968425429E260792179884274
:108EC00002D22079401E2071F1220021A01CFBF764
:108ED0007BF81CE2E07800280CD160792179884287
:108EE00002D22079401E2071F1220021A01CFBF744
:108EF0006BF83CE020790E2802D00F2812D036E023
:108F0000E078002802D0012801D00AE009E0DFF86B
:108F10000C04C168B1F5807F02DAC168491CC160E8
:108F2000FFE724E0E078002802D0012801D01EE00D
:108F30001DE000210800C0B20B2817DADFF8D423A7
:108F4000DFF8D8030B00DBB252F82330C468A34229
:108F50000AD10B00DBB20A2B06DA0B00DBB202EB04
:108F600083025268C26001E0491CE3E7FFE7CEE1FB
:108F7000E07800280CD160792179884202D22079EA
:108F8000401E2071F1220021A01CFBF71DF86EE0AD
:108F90002079132807D06AD3152836D01CD3172878
:108FA00065D04BD363E0E078002802D0012801D0DF
:108FB00011E010E0DFF8A407007AFCF703FADFF80D
:108FC0005C23D3684FF4FA714843834202D2D068DD
:108FD0006430D060FFE74AE0E078002802D0012842
:108FE00001D011E010E0DFF87407007AFCF7EAF92D
:108FF000DFF82823D3684FF4FA714843834202D242
:10900000D0686430D060FFE731E0E078002802D01B
:10901000012801D011E010E0DFF84007407AFCF7AA
:10902000D1F9DFF8F822D3684FF4C871484383427E
:1090300002D2D068401CD060FFE718E0E07800283A
:1090400002D0012801D011E010E0DFF81007407ACB
:10905000FCF7B8F9DFF8C422D3684FF4C87148436D
:10906000834202D2D068401CD060FFE7FFE74EE1A8
:10907000E07800281BD160792179884208D22079D4
:10908000401E2071F1220021A01CFAF79DFF46E04E
:10909000F1200390002002901720019013200090EF
:1090A000172300220421A01CFAF7B1FF37E0207932
:1090B0001B2804D033D31D2831D018D32FE0E078FB
:1090C000002802D0012801D010E00FE0DFF88C0664
:1090D000007AFCF777F9914AD3684FF4FA71484364
:1090E000834202D2D0686430D060FFE717E0E078B6
:1090F000002802D0012801D010E00FE0DFF85C0664
:10910000007AFCF75FF9854AD3684FF4FA71484357
:10911000834202D2D0686430D060FFE7FFE7F6E018
:10912000E07800280CD160792179884202D2207938
:10913000401E2071F1220021A01CFAF745FF1FE01C
:1091400020791F2802D021280DD019E0E0780028CE
:1091500002D0012801D005E004E07048C168491C34
:10916000C160FFE70CE0E078002802D0012801D0C0
:1091700005E004E06948C168491CC160FFE7FFE7FA
:10918000C5E0E07800280CD160792179884202D2CC
:109190002079401E2071F1220021A01CFAF714FF53
:1091A00044E02079232804D040D325282BD012D3A3
:1091B0003CE0E078002802D0012801D00AE009E074
:1091C0005649C868002802D10120C86001E000208B
:1091D000C860FFE72AE0E078002802D0012801D02B
:1091E00010E00FE0DFF87405C07AFCF7EBF84B4AAB
:1091F000D3684FF4FA714843834202D2D068401CCE
:10920000D060FFE712E0E078002802D0012801D00A
:109210000BE00AE04148C168DFF84025526C9142FA
:1092200002DAC168491CC160FFE7FFE76FE0E07840
:1092300000280CD160792179884202D22079401E21
:109240002071F1220021A01CFAF7BEFE5EE0207919
:10925000272806D05AD329282ED01AD32A2842D01C
:1092600054E0E078002802D0012801D010E00FE09F
:10927000DFF8E804007BFCF7A5F8284AD3684FF430
:10928000FA714843834202D2D068401CD060FFE7A5
:109290003CE0E078002802D0012801D00BE00AE091
:1092A0001E48C168DFF8B424126D914202DAC16829
:1092B000491CC160FFE729E0E078002802D00128BE
:1092C00001D00FE00EE0DFF89404007BFCF77AF8A1
:1092D000124AD36850214843834202D2D068401CCE
:1092E000D060FFE712E0E078002802D0012801D02A
:1092F0000BE00AE00948C168DFF86024926D9142F2
:1093000002DAC168491CC160FFE7FFE7FFE71FBD44
:10931000580D0020CC070020B8280020E8290020A4
:10932000402A00201FB5DFF83C44A078002810D068
:10933000022820D00ED3042878D029D3062800F0A4
:109340001D81C0F0E280082800F09C81C0F04781B8
:1093500003E202E2DFF81004DFF81014CA68825C4E
:10936000521ECB68C254CA68825C302A02DA3922A3
:10937000C9684254F1E12079A179884202D220796A
:10938000401C2071F1220021A01CFAF71DFEE4E12F
:10939000E07800280CD12079A179884202D2207986
:1093A000401C2071F1220021A01CFAF70DFE3CE0C8
:1093B00020790E2802D00F2811D036E0E07800285E
:1093C00002D0012801D009E008E0DFF8A003C1685D
:1093D000012902DBC168491EC160FFE725E0E07892
:1093E000002802D0012801D01FE01EE00A22100050
:1093F000C0B2002818D0DFF87833DFF870131000FF
:10940000C0B253F82000CC68A0420BD11000C0B20B
:10941000002807D01000C0B203EB800050F8040C05
:10942000C86001E0521EE2E7FFE796E1E07800281D
:109430001BD12079A17988420ED1F1200390002020
:1094400002901D2001901B2000901B23002205216B
:10945000A01CFAF7DCFD57E02079401C2071F122B6
:109460000021A01CFAF7B0FD4EE02079132807D0A8
:109470004AD3152826D014D3172845D033D343E038
:10948000E078002802D0012801D009E008E0DFF8E8
:10949000DC02C168012902DBC1686439C160FFE7F1
:1094A00032E0E078002802D0012801D009E008E08D
:1094B000DFF8B802C168012902DBC1686439C16004
:1094C000FFE721E0E078002802D0012801D009E080
:1094D00008E0DFF89802C168012902DBC168491E73
:1094E000C160FFE710E0E078002802D0012801D039
:1094F00009E008E0DFF87402C168012902DBC168F5
:10950000491EC160FFE7FFE727E1E07800280CD1A2
:109510002079A179884202D22079401C2071F12261
:109520000021A01CFAF750FD27E020791B2804D069
:1095300023D31D2821D010D31FE0E078002802D0CB
:10954000012801D008E007E08848C168012902DB52
:10955000C1686439C160FFE70FE0E078002802D0FD
:10956000012801D008E007E08048C168012902DB3A
:10957000C1686439C160FFE7FFE7EEE0E0780028EA
:109580000CD12079A179884202D22079401C207127
:10959000F1220021A01CFAF717FD1FE020791F28F7
:1095A00002D021280DD019E0E078002802D001284F
:1095B00001D005E004E06D48C168491EC160FFE7C5
:1095C0000CE0E078002802D0012801D005E004E09A
:1095D0006648C168491EC160FFE7FFE7BDE0E0786B
:1095E00000280CD12079A179884202D22079401C30
:1095F0002071F1220021A01CFAF7E6FC41E020795D
:10960000232804D03DD3252825D012D339E0E07893
:10961000002802D0012801D00AE009E05349C868B7
:10962000002802D10120C86001E00020C860FFE7E7
:1096300027E0E078002802D0012801D00AE009E004
:109640004A484649896CC268914202DAC168491E9B
:10965000C160FFE715E0E078002802D0012801D0C2
:109660000EE00DE03D48C07AFBF7ACFE3F4A00211A
:109670004843D168884202D2D068401ED060FFE7DC
:10968000FFE76AE0E07800280CD12079A1798842D0
:1096900002D22079401C2071F1220021A01CFAF78F
:1096A00093FC59E02079272806D055D329282BD0C0
:1096B00014D32A283AD04FE0E078002802D00128BD
:1096C00001D00AE009E029482449496DC268914265
:1096D00002DAC168491EC160FFE73DE0E07800287A
:1096E00002D0012801D00EE00DE01C48007BFBF702
:1096F00069FE1E4A00214843D168884202D2D068E0
:10970000401ED060FFE727E0E078002802D0012863
:1097100001D00AE009E015481049C96DC2689142BC
:1097200002DAC168491EC160FFE715E0E078002851
:1097300002D0012801D00EE00DE00848007BFBF7C5
:1097400041FE0A4A00214843D168884202D2D068CB
:10975000401ED060FFE7FFE7FFE71FBD7C00002051
:10976000F4280020302A002000000020E8290020F2
:10977000CC0700207FB5DFF8A048A078002817D0DC
:1097800002281BD016D3042800F08F801AD3062895
:1097900000F02D82C0F09F81082800F04683C0F0C1
:1097A00099820A2800F02984C0F0208400F032BC9D
:1097B00000F030BC0020A07000F02CBC0020A07095
:1097C00000F028BC20790E2802D00F2836D06BE09C
:1097D000E078002802D0012816D02EE0A51CF12048
:1097E0000390002002900C20019007200090072396
:1097F000002202212800FAF70AFC0622290014F1AF
:109800000800FAF781FD18E0A51C0622290014F1D2
:109810000800FAF779FDF1200390DFF800080290C4
:109820000F2001900E2000900E23E078421ED2B24D
:1098300003212800FAF7EBFBFFE735E0E07800288A
:1098400002D0012816D02EE0A51CF12003900020A4
:1098500002900C2001900720009007230022022193
:109860002800FAF7D4FB0622290014F10800FAF7C1
:109870004BFD18E0A51C0622290014F10800FAF798
:1098800043FDF1200390DFF8980702900F2001902C
:109890000E2000900F23E078421ED2B20321280050
:1098A000FAF7B5FBFFE7FFE7B4E3207913280BD005
:1098B000C0F01081152800F07F8041D3172800F0F8
:1098C000F380C0F0B58005E1E078002802D00128DF
:1098D00016D034E0A51CF1200390002002900C204B
:1098E0000190072000900823002202212800FAF7A7
:1098F0008EFB0622290014F10800FAF705FD1EE090
:10990000A61C0622310014F10800FAF7FDFCDFF86E
:109910001457F120039015F13400029017200190A4
:10992000132000901323E078421ED2B204213000AD
:10993000FAF76DFBDFF8F006C0686863FFE7C9E07F
:10994000E078002802D0012816D034E0A51CF120D0
:109950000390002002900C20019007200090082323
:10996000002202212800FAF752FB0622290014F1F6
:109970000800FAF7C9FC1EE0A61C0622310014F10B
:109980000800FAF7C1FCDFF89C56F120039015F1AE
:109990003800029017200190132000901423E078E3
:1099A000421ED2B204213000FAF731FBDFF878060C
:1099B000C068A863FFE78DE0E078002802D00128A6
:1099C00016D034E0A51CF1200390002002900C205A
:1099D0000190072000900823002202212800FAF7B6
:1099E00016FB0622290014F10800FAF78DFC1EE090
:1099F000A61C0622310014F10800FAF785FCDFF8F6
:109A00002456F120039015F13C000290172001909C
:109A1000132000901523E078421ED2B204213000BA
:109A2000FAF7F5FADFF80006C068E863FFE751E0EF
:109A3000E078002802D0012816D034E0A51CF120DF
:109A40000390002002900C20019007200090082332
:109A5000002202212800FAF7DAFA0622290014F17E
:109A60000800FAF751FC1EE0A61C0622310014F192
:109A70000800FAF749FCDFF8AC55F120039015F126
:109A80004000029017200190132000901623E078E8
:109A9000421ED2B204213000FAF7B9FADFF8880585
:109AA000C0682864FFE715E0A51CF12003900020A2
:109AB00002900C2001900720009008230022022130
:109AC0002800FAF7A4FA0622290014F10800FAF790
:109AD0001BFCFFE79EE220791B2805D0C0F08680A2
:109AE0001D286DD036D381E0E078002802D001280F
:109AF00016D02EE0A51CF1200390002002900C202F
:109B00000190072000900823002202212800FAF784
:109B10007EFA0622290014F10800FAF7F5FB18E096
:109B2000A51C0622290014F10800FAF7EDFBF1202C
:109B30000390DFF8F80402901D2001901B20009094
:109B40001B23E078421ED2B205212800FAF75FFA03
:109B5000FFE74BE0E078002802D0012816D02EE085
:109B6000A51CF1200390002002900C2001900720FA
:109B700000900823002202212800FAF748FA062262
:109B8000290014F10800FAF7BFFB18E0A51C062213
:109B9000290014F10800FAF7B7FBF1200390DFF871
:109BA000900402901D2001901B2000901C23E0785F
:109BB000421ED2B205212800FAF729FAFFE715E084
:109BC000A51CF1200390002002900C20019007209A
:109BD00000900823002202212800FAF718FA062232
:109BE000290014F10800FAF78FFBFFE712E2207951
:109BF0001F2802D0212836D06BE0E078002802D060
:109C0000012816D02EE0A51CF12003900020029020
:109C10000C20019007200090092300220221280037
:109C2000FAF7F5F90622290014F10800FAF76CFB9F
:109C300018E0A51C0622290014F10800FAF764FBBD
:109C4000F1200390DFF8EC030290212001901F2007
:109C500000901F23E078421ED2B206212800FAF7B6
:109C6000D6F9FFE735E0E078002802D0012816D0C9
:109C70002EE0A51CF1200390002002900C20019002
:109C8000072000900923002202212800FAF7BFF9DB
:109C90000622290014F10800FAF736FB18E0A51C8B
:109CA0000622290014F10800FAF72EFBF120039098
:109CB000DFF884030290212001901F2000902123CF
:109CC000E078421ED2B206212800FAF7A0F9FFE799
:109CD000FFE79FE12079232805D0C0F0A580252843
:109CE0006DD037D3A0E0E078002802D0012816D04C
:109CF0002FE0A51CF1200390002002900C20019081
:109D0000072000900A23002202212800FAF77FF999
:109D10000622290014F10800FAF7F6FA19E0A51C4A
:109D20000622290014F10800FAF7EEFAC34EF120DA
:109D30000390029625200190232000902323E078B1
:109D4000421ED2B207212800FAF761F9B548C6646D
:109D5000FFE769E0E078002802D0012816D02DE066
:109D6000A51CF1200390002002900C2001900720F8
:109D700000900A23002202212800FAF748F906225F
:109D8000290014F10800FAF7BFFA17E0A51C062213
:109D9000290014F10800FAF7B7FAF1200390A84857
:109DA000029025200190232000902423E078421E79
:109DB000D2B207212800FAF72AF9FFE734E0E07869
:109DC000002802D0012816D02DE0A51CF120039018
:109DD000002002900C200190072000900A2300220E
:109DE00002212800FAF713F90622290014F10800CD
:109DF000FAF78AFA17E0A51C0622290014F10800D8
:109E0000FAF782FAF12003908E4802902520019003
:109E1000232000902523E078421ED2B2072128009B
:109E2000FAF7F5F8FFE7FFE7F4E02079272808D0F4
:109E3000C0F0DB8029286ED038D32A2800F0A0801B
:109E4000D3E0E078002802D0012816D02DE0A51C30
:109E5000F1200390002002900C2001900720009038
:109E60000B23002202212800FAF7D1F8062229004C
:109E700014F10800FAF748FA17E0A51C0622290099
:109E800014F10800FAF740FAF12003906E480290AE
:109E90002A200190272000902723E078421ED2B28A
:109EA00008212800FAF7B3F8FFE79EE0E0780028E1
:109EB00002D0012816D02DE0A51CF120039000202F
:109EC00002900C200190072000900B230022022119
:109ED0002800FAF79CF80622290014F10800FAF786
:109EE00013FA17E0A51C0622290014F10800FAF75E
:109EF0000BFAF1200390554802902A200190272068
:109F000000902823E078421ED2B208212800FAF7F8
:109F10007EF8FFE769E0E078002802D0012816D03B
:109F20002DE0A51CF1200390002002900C20019050
:109F3000072000900B23002202212800FAF767F87F
:109F40000622290014F10800FAF7DEF917E0A51C33
:109F50000622290014F10800FAF7D6F9F12003903F
:109F60003B4802902A200190272000902923E07886
:109F7000421ED2B208212800FAF749F8FFE734E080
:109F8000E078002802D0012816D02DE0A51CF12091
:109F90000390002002900C200190072000900B23DA
:109FA000002202212800FAF732F80622290014F1D3
:109FB0000800FAF7A9F917E0A51C0622290014F1F8
:109FC0000800FAF7A1F9F1200390224802902A2014
:109FD0000190272000902A23E078421ED2B2082167
:109FE0002800FAF714F8FFE7FFE713E0062214F160
:109FF0000801A01CFAF788F90CE00A4D287802281D
:10A0000007D0062214F10801A01CFAF77DF9002000
:10A010002870FFE77FBD0000302A00207D0000206F
:10A02000800000207C000020E8290020DC000020C7
:10A03000E0000020A4000020AC0000205C2A0020EA
:10A04000C0000020C4000020CC000020D000002070
:10A05000D4000020D800002000F10103810704D0C3
:10A0600010F8011B820781B1FAD10268A2F1013117
:10A07000914311F0803104BF50F8042FF6E709BA7C
:10A08000B1FA81F100EBD100401CC01A704700000A
:10A0900070B4039CDFF88453286029716A71AB7136
:10A0A000EC7101262E7270BC70472DE9F74F040049
:10A0B0000D00DFF868639DF80800B179884204D389
:10A0C000F0799DF80810884202D22E208DF8080001
:10A0D000307A002845D1002738003179C0B2884253
:10A0E0003DD231689DF80820B079121A3079424388
:10A0F00001EB02003900C9B210F80190002080463F
:10A100004046C0B2082828DA3800C0B250FA84F0BD
:10A11000802805DA4046C0B250FA85F0402801DBBD
:10A1200000205DE1012010FA08F04946C9B2014261
:10A1300008D0012218EB0501C9B23819C0B200F0ED
:10A140006FF907E0002218EB0501C9B23819C0B257
:10A1500000F066F918F10108D2E77F1CBCE73079FE
:10A160003EE1307A012840F08E807079082190FB22
:10A17000F1F201FB1200012806DB7079082190FB47
:10A18000F1FB1BF1010B03E07079082190FBF1FB5F
:10A1900031795846C0B24143491C8DF801103168ED
:10A1A0009DF80820B079121A9DF80100424301EB96
:10A1B000020001788DF80010401C01905FF000084B
:10A1C00040469DF80010C0B2884259D25FF00009A5
:10A1D00048465946C0B2C9B288424ED20199424659
:10A1E000D2B25846C0B2424301EB02004946C9B25E
:10A1F00010F801A0002007003800C0B2082839DAA2
:10A200004046C0B250FA84F0802808DA4846C0B20E
:10A21000C00050FA85F050FA87F0402801DB00209A
:10A22000DEE04846C0B2C00050FA87F0717988423B
:10A230001EDA0121B9405046C0B208420CD00122BA
:10A240005FFA89F915EBC9017918C9B218EB040056
:10A25000C0B200F0E5F80BE000225FFA89F915EBD7
:10A26000C9017918C9B218EB0400C0B200F0D8F8DF
:10A270007F1CC1E719F10109AAE718F101089FE75E
:10A280009DF80000ACE0307A022840F0A880707998
:10A29000082190FBF1F0401C8DF8000030799DF80A
:10A2A000001010FB01F08DF8020031689DF80820C5
:10A2B000B079121A9DF80200424301EB02000190AE
:10A2C00096F804B000208DF8010000210020002243
:10A2D00010009DF80030C0B298420CD23079431E75
:10A2E0009DF801001B1A13FB02F0019BC0B2185C21
:10A2F0000100521CECE70800C0B200280BD1BBF1F2
:10A30000010B5846C0B2002805D09DF80100401C42
:10A310008DF80100D9E7002738009DF80010C0B281
:10A32000884259D25FF0000840465946C0B2C9B2CF
:10A3300088424FD201993A00D2B23079424301EBC0
:10A3400002004146C9B210F801905FF0000A504681
:10A35000C0B208283BDA4046C0B250FA84F08028E8
:10A3600008DA3800C0B2C00050FA85F050FA8AF01E
:10A37000402801DB002033E03800C0B2C00050FAB2
:10A380008AF0717988421FDA012111FA0AF14846F0
:10A39000C0B208420CD00122FFB215EBC7011AEB84
:10A3A0000101C9B218EB0400C0B200F039F80BE0AB
:10A3B0000022FFB215EBC7011AEB0101C9B218EB7D
:10A3C0000400C0B200F02CF81AF1010ABFE718F13E
:10A3D0000108A9E77F1C9FE75846C0B200E00020B3
:10A3E000BDE8FE8FF8B504000F0015000B4840795A
:10A3F000D0F13F003900C9B288420EDB287800282E
:10A400000BD02A783900C9B22000C0B2FFF74DFE48
:10A410000600701C04196D1CF0E7F1BD502A0020E5
:10A42000F8B504000D0016002000C0B2802803DA41
:10A430002800C0B2402800DB57E03000C0B200283E
:10A4400024D02900C9B20822DFF8CC312800C0B2DC
:10A45000082790FBF7F78020474357FA84F7280036
:10A46000C0B25FF0080C90FBFCFC802000FB0CFCF1
:10A470005CFA84F0185C5FF0010C91FBF2FE02FBC9
:10A480001E111CFA01F10143D95524E02900C9B27B
:10A490000822DFF884312800C0B2082790FBF7F7C4
:10A4A0008020474357FA84F72800C0B25FF0080CB9
:10A4B00090FBFCFC802000FB0CFC5CFA84F0185C38
:10A4C0005FF0010C91FBF2FE02FB1E111CFA01F180
:10A4D00030EA0101D9552B00DBB22200D2B22900AB
:10A4E000C9B22000C0B2FDF7C9FAF1BD2DE9F84F9D
:10A4F00005000E00170098460A9C3800C0B22900DB
:10A50000C9B2401A02F0C9FC81464046C0B23100CF
:10A51000C9B2401A02F0C1FC814502DA5FF0010BBA
:10A5200001E05FF0000B5846C0B2002805D02800BB
:10A530003500060038004746804638002900C0B282
:10A54000C9B2884205D228003D00070030004646C7
:10A5500080464346DBB23A00D2B23100C9B228008D
:10A56000C0B2FDF78BFA781B8DF800004046C0B2F0
:10A570003100C9B2401A02F090FC8DF801009DF83C
:10A580000000022190FBF1F930004146C0B2C9B28F
:10A59000884202D25FF0010A01E05FF0FF3A380022
:10A5A0002900C0B2C9B2884224D35846C0B200289C
:10A5B00008D02200D2B22900C9B23000C0B2FFF7E1
:10A5C0002FFF07E02200D2B23100C9B22800C0B28A
:10A5D000FFF726FF9DF80100B9EB0009484640B29D
:10A5E000002805D51AEB06069DF8000010EB0909B6
:10A5F0006D1CD4E7BDE8F18FF8B504004FF4806519
:10A600002600064807682A0031003800FBF700FFE3
:10A61000FDF77EFAF1BD0000101200207C2A002018
:10A62000C11768B14840401AB0FA80F29040D21C7D
:10A63000C907C2F5846241EA025202EBD02140050B
:10A64000704700000CB430B583B00A4606A90291E9
:10A65000044600250194009502AB01A908487844FE
:10A660001E3002F01FFC019A157000284EBF0446F0
:10A670000198041B204603B030BC5DF80CFB00BF02
:10A68000FB8AFFFF10B50400206841490968884231
:10A6900002D1012001F03FFD20683E49096888424F
:10A6A00002D1012003F0F2FB20683B49096888428F
:10A6B00002D10120F8F70EFD10BD38B504000D00E1
:10A6C000206833490968884203D1280080B201F02C
:10A6D00022FD20682F490968884203D1280080B2F2
:10A6E00003F0D4FB20682C490968884203D1280074
:10A6F00080B2F8F7EFFC31BD10B5040020682449A2
:10A700000968884202D10020244908702068214944
:10A710000968884202D102202049087020681E4939
:10A720000968884202D104201C49087002211C4893
:10A73000F7F708FF10BD1CB5184C20780090194B96
:10A7400000220021032003F0C9FB207800280ED14D
:10A7500001F0E0FC14480188491C0180018814299B
:10A7600003DB0021018001F0BFFC01F0C1FC207877
:10A770002078022803D103F088FB03F077FB2078D0
:10A780002078042803D1F8F7A4FCF8F793FC13BD54
:10A79000002300208823002010240020E52A002028
:10A7A00020060020480C0108D22A002070B50500C0
:10A7B0000C001600D5F8800020282DD1002C03D0E5
:10A7C000300080B2002801D1012026E00120286657
:10A7D00000206866320092B221002800FAF7A9FB37
:10A7E00001000800C0B2002813D1286E01280ED144
:10A7F00010202A681062286850E8000F50F01000FE
:10A8000002002B6843E800200028F4D101E0012079
:10A8100001000800C0B200E0022070BD70470000D7
:10A820002DE9FE4F0500002D01D101203AE3DFF8AC
:10A830000499D9F8004014F00C04DFF81889D8F80E
:10A84000007017F003072878C00640F1C680002C7E
:10A8500003D00C2C7AD1012F78D1DFF8D4A8DAF804
:10A860000000800704D5A869002801D1012019E360
:10A87000DAF80000000704D5DAF8000010F0F00064
:10A8800005E0DFF860090068000910F0F000296AAF
:10A8900088421ED2286A00F05FFC002801D0012007
:10A8A00000E3DAF8000050F00800CAF80000DAF817
:10A8B000001031F0F001286A0143CAF80010DFF8F7
:10A8C0002809016831F47F41EA6951EA02210160F7
:10A8D0001FE0DAF8000050F00800CAF80000DAF8CB
:10A8E000001031F0F001286A0143CAF80010DFF8C7
:10A8F000F808016831F47F41EA6951EA02210160F8
:10A90000002C06D1286A00F027FC002801D0012085
:10A91000C8E200F086FBDFF8D418D9F80020C2F3B3
:10A920000312895C11F01F01C840DFF80C180860A1
:10A93000DFF80808006803F0EFFB8DF800009DF8D1
:10A940000000002849D09DF80000ABE2A86900286B
:10A950002DD0DFF8DC97D9F8000050F00100C9F8DD
:10A960000000FBF7A9FD0600D9F80000800706D417
:10A97000FBF7A2FD801B0328F6D3032092E2D9F84F
:10A98000000050F00800C9F80000D9F8001031F0BC
:10A99000F001286A0143C9F80010DFF84C0801688B
:10A9A00031F47F41EA6951EA0221016015E0DFF8E4
:10A9B0008097D9F8000040084000C9F80000FBF774
:10A9C0007BFD0600D9F80000800706D5FBF774FD73
:10A9D000801B0328F6D3032064E22878C00754D5EF
:10A9E000082C03D00C2C0BD1032F09D1DFF8400722
:10A9F0000068800349D56868002846D1012051E2EB
:10AA00006868B0F5803F06D1DFF82407016851F48B
:10AA10008031016018E06868B0F5A02F0AD1DFF836
:10AA20001007016851F480210160016851F4803100
:10AA3000016009E0DFF8F806016831F48031016057
:10AA4000016831F480210160686800280ED0FBF7AE
:10AA500033FD0600DFF8D8060068800315D4FBF745
:10AA60002BFD801B6528F5D303201BE2FBF724FD9B
:10AA70000600DFF8BC060068800306D5FBF71CFD66
:10AA8000801B6528F5D303200CE22878800752D577
:10AA9000042C03D00C2C15D1022F13D1DFF8900613
:10AAA0000068400504D5E868002801D10120F9E1DB
:10AAB000DFF83407016831F0F8512A6951EA026180
:10AAC000016038E0E86800281FD0DFF86496D9F804
:10AAD000000050F48070C9F80000FBF7EDFC0600A0
:10AAE000D9F80000400506D4FBF7E6FC801B0328DC
:10AAF000F6D30320D6E1DFF8F006016831F0F85113
:10AB00002A6951EA0261016015E0DFF82496D9F85C
:10AB1000000030F48070C9F80000FBF7CDFC06009F
:10AB2000D9F80000400506D5FBF7C6FC801B0328BA
:10AB3000F6D30320B6E1287800072ED568690028EF
:10AB400015D0DFF8A096D9F8000050F00100C9F840
:10AB50000000FBF7B1FC0600D9F8000080071CD408
:10AB6000FBF7AAFC801B0328F6D303209AE1DFF849
:10AB70007496D9F8000040084000C9F80000FBF7BF
:10AB80009BFC0600D9F80000800706D5FBF794FC73
:10AB9000801B0328F6D3032084E12878400740F186
:10ABA00081805FF00009DFF848A6DAF80000C000F5
:10ABB0000DD4DAF8000050F08050CAF80000DAF83E
:10ABC000000010F080500190019801208146DFF8CC
:10ABD00024B6DBF80000C00513D4DBF8000050F405
:10ABE0008070CBF80000FBF767FC0600DBF8000084
:10ABF000C00506D4FBF760FC801B0328F6D30320B6
:10AC000050E1A868012806D1DFF8EC05016851F091
:10AC10000101016017E0A86805280AD1DFF8D8050E
:10AC2000016851F004010160016851F00101016007
:10AC300009E0DFF8C40501684908490001600168BE
:10AC400031F004010160A868002810D0FBF734FC43
:10AC50000600DFF8A4050068800719D4FBF72CFC78
:10AC6000801B41F289318842F3D303201AE1FBF7BC
:10AC700023FC0600DFF880050068800708D5FBF795
:10AC80001BFC801B41F289318842F3D3032009E188
:10AC90004846C0B2012805D1DAF8000030F08050F3
:10ACA000CAF80000287880062ED5686A002815D0DA
:10ACB000DFF84895D9F8000050F00100C9F800000D
:10ACC000FBF7FAFB0600D9F8000080071CD4FBF75D
:10ACD000F3FB801B0328F6D30320E3E0DFF81C9589
:10ACE000D9F8000040084000C9F80000FBF7E4FB79
:10ACF0000600D9F80000800706D5FBF7DDFB801BB6
:10AD00000328F6D30320CDE0A86A002800F0C9800C
:10AD1000A86A022840F0A380D8F80000070017F0C6
:10AD20000300E96A884222D117F07000296B491E9E
:10AD3000B0EB011F1BD117F4FE40696BB0EB012F84
:10AD400015D117F07840A96BB0EBC16F0FD117F494
:10AD5000C000E96B4908491EB0EB415F07D117F00D
:10AD6000C060296C4908491EB0EB416F57D00C2CCC
:10AD700053D0DFF8BCA3DAF80000400101D5012070
:10AD800090E0DAF8000030F08070CAF80000FBF7BD
:10AD900093FB8146DAF80000800107D5FBF78CFBB6
:10ADA000B0EB09000328F5D303207BE0D8F80010AE
:10ADB000DFF84C040140E86A0143286B401E51EA69
:10ADC0000011686B51EA0021E86B4008401E51EA0F
:10ADD0004051286C4008401E51EA4061A86B51EA7E
:10ADE000C061C8F80010DAF8000050F08070CAF8AE
:10ADF0000000D8F8000050F08070C8F80000FBF7A1
:10AE00005BFB0600DAF8000080014AD4FBF754FB34
:10AE1000801B0328F6D3032044E0012042E0DFF842
:10AE20001093D9F8000080013BD4D9F8000050F00D
:10AE30008070C9F80000D8F8000050F08070C8F8A1
:10AE40000000FBF739FB0600D9F80000800128D488
:10AE5000FBF732FB801B0328F6D3032022E00C2CE7
:10AE60001DD0DFF8CC92D9F8000030F08070C9F81E
:10AE70000000FBF721FB0600D9F80000800106D591
:10AE8000FBF71AFB801B0328F6D303200AE0D8F84F
:10AE90000010DFF870030140C8F8001001E0012045
:10AEA00000E00020BDE8FE8F2DE9F04104000D0018
:10AEB000002C01D10120B2E0DFF84C73386810F0AB
:10AEC0000700A8420BD23868C008C0002843386089
:10AED000386810F00700A84201D001209FE02078D8
:10AEE00080070DD5DFF84C12086810F0F000A2685A
:10AEF000904205D20A6832F0F002A06802430A606C
:10AF00002078C00742D56068032806D1DFF8200208
:10AF1000006880011CD4012081E06068022806D10D
:10AF2000DFF80C020068800312D4012077E060682B
:10AF3000002806D1DFF8F8010068800708D4012056
:10AF40006DE0DFF8EC010068400501D4012066E007
:10AF5000DFF8E081D8F800108908890060680143B3
:10AF6000C8F80010FBF7A8FA0600D8F8000010F0A7
:10AF70000C006168B0EB810F08D0FBF79DFA801BD5
:10AF800041F289318842F0D3032048E020788007DD
:10AF90000CD56849A0680A6812F0F002904205D208
:10AFA0000A6832F0F002A06802430A60386810F0C4
:10AFB000070085420BD23868C008C00028433860BB
:10AFC000386810F00700A84201D0012027E020785F
:10AFD000400706D557490A6832F4E062E068024348
:10AFE0000A602078000707D55248016831F46051A3
:10AFF000226951EAC201016000F013F8DFF8EC1198
:10B000004C4A1268C2F30312895C11F01F01C84058
:10B01000494908604948006803F07EF8C0B2BDE8BD
:10B02000F0812DE9F041002600204249096811F025
:10B030000C01DFF820C1DCF8007017F003070029CD
:10B0400003D00C291AD1012F18D1DFF8E4E0DEF883
:10B0500000805FEA087806D4DFF888E1DEF800E0D7
:10B06000CEF3032E03E0DEF800E0CEF3031E674EBE
:10B0700056F82E6000290CD130000AE0042903D1D3
:10B08000DFF88CE1704604E0082902D1DFF884E1A2
:10B0900070460C292DD1DCF800E01EF0030E73463B
:10B0A0009E46BEF1020F03D0BEF1030F03D005E0B0
:10B0B000DFF85CE103E0DFF85CE100E0B646DCF8D5
:10B0C0000020C2F30212521C1500DCF80020C2F36B
:10B0D000062202FB0EFEBEFBF5F2DCF800C0CCF34C
:10B0E000416C1CF1010C5FEA4C0C6446B2FBF4FCB1
:10B0F0006046BDE8F08110480068704780B5FFF7F2
:10B10000FAFF45490B4A1268C2F30222895C11F02A
:10B110001F01C84002BD80B5FFF7EDFF3E49054A5B
:10B120001268C2F3C222895C11F01F01C84002BD3F
:10B1300000100240081002401C060020F805002004
:10B140002849086810F07E400A6852F400020A603C
:10B15000704700000C1002407CB504000025244E0E
:10B160003068C00003D501F0DBF801000FE0306863
:10B1700050F080503060306810F08050009000989F
:10B1800001F0CEF80100306830F080503060B1F549
:10B19000007F09D1812C15D3A12C02D302200500F8
:10B1A00010E0012005000DE0812C02D303200500F2
:10B1B00008E0802C02D10220050003E0702C01D1B0
:10B1C0000120050010480268D208D2002A4302601C
:10B1D000006810F00700A84201D0012000E0002024
:10B1E00076BD00009410024004100240A80D010832
:10B1F0005810024000700040901002409810024029
:10B200008C809D01FCFFEEFE00200240C00A010878
:10B210000024F40000127A00CC120108BBBBE1B19B
:10B22000B2F5803F80F07E80022A1ED98C46B1FBA9
:10B23000F2F102FB11C31B0443EA1043B3FBF2FC1F
:10B2400002FB1C3380B240EA0343B3FBF2F002FB83
:10B25000103240EA0C4000237047022A05D9844688
:10B26000B0FBF2F002FB10C270474AB105D100F00A
:10B27000010249085FEA300070470022002370474E
:10B2800002F07ABF0B0002000021002070479042BC
:10B2900071EB030CF6D3B3F5803F2FD2F0B5B3FAC0
:10B2A00083F7B1FA81F4A7F10F0E3D1B5340CEF1A5
:10B2B000200602FA0EF2F3415340B5F10F0746D8CB
:10B2C0000F3C2C444140C4F12006A040F1414140D4
:10B2D000B1FBF3F603FB1611A2FB0645001BA941C7
:10B2E00002D2761E8018594180EA010221FA0EF33B
:10B2F00062FA0EF200215A403046F0BD30B4B1FB84
:10B30000F3FC03FB1C11A2FB0C45001BA94103D25B
:10B31000ACF1010C8018594130BC02460B46604626
:10B3200000217047B2F1807F65D3F0B5B2FA82F7A1
:10B33000B1FA81F4C7F10F063D1B22FA06F307F1BB
:10B34000110EF24120355A40B5F10F07B8D94140EE
:10B35000C4F12006A040F1414140B1FBF3FC03FBE6
:10B360001C11A2FB0C45001BA94103D2BCF1010C2E
:10B37000801859410F2F12D30F3FC90341EA5041A2
:10B38000B1FBF3F603FB1611A2FB0645D4EBC0306C
:10B39000A94102D2761E8018594146EACC3C07B337
:10B3A0004140C7F12006B840F1414140B1FBF3F6FE
:10B3B00003FB1611A2FB0645001BA94102D2761E13
:10B3C0008018594180EA010221FA0EF3C7F12004E6
:10B3D00062FA0EF20CFA07F05A402CFA04F13043EC
:10B3E000F0BD80EA010221FA0EF3002162FA0EF2AA
:10B3F00060465A40F0BD8C46B1FBF2F102FB11C32E
:10B400001B0243EA1063B3FBF2FC02FB1C331B027A
:10B410004CEA002043EA1063B3FBF2FC02FB1C334E
:10B420001B024CEA002043EA1063B3FBF2FC02FB70
:10B430001C331B024CEA002043EA1063B3FBF2FC0E
:10B4400002FB1C324CEA0020002370477047704713
:10B45000B0B581EA030C0CF0004C40F2FF7515EA20
:10B4600011541DBF15EA1357AC42AF4239E0E4193D
:10B4700023EA455343F48013C90241F0004141EAF5
:10B48000505EC7021100A7FB020200284FF0000027
:10B49000EEFB01204FF00001E3FB072118BF42F053
:10B4A0000102401800214941E3FB0E01A4F580642C
:10B4B0000F0302D252004041494154F101046CDDB6
:10B4C000470872F1004250F1000051EB0451A1F520
:10B4D00080115CBF41EA0C01B0BD4CEA055100206F
:10B4E000B0BD05EA1357AC4214BFAF4241E050EA89
:10B4F000410E1CBF52EA430E02E061460020B0BD7F
:10B5000024423C441BD15FEA070EF6D0090302BF78
:10B5100001460020AEF1140EB1FA81F7AEEB07043C
:10B5200001FA07FE0C37C7F1200100FA07F7C840FF
:10B530004EEA000E23EA455343F48013A2E733F0AA
:10B540000043B3FA83F704BFB2FA82FE77440B3F9D
:10B55000E41BB7F1200E2FBF02FA0EF3BB40C7F178
:10B56000200E22FA0EFE38BF43EA0E03BA40641CD6
:10B5700082E750EA410E14BF52EA430E6FF0000119
:10B580004FF4001717EB430F8ABF194617EB410F13
:10B59000B5E74CEA05510020B0BDD4F10104B4F187
:10B5A00020070FDAC4F12007520828BF42F0010239
:10B5B00010FA07F501FA07F7E1BF2A43E0403843E4
:10B5C000E1400FE0352C98DCC7F1200452EA40023C
:10B5D00020FA07F218BF42F0010231FA07F0A14049
:10B5E0000A43002172F1004250F1000051EB0C01BE
:10B5F000B0BD000070B44FF0004591EA030F40F178
:10B6000041876B40841A71EB030604D26E40001B25
:10B61000B141121973414FF4001C1CEB410F34BFB0
:10B620007CEB430683E00C0DA4EB1356362E00F39F
:10B630007C80012E45EAC32341DC43EA525312BF0A
:10B64000D20292025B08240545EAC12141EA505129
:10B65000D2EBC020994125D407D1B0FA80F610FA78
:10B6600006F162D00020203608E0B1FA81F6B14040
:10B67000C6F1200220FA02F21143B0404FEAF474FE
:10B68000B4EB465434F001064FEA74040AD8D6F5F8
:10B690000016760D04F00044F04061FA06F25040C6
:10B6A000F1404840C00A40EA415021F0004128BF23
:10B6B0005FEA500550F1000044EBD12135E0DB0A90
:10B6C00045EAC121C90AB6F120050EDD42EA02426F
:10B6D000120CC5F1200603FA06F6EB4042EA060515
:10B6E0006D42984161F100010DE062FA06F5F24009
:10B6F000554063FA06FC82EA0C02F3405A406D4260
:10B70000904161EB030111F4801F05D1641E6205B5
:10B7100002D06D004041494121F48011430875F188
:10B72000004350F1000041EB045170BC70471CEB2A
:10B73000410F15D223F0004352EA43060BD04FEAE3
:10B740004C0CBCEB410F04D80C0D661E342EB7DD3B
:10B75000EBE7801A994150EA410608BF0021E4E76F
:10B7600008BF1CEB430F28BF6FF00001DDE70000AE
:10B77000C1F30A5340F2FE329B1A14DDD3F12003C9
:10B780004FEAE17208DDC90241EA505141F0004040
:10B79000D84080185040704703F2E13010B1D243D6
:10B7A00082F0004070470020704700002DE9F84FFC
:10B7B00082468B4614001D000026DFF8847138781D
:10B7C000012801D1022047E0012038704CF25038A6
:10B7D000404600F05BF881464846C0B2002837D1A9
:10B7E00000207860DFF85C010168490506D5016832
:10B7F00031F4806101600220387701E00020387761
:10B80000BAF1000F07D122002B00584600F071F862
:10B81000012006000FE0BAF1010F02D0BAF1020FC9
:10B8200009D12100584600F071F8BAF1020F02D197
:10B830005FF480200600404600F028F88146002E84
:10B8400004D0DFF804010168B143016000F09FF803
:10B85000002038704846C0B2BDE8F28F00203A4957
:10B860000A68002A09D53C4A3C4B13603C4B1360E4
:10B870000968002901D501210800C0B2704732488B
:10B88000016851F0004101600020704770B504006C
:10B89000FAF712FE05002D4A1068C00309D514F10D
:10B8A000010FF8D0FAF708FE401BA042F3D30320A3
:10B8B0001EE0116826480140002913D02048436843
:10B8C0000B43436011F0404F05D0224B1E6811F02E
:10B8D000404006431E60880002D021F040401060C6
:10B8E000012005E01068C00701D50120106000208C
:10B8F00070BD10B414490C6854F001040C6002606F
:10B90000BFF36F8F011D0B6010BC704770B44023F4
:10B9100004000D000C4A166856F480261660EFF3FA
:10B92000108272B62E682660241D2D1D5B1E1E001F
:10B93000F6B2002EF6D182F3108870BC704700007A
:10B94000FC0500200020024014200240102002408C
:10B95000FAC3020018200240082002402301674574
:10B96000AB89EFCD10B4DFF89820136833F47E7301
:10B97000C40014F4FF6423431360136853F00203FC
:10B980001360136853F48033136010BC7047DFF802
:10B990006800017F0A00D2B2012A03D00A00D2B2A5
:10B9A000032A11D1DFF85420136833F400731360B5
:10B9B000136853F400631360136833F40063136077
:10B9C000136853F4007313600A00D2B2022A03D042
:10B9D0000A00D2B2032A0CD1084A136853F48053E8
:10B9E0001360136833F480531360136853F4806357
:10B9F0001360002202777047FC05002000200240FF
:10BA00001420024010B500240320FBF7D6FA0F20C3
:10BA100002F082FB002802D00120040001E002F0C5
:10BA2000ADFB2000C0B210BD70B586B0142200215D
:10BA30006846FAF7A8FD6B48016851F004010160FF
:10BA4000016811F0040105910599016851F0800128
:10BA50000160016811F0800105910599016851F0BC
:10BA600001010160016811F001010591059901686A
:10BA700051F002010160016811F002010591059980
:10BA8000016851F008010160006810F0080005909D
:10BA90000598554C002243F2C1312000F7F713F905
:10BAA00000224FF4F8515FF09040F7F70CF94F4D3A
:10BAB000002204212800F7F706F94D4E0022382114
:10BAC0003000F7F700F942F2C130009001200190F8
:10BAD000002002900020039069462000F6F754FFF2
:10BAE0004CF21E0000900320019000200290694655
:10BAF0002000F6F749FF0B20009003200190002062
:10BB0000029069463B48F6F73FFF48F2FF0000907D
:10BB1000032001900020029069465FF09040F6F704
:10BB200033FF202000900020019001200290694600
:10BB30002000F6F729FF0720009000200190012047
:10BB4000029069463000F6F71FFF4FF4A6400090C0
:10BB5000032001900020029069463000F6F714FFA0
:10BB60004FF4F85000900120019000200290002036
:10BB7000039069465FF09040F6F706FF4FF480505F
:10BB8000009001200190002002900320039069465C
:10BB90002000F6F7F9FE042000900120019000201B
:10BBA00002900020039069462800F6F7EDFE182069
:10BBB000009001200190002002900020039069462F
:10BBC0003000F6F7E1FE20200090012001900020D7
:10BBD00002900320039069463000F6F7D5FE06B0C8
:10BBE00070BD00BF4C10024000080048000C004827
:10BBF00000040048001C004880B51648016851F058
:10BC000002010160016811F00201009100990168D0
:10BC100051F001010160006810F0010000900098EF
:10BC2000002200210D20FBF7CEF90D20FBF7E0F9F3
:10BC3000002200210F20FBF7C6F90F20FBF7D8F9EF
:10BC4000002200214520FBF7BEF94520FBF7D0F983
:10BC500001BD00BF4810024018B591B01422002168
:10BC600001A8FAF790FC042200216846FAF78BFC41
:10BC70002C22002106A8FAF786FC484C4848206090
:10BC8000002060607F20A060FF20E0600020206135
:10BC9000002060610020A0610020E061200002F02F
:10BCA00089FA002801D0FAF76CFC00208DF8040016
:10BCB00000208DF8050000208DF80600002004907B
:10BCC00000200590012201A9200002F0D8FA0028E6
:10BCD00001D0FAF756FC01208DF8000001208DF804
:10BCE000010001208DF8020000208DF803000122E0
:10BCF0006946200002F071FB002801D0FAF741FCF0
:10BD000000208DF8180000208DF8190000208DF813
:10BD10001A00002007900020099000200A900020BF
:10BD20000B9000200D9000200E9001208DF83C001B
:10BD30004FF480701090012206A9200002F0DCFB75
:10BD4000002801D0FAF71DFC12B010BD10B598B054
:10BD50000400602200216846FAF715FC20681049AB
:10BD6000884219D15FF4003000904FF400701790B2
:10BD70006846FAF713FC002801D0FAF702FC0948DC
:10BD8000016851F400410160002200212920FBF7E5
:10BD90001AF92920FBF72CF918B010BDA8290020AA
:10BDA000002800409010024080B52C482C490160CA
:10BDB0004FF482714160002181604FF4E061C16005
:10BDC00000210161002141614FF400718161002176
:10BDD000C1610021016200214162002181620721CD
:10BDE000C162002101630821416300F0C1FD002808
:10BDF00001D0FAF7C6FB01BD10B586B004001422CD
:10BE0000002101A8FAF7BFFB20681549884222D11A
:10BE10001448016851F480410160006810F48040CA
:10BE2000009000981048016851F00201016000681C
:10BE300010F00200009000984FF420400190022082
:10BE4000029000200390032004900520059001A992
:10BE50000648F6F799FD06B010BD0000182700202F
:10BE600000380040581002404C10024000040048C6
:10BE700010B5040002F049FE012010BD38B50400E1
:10BE8000DFF85814087800280ED101200870DFF878
:10BE900050048088DFF84C1408802100C9B2DFF814
:10BEA0004804F6F75EFB22E0DFF83804DFF8305490
:10BEB000AA8803889A4212D100200870AA882968AB
:10BEC0000220F8F7DFF992A10220F8F7F1F9012139
:10BED000280002F0BFFE2800F8F7B6F907E0A988AD
:10BEE00001802100C9B2DFF80004F6F73AFB012017
:10BEF00032BD10B50400FEF71EFC012010BD10B5C8
:10BF00000400DFF8E8130320F8F7E0F90421DFF874
:10BF1000D803F6F726FB012010BD01000120704771
:10BF200001000120704701000120704780B502F038
:10BF300009FD02F07DFF01BD1CB500F039F803F0EA
:10BF400004F8F7F783FAF6F703FADFF8A4430020C2
:10BF500000900FF2291300225FF0FF31200002F061
:10BF6000FBFCDFF89013200002F0B2FD200002F08D
:10BF700019FD13BDF8B50024FFF7D8FFFFF7DCFF6C
:10BF800000F096F8012803D14FF4FA60F8F722FA8E
:10BF9000002500F01DF806002E4302F0E1FF070027
:10BFA0003743F6F7FFF938430400F7F705FBEFE7EF
:10BFB00080B500F099F800F09BF80FF2B500DFF8BB
:10BFC000381308600FF2D100DFF83013086001BDAC
:10BFD00070B50020002400252800C0B207283ADAF6
:10BFE000C14E2800C0B2000130444078012830D151
:10BFF0002800C0B2042801D0012004002800C0B2EB
:10C0000000013044406800280ED0FAF755FA2900A4
:10C01000C9B2090131444968401A2900C9B209016D
:10C0200031448968884214D300202900C9B209012B
:10C0300031444870FAF740FA2900C9B20901314485
:10C0400048602800C0B22900C9B209013144C9685A
:10C0500088476D1CC0E7A44A92F84100002803D12C
:10C0600004211000F6F77DFA2000C0B270BD000078
:10C0700080B500219C48F6F765FA01BD10B50400B3
:10C080009F490320F8F714F905219748F6F75AFA63
:10C0900000F001F810BD704738B504000D004FF4F2
:10C0A0007A732A0092B221009648F8F7E4F931BD7C
:10C0B00038B500250024FFF743F80100880110D4AB
:10C0C000C8000ED488000CD448000AD4002908D433
:10C0D000480102D50120040003E0080101D5012038
:10C0E00004002000C0B232BD80B5F6F70DFE01BDE0
:10C0F00080B5012284498348F8F723FA0022012100
:10C100004620FAF760FF4620FAF772FF01BD0000F3
:10C110000D0A000070472DE9F041040000250021C0
:10C120007A4A16887A4FF869002823D16C488288A9
:10C1300012FA84F2B2F5966F01D3002282805FF08A
:10C1400000084146220089B292B291420ED20168A3
:10C1500082881144424692B26E4BC4461FFA8CFC50
:10C1600013F80C308B5418F10108EAE78188611844
:10C17000818077E03000230080B29BB2984229D2C0
:10C18000A01B05005648838813FA85F3B3F5966F14
:10C1900001D3002383805FF0000841462B0089B261
:10C1A0009BB2994212D201688388194443469BB2DC
:10C1B000DFF860C1C6461FFA8EFE1EFA86FE1CF826
:10C1C0000EC001F803C018F10108E6E7818869187C
:10C1D000818046E0D6F164000500414B988810FA52
:10C1E00084F010FA85F0B0F5966F01D300209880A6
:10C1F00000200100AC4689B21FFA8CFC614513D2C5
:10C200001968B3F804C0614484461FFA8CFCDFF857
:10C2100004E180461FFA88F818FA86F81EF808E04C
:10C2200001F80CE0401CE4E75FF000084046210004
:10C2300080B289B2884210D2186899880844414671
:10C2400089B2DFF8D0C0C6461FFA8EFE1CF80EC0B9
:10C2500000F801C018F10108E8E799882819411889
:10C2600099801480F86900280AD164222949254858
:10C27000FEF79CFA3868006830F0040039680860FE
:10C2800001211948F6F75EF9BDE8F0810100224866
:10C2900001600020704780B52048016851F480415A
:10C2A0000160016831F4804101601648F6F796FE9E
:10C2B000002002BD38B504000D00104A10680028A7
:10C2C00004D0290089B2200012689047002012494A
:10C2D00009688847002032BD00000000DA2A0020EB
:10C2E00098060020CC2A002020060020640C0108BB
:10C2F000182A002080A90300AC2A0020BC2A0020B4
:10C300002C0C010800230020D92A0020CA2A002072
:10C31000E02700207C270020902A002040100240C7
:10C32000DFF88000006810F4C06070470200B2F5CA
:10C33000007F26D1DFF86C00036813F4C063B3F507
:10C34000007F2CD0036833F4C06353F400730360A0
:10C35000DFF85400036832204343DFF85000B3FB9A
:10C36000F0F0401C0100DFF8480003685B0503D5CE
:10C37000002901D0491EF6E7006840050FD50320CB
:10C380000EE0DFF82000036813F4C063B3F5806F9C
:10C3900005D0036833F4C06353F480630360002066
:10C3A00070470000007000401C06002040420F0053
:10C3B0001470004090420CD141EA030C50EA4C0C3E
:10C3C00007D0994205D14FF4001C1CEB410F38BF38
:10C3D0008942704710B5144600F002F8226010BD83
:10C3E000C1F30A5343B14A0012F5001F28D2A3F249
:10C3F000FE32A1EB0251704750EA410C20D001F00F
:10C40000004C31EA0C01B1FA81F204BFB0FA80F3BA
:10C41000D2180B3AB2F120032CBF00FA03F191407D
:10C4200041EA0C013EBFC2F1200C20FA0CF3194383
:10C430009040524240F2FD33D21A01EB0351704753
:10C44000002270474FF4001C1CEB410F94BF1CEB03
:10C45000430F09E041EA030C50EA4C0C52EA0C0C81
:10C4600003D2994208BF9042704714BF8B42824268
:10C470007047000070B44FF0004591EA030F7FF55C
:10C48000C1A86B40841A71EB030603D2001BB141B3
:10C49000121973414FF4001C1CEB410F34BF7CEBAD
:10C4A000430442E00C0DA4EB1356352E4FDC45EA55
:10C4B000C323DB0A45EAC121C912B6F120050DDD0F
:10C4C00063FA05F6EB4086EA0305124218BF45F011
:10C4D0000105C01851F100010CD213E062FA06F513
:10C4E000F2405540F3415A40B340F3405A4080185F
:10C4F000594107D349085FEA30005FEA350528BF94
:10C5000045F0010501F58011420875F1004250F136
:10C51000000041EB04514E0016F5001F70BC38BFFF
:10C5200070470020090D090570471CEB410F10D220
:10C5300052EA43060BD0BCEB410F05D80C0DAB43C0
:10C54000661E342EB6DD02E0AB438018594170BC44
:10C55000704770BC704700004FF4001C1CEB410F8B
:10C5600094BF1CEB430F09E041EA030C50EA4C0C6A
:10C5700052EA0C0C03D28B4208BF8242704714BFB0
:10C580009942904270470000F8B52DED0A8B41ECBE
:10C590001A0B48004015109D401C43EC182B23D06B
:10C5A00051EC1A0B31F0004108BF00281CD051ECAF
:10C5B000180B48004015401C16D051EC180B31F0F8
:10C5C000004108BF00280FD051EC1A0B0022DFF801
:10C5D0004833FFF737FF80F0A38055EC184B9FEDF1
:10C5E000800B05F00042ACE051EC1A0B48004015FE
:10C5F000401C02D1090340F0898151EC180B48001E
:10C600004015401C01D1090353D151EC180B31F0F6
:10C61000004308BF002A08D151EC1A0B480040150E
:10C62000401C46D1090344D10DE048004015401C90
:10C6300012D1090310D151EC1A0B48004015401CCF
:10C6400037D1090335D1AFF30080BDEC0A8B4FF031
:10C65000FF306FF00041F4BD51EC1A0B31F0004196
:10C6600008BF002828D151EC180B4800400D05EBFD
:10C67000000234D151EC180B31F0004108BF002802
:10C6800006D02A4651EC180B02F0BEFC41EC180B08
:10C6900051EC180B20F0000231F0004308BF002AD3
:10C6A00005D048004015401C03D1090301D1AFF368
:10C6B000008051EC180B2BE151EC1A0B480040158F
:10C6C000401C26D1090324D153EC1A2B51EC180B32
:10C6D000BDEC0A8B01B0BDE8F040FEF7B9BE002A00
:10C6E000C8DD40F2FF70824209DB9FED9F0B53ECE7
:10C6F000102B01F000410B4343EC182BC8E76FF3FC
:10C700001E5141EA025155EC184B0D4645EC184BB1
:10C71000BEE755EC184B9FED320B05F0004210E0E0
:10C7200001227E4BFFF718FF11D89FED8F0B51ECC4
:10C73000100B55EC184BAFF3008005F0004040EAB9
:10C74000010251EC100BBDEC0A8B1146F4BD53EC09
:10C750001A2B73487349FEF77BFE41EC100B53EC28
:10C76000102B9FED719B03F0004251EC190B0C460E
:10C77000144353EC192B51EC100B2346FEF73AFFF0
:10C78000FEF7F6FF0446FDF74BFF41EC1B0B53ECA5
:10C790001B2B4FF078406649FEF75AFE02460B46C7
:10C7A00051EC1A0BFFF766FE06460F4653EC1B2BA7
:10C7B00060486149FEF74CFE02460B46304639465A
:10C7C000FFF758FE41EC1A0B21F0004100225B4BB1
:10C7D000FFF738FE08D2B0EE48AAF0EE68AA55E09E
:10C7E000000000000000000053EC1A2B51EC1A0B63
:10C7F000FEF72EFE41EC1B0B53EC1B2B504851490E
:10C80000FEF726FE504A514BFEF7F4FE53EC1B2B6D
:10C81000FEF71EFE41EC1C0B53EC1B2B4C484D4904
:10C82000FEF716FE4C4A4D4BFEF7E4FE53EC1B2B75
:10C83000FEF70EFE53EC192BFEF7DCFE53EC1A2B21
:10C84000FEF706FE41EC190B53EC1C2BFEF7D2FE53
:10C850009FED43AB53EC1A2BFEF7CCFE06460F467A
:10C8600051EC1C0B53EC192BFFF704FE53EC1A2B65
:10C87000FEF7C0FE02460B4630463946F6F78EFC00
:10C8800053EC182BFEF7E4FD41EC1A0B51EC1A0B9C
:10C890002A194800400D02EB000319D0002B17DDC8
:10C8A00040F2FF70834209DB9FED2F0B53EC102BFE
:10C8B00001F000410B4343EC1A2B16E06FF31E51BD
:10C8C00041EA035155EC1A4B0D4645EC1A4B0CE06E
:10C8D00051EC1A0B31F0004108BF002805D051EC93
:10C8E0001A0B02F091FB41EC1A0B51EC1A0B20F0E1
:10C8F000000231F0004308BF002A05D0480040156F
:10C90000401C03D1090301D1AFF3008051EC1A0B95
:10C91000BDEC0A8BF4BD000000C89CC000C89C4060
:10C92000FE822B654715F73F000000000000E03F46
:10C93000422EE63FF2E4D5BCE7E84B3E0000903CD7
:10C94000112E5781A03F503F5843128C8F71BC3F2E
:10C950004BE8A541B752013F0BBDF3DAE8708C3FBD
:10C96000000000000000F03F000000000000F07F29
:10C9700010B50400002C01D1012074E0606A002889
:10C9800006D16068B0F5827F06D00020E06103E048
:10C9900000202061002060610020A06294F85D000A
:10C9A000002805D1002084F85C002000FFF724FA5D
:10C9B000022084F85D002068006830F040002168A3
:10C9C0000860E06840F20171884201D3002101E073
:10C9D0004FF48051E068B0F5706F05D0E068B0F5B5
:10C9E000E06F01D00020A062606810F48270A2683D
:10C9F00012F404421043227C12F002021043227D02
:10CA000012F001021043A26912F400721043227F57
:10CA100012F03802104394F8202012F080021043E4
:10CA2000A26A12F40052104322681060A269120C2C
:10CA300012F0040294F8240010F01000024394F85D
:10CA4000340010F008000243E06810F47060024304
:10CA500011F48050024320684260002020660120CB
:10CA600084F85D00002010BD2DE9F84306000D009C
:10CA700017001C00F9F720FD8046B94696F85D00C6
:10CA8000012801D00220ECE0002D03D0380080B254
:10CA9000002801D10120E4E096F85C00012801D1D2
:10CAA0000220DEE0012086F85C00032086F85D00AD
:10CAB00000203066B563B787F78700203064002018
:10CAC000A6F844000020A6F84600002030650020AB
:10CAD000F064B068B0F5004F0BD13068006830F0FA
:10CAE0004000316808603068006850F48040316868
:10CAF000086030680068400605D43068006850F06F
:10CB0000400031680860F06840F20171884235D316
:10CB10007068002803D0484680B2012809D1B06B64
:10CB200000883168C860B06B801CB063F08F401E15
:10CB3000F087F08F002873D03068806880070AD5AE
:10CB4000B06B00883168C860B06B801CB063F08F38
:10CB5000401EF087EDE7F9F7AFFCB0EB0800A0420C
:10CB600002D314F1010F01D1002CE2D1012086F88B
:10CB70005D00002086F85C00032072E070680028E9
:10CB800003D0484680B2012817D1F08F02280AD37B
:10CB9000B06B00883168C860B06B801CB063F08FE8
:10CBA000801EF08709E0B06B007831680873B06BC5
:10CBB000401CB063F08F401EF087F08F00282FD00C
:10CBC00030688068800718D5F08F02280AD3B06BD0
:10CBD00000883168C860B06B801CB063F08F801E25
:10CBE000F087EAE7B06B007831680873B06B401CDF
:10CBF000B063F08F401EF087DFE7F9F75DFCB0EB24
:10CC00000800A04202D314F1010F01D1002CD4D1AD
:10CC1000012086F85D00002086F85C00032020E0FB
:10CC200042462100300000F003F9002801D0202006
:10CC30003066B068002808D1002000903068C068D5
:10CC400000903068806800900098012086F85D00B0
:10CC5000002086F85C00306E002801D0012000E042
:10CC60000020BDE8F2832DE9FC4705000E00170007
:10CC70009846DDF82890F9F71FFC0400B8EB04048F
:10CC800019EB0404F9F718FC824668480068400173
:10CC9000000D00FB04F00090286880683040B0422E
:10CCA00001D1012000E000203900C9B2884243D000
:10CCB00018F1010FF0D0F9F7FFFBB0EB0A00A0422A
:10CCC00001D2002C2FD12868406830F0E00029689C
:10CCD00048606868B0F5827F0DD1A868B0F5004F54
:10CCE00003D0A868B0F5806F05D12868006830F0DF
:10CCF000400029680860A86AB0F5005F0BD1286879
:10CD0000006830F40050296808602868006850F412
:10CD1000005029680860012085F85D00002085F832
:10CD20005C00032009E00098002801D100200400E5
:10CD30000098401E0090AFE70020BDE8F6872DE97F
:10CD4000FE4F06000F0014009846DDF830900020DA
:10CD50008DF80000F9F7B0FB0500B8EB050519EBFD
:10CD60000505F9F7A9FB8246306810F10C0B2F4836
:10CD7000016823204143090D01FB05F10191306851
:10CD800080683840A0424ED0B7F5C06F07D1002C64
:10CD900005D19BF800008DF800009DF8000018F107
:10CDA000010FECD0F9F788FBB0EB0A00A84201D2E2
:10CDB000002D2FD13068406830F0E00031684860C5
:10CDC0007068B0F5827F0DD1B068B0F5004F03D028
:10CDD000B068B0F5806F05D13068006830F0400071
:10CDE00031680860B06AB0F5005F0BD13068006848
:10CDF00030F40050316808603068006850F400502A
:10CE000031680860012086F85D00002086F85C002B
:10CE1000032009E00198002801D1002005000198B5
:10CE2000401E0190ABE70020BDE8FE8F1C060020ED
:10CE30007CB504000D00160000962B0000224FF474
:10CE4000C0512000FFF77BFF002805D0206E50F076
:10CE50002000206603201FE000962B000022802186
:10CE60002000FFF700FF002805D0206E50F02000C2
:10CE70002066032010E000962B0000224FF4C061D2
:10CE80002000FFF75CFF002805D0206E50F0200046
:10CE90002066032000E0002076BD002848BF404205
:10CEA000704700002DE9F14FB0B0924604910DF1AA
:10CEB00042013A9A2B9199464A7000200AE01AF8EA
:10CEC000011B0498309A90470028049000F0B68621
:10CED0000D98401C0D909AF8000050B12528EED115
:10CEE000002100220791089209910A920B910C925D
:10CEF00004E00D9800F0A4BE41F001011AF8010F02
:10CF00002028F9D023280CD02B2804D02D2805D098
:10CF1000302809D00BE041F00201EFE741F00401B5
:10CF2000ECE741F00801E9E741F01001E6E72A28C3
:10CF30000FD1D9F8002052F8040BC9F800200028BE
:10CF40000F9003D540420F9041F004010AF1010A0D
:10CF500014E00F92DFF828380AE00F98984205DABB
:10CF600000EB800402EB4402303A0F920AF1010A0E
:10CF70009AF80020A2F130000A28EED39AF80000B7
:10CF80002E2803D04FF0FF320E9229E01AF8010F3D
:10CF90002A2809D1D9F8000050F8042BC9F800005C
:10CFA0000E920AF1010A1BE02D280CBF0AF1010ABA
:10CFB000002000220E92DFF8C8470BE040B90E9A1D
:10CFC000A24205DA02EB820503EB4503303B0E93E8
:10CFD0000AF1010A9AF80030A3F130020A2AEDD3CF
:10CFE000ADF84010DFF89C07784400F5F3609AF83C
:10CFF000001002F0A7F808B11AF8010B8DF84200F2
:10D000009DF84200682805D19AF8000068280CD1E4
:10D01000622106E06C2804BF9AF800006C2804D155
:10D0200071218DF842100AF1010A12A806901AF82F
:10D0300001BBBBF125012CD01C3900F0D081091FA8
:10D04000022940F2CC81133900F02385093900F020
:10D05000C681891E00F0B885491E00F06585491E0D
:10D06000022940F2BC81091F00F05E85491F00F0D3
:10D070002881491E00F00D85491E00F0D080C91E90
:10D080000DD0891E00F00585C91E00F0028500F054
:10D09000A6BD25238DF84830012100F0ABBDD9F89D
:10D0A000000050F8044BC9F80000002C059440F033
:10D0B000A3802B994878002800F099804FF0FF3426
:10D0C0000FF6843002F04AF8201A40F0B78500F0DD
:10D0D00092BD6D1E40F0A9853096079D12AF75B1C7
:10D0E000309E17F8012B02A9304600F073FE00288D
:10D0F00001D46D1EF5D10028309640F09F850A9D21
:10D100003020002D8DF804000CDD309E012301AA93
:10D1100002A9304600F06EFE002840F08F856D1E9B
:10D12000F4D13096059F089D75B1309E17F8012BFC
:10D1300002A9304600F04EFE002801D46D1EF5D144
:10D140000028309640F07A850B9D3020002D8DF818
:10D1500004000CDD309E012301AA02A9304600F034
:10D1600049FE002840F06A856D1EF4D1309605987E
:10D170000899099D471875B1309E17F8012B02A92F
:10D18000304600F027FE002801D46D1EF5D100289E
:10D19000309640F053850C9D3020002D8DF8040012
:10D1A0000CDD309E012301AA02A9304600F022FEC8
:10D1B000002840F043856D1EF4D130969DF8400064
:10D1C00041077FF588AE2020002C8DF804007FF702
:10D1D00082AE309D012301AA02A9284600F00AFE72
:10D1E000002840F02B85641EF4D1309573E60FF6CD
:10D1F0006440059000F0FFBC0E9D002D04D5204634
:10D20000FCF72AFF044607E02A46204601F0C6FF45
:10D21000002814BF041B2C46089400F0ECBCD9F87D
:10D22000001051F8040BC9F8001020F00004002190
:10D2300021F0FF3512ABCDE902450593DDE902236C
:10D2400006993C2413B90AB90E9898B102F00F055B
:10D250003035641EEEB23A2EA8BF2735120942EAD5
:10D2600003721B090D5508BF002A03D005980D193C
:10D27000A842EBD308190590C4F13C020E9808921D
:10D2800082420ADABDF84010821A4FF6EF70014070
:10D290000A92ADF8401000F0AEBC002840F1AB841B
:10D2A0009DF8400000F01400102840F0A4840F9B6B
:10D2B00007990A985B1A1B1A9A1A002A40F39B8452
:10D2C000E5E32B99487820B14FF0FF340FF6543046
:10D2D000F8E69DF84200622861D0682817D06A28D5
:10D2E0003FD06C2806D0712847D074282CD07A28DB
:10D2F0001DD064E0D9F8001051F8040BC9F80010F3
:10D30000002868D14FF0FF340FF63030DAE6D9F854
:10D31000001051F8040BC9F8001020B94FF0FF3489
:10D320000FF61830CEE60D99018000F064BCD9F8F4
:10D33000001051F8040BC9F8001000284BD14FF031
:10D34000FF340FF6F820BDE6D9F8001051F8040BB1
:10D35000C9F8001000283ED14FF0FF340FF6DC2052
:10D36000B0E6D9F8001051F8040BC9F8001080B9E4
:10D370004FF0FF340FF6C420A4E6D9F8001051F89E
:10D38000040BC9F8001020B94FF0FF340FF6AC20A1
:10D3900098E60D9AD317C0E9002300F02CBCD9F809
:10D3A000001051F8040BC9F8001020B94FF0FF34F9
:10D3B0000FF6882086E60D99017000F01CBCD9F8A4
:10D3C000001051F8040BC9F8001020B94FF0FF34D9
:10D3D0000FF6682076E60D99016000F00CBCD9F8D4
:10D3E0000020D21D22F00702C9F80020D2E9000176
:10D3F0000832C9F80020CDE90201C80F02D0079811
:10D400002D210AE0BDF84000810702D507982B21A5
:10D4100003E0C00705D50798202112AA1154401C2B
:10D420000790DDE90223079912A8CDE92C230844CF
:10D430004BF020016129059021AC0BD00E990029F9
:10D4400002D506210E9105E001BF4BF020016729AE
:10D4500001220E92DDE9022359004915491C0DD124
:10D460001A030BD0ABF1610503211A2D089102D2EA
:10D470000FF6E41110E00FF6E4110DE05900491524
:10D48000491C0DD11A030BD1ABF1610503211A2DF3
:10D49000089119D30FF6CC110322F8F7B9FFAAE3CC
:10D4A000DDE90201CDE92E01DDE92E2323F000475D
:10D4B000B7F5801F22F000060DD20022002F08BF12
:10D4C000002E009203D116E00FF69411E4E76A46AD
:10D4D000FEF780FF0FE0DFF8DC08DFF8DC1800EB78
:10D4E00017500090DDE92E234FF0FF301940DFF890
:10D4F000CC7810403943CDE902014BF0200061287F
:10D500000DD1059830210170821CBBF1610F05928D
:10D510000CBF7821582141700798801C0790DDE9E5
:10D52000020120F0000231F0004308BF002A02D1BE
:10D530000026002568E14BF02008B8F1610F40F0AB
:10D54000B4800E98002847BF21210191401C019012
:10D55000019FDDE92C017F1C00220023DDE902454B
:10D56000FEF770FF00998DF8842038BF85F00045E4
:10D57000091F002F00910DF1850653DD2046294635
:10D5800000220023FEF7E8FF4CD24800400D00F1D6
:10D590001C0212D0002A10DD40F2FF739A4206DB13
:10D5A000DFF81C1805F000400143002011E06FF384
:10D5B0001E5141EA025120460BE024F0000035F0F4
:10D5C000004108BF00280FBF29461C22294601F050
:10D5D0001BFD04460D46FEF7CBF8FF1F002F8046CB
:10D5E00009DDFDF71DF802460B4620462946FEF7E9
:10D5F00041FF04460D46F01D0721B8F1000F0CDD78
:10D60000491E5EBF08F00F0200F8012D4FEA2818EE
:10D61000F3D502E0002200F8012D491EFAD5C61DFF
:10D62000002FABDC0DF18500361A01988642D8BF79
:10D63000304600280DF1850430D4B04206DA0DF1F1
:10D6400085010A5C082AA8BF0F2100DA00210246E2
:10D6500021AB134400E0401E13F80159521E8D42C5
:10D66000F9D00F2904D10DF185018B5C5B1C8B5423
:10D67000002A04D50099091D21AC401C0091411ECF
:10D680000CD46218ABF13A0613783033DDB23A2D80
:10D69000A8BFF318491E02F80139F5D50E990029E3
:10D6A00040F1B080421E0E92ACE00099DFF81427E2
:10D6B00047F29750414391FBF2F2DDE92C4500928D
:10D6C00025F00045D2F1070204DD2046294600F08E
:10D6D0004EFB0BE052420020DFF8EC1600F047FB57
:10D6E00002460B4620462946F5F758FD0446B8F198
:10D6F000660F0E9806BF009F0A3706273F18142FA3
:10D70000C8BF142730200D468DF884000DF1850622
:10D71000002F39DD2046294601F06CFD01460A46FE
:10D7200006F1080304200A26B2FBF6F606EB860E85
:10D73000A2EB4E02303203F8012C0A22B6FBF2F2C1
:10D7400002EB820EA6EB4E063036401E03F8026D49
:10D75000E9D1083F002F03F10806D9DD0846F5F7A7
:10D76000FFFC02460B4620462946FEF783FE0022B8
:10D77000DFF85836FDF76CFE04460D46CAE700BFD9
:10D78000CBCCCC0C203C00000DF18500361A0DF1FD
:10D79000850404E00098401E761E0090641C2078EA
:10D7A0003028F7D0B8F1660F02D10099491C04E087
:10D7B000B8F1650F0CBF012100210E9808188642B0
:10D7C000B8BF701E00281DD4B04204DA215C342991
:10D7D000C8BF392100DC30210246631E9D1800E0DD
:10D7E000401E15F80169521E8E42F9D0392902D126
:10D7F000A15C491CA154002A04D50099491C1C466F
:10D80000401C00910646009D01F008FD406A077823
:10D81000DDF8388030B2002802DC01260FF24864BF
:10D820004BF02000662808BF6D1C16D0672846D133
:10D8300028B210F1040F48DB404546DA9DF840005D
:10D840006D1C010703D430B24045B8BF804628B2F2
:10D85000B8EB000848BF4FF000080FFA85FBBBF19A
:10D86000000F00F3B5800898411C089130220599FB
:10D870000A54B8F1000F03DC9DF84000010704D5FD
:10D880000898411C089105990F5418EB0B0FB8BF6D
:10D89000C8F100052DB268420B90A84432B2904501
:10D8A000B8BF4646059B089836B2099632462146CF
:10D8B0001844F8F7ADFDA8EB06000C90D2E0BBF1E0
:10D8C000610F17D14FF0700B19E030B2404504DA08
:10D8D0009DF840100A0758BF8046B8F1010848BFBC
:10D8E0004FF00008BBF1670F14BF4FF0450B4FF02E
:10D8F000650B04E0BBF1410F08BF4FF0500B0898D7
:10D90000411C0891B8F1000F059914F8012B0A5435
:10D9100003DC9DF8400001071AD50898411C0891C6
:10D92000B8F1000F05990F5412DD761E30B2804514
:10D930000598089BB8BF464632B221461844F8F70E
:10D9400067FD089936B271180891A8EB06000B9094
:10D9500005980899084429B2002980F800B003D43A
:10D960002B224270821C04E02D2242700D46821C44
:10D970006D4200212CAB28460AE004460A2094FBA5
:10D98000F0F000EB8005A4EB450403F8014B491CC3
:10D9900000B20028F1DC012906DC4BF020006528EC
:10D9A00004BF302002F8010B00292CAB08D1302035
:10D9B00002F8010B06E0491E585C303002F8010BFA
:10D9C0000029F8DC059908980844121A099249E0E0
:10D9D00030B229B288421CDA0598089B32B221463F
:10D9E0001844F8F715FD089936B27118ABEB060626
:10D9F000B8F1000F08910B9603DC9DF84000020778
:10DA000004D5059847540999491C0991CDF83080EF
:10DA100028E00598089B2AB221461844F8F7F8FC3C
:10DA20000898761B5844B8F1000F089003DC9DF865
:10DA300040100A0703D5411C089105990F5430B2D4
:10DA400080450598089BB8BF464632B204EB0B01EF
:10DA50001844F8F7DDFC089836B230180890A8EBA7
:10DA600006000B909DF8400000F01400102840F0D4
:10DA7000C280079A08990B988A18099982180C98FD
:10DA80008A1882180F98824280F2B580821A0A9210
:10DA9000B1E09DF84200622808D068280ED06A28BC
:10DAA00014D06C281FD0712810D01CE0D9F80010B9
:10DAB00051F8040BC9F80010C0B21AE0D9F80010F0
:10DAC00051F8040BC9F8001080B212E0D9F8002018
:10DAD000D21D22F00702C9F80020D2E90001083265
:10DAE000C9F8002006E0D9F8001051F8040BC9F875
:10DAF00000100021CDE902019DF8400001075AD530
:10DB0000DDE90223002B08BF002A54D04BF020008F
:10DB1000782850D1079812A930220A54401C431C7F
:10DB2000079301F800B046E09DF84200622808D053
:10DB300068280ED06A2814D06C281FD0712810D005
:10DB40001CE0D9F8001051F8040BC9F8001040B2DD
:10DB50001AE0D9F8001051F8040BC9F8001000B20F
:10DB600012E0D9F80020D21D22F00702C9F80020E7
:10DB7000D2E900010832C9F8002006E0D9F8001007
:10DB800051F8040BC9F80010C117CDE902010029B2
:10DB900002D507982D210AE0BDF84000810702D583
:10DBA00007982B2103E0C00705D50798202112AA6A
:10DBB0001154401C079012A807990144059102A82E
:10DBC000594600F04FF816E001200790D9F8000000
:10DBD00050F8041BC9F800008DF848100BE025210F
:10DBE0000122BBF1000F8DF84810079203D08DF889
:10DBF00049B0022107910F9A07980A990C9C121AB2
:10DC00000898521A0B99121A0998521A121A9DF86A
:10DC10004000141B41073FF560AA2020002C8DF81E
:10DC200004007FF75AAA309E2546012301AA02A9C3
:10DC3000304600F0DFF800283FF44BAA4FF0FF30E9
:10DC400031B0BDE8F08F00007072696E74665F736A
:10DC50003A2062616420257320617267756D656E7C
:10DC6000740000002DE9FC4307466F293E6908BF98
:10DC7000082405D041F02000782814BF0A2410247D
:10DC80003C25D7E90023642918BF692990469946A5
:10DC900005D1002B03D5D8F1000869EB4909B9F18A
:10DCA000000F08BFB8F1000F0CD1386B50B9082C29
:10DCB00039D197F83800010735D530203B2586F853
:10DCC0003B0030E08DF80010404649462246E317FD
:10DCD000FDF7A4FA3032D0B26D1E3A28019504DB6C
:10DCE0009DF80000A0F151018A187255404649463E
:10DCF0002246E317FDF792FA80465FEA010908BF62
:10DD0000B8F1000F03D0F86871198842DCD3082CF1
:10DD100009D197F83800010705D5705D302802D089
:10DD20006D1E30207055C5F13C02BA617119F96061
:10DD3000386B824208DA821A3A624FF6EF70398FF6
:10DD400001403987BDE8F38300280ED597F83800E5
:10DD500000F01400102808D17B6B7969386A5B1ACF
:10DD60001B1A9A1A002AC8BF3A62BDE8F3832DE94C
:10DD7000D04306460F4614464FF00008DFF8509097
:10DD800012E0E00707D542464B4630463946FDF7DC
:10DD90005FFB06460F464046494642464B46FDF766
:10DDA00057FB641080468946002CEAD1304639463C
:10DDB000BDE8D08302FCFFFFFFFF0F800000E03FC3
:10DDC0000000F07FA08601000000F03F84D797415B
:10DDD0000000244010B503460C461146A068984741
:10DDE000A06020B1E06A401CE062002010BD4FF04E
:10DDF000FF3010BDF8B505460E4617461C460020FC
:10DE00005CB117F8011BB068A847B06030B1F06A88
:10DE1000401CF0620020641EF3D1F2BD4FF0FF30D1
:10DE2000F2BD00007072696E74665F733A20256EF1
:10DE300020646973616C6C6F776564007072696EE1
:10DE400074663A2062616420256E20617267756D88
:10DE5000656E7400000000006E616E004E414E0061
:10DE6000696E6600494E46003000000080B5012210
:10DE700017491848F6F765FB002201212520F9F71C
:10DE8000A2F82520F9F7B4F801BD704738B50400B1
:10DE90000D480F490A78036885885A558288521CB4
:10DEA0008280828840F2FF139A4201D3002282804E
:10DEB00001220848F6F745FB0120044908700221B9
:10DEC0000548F4F74EFB31BD100D0020E32A002079
:10DED000E22A002088230020000800202DE9F847CE
:10DEE00085B005000E0014001F000020ADF80200F0
:10DEF0005FF0000ADFF80C22107AA84202D27FF00D
:10DF0000040055E0D0683040B04202D07FF00500F8
:10DF10004EE05068002806D0002C04D00DF102011C
:10DF200001A8526890470DF1380843463A004FF473
:10DF30000071DFF8DC0101F02CFA814600F0CFF827
:10DF40006946BDF8020010EB090080B200F076F8D7
:10DF500010F1010F28D05FF0000A5046BDF8021002
:10DF600080B2884210D201A8514689B2405CDFF8E5
:10DF70009811BDF800208854BDF80000401CADF891
:10DF800000001AF1010AE8E743463A004FF4007135
:10DF9000DFF87401BDF800C0604401F0FAF900F048
:10DFA000A3F800F008F803E000F09EF87FF002000C
:10DFB00006B0BDE8F08770B50024002500F099F8A0
:10DFC000002837D100F08BF84E4E308A718A884293
:10DFD0002ED0B07801280ED13188308A091AB1824A
:10DFE0000220B07000203080B08A002803D10020C9
:10DFF000B07000203082B07800280CD1308A718A4D
:10E00000884204D2718A308A091AB18203E0308AC8
:10E01000D0F58060B0823C48318A0844050000F0A9
:10E0200079F8B18A2800394A92689047040001E0E3
:10E0300000F05AF8200040B270BD000070B4020039
:10E040005FF0FF302F4B5C8A1D8AAC4216D15C8A90
:10E05000D4F5806415002600ADB2B6B2B5422BD31C
:10E0600015001E8AADB2B54226D201259D705D8A8B
:10E070001D801D8A2C0000255D821DE01C8A5D8AA2
:10E08000AC4216D25C8AD4F5806415002600ADB28D
:10E09000B6B2B54210D315001E8AADB2B5420BD24E
:10E0A00001259D705D8A1D801D8A2C0000255D82E2
:10E0B00002E01D8A5C8A2C1B15002600ADB2B6B2A8
:10E0C000B54209D25D8A0D805D8A15FA82F5AD05EB
:10E0D000AD0D5D820023180000B270BC7047094886
:10E0E000C18A491CC18270470648C18A491EC18243
:10E0F00070470448C08A002801D1002000E00120B8
:10E1000070470000002A002010160020CC100108E3
:10E11000681C00207047000038B504000025134932
:10E12000087800281DD04FF47A700978B0FBF1F020
:10E130000F490968B1FBF0F0F8F768FF00280DD12E
:10E14000102C08D2002221005FF0FF30F8F73BFFCF
:10E150000848046007E00120050004E001200500F4
:10E1600001E0012005002800C0B232BD5B0D002097
:10E170001C060020F80500207047000081B00B4805
:10E18000016851F001010160006810F00100009089
:10E1900000980748016851F080510160006810F054
:10E1A00080500090009801B0704700BF601002409E
:10E1B0005810024070B504000125002C5CD094F882
:10E1C0002100002805D1002084F820002000FDF760
:10E1D000BDFD022084F821002068C068C00642D43A
:10E1E000CA2021684862532021684862200000F05C
:10E1F0002AFB06003000C0B200281AD120688168CE
:10E20000DFF8E80601402068816020688168626864
:10E2100020690243A0690243114320688160E068DD
:10E220002168086120680069A16850EA01402168FE
:10E230000861200000F02DFB05002800C0B2002876
:10E240000DD12068C06C800880002168C8642068F7
:10E25000C16CE2696069024311432068C164FF2018
:10E260002168486201E0002005002800C0B20028B3
:10E2700002D1012084F821002800C0B270BD2DE930
:10E28000F04705000E00140095F82000012801D188
:10E2900002206DE0012085F82000022085F8210091
:10E2A000CA2029684862532029684862280000F083
:10E2B000CAFA80464046C0B200284AD1002C20D17C
:10E2C00028688068400601D40020F070307800F0A3
:10E2D0001FFB8246707800F01BFB8146B07800F08F
:10E2E00017FB5FFA8AFA5FFA89F95FEA092959EAA6
:10E2F0000A49C0B250EA0909F07859EA80594F46F4
:10E3000010E028688068400601D40020F070307862
:10E310007178090251EA0041B0780143F07851EA7E
:10E3200080510F00DFF8C805384029680860286868
:10E33000806830F480202968886028688168F268E5
:10E3400030690243114328688160280000F0A1FA77
:10E350008046FF20296848624046C0B2002802D1AA
:10E36000012085F82100002085F820004046C0B239
:10E37000BDE8F087F8B505000E0014002868806A33
:10E380007060286800694004400CB0602868076825
:10E39000DFF85C0507403800000C10F03F003070DB
:10E3A0003800000A10F07F00707017F07F00B07026
:10E3B0003800800D10F00100F070002C0BD1307887
:10E3C00000F0B4FA3070707800F0B0FA7070B07885
:10E3D00000F0ACFAB0700020F2BD2DE9F04105006C
:10E3E0000E00140095F82000012801D1022058E009
:10E3F000012085F82000022085F82100002C07D19B
:10E400007078C00604D5707810F0EF000A30707094
:10E41000002C16D1F07800F07BFA8046707800F07E
:10E4200077FA0700B07800F073FA5FFA88F8FFB265
:10E430003F0257EA0847C0B20743307857EA4037EF
:10E4400009E0F07877783F0257EA0047B078074351
:10E45000307857EA4037CA20296848625320296833
:10E460004862280000F0EFF980464046C0B200281C
:10E4700008D1DFF88004384029684860280000F09F
:10E4800008FA8046FF20296848624046C0B200284A
:10E4900002D1012085F82100002085F820004046A7
:10E4A000C0B2BDE8F081F8B505000E001400286880
:10E4B0004768DFF8400407403800000CF07038006F
:10E4C000000A10F01F00707017F03F00B0703800A5
:10E4D000400B10F007003070002C0BD1F07800F0EA
:10E4E00025FAF070707800F021FA7070B07800F0C2
:10E4F0001DFAB0700020F2BD2DE9F84305000E00B2
:10E50000140095F82000012801D10220E5E0012047
:10E5100085F82000022085F82100002C2DD12868E4
:10E520008068400601D40020F070306A0028FFD0D7
:10E53000307800F0EDF98046707800F0E9F90700D6
:10E54000B07800F0E5F9814696F8240000F0E0F993
:10E550005FFA88F8FFB23F0257EA08475FFA89F985
:10E5600059EA0707F17857EA8157C0B257EA0067BE
:10E57000306A07437069074317E0286880684006DF
:10E5800001D40020F070307877783F0257EA0047D6
:10E59000B0780743F07857EA805796F8240057EA96
:10E5A0000067306A074370690743D6F80480F06952
:10E5B00050EA0808CA20296848625320296848623E
:10E5C000B06AB0F5807F39D12868806830F48070F7
:10E5D000296888602868C06810F0800070F4C070F6
:10E5E0002968C860F7F768FF81462868C068C007D7
:10E5F00012D4F7F761FFB0EB090040F2E93188422D
:10E60000F3D3FF2029684862032085F82100002009
:10E6100085F82000032060E02868C7612868C0F8FA
:10E6200044802868806850F4807029688860286871
:10E63000806850F480502968886038E028688068D5
:10E6400030F40070296888602868C06810F0800085
:10E6500070F420702968C860F7F72EFF814628689B
:10E66000C068800712D4F7F727FFB0EB090040F22B
:10E67000E9318842F3D3FF2029684862032085F8F6
:10E680002100002085F82000032026E0286807628A
:10E690002868C0F848802868806850F400702968AD
:10E6A00088602868806850F4005029688860DFF826
:10E6B0004802016851F480210160DFF840020168DE
:10E6C00051F480210160FF2029684862012085F80B
:10E6D0002100002085F820000020BDE8F28370B5FD
:10E6E00004000D0094F82000012801D1022062E00E
:10E6F000012084F82000022084F82100CA2021682B
:10E700004862532021684862B5F5807F24D1206893
:10E71000806830F48070216888602068806830F4F8
:10E72000805021688860F7F7C7FE06002068C0683F
:10E73000C00736D4F7F7C0FE801B40F2E9318842AB
:10E74000F4D3FF2021684862032084F821000020D0
:10E7500084F8200003202EE02068806830F40070E8
:10E76000216888602068806830F4005021688860E3
:10E77000F7F7A2FE06002068C068800711D4F7F7FB
:10E780009BFE801B40F2E9318842F4D3FF202168D0
:10E790004862032084F82100002084F82000032030
:10E7A00009E0FF2021684862012084F82100002050
:10E7B00084F82000002070BD10B504005FF48020B4
:10E7C0004F49086020688068C0040ED52068C06882
:10E7D000C0050AD52068C06810F0800070F4C070D1
:10E7E0002168C860200000F04DFF20688068800428
:10E7F0000ED52068C06880050AD52068C06810F072
:10E80000800070F420702168C860200001F086F854
:10E81000012084F8210010BD38B504003948216872
:10E82000C860F7F749FE05002068C068800608D474
:10E83000F7F742FE401B40F2E9318842F4D303204F
:10E8400000E0002032BD70B5040000262068C068DA
:10E8500040061BD45FF0FF302168C860F7F72CFE3C
:10E8600005002068C068400610D43000C0B20328FC
:10E870000CD0F7F721FE401B40F2E9318842F0D37B
:10E8800003200600032084F82100EAE73000C0B22C
:10E8900070BD70B5040000251B48016831F080018F
:10E8A00001601A4E306880060AD42000FFF7B4FFDA
:10E8B000002817D0032084F821000320050011E070
:10E8C000306830F0200030602000FFF7A5FF0028FE
:10E8D00004D0032084F8210003200500306850F0A4
:10E8E000200030602800C0B270BD0000BFFF8FFF65
:10E8F0007F7F7F003FFFFF000004014008040140CC
:10E90000140401405FFF03000C2800400828004069
:10E910000100002208000300DBB20A2B02D3521CC4
:10E920000A38F8E750EA0210C0B270470100C9B2D5
:10E9300009090A2211FB02F110F00F004018C0B2C1
:10E940007047000080B50020DFF800130860DFF892
:10E9500000030068804702BD2DE9F04104000D006E
:10E9600016001F00DDF81880002C18D03800002891
:10E9700015D0002020602800DFF8D412496A8847AB
:10E98000606000202072002060720020A072E760AA
:10E99000C4F81080E67200206061002000E00120D1
:10E9A000BDE8F0812DE9F04704005FF00008002C7D
:10E9B0003BD0200000F002F9002836D1607A002810
:10E9C00033D160680700DFF88892D9F820008047CB
:10E9D0000600B74200D237002760002020720120D5
:10E9E00060720020A072DFF864A2DAF8000000284C
:10E9F00006D1D9F810008047200000F019F916E080
:10EA0000D9F8180080470500206828182060206881
:10EA1000DAF800100968884203D2200000F008F9F3
:10EA200005E0200000F0EDF801E0012080464046BE
:10EA3000C0B2BDE8F0872DE9F04105000026002DA9
:10EA400040D0DFF80882D8F80070D8F800400120E4
:10EA5000A872D8F80000002836D000206872D8F8D4
:10EA60000000A8421AD10020D8F800100872D8F887
:10EA700000004069002809D0D8F800004069C8F8B3
:10EA80000000D8F8000000F0A6F818E0DFF8C00198
:10EA9000C06880470020C8F8000010E0002C0ED0AD
:10EAA000AC4209D16069002802D064697C6102E04F
:10EAB000002004007C6102E027006469EEE700208A
:10EAC000060001E0012006003000C0B2BDE8F08180
:10EAD00070B504000D000026002C02D101200600B4
:10EAE00010E028005A49496A88476060200000F019
:10EAF00065F8002806D02000FFF79DFF2000FFF7F3
:10EB000051FF06003000C0B270BD2DE9F843504DF2
:10EB1000686980470600286980470700B7EB060848
:10EB2000DFF82891D9F8000000280FD0D9F80000AC
:10EB300004002068804504D22068B0EB0800206003
:10EB400001E0002020606469002CF2D1D9F80000B7
:10EB5000002824D0D9F800000068002806D0A86951
:10EB60008047D9F800100968814218D2D9F800000E
:10EB70000400D9F800004069C9F8000000202072A4
:10EB8000002060722069E1688847E07A0128DDD1C1
:10EB9000A07A0028DAD12000FFF704FFD6E7D9F8E1
:10EBA0000000002808D0D9F80000007A002803D11E
:10EBB000D9F8000000F00FF8BDE8F1830200234807
:10EBC0000168002905D0914201D1012002E0496984
:10EBD000F7E70020704770B504001D4D286A804794
:10EBE000060001202072A869804721683018814200
:10EBF00003D2A8698047301820602068A968884738
:10EC000070BD10B411490A6809684B69516900293F
:10EC100009D019680468A14202D21A005B69F5E7BD
:10EC20005061436102E050610021416110BC7047B6
:10EC300038B5050005480468002C01D00021217278
:10EC40006C6105600068FFF7C6FF31BDB02A002087
:10EC5000F00A01082DE9FC4704000D005FF0FF36C3
:10EC600000226E4BD3E90001CDE900015FF00009FD
:10EC70004846A18880B2884224D22068494689B299
:10EC8000405C3D2805D02068494689B2405C3F2859
:10EC900000D117E02068494689B2405C41280EDB6C
:10ECA0002068494689B2405C5B2808DA20684946FA
:10ECB00089B2405C203021684A4692B2885419F1EA
:10ECC0000109D5E700273800C0B2412880F2A280B0
:10ECD000DFF84C8121003800C0B200014044083008
:10ECE00000F01DFE0600002E00F192803800C0B238
:10ECF000000140444068002800F08A803800C0B21B
:10ED0000000140444068002808D14FF47A73A2887B
:10ED100021004448F5F7AFFB01207CE0DFF808A1B3
:10ED20005046F5F791FA0020010089B2A288921BA3
:10ED3000914223DA21683144020092B2895C3F2972
:10ED40000AD021683144020092B2895C3D2903D087
:10ED5000BAF80410802900DB10E021683144020079
:10ED600092B2895CDAF80020BAF80430D154BAF8CB
:10ED70000410491CAAF80410401CD5E73900C9B298
:10ED800009014144898916FA81F6B1464846A188AD
:10ED900080B2884226D22068494689B2405C0D285C
:10EDA0000CD1484680B2A188491E884206DA206804
:10EDB000494689B2084440780A2813D0BDF80400B7
:10EDC00080280CD22068494689B2405C0099BDF881
:10EDD00004208854BDF80400401CADF8040019F16B
:10EDE0000109D3E7114805702800C0B2401E012870
:10EDF00002D9801E09D009E0002168463A00D2B24B
:10EE0000120142445268904700E0FFE7012002E00F
:10EE10007F1C58E70020BDE8F68700BF8C1301086F
:10EE2000E808002000230020E0080020DF2A00205E
:10EE300010B586B0DFF84840002201A92000FFF796
:10EE400099FA002269462000FFF72DFBDFF8340015
:10EE50009DF8061081709DF8051041709DF8041012
:10EE600001709DF80010C1709DF8021001719DF8AD
:10EE7000011041719DF80310817106B010BD0000B2
:10EE8000A8290020682A002010B5040001221021C2
:10EE90005448F3F718FF012010BD70B50400524D1F
:10EEA000524E30786978884207D05148697850F8D6
:10EEB000210000F02BF8687830702100C9B24D486D
:10EEC000F3F74FFB012070BD10B504004A48C0782D
:10EED000012802D14948F7F7C4F803214548F3F760
:10EEE00040FB4648F5F7B0F9012010BD10B504000D
:10EEF0003F483D49497850F8210000F007F82100CB
:10EF0000C9B23C48F3F72DFB012010BD10B5040039
:10EF10003B483C4901604460002181600021C160A0
:10EF2000002101610C214161002181610021C16149
:10EF30000021016200214162F5F760FA002801D04A
:10EF4000F7F71FFBFEF792FF10BD80B5F7F771F8DA
:10EF500027482549497850F82100FFF7D7FF01BD20
:10EF600070B50020002400252800C0B2042836DA3D
:10EF7000204E2800C0B200013044407801282CD136
:10EF8000012004002800C0B200013044406800287D
:10EF90000ED0F7F791FA2900C9B209013144496846
:10EFA000401A2900C9B2090131448968884214D342
:10EFB00000202900C9B2090131444870F7F77CFAF2
:10EFC0002900C9B20901314448602800C0B22900B3
:10EFD000C9B209013144C96888476D1CC4E72000E3
:10EFE000C0B270BD00040048580D0020DB2A00208C
:10EFF000CC07002000080020982A0020100D0020D7
:10F000008823002000380140124254D440F2FF7C93
:10F010001CEA11530FD0634531D09B1863453CBFA8
:10F0200001EB0251704701F0004141EA0C51002010
:10F03000AFF30080704750EA410320D001F0004C4C
:10F0400091EA0C011CD0B1FA81F30B3B9A420DD925
:10F05000D21A994051EA0C01C3F1200C20FA0CFCA1
:10F0600061449840531C40F2FF7CD7E7914041EA4D
:10F070000C01C2F1200C20FA0CF3194390407047A8
:10F08000B0FA80F31533202BE0D3202AEED3203AB8
:10F09000203B9A4209D9D21A00FA03F141EA0C0145
:10F0A0000020531C40F2FF7CB8E700FA02F141EA6D
:10F0B0000C0100207047524240F2FF7C1CEA1153C1
:10F0C0000DD06345DBD0B2EB030C3CBFA1EB02518A
:10F0D00070470CF1010221EA035141F4801150EA1A
:10F0E000410CCCD001F0004C352A27DC30B481EA49
:10F0F0000C01B2F1200309DAC2F12003044601FA3F
:10F1000003F5D0402843D1409C400CE0C3F12002DD
:10F11000450020FA03F418BF44F0010421FA03F07B
:10F1200091400C43002174F1004550F1000051EB77
:10F130000C01244230BC7FF47BAF70476146002055
:10F1400076E70000C9B202788A421AB11CBF10F8F3
:10F15000012FF9E718BF00207047000080B500B903
:10F1600006A005490B681BB122220021984701E047
:10F1700000F0C8FC222002BDC02A0020636F6E731D
:10F18000747261696E742068616E646C65723A2095
:10F19000626164206D65737361676500C9B283073E
:10F1A00006D0521E22D310F8013B9942F7D11FE03E
:10F1B000083A13D302F1040241EA012141EA014174
:10F1C00050F8043B121F21BF4B40A3F1013C2CEA35
:10F1D000030C1CF0803FF3D0C9B2001F083210F8B6
:10F1E000013B521E28BF91EA030FF8D818BF012037
:10F1F000401E7047400D491840EA81200CD2490D4D
:10F20000A1F58061491C40F0004005DBD1F11F01F0
:10F2100054BFC840C017704700207047004870476F
:10F22000200D0020020000201168097830290CDB35
:10F23000116809783A2908DA11684B1C13600A230F
:10F24000097803FB00103038EEE770472DE9F04FE6
:10F2500091B00400DDF868801B9D1C9EDFF8080358
:10F260000768700603D5DFF8040300680700022B67
:10F2700001DB252B01DB002088E0F00702D55FF0E1
:10F28000300C01E05FF0200C5FF0000EB00706D5F7
:10F29000002A04D52D2086465242B8F101085FF0BD
:10F2A0000009002A06D13020EA460AF8090019F1BF
:10F2B000010910E0002A0ED010009A46B0FBFAFBBC
:10F2C0000AFB1B00385CEA460AF8090019F101093B
:10F2D000B2FBF3F2EEE74D4500DA4D46B8EB050818
:10F2E000F0070DD44046B0F10108012808DB2020CA
:10F2F0002070641C491E002901D1200046E0F1E77E
:10F300007046C0B2002807D084F800E0641C491E93
:10F31000002901D1200039E04046B0F10108012860
:10F3200008DB84F800C0641C491E002901D12000BC
:10F330002CE0F1E72800451E814508DA30202070D6
:10F34000641C491E002901D120001FE0F2E7484655
:10F35000B0F1010901280ADB684610F809002070A5
:10F36000641C491E002901D120000FE0EFE7404650
:10F37000B0F10108012808DB20202070641C491E20
:10F38000002901D1200001E0F1E7200011B0BDE823
:10F39000F08F2DE9F74F88B005001E00099801286D
:10F3A00001DA0020DDE0AA460A980078002806D19C
:10F3B000BAEB05000999491E8842C0F2CC80BAEB2D
:10F3C00005000999491E884280F2C5800A98007894
:10F3D000252806D00A9800788AF800001AF1010A58
:10F3E000B5E0002080460A98401C0A900A980078F0
:10F3F000302801D158F001085FF0FF3BD9460A9848
:10F400000078302807DB0A9800783A2803DA0AA83F
:10F41000FFF708FF8146CDF81CB0CDF818B00A20E0
:10F4200005900A980078582843D063280AD06428A9
:10F4300044D0692842D0732816D0752840D0782847
:10F4400039D03EE0B9F10109B9F1010F05DB202007
:10F450008AF800001AF1010AF4E73068361D8AF8CC
:10F4600000001AF1010A72E03068361D0400002C19
:10F4700001D13F4804002000FAF7EEFD0490484611
:10F48000B0F101090499814205DA20208AF80000D0
:10F490001AF1010AF3E7002007000498874207DA0F
:10F4A00020788AF80000641C1AF1010A7F1CF4E736
:10F4B0004DE058F040081020059026E058F0020872
:10F4C00023E00A980078252804D025208AF8000037
:10F4D0001AF1010ABAEB05000999491E884214DAAB
:10F4E0000A980078002806D00A9800788AF8000068
:10F4F0001AF1010A02E00A98401E0A90BAEB0500D0
:10F500000999491E884200DA21E006986C2803D147
:10F510003068361D039009E05FEA887003D53068D3
:10F52000361D039002E03068361D0390CDF8088048
:10F5300007980190CDF80090059B039A0999491E00
:10F54000BAEB0500091A5046FFF780FE82460A987A
:10F55000401C0A9028E700208AF80000BAEB050555
:10F5600028000BB0BDE8F08F180D00201C0D002006
:10F570009413010880B5DFF87003DFF870130160A1
:10F58000002141601F21816040F2FF31C1600021F4
:10F59000016100214161002181610021C161FEF70B
:10F5A00009FE002801D0F6F7ECFF01BD38B5DFF801
:10F5B0004043207800280FD1FFF7DCFFDFF8285305
:10F5C0004FF480712800FFF78AF8280000F09EFAB7
:10F5D00000F01CF801202070002032BD10B504009E
:10F5E000200000F055F8002010BD80B5DFF8F802CB
:10F5F0000168C96811F0800171F4C0710268D160BE
:10F600004FF48071FFF76BF8002002BD10B5DFF8F2
:10F61000E442211D14F1180000F01DF9206020685B
:10F6200010BDDFF8D0020068704780B586B001A930
:10F63000684600F010F9AF490968401A07B000BDEC
:10F6400010B586B00024AA480078012804D101A989
:10F65000684600F000F90400200006B010BD032049
:10F66000704700B58021A1FB00017D220023FBF73C
:10F67000D5FD00BD7D21A1FB0001C00940EA41602C
:10F68000C909704710B504009B480068804710BD49
:10F690002DE9F04F99B004004021002209AD280067
:10F6A000F2F77AFF5FF000085FF0000A00260027FB
:10F6B0005FF0000B8F4D04A8291D1422F6F7B8FE49
:10F6C000A8690390FFF791FF40F2FF30059D451BAD
:10F6D00020008005800D4519A40A9DF80E908748EA
:10F6E000844204D38648041919F10109F7E79DF80B
:10F6F0001080B4F5616F04D3B4F5616418F10108AA
:10F70000F7E79DF811703C2C02D33C3C7F1CFAE7D4
:10F710009DF81200210051FA80F6280080B2B0F561
:10F72000806F03DBB5F58065761CF6E7300080B2AC
:10F730003C2802D33C3E7F1CF8E7380080B23C28CE
:10F7400003D33C3F18F10108F7E7404680B2182880
:10F7500004D3B8F1180819F10109F6E79DF80F0074
:10F76000042190FBF1F201FB1200002817D165493A
:10F770009DF80D00084410F8010C4A4680B292B280
:10F78000904223D21FFA89F948469DF80D20114472
:10F7900011F8011C90FBF1F901FB190916E05A4917
:10F7A0009DF80D00084410F8010C4A4680B292B250
:10F7B00090420BD21FFA89F948469DF80D2011445A
:10F7C00011F8011C90FBF1F901FB1909DFF83CA1CC
:10F7D00040F2FF31280080B2091ACAF804105FF025
:10F7E0002060CAF81C008AF802608AF801708AF862
:10F7F00000808AF824909DF813008AF80300002006
:10F80000CAF820005FF00040CAF814004FF480707E
:10F81000CAF828000020CAF80C000020CAF810001E
:10F82000002251463048FEF767FE002810D0DAF873
:10F83000040002909AF8020001909AF801000090EA
:10F840009AF800309AF82420314909A8FAF7FAFE0C
:10F8500019B0BDE8F08FF8B504000D000026224F66
:10F86000002221003800FEF71EFE00222900380089
:10F87000FEF780FDE17840F2B5504143C91C89088C
:10F88000E078042290FBF2F302FB1300002801D180
:10F89000204A00E0204A63783D2043433C3B02205D
:10F8A00093FBF0F041186078401EC0B24000130096
:10F8B000C34013F00303C91AA078401E41180F4833
:10F8C0004143AB786E783C204643F3182E784FF4D2
:10F8D000616000FB06335918890201F2FF31686844
:10F8E000091A0800F2BD0000A829002000280040E5
:10F8F000E42A0020CC290020AC2A002080510100FD
:10F9000080AEFEFF4C120108401201082C29002095
:10F91000D80B010850554400A0AA990070472DE962
:10F92000FE4F04000D000020002600270021ADF846
:10F9300004105FF001085FF000095FF0000A216821
:10F940000978212901D101218A465FF0000B584630
:10F9500000B2A988884272DA20685146C9B2405C78
:10F9600029685A4612B2895C884265D101208046D6
:10F970005046C0B2401C0600002081460020ADF871
:10F980000400300000B2A18888424ADA20683100C1
:10F9900009B2405C7C281ED1BDF90400002804D1C6
:10F9A0000120814616EB0B00070001A800903B00E8
:10F9B0001BB22A002100701C00B200F059F88046EA
:10F9C0004046C0B2012806D15146C9B2584600B2DD
:10F9D00000F03DF839E04846C0B200280FD1206859
:10F9E000310009B2405C29685A4612B21144320013
:10F9F00012B2895C884202D00020804611E048465D
:10FA0000C0B2002801D1761CBBE73000BDF904105C
:10FA100000B2884203DABDF904000600B1E7761CA3
:10FA2000AFE74046C0B2012806D15146C9B2584698
:10FA300000B200F00CF808E01BF1010B87E751461B
:10FA4000C9B25FF0FF3000F002F8BDE8FE8F02009F
:10FA50000800C0B2002802D1100000B207E0100078
:10FA600000B2002802D45FF0FF3000E000207047B1
:10FA7000F0B50400059D0120002637003FB207FACB
:10FA800084F7B1F804C067453ADA0F68A4460FFA64
:10FA90008CFC6744B4460FFA8CFC17F80C707C2F72
:10FAA00003D137192F8000B22BE09788B4460FFAA4
:10FAB0008CFC0CFA83FC674506DAB2F904707F1CF3
:10FAC0002F805FF0FF3738000F68A4460FFA8CFCD8
:10FAD0006744B4460FFA8CFC17F80C70D2F800C0DB
:10FAE0009E460FFA8EFEF444B6460FFA8EFE1CF8C0
:10FAF0000EC0674502D05FF0FF373800761CBCE7C8
:10FB000000B2F0BD012000F025B80000010091F81E
:10FB10002000012801D102201BE0012081F82000F3
:10FB2000022081F82100CA200A68506253200A6826
:10FB300050620868806850F020000A689060FF20DA
:10FB40000A685062012081F82100002081F820001D
:10FB50000020704780B5AFF30080024A11001820E2
:10FB6000ABBEFBE726000200494420536C6176657A
:10FB70003A2000000000000000000000000000002B
:10FB80000000000000000000000000000000000075
:10FB90000000000000000000000000000000000065
:10FBA000000000000000F0BF000000000000008026
:10FBB00000000000000000800000000000000000C5
:10FBC000000000C05294EEBF00000048204E51BE1D
:10FBD000000000F86467BCBC0000000000000000EA
:10FBE000000000208133EDBF00000080B3DB14BEB5
:10FBF000000000506706A3BC0000000000000000E9
:10FC0000000000D0E9DCEBBF00000008C39259BE41
:10FC100000000080B0D3B8BC00000000000000006D
:10FC200000000070F98FEABF000000C0A51028BED8
:10FC3000000000E8BFC0B0BC0000000000000000F1
:10FC400000000070284CE9BF00000060134B42BE6A
:10FC5000000000C03D20B8BC000000000000000013
:10FC600000000050FA10E8BF000000C05FF62BBE95
:10FC7000000000905C71A7BC0000000000000000C4
:10FC800000000020FCDDE6BF000000C0F8F154BE1B
:10FC900000000018E9F6B9BC0000000000000000F8
:10FCA000000000D0C3B2E5BF00000070E43254BED3
:10FCB00000000050DB06B4BC0000000000000000A3
:10FCC00000000010EF8EE4BF00000020F36252BE7F
:10FCD000000000C02A879ABC00000000000000005D
:10FCE000000000B02272E3BF000000F0E8E056BE62
:10FCF00000000028352DBDBC000000000000000001
:10FD0000000000000A5CE2BF000000B0FA8E41BEB5
:10FD100000000040AE6FBDBC00000000000000000D
:10FD200000000000564CE1BF000000F015CD5FBEA2
:10FD300000000000141C90BC000000000000000047
:10FD400000000040BD42E0BF00000030F93457BE63
:10FD5000000000E06C1E93BC0000000000000000EA
:10FD6000000000E0F57DDEBF000000B08A535EBEFB
:10FD700000000080DA77AABC00000000000000004C
:10FD8000000000C09D81DCBF00000000FFA226BE75
:10FD90000000006057E2B0BC00000000000000005E
:10FDA00000000060F98FDABF000000580A8151BEE0
:10FDB000000000F05F60B8BC000000000000000020
:10FDC0000000000098A8D8BF000000607A7F45BE00
:10FDD000000000D05433A3BC00000000000000006D
:10FDE000000000600FCBD6BF000000D091CB40BE1A
:10FDF000000000406D1BA0BC0000000000000000DF
:10FE0000000000A0FBF6D4BF00000098C5CE52BE93
:10FE1000000000003A397EBC000000000000000035
:10FE2000000000E0FE2BD3BF0000004073872BBE14
:10FE300000000000926879BC000000000000000093
:10FE400000000040C069D1BF00000058F16353BEFC
:10FE500000000080438D7CBC00000000000000001A
:10FE600000000080D85FCFBF000000181F8354BE81
:10FE7000000000B03F42A2BC0000000000000000F3
:10FE80000000008067FCCBBF00000060FAFF53BE9B
:10FE900000000050E00DB8BC0000000000000000B1
:10FEA0000000000098A8C8BF000000607A7F35BE3F
:10FEB000000000C0543393BC0000000000000000AC
:10FEC00000000000DC63C5BF00000058D6FF54BE30
:10FED00000000000396490BC000000000000000039
:10FEE000000000C0AD2DC2BF00000080A45915BEA7
:10FEF000000000E0484BABBC000000000000000028
:10FF0000000000801A0BBEBF00000050BF3C5ABE6C
:10FF1000000000A0B364B6BC0000000000000000B8
:10FF20000000008004D6B7BF00000040BBCF36BE43
:10FF30000000008076CEA8BC000000000000000099
:10FF40000000008032BBB1BF000000402A0043BE69
:10FF500000000028C60CBDBC00000000000000002E
:10FF6000000000009473A7BF000000182B3B59BE8F
:10FF7000000000C0E55DA5BC00000000000000001E
:10FF800000000000EE4397BF000000A0E6C340BEA3
:10FF900000000020958DB5BC0000000000000000AE
:10FFA0000000000000000080000000000000008051
:10FFB00000000000000000800000000000000000C1
:10FFC0000000000000000000000000000000000031
:10FFD0000000000000000000000000000000000021
:10FFE0000000000000000000000000000000000011
:10FFF0000000000000000000000000000000000001
:020000040801F1
:1000000000000000000000000000000000000000F0
:1000100000000000000000000000000000000000E0
:1000200000000000000000000000000000000000D0
:1000300000000000000000000000000000000000C0
:1000400000000000000000000000000000000000B0
:100050000000000000C0F0FCFFFEF8C0000000003F
:100060000000000000000000000000000000000090
:100070000000000000000000000000000000000080
:100080000000000000000000000000000000000070
:100090000000000000000000000000000000000060
:1000A0000000000000000000000000000000000050
:1000B0000000000000000000000000000000000040
:1000C0000000000000000000000000000000000030
:1000D00000C0F0FCFFFFFFFFFFFFFFFFFFFCF0C0D1
:1000E00000000000000000000000000080C0C0C050
:1000F000C0E0F0F0F0F070383C3C3C3C3F3F0F0378
:1001000000000000000000000000000000000000EF
:1001100000000000000000000000000000000000DF
:1001200000000000000000000000000000000000CF
:1001300000000000000000000000000000000000BF
:1001400000000000000000000000000000C0F0FC03
:10015000FFFFFFFFFF3F0F0F03070F3FFFFFFFFFF3
:10016000FFFC30383C3C1C0E8FCFC7C3C3C3E373C6
:1001700071303030383C0C0000000070F8CCCC0CF2
:100180000C0000C0F03C0CFCFC000000C0F01C0C9B
:100190000C8CFCF00000000000000CFCFC0000C017
:1001A0003C0C00C0FCFC0C0000FCFCCCCCCCCC0C0F
:1001B000000C8CFCFC1C0C0C0C000000000000006F
:1001C000000000000000000000C0F0FCFFFF7F3FC7
:1001D0000F07C3C040303018CCCCC7C30333301036
:1001E0000C8CCCC4C3C3E3F33130303038380C004E
:1001F000000000000000000000000C0C0C0C0F03BD
:10020000030C0F030303030F0F000000030F0C0C7C
:100210000C0F0301000000000000000F0F0C030092
:1002200000000C0F0F0000000F0F0F0C0C0C000053
:1002300000000F0F000000000000000000000000A0
:100240000000000000C0F0FC3F3F0F0703000C005F
:10025000C3C13030CCCC03333300000C0C0003039B
:100260000300000001030F0F3C78C00000000000F5
:10027000000000000000000000000000000000007E
:10028000000000000000000000000000000000006E
:10029000000000000000000000000000000000005E
:1002A000000000000000000000000000000000004E
:1002B000000000000000000000000000000000003E
:1002C0000000C0300F030300000000000000000029
:1002D000000000030000000000000000000000001B
:1002E0000000000000000000000000030C30C0000F
:1002F00000000000000000000000000000000000FE
:1003000000000000000000000000000000000000ED
:1003100000000000000000000000000000000000DD
:1003200000000000000000000000000000000000CD
:1003300000000000000000000000000000000000BD
:1003400000000000000000000000000000000000AD
:10035000000000000000000000000000000000009D
:10036000000000000000000000000000000000008D
:10037000000000000000000000000000000000007D
:10038000000000000000000000000000000000006D
:10039000000000000000000000000000000000005D
:1003A000000000000000000000000000000000004D
:1003B000000000000000000000000000000000003D
:1003C0000600000000000000000F00000F00000FFA
:1003D00000000F000000000000000000000000000E
:1003E0000000000000000000000000000000070006
:1003F000001E00E01F00FF1FF8FF03FF1F00FF01AA
:10040000000F0000000000000000000000000000DD
:100410000000000000000000000000000E000000CE
:10042000C07F00F8FF01FCFF07FCFF073E800F0EB6
:10043000000E0E000E0E000E1E800FFCFF07FCFFCC
:1004400007F8FF01C07F000000000E0000007000F0
:100450000E38000E38000E1C000E0E000EFEFF0FB0
:10046000FEFF0FFEFF0FFEFF0F00000E00000E004C
:10047000000E00000E0000000E00000060000F786B
:10048000800F7CC00F7CE00F1EF00F0EF80E0E7C6C
:100490000E0E3E0E1E1F0EFE0F0EFC070EF8030E74
:1004A000F0010E0000000E000000308001388003D3
:1004B0003C80073C800F1E000F0E0E0E0E0E0E0E1F
:1004C0000E0E1E1F0FFEFF0FFCFB07FCF903F0E0F2
:1004D000010000000F00000000F00000F80000FE26
:1004E0000080EF00C0E700F0E1007CE0003EE000AB
:1004F000FEFF0FFEFF0FFEFF0FFEFF0F00E00000EC
:10050000E0000E000000008001F88703FE8707FE70
:10051000870FFE070F0E030E8E030E8E030E8E073F
:100520000F8EFF070EFF070EFE0300FC0000000009
:100530000E000000C07F00F0FF01F8FF07FCFF077E
:100540003E0E0F0E070E0E070E0E070E1E0F0F3E6D
:10055000FF0F3CFE0738FE0330F8010000000E00DC
:1005600000000E00000E00000E00000E000F0EE056
:100570000F0EF80F0EFE0F8EFF00CE0F00FE0300D1
:10058000FE00003E00001E00000000000E00000003
:10059000F0E001F8FB03FCFB07FEFF0F1E1F0F0E30
:1005A0000E0E0E0E0E0E0E0E1E1F0FFEFF0FFCFB8C
:1005B00007FCFB03F0E0010000000E000000F083E8
:1005C00001F88703FC8F07FE9F0F1E1E0F0E1C0EE7
:1005D0000E1C0E0E1C0E1E8E0FFCFF07FCFF03F8F8
:1005E000FF01C07F00000000000000000000005F6D
:1005F00000000007000700147F147F14242A7F2ABC
:100600001223130864623649552250000503000086
:10061000001C2241000041221C00082A1C2A080854
:10062000083E08080050300000080808080800606C
:1006300060000020100804023E5149453E00427F00
:10064000400042615149462141454B311814127F07
:100650001027454545393C4A494930017109050390
:100660003649494936064949291E003636000000F8
:1006700056360000000814224114141414144122A8
:100680001408000201510906324979413E7E1111D8
:10069000117E7F494949363E414141227F414122F5
:1006A0001C7F494949417F090901013E41415132BD
:1006B0007F0808087F00417F41002040413F017FC3
:1006C000081422417F404040407F0204027F7F04A3
:1006D00008107F3E4141413E7F090909063E4151D4
:1006E000215E7F09192946464949493101017F01A7
:1006F000013F4040403F1F2040201F7F2018207FA7
:1007000063140814630304780403615149454300EA
:10071000007F4141020408102041417F0000040293
:1007200001020440404040400001020400205454B3
:1007300054787F484444383844444420384444483A
:100740007F3854545418087E090102081454543C4C
:100750007F0804047800447D40002040443D0000B0
:100760007F10284400417F40007C041804787C08F6
:1007700004047838444444387C14141408081414CD
:10078000187C7C080404084854545420043F444016
:10079000203C4040207C1C2040201C3C4030403C01
:1007A00044281028440C5050503C4464544C44009D
:1007B0000836410000007F000000413608000808AC
:1007C0002A1C08081C2A08086070787C7E1C362ABF
:1007D000361C303E3F3E3007087F09077C444444C6
:1007E000387C7C4444387C7C7C44387C7C7C7C3801
:1007F0001E3276321E0000020502000043616C6961
:10080000625F506C75733A20000000000000000029
:1008100000000000000000000000000000000000D8
:1008200000000000000000000000000000000000C8
:1008300000000000000000000000000000000000B8
:1008400000000000000000000000000000000000A8
:100850000000000000000000000000000000000098
:100860000000000000000000000000000000000088
:100870000000000000000000000000000000000078
:100880000000000000000000000000000000000068
:100890000000000000000000000000000000000058
:1008A0000000000000000000000000000000000048
:1008B0000000000000000000000000000000000038
:1008C0000000000000000000000000000000000028
:1008D0000000000000000000000000000000000018
:1008E0000000000000000000000000000000000008
:1008F00000000000000000000000000000000000F8
:1009000000000000000000000000000000000000E7
:1009100000000000000000000000000000000000D7
:100920000000000000000000FEE7FEE7FEE7FEE733
:10093000FEE770477047704780B500F05FF82448C5
:100940000168491C016023480168491C0160016875
:10095000C92918D3002101601F490878002802D155
:100960000120087001E0002008700878012805D1F6
:10097000012201211948F2F7A6F904E00022012121
:100980001648F2F7A0F901BD80B51548F6F7F9F958
:1009900001BD80B51348F6F7F4F901BD80B51248E2
:1009A000F3F7FEFD01BD80B51048F3F7F9FD01BD79
:1009B00080B50F48FDF700FF01BD80B50D48F6F783
:1009C000E0F901BD80B50C48F3F7EAFD01BD000078
:1009D000B42A00208C2A0020D82A002000080048D1
:1009E00070280020282800208823002010240020C0
:1009F000A8290020E02700200023002003480168E8
:100A0000034A127889180160704700BF882A0020C5
:100A10005B0D0020F0B4024610689568131850680A
:100A200003EB5004C0071CD54D441AE013F8017BBA
:100A300005F8017B491EF9D198B113F8011BC6F3E3
:100A40008106032E08BF13F8016B01EB0621494212
:100A5000801C294405D011F8016B05F8016B401E7C
:100A6000F9D1A3420ED013F8016B16F0030104BFB5
:100A700013F8011BC91C30090F28DBD113F8010B37
:100A80000F30D7E7F0BC02F10C0070474252205300
:100A90006C6176653A200000000000000000000054
:100AA0000000000000000000000000000000000046
:100AB0000000000000000000000000000000000036
:100AC000A0860100400D0300801A060000350C00CE
:100AD00040420F0080841E0000093D0000127A0091
:100AE0000024F40000366E010048E801006CDC02CE
:100AF000ADF5000800000000DDF50008EBF500088A
:100B00000DF6000823F600082BF6000841F6000851
:100B10005FF6000863F6000875F6000830313233DE
:100B20003435363738396162636465666768696A87
:100B30006B6C6D6E6F707172737475767778797A8D
:100B40000000000030313233343536373839414215
:100B5000434445464748494A4B4C4D4E4F505152ED
:100B6000535455565758595A0000000010B50749BC
:100B700079441831064C7C44163404E00A68081D98
:100B8000114488470146A142F8D110BD2C00000055
:100B9000480000004EF68851CEF20001086840F48B
:100BA00070000860BFF34F8FBFF36F8F4FF000707E
:100BB000E1EE100A70470000971DFFFF881D00003E
:100BC000600D0020000000004DFEFFFFE008000067
:100BD0006E0B000000000020616C61726D20666188
:100BE000696C3A2025642D25643A25643A25643AD7
:100BF00025640D0A0000000000F00DF8002801D067
:100C0000FFF7B4FFAFF300800020AFF30080F5F7EB
:100C100059FC00F002F80120704700F001B8000014
:100C200007463846FEF796FFFBE70000755F6170E8
:100C3000705F636F6D6D3A2074782074696D6572B2
:100C40002063620D0A000000755F6170705F636F62
:100C50006D3A2075617274202564206572726F721E
:100C6000210D0A00755F6170705F636F6D6D3A20D2
:100C700073657420727463210D0A000073616F76CE
:100C800069657467726F75702E636F6D2E766E0076
:100C9000535654485F53564D5F444C535F56315F33
:100CA000315F310061742B72646C617374666F72B2
:100CB0006C6F673D0000000061742B72646C61739F
:100CC00074666F726F706572613D000061742B72A3
:100CD000646C617374666F726576656E743D000056
:100CE00061742B72646C617374666F726770733DAC
:100CF0000000000061742B726573746F7265736C11
:100D00006176653F0000000053565F454E56495FCF
:100D1000434D5F434F440000456E7465722050613F
:100D20007373776F72640000312E4D6F6462757358
:100D30002052545500000000362E496E666F726DC9
:100D40006174696F6E000000534554204D4F44425A
:100D50005553205254550000312E49442020202064
:100D600020203A2000000000322E4261756472613A
:100D700074653A200000000043414C49422053452D
:100D80004E534F520000000052414E4745205345FC
:100D90005454494E4700000053756363657373668E
:100DA000756C6C792100000000000000000000005C
:100DB0000102030406070809526573746F72652007
:100DC0004F4B210D0A00000061742B6D7174746D1E
:100DD00061696E3D0000000061742B6D7174746D6B
:100DE00061696E3F0000000061742B6D7174746264
:100DF00061636B75703D000061742B6D717474627A
:100E000061636B75703F000061742B72657365746C
:100E100070756C73653F000061742B666C6F77743E
:100E200068726573683D000061742B666C6F77743F
:100E300068726573683F000061742B7175616E7430
:100E400068726573683D000061742B7175616E7422
:100E500068726573683F000061742B626174746826
:100E6000726573683D00000061742B626174746880
:100E7000726573683F00000061742B657261736571
:100E80006D656D3F0000000061742B6677766572BA
:100E900073696F6E3F00000061742B6C6F67696E41
:100EA0006465783F0000000061742B72646C6173AC
:100EB000746C6F673F00000061742B6C6576656C25
:100EC00063616C69623D000061742B6C6576656CD2
:100ED00063616C69623F000061742B6C6576656CC0
:100EE0007468726573683D0061742B6C6576656C1F
:100EF0007468726573683F0061742B657862617411
:100F00007468726573683D0061742B657862617402
:100F10007468726573683F0061742B776D636861F4
:100F20006E6E656C3D00000061742B776D636861C7
:100F30006E6E656C3F00000061742B6D6F64696EAE
:100F4000666F723D0000000061742B6D6F64696E06
:100F5000666F723F0000000061742B7072657373DE
:100F6000696E666F723D000061742B7072657373F9
:100F7000696E666F723F000061742B7265736574F1
:100F8000736C6176653F000061742B63616C69620C
:100F9000706C75733F0000000148804701480047AE
:100FA000A90F0108591201080248016851F47001A3
:100FB0000160704788ED00E054656D7020203A2094
:100FC00000000000332E4F66667365740000000059
:100FD000342E5761726E696E67000000312E434FE8
:100FE000445F5A3A20000000322E434F445F533A88
:100FF00020000000332E5455525F5A3A2000000062
:10100000342E5455525F533A2000000043414C495E
:101010004220504C55530000312E434F445F503115
:101020003A200000322E434F445F50323A200000F5
:10103000312E434F4420203A20000000322E5455D8
:101040005242203A20000000332E54656D70203A41
:10105000200000005741524E494E4720434F440064
:10106000312E4D6F6465203A20000000322E5570FD
:101070007065723A20000000332E4C6F7765723A2B
:1010800020000000312E555F434F44203A200000DD
:10109000322E4C5F434F44203A200000332E555FE0
:1010A00054656D703A200000342E4C5F54656D70AD
:1010B0003A2000002A56657273696F6E00000000C6
:1010C000576562736974653A000000008DC20008BC
:1010D00097C20008B5C200085265736574204F4B73
:1010E000210D0A00207661725F793A20000000002D
:1010F00061742B736572693D0000000061742B738D
:101100006572693F0000000061742B73696D73653F
:1011100072693F0061742B73777365727665720034
:1011200061742B647574793D0000000061742B6458
:101130007574793F0000000061742B667265716DF3
:10114000696E3D0061742B667265716D696E3F005A
:1011500061742B73617665626F783F0061742B6EEA
:10116000756D77616B653D0061742B726561646CB0
:101170006F673D0061742B70756C73653D000000F6
:1011800061742B70756C73653F00000061742B6493
:10119000656275673D00000061742B646562756768
:1011A0003F00000061742B6D72657365743F000031
:1011B00061742B7573657275726C3D0061742B756B
:1011C0007365726674703D0061742B746573746C22
:1011D0006F673F0061742B726561646C6F673F00DD
:1011E00061742B736C6176653D00000061742B7334
:1011F0006C6176653F00000061742B6F6E74656DE5
:10120000683F000061742B6F666674656D683F000F
:1012100061742B6964736C6176653F0061742B693E
:1012200064736C6176653D0061742B6272736C61EE
:1012300076653F0061742B6272736C6176653D0068
:101240001F1C1F1E1F1E1F1F1E1F1E1F1F1D1F1EB8
:101250001F1E1F1F1E1F1E1FAFF30080FFF79AFCEB
:10126000FFF7CAFC434F442E000000006D672F4C6F
:10127000000000004C6F6767696E000053455454CE
:10128000494E4700322E43616C696200352E52612F
:101290006E676500206D672F4C000000204E54558E
:1012A00000000000352E526573657400332E5265C0
:1012B000736574004F46465345540000496E666F8F
:1012C000722E00002A4D6F64656C00000000000063
:1012D000010203049824002000000000982500204B
:1012E000000000004552524F520000007661725FCC
:1012F000783A20000D0A5A5F4D3A2000205A5F5874
:101300003A200000205A5F593A2000000D0A315F50
:101310004D3A200020315F583A20000020315F59BB
:101320003A2000000D0A325F4D3A200020325F580B
:101330003A20000020325F593A2000000D0A535F26
:101340004D3A200020535F583A20000020535F5947
:101350003A20000000000000000000000000000033
:101360000C000000000000000C00000061742B72F3
:1013700074633D0061742B7274633F0061742B676A
:1013800070733F0061742B656E64000018260020A6
:10139000000000003C4E554C4C3E0000252E2A66B5
:1013A00000000000686A6C747A4C00004F464600EA
:1013B0004F4E000020894300433A2000543A200059
:1013C000FFF7FEBFFFF7FEBFFFF7FEBFFFF7FEBF51
:1013D000FFF7FEBFFFF7FEBFFFF7FEBFFFF7FEBF41
:1013E000FFF7FEBFFFF7FEBFFFF7FEBFFFF7FEBF31
:1013F000FFF7FEBFFFF7FEBFFFF7FEBFFFF7FEBF21
:10140000FFF7FEBFFFF7FEBFFFF7FEBFFFF7FEBF10
:10141000FFF7FEBFFFF7FEBFFFF7FEBFFFF7FEBF00
:10142000FFF7FEBFFFF7FEBFFFF7FEBFFFF7FEBFF0
:10143000FFF7FEBFFFF7FEBFFFF7FEBFFFF7FEBFE0
:10144000FFF7FEBFFFF7FEBFFFF7FEBFFFF7FEBFD0
:10145000FFF7FEBFFFF7FEBFFFF7FEBFFFF7FEBFC0
:10146000FFF7FEBFFFF7FEBFFFF7FEBFFFF7FEBFB0
:10147000FFF7FEBFFFF7FEBFFFF7FEBFFFF7FEBFA0
:10148000FFF7FEBFFFF7FEBFFFF7FEBFFFF7FEBF90
:10149000FFF7FEBFFFF7FEBFFFF7FEBFFFF7FEBF80
:1014A000FFF7FEBFFFF7FEBFFFF7FEBFD0033132ED
:1014B000333400014008F401000037360008010110
:1014C0001A1003D007000089105202291264085034
:1014D00003313700080310100388130000AD1052C9
:1014E0000410212850032B3800080510120A081296
:1014F0005F101206085205041277106178F0044953
:10150000FFFFFEFFFF00012003080D01080EB411CC
:1015100001B2200120100000456E74657220746FC6
:101520002053657475700000201005576169746957
:101530006E670B4110200320446F6E650952001046
:1015400030034572726F721F100400AC130108B0B3
:101550000421BF436412089207CC92010C2530127B
:101560006C242528252443B80F30211812B44421B7
:1015700038210CF2017448220134C3180D1890036D
:1015800002180001056061182402033000016CF2AA
:10159000017C4822020CE22848200112000211D2EC
:1015A000843012031812090CC3C40F181204182532
:1015B000D4D2D018120518120B0CD28C481206186F
:1015C000120C0CD23878120718120D0CD2481811D0
:1015D000012603B052581861011003020400030FE2
:1015E00011526818697012031812100CF201784831
:1015F0001304110C56B8A0652C3202C3E0010000A0
:10160000BC1818013C0004CB800100DC0F181294B8
:10161000CC15941304140CD2E81811801304150C83
:1016200092F418129C18110823041611C2101815F0
:10163000941304170CD6A42011081304180CF300FB
:101640000C10C0F00104051900C0F00104051A00D7
:10165000C013051B0CF3001810C013051C0CD2247A
:101660001811C013051D0CD2AC90112013051E0CCF
:10167000FA01B44013061F0CD2304811902E060C0C
:1016800003D23CF011781306210C92481829E81176
:10169000781306220CF20154F01307230CD26018C1
:1016A00011601307240CF2016CD81307250CF2010A
:1016B00078D81307260CFA0188101308270CF201BA
:1016C00084C01308280CF20190601308290CF20161
:1016D0009CC013082A0CD2A818110813082B0CF66A
:1016E00001BC3823092C24E1D880031C00092D00FB
:1016F00001611819D013092E0CD2C448120430F21B
:10170000022F30120530F2033048100218000A315F
:101710000CD69808F004010318020B100001E20136
:1017200014B3093D12600271BE0008242D10038F0E
:101730007DBE140621108FF3BE1406210112FF1086
:1017400052043112E8198F1BBF140621014F21BF2B
:10175000140661011227102C02900C01088403E08A
:1017600002600D00208F80044559000845598421EE
:1017700008124B104379598852010412F110431F8B
:101780005A8C520204438D5A3C2D34046D8005520C
:10179000E714219452061443415B1421105208149B
:1017A0005299142540520A6452EF142124520B140A
:1017B000431F5C142D3405520C14524F142138521F
:1017C0000D14527F142138520E1452A9142138439B
:1017D00000101412D3141F015DBF06212442108C87
:1017E000127D1012DD04213852031410039D5E0097
:1017F00008F70412B0D912607D1EC0DD041E8019E6
:10180000031340381D124B0C1DD8061300961812F6
:10181000DA0812E1045403C201001825604A01C02D
:1018200021044F89EEF4076110479BEE58210C25E7
:10183000E012C9105203201003E0930400ED106180
:10184000401E105903478D019C211012DC05839F17
:101850000140210447030294210C2D6408474302F0
:101860009021102D440812F91052055017983A3063
:1018700016038851101B60EA301110220761110114
:101880002D940812CF105208202D94086804530498
:101890000008942A3823803F04CB9826481EF08401
:1018A000038B0800EC52FC1069C834010811019840
:1018B00069C81EC83C0325946D6C0652D8105205A9
:1018C000105EE85C0869C852F8106D6C0352145041
:1018D00052081043201170520910522C10520A1055
:1018E000523830520B10524410520C1043080E6004
:1018F000520D10525020520E10525C10520F1052C6
:1019000068106DF0035218405211105228106212E4
:1019100080511052131052481052141012581021B6
:101920007C621560511052161012747021DC52172F
:10193000105280105218105E6CE808621930511075
:10194000521A10528C30521B10529810521C101206
:10195000A410252C521D1047780E90521E1052884C
:1019600090521F1056B000690552BC1062216051A0
:101970004052221052C82052231052D41052241028
:1019800052A8605225101EA4B004255C52261012E5
:10199000B810254C52271052CC10622820555062A6
:1019A00029705110522A1012D81025BC522B1052F7
:1019B000E810522C10567C306D380652E080622EB2
:1019C0001055306D280652EC106D200652F850521A
:1019D000311043080F106232205560523310470413
:1019E00012006D250C47180F005235105228105266
:1019F000361047380F5052371052481052381043A3
:101A0000580FF0523910526810523A105278105252
:101A10003B1052F4E0523C105210906D9A06521C4A
:101A200010523E10522810523F10523410524010A3
:101A30005288B05241101684502DBC034B681E23AF
:101A40004368200810031C0B01084404F00108E25D
:101A500033000452FF01E39A31141D6004000203B5
:031A60002D010154
:040000050801125983
:00000001FF
