:020000040800F2
:10000000F02D002015090108710201087302010892
:10001000750201087702010879020108000000005A
:100020000000000000000000000000007B0201084A
:100030007D020108000000007F0201088102010822
:10004000090D01080D0D0108110D0108150D01081C
:10005000190D01081D0D0108210D0108250D0108CC
:10006000290D01082D0D0108310D0108350D01087C
:10007000390D0108D10201083D0D0108DB0201081C
:10008000410D0108450D0108490D01084D0D0108FC
:10009000510D0108550D0108590D01085D0D0108AC
:1000A000610D0108650D0108690D01086D0D01085C
:1000B000710D01080000000000000000750D01082E
:1000C000790D01087D0D0108810D0108850D0108DC
:1000D000890D0108E50201088D0D0108EF020108F4
:1000E000910D0108F9020108000000000000000065
:1000F0000000000000000000000000000000000000
:1001000000000000950D010800000000990D010895
:1001100000000000000000009D0D0108A10D010875
:10012000A50D0108A90D0108AD0D0108B10D0108CB
:10013000B50D0108000000000000000000000000F4
:10014000B90D0108BD0D0108C10D0108C50D01085B
:10015000C90D0108030301080D030108CD0D0108B5
:10016000D10D0108D50D0108D90D010800000000CE
:10017000DD0D0108E10D0108E50D0108000000009A
:10018000E90D0108ED0D0108F10D010810B504009D
:100190000121DFF8380D02F078F8012010BD30B5EC
:1001A00087B004001421002202AD280002F088F874
:1001B000DFF8C009D0E90023CDE9002302A80090B0
:1001C000DFF8B4592978684600F010FA287868708A
:1001D000BDF80410009800F0F0FE00202870DFF851
:1001E000EC5C0221280002F041F80321280002F013
:1001F0004CF82100C9B2280002F047F8012007B0EE
:1002000030BD10B50400DFF8841C8888002810D0A9
:10021000DFF87C0C02888B889A4208D1002101808B
:100220000321DFF8A80C02F021F8012008E08988FA
:1002300001802100C9B2DFF8940C02F026F80120F9
:1002400010BD2DE9F041040000250026DFF83C7CBC
:10025000B88803283DDB3868B988084410F8010CD9
:100260003968BA88114411F8021C51EA00210E00C5
:10027000B988891E386802F056F805002800310058
:1002800080B289B288421DD10721DFF8400C01F00D
:10029000FCFF386800780E280DD1DFF8DC880121DA
:1002A00098F8010000F0BBF998F80120D7E90001A7
:1002B00000F0A5F913E00021DFF8BC08407800F059
:1002C000AEF90CE00021DFF8B008407800F0A7F9A3
:1002D00005E00021DFF8A008407800F0A0F9DFF881
:1002E0009808407800F0F6F80221DFF8E00B01F002
:1002F000DEFF0120BDE8F0810100DFF8000D02788B
:10030000032A01D0042202700120704710B50400B6
:100310002100C9B2DFF8B40B01F0B7FF012010BD16
:1003200010B50400DFF8200C0178012936D1DFF880
:100330001C1CC978012931D1DFF8141C91ED030A86
:10034000D0ED020AB4EE600AF1EE10FA08DA91ED8F
:10035000030AD0ED010AB4EE600AF1EE10FA0ED5F0
:1003600001224FF400615FF0904002F040FB012257
:100370004FF480515FF0904002F039FB1CE0002206
:100380004FF400615FF0904002F031FB00224FF427
:1003900080515FF0904002F02AFB0DE000224FF404
:1003A00000615FF0904002F022FB00224FF4805188
:1003B0005FF0904002F01BFBDFF8100B4FF47A71F6
:1003C00081662100C9B201F060FF012010BD38B57F
:1003D0000400DFF82C1C087800281FD101200870C9
:1003E000DFF8205C01221021280002F000FB00222F
:1003F0000821280002F0FBFA00220421DFF8C40CD7
:1004000002F0F5FA4FF4FA60DFF8C01A886702F0DC
:1004100049FB02F0F2FC02F0E1FC12E0002008705F
:1004200001220821DFF8DC0B02F0E1FA01220421AD
:10043000DFF8900C02F0DBFA4EF66020DFF88C1A41
:1004400088672100C9B2DFF8840A01F01EFF01208D
:1004500032BD10B50400DFF8F81A0878002803D17F
:10046000002081F824001AE0DFF85C0C8278042A6E
:100470000ED082780A2A02D1027A042A08D0827821
:10048000052A05D082780A2A06D1007A052803D1E8
:10049000032081F8240002E0022081F82400DFF824
:1004A000AC0AC078012806D1012081F8250001207E
:1004B00081F8260005E0002081F82500002081F861
:1004C00026002100C9B2DFF8040A01F0DEFE012097
:1004D00010BD000070B52DED028B04009FED8B8ADE
:1004E0002000C0B2002866D1DFF8645A95ED010AF9
:1004F000DFED870A20EE200ABDEEC00A10EE100ADA
:1005000000F03AFA85ED010ADFF8CC6D68683060DA
:1005100096ED000A00F032FB86ED010A7068686013
:1005200095ED010A00F09AFA85ED030A95ED020AAD
:1005300000F0F4FA85ED040A95ED040AD5ED060AFB
:1005400030EE200ADFF81C0CD0ED020AF4EE400A6F
:10055000F1EE10FA02D5D0ED020A0BE0D0ED030A5D
:10056000B4EE600AF1EE10FA02D5D0ED030A01E014
:10057000F0EE400AC5ED040AD5ED030A95ED051A23
:1005800030EE818AD0ED000AF4EE480AF1EE10FA5E
:1005900002D590ED000A0BE090ED010AB4EE408A1E
:1005A000F1EE10FA02D590ED010A01E0B0EE480A32
:1005B00085ED030AFFE7DFF898592878002807D16E
:1005C0000020686095ED010A00F048FA85ED030A05
:1005D0002878002807D10020A86095ED020A00F0D5
:1005E0009DFA85ED040ABDEC028B70BD38B50400A0
:1005F0000D002900C9B2200000F01BF831BD70B514
:1006000004000D00160020000078C0B20E2805D1AD
:100610003200D2B22000290000F07CF870BD38B55D
:1006200004000D002900C9B22000C0B200F01CF97E
:1006300031BD3EB504000D002800C0B2002808D02E
:10064000022819D00ED3042835D01FD3052847D04F
:100650005BE004200090002303220E21200001F023
:1006600080FE52E0012000904FF4805303220E21BF
:10067000200001F076FE48E00120009041F20403E2
:1006800003220E21200001F06CFE3EE0DFF8B00DE9
:10069000818802290ED1016801918088022190FB96
:1006A000F1F080B200904FF4805306220E2120001A
:1006B00001F0A5FE29E0DFF8880D818802290ED11E
:1006C000016801918088022190FBF1F080B20090D6
:1006D00041F2040306220E21200001F090FE14E0F6
:1006E000DFF85C0D818802290ED1016801918088B4
:1006F000022190FBF1F080B2009042F2200306222A
:100700000E21200001F07BFEFFE737BD0000000056
:100710000000C8422DE9F84F2DED028B82B0040095
:100720000D0091460020ADF800009FED6B8A002679
:100730004846C0B200280BD0022876D05ED30428E9
:1007400000F08A80C0F08880052800F0858086E06F
:100750000320ADF8000002226946200000F0FAFBF9
:1007600008EE900A02226946200000F0F3FB804662
:10077000DFF8DC77B8EE680A10EE100A02F060FBD2
:1007800082468B46404602F07FFB41EC110B9FED09
:10079000B10B02F08EFB53EC102B5046594602F081
:1007A00091FB02F0B3FC786002226946200000F061
:1007B000D1FB00EE100AB0EE408A0222694620000A
:1007C00000F0C8FB0600B8EE480A10EE100A02F06E
:1007D00037FB82468B46300002F056FB41EC110B92
:1007E0009FED9C0B02F065FB53EC102B50465946D5
:1007F00002F068FB02F08AFCB86030E00320ADF83C
:10080000000002226946200000F0A4FB00EE100A5E
:10081000B0EE408AB8EE480AF2EE040A80EE200AF2
:10082000DFF82C0780ED070A19E00320ADF800007F
:1008300002226946200000F08DFB00EE100AB0EEA7
:10084000408AB8EE480AF2EE040A80EE200ADFF889
:10085000000780ED080A02E000F01CFBFFE702B091
:10086000BDEC028BBDE8F18F0200D2B2002A052A4E
:100870001BD80A00D2B2012A0ED1DFF8D4260023F9
:100880005370012313700200D2B2002A0CD101224E
:10089000DFF8B836DA7007E0DFF8B4265378032BB8
:1008A00002DA53785B1C5370FFE7DFF8A4365A78FE
:1008B000002A10D05A78032A0DDB00221A70002279
:1008C0005A6000229A600022DA6100221A62002235
:1008D000DFF87836DA707047000000002DE9F0414B
:1008E00000242500EDB20A2D43DA00252E00F6B2D1
:1008F000092E3CDA2E00F6B201EB860676682F0050
:10090000FFB251F82770BE422FDA00262F00FFB247
:1009100051F82770AC465FFA8CFC01EB8C0CDCF8CC
:1009200004C0AE465FFA8EFE41F82EC0AC465FFAB8
:100930008CFC01EB8C0CCCF80470AC465FFA8CFCA0
:1009400050F82CC0AE465FFA8EFE00EB8E0EDEF83D
:1009500004E0A8465FFA88F840F828E0AE465FFA5F
:100960008EFE00EB8E0ECEF804C06D1CBEE7641C3C
:10097000B7E7BDE8F081000038B52DED028B04002B
:100980009FED768ADFF8D41B087800282AD1012051
:10099000087000210800C0B20A2815DA0800C0B2A9
:1009A000DFF8BC2B0B00DBB242F82300DFF8B42BDE
:1009B0000800C0B252F82000002803D10800C0B2DD
:1009C00042F82040491CE5E7DFF8985B0923002244
:1009D0002900DFF88C0BFFF781FF95ED050AB8EED3
:1009E000C00A30E000200100C9B20A291EDADFF88F
:1009F000701B0200D2B251F82220092A0BD100222A
:100A00000300DBB241F82320DFF8581B0200D2B20A
:100A100041F8224008E00200D2B251F82220521CD4
:100A20000300DBB241F82320401CDCE7DFF8345B35
:100A3000092300222900DFF8280BFFF74FFF95ED6F
:100A4000050AB8EEC00ADFED460A80EE200ABDECCA
:100A5000028B31BD0000000000002440F0EE400A8F
:100A60009FED401A9FED403ADFED3C3AF5EE400A2B
:100A7000F1EE10FA40D0F0EE603A9FED3C0ADFF85C
:100A8000E80D90ED004A34EE634AB4EE404AF1EED0
:100A900010FA08DA90ED004A33EEC44AB4EE404A48
:100AA000F1EE10FA03DB9FED320A21EE001ADFF8B7
:100AB000B80A90ED000AF0EE401ADFF8B01A91ED96
:100AC000000A30EE010AB0EE402A32EE030A82EE4E
:100AD000000AF0EE402A33EEE10AB0EE614A00EE81
:100AE000224A80ED004AB7EE000A30EE620A20EE9C
:100AF000020A81ED000A08E0DFF8700A5FF07E511B
:100B00000160DFF8640A00210160DFF85C0ADFF8A9
:100B1000581D02680A6090ED000A70477047000097
:100B2000F0EE402A9FED0D3AF4EE601AF1EE10FA65
:100B300004D0B4EE412AF1EE10FA02D1B0EE620A0E
:100B40000BE032EEE00A72EE413A20EE230A71EE3B
:100B5000E03A80EE230A30EE010A70470000000000
:100B60000000C84295BFD63317B7D1380100A04165
:100B700000007A44A40C0108D4290020F8B52DED1A
:100B8000028B9CB0B0EE408A0024DFF84C17087A44
:100B900000280DD00CAA2300DBB20C20434302EB4B
:100BA000030011F1080292E8680080E86800641C04
:100BB000087D00280DD00CAA2300DBB20C20434393
:100BC00002EB030011F1140292E8680080E868006B
:100BD000641C91F8200000280DD00CAA2300DBB281
:100BE0000C20434302EB030011F1200292E868005D
:100BF00080E86800641C91F82C0000280CD00CAA36
:100C00002300DBB20C20434302EB03002C3191E8BC
:100C10002C0080E82C00641C2000C0B2022802DAFC
:100C2000B0EE480A2DE100200100C9B22200D2B284
:100C3000521E91423EDA411C0A002300D2B2DBB2BE
:100C40009A4235D20C220CAB0D00EDB255432B4429
:100C500093ED010A0CAB0500EDB255432B44D3EDE7
:100C6000010AB4EE600AF1EE10FA1FD50CAB18AD14
:100C70000600F6B256431E4496E8805085E8805040
:100C80000500EDB255431D440E00F6B256431E4416
:100C900096E8805085E880500D00EDB202FB05F229
:100CA0001A4418AB93E8E00082E8E000491CC3E76F
:100CB000401CB9E700200100C9B22200D2B2521E86
:100CC000914236DA0C210CAA0300DBB24B431A44E2
:100CD00092ED010A0CAA0300DBB24B431A44D2ED99
:100CE000040AB4EE600AF1EE10FA12D00CAA030066
:100CF000DBB24B431A4492ED020A0CAA0300DBB2AA
:100D00004B431A44D2ED050AB4EE600AF1EE10FA34
:100D10000DDB00220CAB0500EDB24D435A550CAA79
:100D20000300DBB201FB03F1114400220A73401CF3
:100D3000C1E70025002108002200C0B2D2B29042D3
:100D400018D20C220CAB0800C0B25043185C00282B
:100D50000ED068462E00F6B2564330440E00F6B26E
:100D600002FB06F21A4492E8C80080E8C8006D1C35
:100D7000491CE0E72800C0B2022802DAB0EE480AB7
:100D80007FE0684690ED010AB4EE480AF1EE10FAF1
:100D90000CDB90ED052AD0ED041A90ED021AD0ED8F
:100DA000010AB0EE480AFFF7BBFE6AE000263000F9
:100DB000C0B22900C9B2491E88423CDA0C206946FB
:100DC0003200D2B24243114491ED010AB4EE408A9E
:100DD000F1EE10FA2DDB69463200D2B242431144E3
:100DE00091ED040AB4EE480AF1EE10FA21DB6946EF
:100DF0003200D2B24243114491ED052A69463200D5
:100E0000D2B242431144D1ED041A69463200D2B243
:100E10004243114491ED021A69463200D2B200FBFE
:100E200002F00844D0ED010AB0EE480AFFF778FE60
:100E300027E0761CBBE70C2069462A00D2B2424369
:100E40001144091F91ED002A69462A00D2B242439B
:100E500011440839D1ED001A69462A00D2B2424342
:100E60001144103991ED001A69462A00D2B200FBF4
:100E700002F008441438D0ED000AB0EE480AFFF73B
:100E80004FFE1CB0BDEC028BF1BD0000740C0020C5
:100E9000D229002080B503205849087004210B484E
:100EA00001F005FA322002F064FB01BD80B5DFF8E5
:100EB000BC090078DFF8B819087002204F490870A3
:100EC0000421024801F0E1F901BD0000B007002053
:100ED0002DE9F04104000D0016002F00DFF86085B9
:100EE000404602F0F7FF300080B2022802D004280A
:100EF0000BD01DE07878D8F8001008703878D8F852
:100F000000104870A8F8046015E07878D8F8001050
:100F100008703878D8F800104870F878D8F80010C1
:100F20008870B878D8F80010C870A8F8046002E09B
:100F30000020A8F80400DFF8340904700120DFF86D
:100F400034190870BDE8F08168290020A429002028
:100F50008C280020F0B4030000200C881500EDB2AE
:100F6000042D16D12500ADB21D44AE782500ADB2DA
:100F70001D44ED7855EA06252600B6B29E5D270091
:100F8000BFB21F447F7857EA062757EA0547380063
:100F90000DE01500EDB2022D09D12500ADB25D5D69
:100FA0002600B6B21E44767856EA052630000D8833
:100FB00055FA82F50D80F0BC704770B504000D0045
:100FC000DFF8B06B01224FF48051300001F00FFDCB
:100FD0000A2003F045F801F0F9FE4FF47A732A0075
:100FE00092B22100DFF8B80D03F08BF800224FF425
:100FF0008051300001F0FBFC70BD00007C0000203F
:10100000E1290020000400482DE9F0412DED028B7C
:101010008EB0F0EE408AB0EE608A322100226C463B
:10102000200001F04DF9002700240025DFF8488B4F
:10103000C8ED058A88ED068A98ED050A04F0FCF9EA
:10104000060098ED060A04F0F7F98046684631007C
:10105000090E3A00D2B281547F1C3100090C3A00CB
:10106000D2B281547F1C3100090A3A00D2B28154B5
:101070007F1C3900C9B246547F1C4146090E3A0014
:10108000D2B281547F1C4146090C3A00D2B281543D
:101090007F1C4146090A3A00D2B281547F1C3900B4
:1010A000C9B200F801807F1C3A00D2B292B2694600
:1010B000DFF8240B04F048FA0EB0BDEC028BBDE85B
:1010C000F0810000000C00483C29002070B500248D
:1010D0000025DFF8040B0078C0B2FF283AD0DFF813
:1010E000FC0A0178C9B20906DFF8F40A0078C0B238
:1010F00051EA0041DFF8EC0A0078C0B251EA002161
:10110000DFF8880B0078C0B201430C00DFF8800BD9
:101110000178C9B20906DFF87C0B0078C0B251EA49
:101120000041DFF8740B0078C0B251EA0021DFF80B
:101130006C0B0078C0B201430D00DFF83C6A16F179
:101140001401200004F0A0F816F11801280004F0A2
:101150009BF805E0DFF8200A002141610021816150
:1011600070BD00004C2900202DE9F0472DED028BC9
:101170008EB00400F0EE408AB0EE608A3221002288
:101180006D46280001F09CF8002500260027DFF8B6
:101190006CAB8AF800408AED028ACAED018A9AEDAA
:1011A000020A04F049F980469AED010A04F044F974
:1011B000814668469AF800102A00D2B281546D1C0C
:1011C0004146090E2A00D2B281546D1C4146090CD9
:1011D0002A00D2B281546D1C4146090A2A00D2B2BB
:1011E00081546D1C2900C9B200F801806D1C49466C
:1011F000090E2A00D2B281546D1C4946090C2A00FE
:10120000D2B281546D1C4946090A2A00D2B28154D7
:101210006D1C2900C9B200F801906D1C2A00D2B2E1
:1012200092B26946DFF8840B04F08EF90EB0BDEC83
:10123000028BBDE8F08770B500240025DFF86C0B49
:101240000078C0B2FF283DD0DFF8B06ADFF8600B4D
:1012500000783070DFF85C0B0178C9B20906DFF85E
:10126000580B0078C0B251EA0041DFF8500B00780B
:10127000C0B251EA0021DFF8480B0078C0B2014348
:101280000C00DFF8400B0178C9B20906DFF8380B13
:101290000078C0B251EA0041DFF8300B0078C0B2EC
:1012A00051EA0021DFF8280B0078C0B201430D009D
:1012B00016F10801200003F0E7FF311D280003F0BC
:1012C000E3FF08E0DFF8340A00210170DFF8F01DC9
:1012D00081600021416070BDD82700202DE9F84FC2
:1012E0002DED048B8EB0F0EE409AB0EE608AF0EEF9
:1012F000418AB0EE619A3221002201AC200000F058
:10130000DFFF5FF0000B0020009000240025002686
:10131000DFF8C0AACAED009A8AED018ACAED028AF6
:101320008AED039A9AED000A04F086F807009AED18
:10133000010A04F081F880469AED020A04F07CF874
:1013400081469AED030A04F077F8824601A8390035
:10135000090E5A46D2B281541BF1010B3900090C17
:101360005A46D2B281541BF1010B3900090A5A4680
:10137000D2B281541BF1010B5946C9B247541BF13B
:10138000010B4146090E5A46D2B281541BF1010BA2
:101390004146090C5A46D2B281541BF1010B414619
:1013A000090A5A46D2B281541BF1010B5946C9B2FF
:1013B00000F801801BF1010B4946090E5A46D2B2D2
:1013C00081541BF1010B4946090C5A46D2B2815493
:1013D0001BF1010B4946090A5A46D2B281541BF14E
:1013E000010B5946C9B200F801901BF1010B51469F
:1013F000090E5A46D2B281541BF1010B5146090C19
:101400005A46D2B281541BF1010B5146090A5A4681
:10141000D2B281541BF1010B5946C9B200F801A0A8
:101420001BF1010B5A46D2B292B201A9DFF8A8090A
:1014300004F08AF80EB0BDEC048BBDE8F18F00001B
:10144000400800202DE9F041002400250026002757
:10145000DFF884090078C0B2FF2871D0DFF87C097A
:101460000178C9B20906DFF878090078C0B251EAFC
:101470000041DFF870090078C0B251EA0021DFF8BE
:1014800068090078C0B201430C00DFF860090178F8
:10149000C9B20906DFF858090078C0B251EA004124
:1014A000DFF850090078C0B251EA0021DFF848099E
:1014B0000078C0B201430D00DFF840090178C9B2DD
:1014C0000906DFF8980B0078C0B251EA0041DFF856
:1014D000900B0078C0B251EA0021DFF8880B007849
:1014E000C0B201430E00DFF8800B0178C9B20906D3
:1014F000DFF8780B0078C0B251EA0041DFF8700BDA
:101500000078C0B251EA0021DFF8680B0078C0B261
:1015100001430F00DFF8BC884146200003F0B4FE11
:1015200018F10401280003F0AFFE18F108013000A3
:1015300003F0AAFE18F10C01380003F0A5FE0BE041
:10154000DFF89008DFF8781B016000214160DFF8C8
:10155000001C81600021C160BDE8F081E22900200B
:101560003C28002064280020A829002048080020EA
:101570002DE9F34F81B02DED028BA2B0F0EE408A41
:10158000B0EE608A6421002208AC200000F098FED2
:101590005FF0000B9DF89400002805D0022817D0BA
:1015A0000CD303281FD029E0DFF81C0B9DF89810FE
:1015B0000172C0ED038A80ED048A1FE0DFF8080B9A
:1015C0009DF898100175C0ED068A80ED078A15E038
:1015D000DFF8F40A9DF8981080F82010C0ED098A11
:1015E00080ED0A8A0AE0DFF8E00A9DF8981080F89A
:1015F0002C10C0ED0C8A80ED0D8AFFE700200190D1
:101600000020009000200790002006900020059008
:10161000002004900020039000200290DFF8A84AE8
:1016200094ED030A03F008FF019094ED040A03F01F
:1016300003FF009094ED060A03F0FEFE050094ED12
:10164000070A03F0F9FE060094ED090A03F0F4FE20
:10165000070094ED0A0A03F0EFFE804694ED0C0AB1
:1016600003F0EAFE814694ED0D0A03F0E5FE8246A2
:1016700008A8217A5A4692B281541BF1010B0199B4
:10168000090E5A4692B281541BF1010B0199090CC3
:101690005A4692B281541BF1010B0199090A5A462C
:1016A00092B281541BF1010B01995A4692B28154B6
:1016B0001BF1010B0099090E5A4692B281541BF19D
:1016C000010B0099090C5A4692B281541BF1010B8F
:1016D0000099090A5A4692B281541BF1010B0099F4
:1016E0005A4692B281541BF1010B217D5A4692B2A7
:1016F00081541BF1010B2900090E5A4692B2815404
:101700001BF1010B2900090C5A4692B281541BF1BE
:10171000010B2900090A5A4692B281541BF1010BB0
:10172000594689B245541BF1010B3100090E5A4646
:1017300092B281541BF1010B3100090C5A4692B24E
:1017400081541BF1010B3100090A5A4692B28154AF
:101750001BF1010B594689B246541BF1010B94F859
:1017600020105A4692B281541BF1010B3900090E28
:101770005A4692B281541BF1010B3900090C5A46AA
:1017800092B281541BF1010B3900090A5A4692B2F8
:1017900081541BF1010B594689B247541BF1010BCF
:1017A0004146090E5A4692B281541BF1010B414643
:1017B000090C5A4692B281541BF1010B4146090AA9
:1017C0005A4692B281541BF1010B594689B200F876
:1017D00001801BF1010B94F82C105A4692B28154EF
:1017E0001BF1010B4946090E5A4692B281541BF176
:1017F000010B4946090C5A4692B281541BF1010B68
:101800004946090A5A4692B281541BF1010B5946C6
:1018100089B200F801901BF1010B5146090E5A469E
:1018200092B281541BF1010B5146090C5A4692B2F7
:1018300081541BF1010B5146090A5A4692B2815458
:101840001BF1010B594689B200F801A01BF1010BF5
:101850005A4692B208A9DFF8FC0803F075FE22B0E0
:10186000BDEC028BBDE8F78FAC290020E0290020F9
:10187000D42900207C0000202DE9F84F00200090A2
:1018800000240025002600275FF000085FF0000913
:101890005FF0000ADFF8BC080078C0B2FF2800F053
:1018A000F780DFF824B8DFF8B00800788BF808007C
:1018B000DFF8A8080178C9B20906DFF8A4080078A3
:1018C000C0B251EA0041DFF89C080078C0B251EA8A
:1018D0000021DFF894080078C0B201430091DFF8DE
:1018E0008C080178C9B20906DFF884080078C0B214
:1018F00051EA0041DFF87C080078C0B251EA0021CB
:10190000DFF874080078C0B201430C00DFF86C08FF
:1019100000788BF81400DFF868080178C9B209066E
:10192000DFF860080078C0B251EA0041DFF85808DB
:101930000078C0B251EA0021DFF850080078C0B248
:1019400001430D00DFF848080178C9B20906DFF845
:1019500044080078C0B251EA0041DFF83C08007842
:10196000C0B251EA0021DFF834080078C0B2014368
:101970000E00DFF82C0800788BF82000DFF8240830
:101980000178C9B20906DFF820080078C0B251EA30
:101990000041DFF818080078C0B251EA0021DFF8F2
:1019A00010080078C0B201430F00DFF80808017882
:1019B000C9B20906DFF800080078C0B251EA004158
:1019C000DFF8F8070078C0B251EA0021DFF8F0072D
:1019D0000078C0B201438846DFF8E80700788BF84A
:1019E0002C00DFF8E4070178C9B20906DFF8DC074C
:1019F0000078C0B251EA0041DFF8D4070078C0B2E5
:101A000051EA0021DFF8CC070078C0B201438946D3
:101A1000DFF8C4070178C9B20906DFF8C00700780B
:101A2000C0B251EA0041DFF8B8070078C0B251EA0D
:101A30000021DFF8B0070078C0B201438A461BF1ED
:101A40000C01009803F020FC1BF11001200003F0B2
:101A50001BFC1BF11801280003F016FC1BF11C01F4
:101A6000300003F011FC1BF12401380003F00CFCE2
:101A70001BF12801404603F007FC1BF130014846EA
:101A800003F002FC1BF13401504603F0FDFB1BE0A8
:101A9000DFF83406002101720021C16000210161DC
:101AA00000210175002181610021C161002180F8C0
:101AB00020100021416200218162002180F82C1059
:101AC0000021016300214163BDE8F18F78B591B039
:101AD00004000D003C21002202AE300000F0F0FBBB
:101AE0000020ADF804000321062004F0C6F80B2006
:101AF00000900023DFF8F02601A902A803F0AEFB56
:101B00004FF47A73BDF8042002A9DFF8E00602F072
:101B1000F8FA12B070BD78B591B004000D003C2108
:101B2000002202AE300000F0CBFB0020ADF8040034
:101B3000294803F0D9FC9D4803F0D6FC6F480021EA
:101B40000170DFF87C158160002141600D2000905C
:101B50000023DFF89C2601A902A803F07FFB4FF4C5
:101B60007A73BDF8042002A9DFF8800602F0C9FAF2
:101B700012B070BD000800488C28002038B590B025
:101B800004000D0003A8DFF86C16322204F086FA78
:101B9000DFF86406D0E90023CDE9012303A8019012
:101BA0000023DFF85806027802A903A803F0E1FA3F
:101BB0000220009000237BA202A903A803F04EFBA1
:101BC0004FF47A73BDF808200199DFF8200602F07F
:101BD00098FA11B030BD000000080208020802089F
:101BE0000308020804080208F8B504000D000026E6
:101BF0002068007830283EDB206800783A283ADAFE
:101C0000002700200100C9B2A28889B291420FD2F8
:101C100021680200D2B2895C302905DB216802000C
:101C2000D2B2895C3A2900DB02E07F1C401CE9E764
:101C30003900C9B2206803F0C9FB0600B6F5807F01
:101C40000FD2DFF8B80541783000C0B204F015F8C3
:101C50004FF47A73022254A1DFF8900502F051FA92
:101C600012E04FF47A730522DFF89415DFF87C0553
:101C700002F047FA08E04FF47A730522DFF8801586
:101C8000DFF8680502F03DFAF1BD00000508020822
:101C900006080208070802080808020809080208DE
:101CA00038B590B004000D0003A8DFF858153222B3
:101CB00004F0F4F9DFF85005D0E90023CDE9012361
:101CC00003A801900023DFF83405427802A903A895
:101CD00003F04FFA02200090002332A202A903A8C9
:101CE00003F0BCFA4FF47A73BDF808200199DFF8CD
:101CF000FC0402F006FA11B030BD00006829002093
:101D0000F8B504000D0000262068007830283DDB7F
:101D1000206800783A2839DA002700200100C9B28B
:101D2000A28889B291420FD221680200D2B2895CA6
:101D3000302905DB21680200D2B2895C3A2900DB38
:101D400002E07F1C401CE9E73900C9B2206803F0BB
:101D50003DFB06000C2E0FD23100C9B2DFF89C0407
:101D6000007803F08AFF4FF47A7302220EA1DFF8A5
:101D70007C0402F0C6F912E04FF47A730522DFF812
:101D80008014DFF8680402F0BCF908E04FF47A73BD
:101D90000522DFF86C14DFF8540402F0B2F9F1BD4B
:101DA000302300200D0A00004F4B000000100208F5
:101DB00002100208031002080410020805100208AD
:101DC000061002080710020808100208091002088D
:101DD0000A1002084C2900200020020802200208F4
:101DE0000320020804200208052002080620020839
:101DF0000720020808200208092002080A20020819
:101E000070B52DED028BCEB004000D0002A8DFF8F6
:101E1000FC134FF4967204F051F90C20ADF8040055
:101E2000072000900023DFF8E82301A902A803F0AF
:101E300015FA9FEDA48AA44EFE2396ED000A20EE2B
:101E4000080ABDEEC00A10EE102A01A902A803F08C
:101E500090F9082000900023DFF8B82301A902A818
:101E600003F0FCF9FE2396ED010A20EE080ABDEE10
:101E7000C00A10EE102A01A902A803F07AF907207F
:101E800000900023E44A01A902A803F0E7F9002327
:101E9000327A01A902A803F06CF906200090002311
:101EA000DE4A01A902A803F0D9F9FE2396ED030A40
:101EB00020EE080ABDEEC00A10EE102A01A902A801
:101EC00003F057F9062000900023D54A01A902A883
:101ED00003F0C4F9FE2396ED040A20EE080ABDEED5
:101EE000C00A10EE102A01A902A803F042F9072047
:101EF00000900023CB4A01A902A803F0AFF9002308
:101F0000327D01A902A803F034F9062000900023D5
:101F1000C54A01A902A803F0A1F9FE2396ED060A1D
:101F200020EE080ABDEEC00A10EE102A01A902A890
:101F300003F01FF9062000900023BC4A01A902A863
:101F400003F08CF9FE2396ED070A20EE080ABDEE99
:101F5000C00A10EE102A01A902A803F00AF907200E
:101F600000900023B24A01A902A803F077F90023E8
:101F700096F8202001A902A803F0FBF806200090A3
:101F80000023AC4A01A902A803F068F9FE2396EDEC
:101F9000090A20EE080ABDEEC00A10EE102A01A9B7
:101FA00002A803F0E6F8062000900023A24A01A947
:101FB00002A803F053F9FE2396ED0A0A20EE080A60
:101FC000BDEEC00A10EE102A01A902A803F0D1F854
:101FD000072000900023994A01A902A803F03EF9C6
:101FE000002396F82C2001A902A803F0C2F80620CD
:101FF00000900023924A01A902A803F02FF9FE23C2
:1020000096ED0C0A20EE080ABDEEC00A10EE102A6A
:1020100001A902A803F0ADF8062000900023894A28
:1020200001A902A803F01AF9FE2396ED0D0A20EE8D
:10203000080ABDEEC00A10EE102A01A902A803F09A
:1020400098F84FF47A73BDF8042002A9674802F0AB
:1020500058F84EB0BDEC028B70BD00000B2002089A
:102060000C2002080D2002080E2002080F20020892
:10207000102002081120020880B5FFF727F8FFF7AB
:10208000DAF8FFF7DFF9FFF7F7FB6F486F49C0F8A1
:10209000A4136F49C0F8B4136E49C0F8C4136E4955
:1020A000C0F8D4136D49C0F8E4136D49C0F8F413B7
:1020B0006C49C0F8041400F0A0FE00F08FFE01BDD2
:1020C0000000FA440000C842D827002070B5002064
:1020D000002400252800C0B2092836DA624E280004
:1020E000C0B200013044407801282CD10120040006
:1020F0002800C0B200013044406800280ED004F02F
:1021000021F82900C9B2090131444968401A29005F
:10211000C9B2090131448968884214D300202900DA
:10212000C9B209013144487004F00CF82900C9B261
:102130000901314448602800C0B22900C9B2090130
:102140003144C96888476D1CC4E72000C0B270BD27
:102150000000A04200180208021802080318020832
:1021600004180208051802080618020807180208D1
:1021700008180208091802080A1802080B180208B1
:102180000C1802080D1802080E1802080F18020891
:102190001018020811180208121802081318020871
:1021A0001418020815180208161802081718020851
:1021B00018180208191802081A1802081B18020831
:1021C0001C1802081D1802081E1802081F18020811
:1021D00020180208211802082218020823180208F1
:1021E0002418020825180208300A010820220020BD
:1021F00034070108D4030108AC0C0108C40C00200A
:10220000340C010808040108B40C01084401010859
:102210003C0C01083C0A0108440C01084C0C010864
:10222000540C01085C0C0108640C01086C0C0108DA
:10223000740C01087C0C0108840C01088C0C01084A
:10224000940C01089C0C010854080020CD1A0008C9
:10225000171B00087D1B0008E91B0008A11C0008D3
:10226000011D0008011E0008B00700200200012027
:102270000B00DBB21B011344587000200B00DBB2D3
:102280001B01134458600120704738B504000D004D
:1022900001202900C9B209012144487003F052FF0E
:1022A0002900C9B2090121444860012032BD020061
:1022B00000200B00DBB21B01134458700120704753
:1022C00062F30F2262F31F42401810F0030308D09C
:1022D000C91A1FD3DB0748BF00F8012D28BF20F81B
:1022E000022D130030B414461546103928BF20E9DA
:1022F0003C00FAD8490728BF20E90C0048BF40F845
:10230000042D890028BF20F8022D48BF00F8012DB8
:1023100030BC7047C91818BF00F8012DCB0728BF83
:1023200000F8012D704730B403004FF6FF70002411
:102330008C4213DA1A5D50400822002A0CD0C507DF
:1023400006D580B2400880F4204090F0010001E002
:1023500080B24008521EF0E7641CE9E780B230BC4E
:1023600070472DE9F84305000E0017009846089CB9
:102370005FF000092868494689B2465419F10109FD
:102380002868494689B2475419F10109404680B28C
:10239000000A29684A4692B2885419F1010928684E
:1023A000494689B200F8018019F10109200080B284
:1023B000000A29684A4692B2885419F1010928682E
:1023C000494689B2445419F10109494689B228683D
:1023D000FFF7A9FF010028684A4692B2815419F11B
:1023E0000109080080B2000A2A684B469BB2D0540B
:1023F00019F10109A5F804900120BDE8F2832DE947
:10240000F84F06000F00904699460A9DDDF82CA073
:10241000002400213068220092B28754641C306886
:10242000220092B200F80280641C484680B2000A82
:10243000326823009BB2D054641C3068220092B2F0
:1024400000F80290641C4046C0B2062802D0102852
:1024500007D01CE0280080B2012801D0002040E015
:1024600015E0280080B2000A326823009BB2D054E5
:10247000641C3068220092B28554641C2800C0B2EB
:102480004000326823009BB2D054641CFFE75FF029
:10249000000B584680B2290089B2B0EB410F0BDA2D
:1024A000584680B21AF800003168220092B288546F
:1024B000641C1BF1010BECE7210089B23068FFF7C7
:1024C00032FF01003068220092B28154641C08007F
:1024D00080B2000A326823009BB2D054641CB480DE
:1024E0000120BDE8F28F2DE9F84F05000E0017001E
:1024F00098460A9CDDF82C905FF0000B00202968BC
:102500005A4692B28E541BF1010B29685A4692B278
:102510008F541BF1010B2100C9B249002A685B46A8
:102520009BB2D1541BF1010B5FF0000A504680B200
:10253000210089B2B0EB410F0CDA504680B219F895
:10254000000029685A4692B288541BF1010B1AF117
:10255000010AEBE7594689B22868FFF7E4FE01005B
:1025600028685A4692B281541BF1010B080080B2D0
:10257000000A2A685B469BB2D0541BF1010BA5F8F8
:1025800004B00120BDE8F28F2DE9F84F05000E00E0
:10259000170098460A9CDDF82C905FF0000B5FF066
:1025A000000A2868594689B246541BF1010B286875
:1025B000594689B247541BF1010B404680B2000ACC
:1025C00029685A4692B288541BF1010B2868594673
:1025D00089B200F801801BF1010B3800C0B2062857
:1025E00002D010281DD02CE0200080B2012801D09C
:1025F00000203EE000208246504680B2210089B291
:10260000B0EB410F0CDA504680B219F8000029688F
:102610005A4692B288541BF1010B1AF1010AEBE7FA
:102620000FE0200080B2000A29685A4692B288540E
:102630001BF1010B2868594689B244541BF1010B68
:10264000FFE7594689B22868FFF76DFE0100286848
:102650005A4692B281541BF1010B080080B2000A65
:102660002A685B469BB2D0541BF1010BA5F804B05D
:102670000120BDE8F28F30B4002513E050F8042BA0
:10268000D30744BFA9F101039A18091F042942F88E
:10269000045BFAD213468C0744BF15809B1CC90704
:1026A00048BF1D7050F8041B0029E7D130BC7047AB
:1026B000F8B4030000250868E840002800F0D7803F
:1026C00001260F6816FA05F007403A00002A00F0CC
:1026D000CC80087910F00300012804D0087910F0AC
:1026E000030002281DD19F685FF0030C2800C0B2D0
:1026F00040001CFA00FC37EA0C07D1F80CC0280097
:10270000C0B240001CFA00FC5CEA07079F605868F2
:10271000AE40B0434E68C6F30016AE4030430400EE
:102720005C60087910F0030003280ED0DE680327F0
:102730002800C0B240008740BE438F682800C0B266
:10274000400087403E433400DC60087910F003000D
:10275000022818D12800C00803EB8000066A0F2762
:1027600015F00700C0B280008740BE430F6915F026
:102770000700C0B2800087403E4334002800C008F4
:1027800003EB800004621E6803272800C0B24000EB
:102790008740BE430F7917F003072800C0B24000FE
:1027A00087403E4334001C60486810F4403F5CD0D2
:1027B0009548066856F001060660006810F00100B2
:1027C00000900098914F2800800857F820605FF033
:1027D0000F0C15F00300C0B280001CFA00FC36EAB2
:1027E0000C06B3F1904F01D1002414E088488342D5
:1027F00001D101240FE08748834201D102240AE07D
:102800008548834201D1032405E08448834201D1F5
:10281000042400E0072415F00300C0B280008440C7
:1028200026432800800847F820607D4C20689043AC
:102830004F68FF0200D5104320607A4E34689443FD
:102840004F68BF0200D514433460774E3068904320
:102850004F68BF0300D510433060744E3468944312
:102860004F68FF0300D5144334606D1C23E7F1BCAF
:1028700070472DE9F041030000250800E8400028DA
:1028800000F0A880012616FA05F008400200002A90
:1028900000F09E80DFF874C1280080085CF82000FA
:1028A0000F2715F0030E5FFA8EFE5FEA8E0E17FA01
:1028B0000EFE1EEA00000400B3F1904F02D15FF05B
:1028C000000E19E05248834202D15FF0010E13E07E
:1028D0005048834202D15FF0020E0DE04E48834221
:1028E00002D15FF0030E07E04C48834202D15FF053
:1028F000040E01E05FF0070E15F00300C0B2800087
:102900001EFA00FE74452CD14848D0F800E03EEA9B
:10291000020EC0F800E04448D0F800E03EEA020EA3
:10292000C0F800E03F48D0F800E03EEA020EC0F8F0
:1029300000E03B48D0F800E03EEA020EC0F800E0BC
:1029400015F00300C0B2800017FA00F00400280060
:1029500080085CF82000A043AE465FEA9E0E4CF86B
:102960002E005FF0030C1868AE465FFA8EFE5FEA39
:102970004E0E1CFA0EFE5EEA000018602800C00829
:1029800003EB800E2800C00803EB8000D0F8208005
:1029900015F00700C0B28000874038EA0707CEF87C
:1029A000207098682F00FFB27F001CFA07F7B84329
:1029B00098605868AE4030EA06065E60DE6828001F
:1029C000C0B240001CFA00FC36EA0C0CC3F80CC084
:1029D0006D1C52E7BDE8F081020010690B009BB24C
:1029E000184201D0012000E00020C0B2704713005F
:1029F000DBB2002B03D00B009BB2836102E00B0023
:102A00009BB28362704700006010024008000140E2
:102A10000004004800080048000C0048001000486E
:102A2000080401400C04014004040140000401407A
:102A300080B5D448D44901605FF4E13141600021A0
:102A400081600021C160002101610C2141610021F0
:102A50008161002101620021416201F015FB002823
:102A600001D003F0D4FB01BD80B5C848C84901605E
:102A70004FF416514160002181600021C1600021A6
:102A800001610C214161002181610021C1610021AE
:102A900001620021416201F0F7FA002801D003F041
:102AA000B6FB01BD80B5BB48BB4901604FF4165170
:102AB0004160002181600021C160002101610C2181
:102AC0004161002181610021C16100210162002179
:102AD000416201F0D9FA002801D003F098FB01BD52
:102AE00038B59EB0040014220021684603F091FB23
:102AF0006022002106A803F08CFB2068A2498842CE
:102B000052D1202006900020119006A803F08CFBE3
:102B1000002801D003F07BFBA048016851F00101BF
:102B20000160006810F00100059005989C4801685C
:102B300051F002010160006810F002000590059854
:102B40004FF4406000900220019001200290032089
:102B500003900820049069469248FFF7A9FD924D22
:102B600092482860042068600020A8600020E86087
:102B700080202861002068610020A8610020E861B1
:102B800000202862280003F0C3FD002801D003F0D4
:102B90003EFB6567AC6200220021462004F059F834
:102BA000462004F06BF8ABE020687949884251D1A7
:102BB0000120069000200E9006A803F035FB0028A7
:102BC00001D003F024FB7A48016851F48041016090
:102BD000006810F48040059005987148016851F034
:102BE00002010160006810F0020005900598C02005
:102BF0000090022001900020029003200390072003
:102C0000049069466748FFF753FD6A4D6A4828609B
:102C1000022068600020A8600020E8608020286111
:102C2000002068610020A8610020E861002028627F
:102C3000280003F06DFD002801D003F0E8FA656775
:102C4000AC6200220021252004F003F8252004F0C6
:102C500015F855E020685049884251D1042006906B
:102C60000020109006A803F0DFFA002801D003F03E
:102C7000CEFA5248016851F480210160006810F4D6
:102C80008020059005984648016851F004010160D4
:102C9000006810F00400059005984FF44060009023
:102CA000022001900020029003200390072004904E
:102CB00069464348FFF7FCFC424D43482860022028
:102CC00068600020A8600020E86080202861002063
:102CD00068610020A8610020E861002028622800C7
:102CE00003F016FD002801D003F091FA6567AC628D
:102CF00000220021272003F0ACFF272003F0BEFFB5
:102D00001FB030BD10B5040020681F49884210D1A3
:102D1000224801684908490001604FF44061214898
:102D2000FFF7A7FD606F03F063FD462003F0ADFFE2
:102D300027E02068164988420FD11D48016831F408
:102D400080410160C0211748FFF793FD606F03F0D9
:102D50004FFD252003F099FF13E020680E498842BB
:102D60000FD11648016831F4802101604FF44061B1
:102D70001348FFF77EFD606F03F03AFD272003F054
:102D800084FF10BD2022002000800040A8220020E7
:102D90000038014030230020004800405C10024011
:102DA0004C1002400004004800270020800402402C
:102DB000601002404827002058000240581002408E
:102DC00000080048902700203000024080B51848D5
:102DD00001F080F802201749087001BD80B501227A
:102DE0001549164801F0F3F900220121272003F0CC
:102DF00030FF272003F042FF01BD704738B50400C3
:102E00000B480D490A78036885885A558288521CF8
:102E10008280828840F2FF139A4201D3002282808E
:102E20000122064801F0D3F901200249087031BDA2
:102E3000740C0020E5290020E42900203023002024
:102E4000C0F3C75181B1FF2906D0C110400721F05E
:102E5000E04101F16051704741020CBF40F4E001D4
:102E60006FF000410020704700F0004100020AD0DE
:102E7000B0FA80FC00FA0CF001F16051A1EB0C51AA
:102E800001EBD02140057047014648B1B0FA80F10E
:102E90008840C91CC1F58461090501EBD0214005BA
:102EA00070470268531C03601170704741EC100BAF
:102EB00001BD80B553EC112B51EC100B03F004FF56
:102EC000F4E72E00F0B540F2FF7581EA030C0CF038
:102ED000004C15EA11541DBF15EA1357AC42AF421E
:102EE000E5E0BC41C1F31301C3F31303801A994118
:102EF00043F4801304D2641E4000494180185941B4
:102F0000C90241EA5051B1FBF3F603FB1611A2FBD3
:102F10000675D7EBC020A94102D2761E8018594110
:102F2000C90241EA5051B1FBF3FE03FB1E11A2FBA3
:102F30000E75D7EBC020A94103D2AEF1010E801867
:102F40005941890241EA9051760546EA8E2EB1FB3D
:102F5000F3F603FB1611A2FB0675D7EB8020A941FF
:102F600002D2761E80185941C90241EA50514EEAF8
:102F7000060EB1FBF3F603FB1611A2FB0675D7EBA9
:102F8000C020A94102D2761E80185941C90241EAE7
:102F90005051B1FBF3F703FB1711A2FB0735D3EB3D
:102FA000C020A94167F100070CBF004247F00107AC
:102FB00066F3D5274FEA1E31B80814F5806412DD98
:102FC000BD0775F1004250EB0E5051EB045111F565
:102FD000801F5CBF41EA0C01F0BD4CF07F6141F005
:102FE000E0410020F0BDBD076D0840EA0E5041F4FD
:102FF0008011D4F10104B4F120060ADAC4F12006EC
:103000000200E04001FA06F3E1401843B2401543E4
:103010000EE0342C13DCC6F1200445EA40056D08AF
:1030200020FA06F2154321FA06F0A1400D430021D3
:1030300075F1004250F1000051EB0C01F0BD002091
:103040005FEA0C01F0BDCFB992185B41B3FA83F788
:1030500004BFB2FA82F6BF190B3FB7F120062FBFAB
:1030600002FA06F3BB40C7F1200622FA06F638BF83
:103070003343BA401CB1E419641E33E77F4231F098
:103080000041B1FA81F404BFB0FA80F6A4190B3CF8
:10309000B4F120062FBF00FA06F1A140C4F12006CA
:1030A00020FA06F638BF3143A0403C1B1AE7AC4279
:1030B0001ABF05EA1357AF4212E050EA41061CBF9F
:1030C00052EA4306BFE750EA4107304661461CBF5B
:1030D00041EA0551F0BD52EA430C08BFC143F0BDBF
:1030E00000204FF4001616EB410F98BF16EB430F6C
:1030F00008BF16EB410F24BFC14305E016EB430F99
:103100000CBF61464CEA0551F0BD000001F00042E1
:103110008B1AA3F16051B1F5801F0ADBB1F17F6F0B
:103120001FD242EAC102C10071F1004142EB50706E
:1031300070470B15C3F10903212B10D2890241EA14
:10314000905180020128494141F0004121FA03F0E9
:10315000C3F12003994071F10041504170471000C4
:1031600070476FF0000013EB103F5CBF000E42EAA7
:10317000C050704780B500224FF40071DFF8C80BD3
:10318000FFF735FC00224FF400715FF09040FFF72D
:103190002EFC04F00FF9DFF8B40BDFF8B41B416329
:1031A000DFF8B01B421CC1F85821021DC1F8702184
:1031B00010F114020A62027A81F8252010F1180237
:1031C0008A63427A81F83D2010F10C02C1F8A021F7
:1031D000037A81F8A53110F12403C1F8B831037ADC
:1031E00081F8BD3110F12803C1F8D031037A81F89C
:1031F000D531C1F81822027A81F81D2210F1480257
:10320000C1F83022027A81F8352210F14C02C1F85F
:103210004822027A81F84D2210F11C02C1F8902256
:10322000027A81F8952210F12002C1F8A822427A90
:1032300081F8AD2210F12C02C1F8F022827A81F8D7
:10324000F52210F13002C1F80823827A81F80D23AB
:1032500010F13802C1F83823C27A81F83D2310F109
:103260003C02C1F85023C27A81F8552310F1400284
:10327000C1F86823C27A81F86D2310F14402C1F8C5
:103280008023C07A81F88503DFF8280B0068C1F835
:10329000C803DFF8240B0068C1F8F80301BD38B596
:1032A000002000242000C0B2072835DADFF80C5BCC
:1032B0002000C0B200012844407801282AD1200013
:1032C000C0B200012844406800280ED002F03AFF46
:1032D0002100C9B2090129444968401A2100C9B234
:1032E000090129448968884214D300202100C9B209
:1032F00009012944487002F025FF2100C9B20901E3
:10330000294448602000C0B22100C9B20901294403
:10331000C9688847641CC5E7002032BD38B5040081
:10332000DFF8A45A687800281FD100224FF40071FA
:10333000DFF8140AFFF75BFB00224FF400715FF027
:103340009040FFF754FB04F035F8892000902023CB
:1033500007220521DFF8740A04F084F80120687060
:103360000221DFF8580AFEF781FF012032BD7CB54B
:103370000400DFF85C5A2878002803D0022823D004
:1033800003D33DE004F0B6F93AE004F029FA8920CD
:103390000090202307220521DFF8300A04F062F8AC
:1033A000DFF8302A03212C2004F076F9DFF8282AF0
:1033B0000421082004F070F904F06FFA41F288301B
:1033C000DFF8F81988611BE00120DFF8FC1948706C
:1033D00089200090202307220521DFF8F00904F05E
:1033E00041F8DFF8D86902213000FEF73FFF0321E2
:1033F0003000FEF73BFF04213000FEF737FFFFE708
:103400002878401C28702100C9B2DFF8B009FEF707
:103410003CFF012076BD70B5040000F0BCF8DFF879
:10342000A8596878012803D1A87800F0EAFB04E0E5
:103430000021DFF88809FEF719FFDFF8A009A97855
:103440000278914207D0A9780170DFF894090068EA
:10345000DFF890190860A8780B2812D1DFF884698A
:103460004FF4FA61306800F0EDFC012809D1DFF873
:10347000700900683060062215F10801A81C00F0F0
:1034800089FD2100C9B2DFF83409FEF7FEFE0120F4
:1034900070BD10B50400DFF85019DFF8500900695D
:1034A00000F0D0FC012827D1DFF844090178012978
:1034B00005D1002101700020DFF80C198870DFF8B9
:1034C00034090188491C018042F21071DFF8EC28B0
:1034D0002300DBB21B011A449268B1FBF2F10288AF
:1034E0008A420DD300210180DFF8DC18887800289B
:1034F00006D00020887003E00120DFF8F41808707F
:103500002100C9B2DFF8B408FEF7BFFE012010BDEC
:1035100038B5040004F047FADFF8D058287A0128BB
:1035200008D10521DFF89408FEF7A0FEDFF8B00807
:10353000006828612100C9B2DFF88008FEF7A5FE07
:10354000012032BD10B5040004F014FADFF89C0825
:103550000021017000210172012010BD10B504008E
:1035600000224FF40051DFF8E007FFF740FA012096
:1035700010BD10B5040001224FF40051DFF8C80758
:10358000FFF735FADFF83408210089B28166062199
:10359000FEF77BFE10BD70B5DFF8B047DFF85808C6
:1035A000616B097850F82100DFF8A817C1F8D8023C
:1035B000DFF8480801786170DFF84418407851F866
:1035C00020006060207A01F043FD00EE100ADFF871
:1035D0003458B8EE400AD5ED010A20EE200ABDEEBF
:1035E000C00A84ED030A607A01F032FD00EE100A91
:1035F000B8EE400AD5ED020A20EE200ABDEEC00A60
:1036000084ED040A207A01F023FD00EE100AB8EEE2
:10361000400AD5ED030A20EE200ABDEEC00A84ED73
:10362000050A607A01F014FD00EE100AB8EE400AB7
:10363000D5ED040A20EE200ABDEEC00A84ED060A8C
:10364000207A01F005FD00EE100AB8EE400AD5ED33
:10365000050A20EE200ABDEEC00A84ED070A607A52
:1036600001F0F6FC00EE100AB8EE400AD5ED060AAD
:1036700020EE200ABDEEC00A84ED080AA07A01F00F
:10368000E7FC00EE100ADFF8C856B8EE400AD5EDA8
:10369000020A20EE200ABDEEC00A84ED0B0AA07AD1
:1036A00001F0D6FC00EE100AB8EE400AD5ED010A92
:1036B00020EE200ABDEEC00A84ED0C0A207A01F04B
:1036C000C7FC00EE100ADFF84057B8EE400AD5ED0F
:1036D000040A20EE200ABDEEC00A84ED090A207A11
:1036E00001F0B6FC00EE100AB8EE400AD5ED0D0A66
:1036F00020EE200ABDEEC00A84ED0A0AE07A01F04D
:10370000A7FC00EE100ADFF80467B8EE400AD6ED19
:10371000000A20EE200ABDEEC00A84ED0E0AE07A0F
:1037200001F096FC00EE100AB8EE400AD6ED010A50
:1037300020EE200ABDEEC00A84ED0F0AE07A01F007
:1037400087FC00EE100AB8EE400AD6ED020A20EE21
:10375000200ABDEEC00A84ED100AE07A01F078FC80
:1037600000EE100AB8EE400AD6ED030A20EE200A59
:10377000BDEEC00A84ED110A207A01F069FC00EE6A
:10378000100AB8EE400AD5ED070A20EE200ABDEE79
:10379000C00A84ED120A207A01F05AFC00EE100AE9
:1037A000B8EE400AD5ED0A0A20EE200ABDEEC00AA6
:1037B00084ED130A70BD2DE9F84F8AB00600202170
:1037C000002202AC2000FEF77BFD00240025002033
:1037D0008DF8050000208DF806001827DFF87485A5
:1037E0003000C0B27843404490F815903000C0B229
:1037F000784340444068002842D001213000C0B2E4
:1038000000F0A9F900280ED13000C0B2784340443E
:1038100042683000C0B278434044017D4846C0B29F
:1038200003F03AFF1EE05FF0000A3000C0B27843B8
:103830004044406806F0CEF85146C9B2814207D2F2
:10384000202002A95246D2B288541AF1010AECE7AC
:1038500002AA3000C0B278434044017D4846C0B25D
:1038600003F01AFF3000C0B278434044406806F0CD
:10387000B1F8DFF89C150979491C484310FA89F919
:103880003000C0B2784340448068002800F03A819C
:103890003000C0B278434044007B00280BD002289F
:1038A0001ED012D3042830D024D3062845D036D3D6
:1038B00007283ED044E03000C0B2784340448068DE
:1038C0000078002104000D003AE03000C0B27843D7
:1038D0004044806890F90000C11704000D002FE0FB
:1038E0003000C0B278434044806800880021040062
:1038F0000D0025E03000C0B2784340448068B0F944
:103900000000C11704000D001AE03000C0B2784377
:10391000404480680068002104000D0010E0300081
:10392000C0B27843404480680068C11704000D00AD
:1039300006E001208DF8050002E002208DF8050068
:103940009DF8050000280CD13000C0B278434044F7
:10395000407B40420200D2B202A9200000F08AFA65
:1039600026E09DF8050001281AD13000C0B2784346
:103970004044806806F02EF8202819D23000C0B2EA
:1039800078434044806806F025F8020092B2300087
:10399000C0B278434044816802A800F0FBFA07E017
:1039A0003000C0B278434044806800788DF8080049
:1039B00002213000C0B200F0CEF8012823D130003F
:1039C000C0B278434044807DC0B200098DF8060043
:1039D0009DF806000F2805D0202002A99DF806209A
:1039E000885410E05FF0000A02A805F0F3FF51468A
:1039F000C9B2814207D2202002A95246D2B28854CD
:103A00001AF1010AF0E73000C0B201285ED15FF080
:103A1000000A00208DF804003000C0B27843404412
:103A2000407B002802D009208DF804003920009046
:103A30002E2315220F21DFF8DC0305F0E7FF02A893
:103A400005F0C8FF8346DFF8C8030079401C00FB7F
:103A50000BFB5846C0B2022190FBF1F01F280BDA95
:103A60005846C0B2022190FBF1F0D0F140009DF821
:103A7000041050FA81FA07E05846C0B2D0F15F0056
:103A80009DF8041050FA81FA02AA3000C0B27843BF
:103A90004044007D401CC0B2DFF874134979D1EB7B
:103AA000C001491EC9B25046C0B206F059F95AFACF
:103AB0008BF09DF80490B0EB090989200090202339
:103AC00007220521C14803F0CDFC1BE089200090AE
:103AD000202307220521BD4803F0C4FC02AA3000C0
:103AE000C0B278434044017D4846C0B203F0D4FDE3
:103AF00002A805F06FFFC6490979491C484310FA2E
:103B000089F081463000C0B2784340440069002803
:103B10001ED03000C0B2784340448068002817D0DF
:103B20003000C0B2784340448068BB4988420FD01F
:103B30003000C0B27843404402693000C0B207FB95
:103B400000F708EB0700017D4846C0B203F0A4FD72
:103B50000BB0BDE8F08FF8B504000D007D492200E0
:103B6000D2B21820424301EB0200817D2800C0B28E
:103B700001402800C0B281422FD1B426A74F4FF494
:103B800096712800C0B2704338442200D2B250F877
:103B9000220000F057F901282AD12800C0B206FB04
:103BA00000F607EB06002100C9B28D4A126840F802
:103BB00021202D209A492A00D2B242430A442300F0
:103BC000DBB22E00F6B200FB06F008442100C9B2B9
:103BD000405CD0F10100D0540AE091492A00D2B2F1
:103BE0002D20424301EB02002100C9B200224254C1
:103BF0008B49EDB22D20454301EB0500E4B2005D99
:103C0000F2BD70B50400002603F0EAFD00F077F87D
:103C10002000C0B200F07DF82000C0B200F09CF897
:103C20000025280080B22D2811DA4A492A0092B2D4
:103C30001820424301EB0200C07D2100C9B2884236
:103C400003D12800C0B2FFF7B6FD6D1CE9E703F011
:103C500024FE70BDF0B44271C47803792500EDB242
:103C6000AB420AD3F0253B4E2700FFB218235F4337
:103C700006EB07039D75641CEFE71823354C857828
:103C80005D4325444679AE75002904D0857803FB51
:103C900005F323449960F0BC70472DE9F84F070005
:103CA000884691469A460A9E0B9DDDF830B00D9CE1
:103CB00087F8008087F8019087F802A0FE703D71B8
:103CC0002200D2B259463800FFF7C4FFBDE8F18F99
:103CD00010B4010000221000C0B204280CD2100061
:103CE000C0B2085C4F4B1400E4B21B5D984201D097
:103CF000002002E0521CEEE7012010BC704780B5A6
:103D00000120009008237F220821002006F0ACF853
:103D100001BD10B504002000C0B2002812D13948FE
:103D20000078002807D126A20A4890F8441078208D
:103D300003F0B2FC06E023A2064890F84410782075
:103D400003F0AAFC10BD0000000800487C00002021
:103D500068290020300100200100C9B20A2924D1BD
:103D600031490978002906D002290ED008D3042948
:103D700015D00FD318E02D492D4AC2F8101418E0C1
:103D80002C492B4AC2F8101413E02B49284AC2F8D8
:103D900010140EE02949264AC2F8101409E02849F7
:103DA000234AC2F8101404E003E02049204AC2F874
:103DB0001014704700060020CC0000200C000020EA
:103DC000200000004E0000003C29002030FF0008C9
:103DD000D9290020180A0108F8050108DA2900206D
:103DE000B82900209029002080EE3600F428002019
:103DF000DB290020CC29002028010020C40C002051
:103E00003C0700208C280020D82700204C290020C7
:103E10005C29002008FD0008C60C00207C19002049
:103E200098210020D40000207C000020D800002031
:103E300030010020E8000020F800002008010020E8
:103E40001801002038B504000D00DFF8FC010168FE
:103E5000200000F006F8A84201D3012000E0002075
:103E600032BD814204D25FF0FF32101A081800E020
:103E7000081A704738B52DED048B08EE100A0C00B7
:103E80001500DFED438A2800C0B2FB2810DBB8EE36
:103E9000C89A2800C0B24042C0B200F08BF829EEA8
:103EA000009A00212000B0EE490A00F0B1F80EE0BF
:103EB000B8EEC89A2800C0B200F07CF889EE009AEB
:103EC0002900C9B22000B0EE490A00F0A1F8BDEC0B
:103ED000048B31BD10B400210A00838892B29A424B
:103EE00006D2002203680C00A4B21A55491CF3E75D
:103EF0000022828010BC704710B4040013005A1EC8
:103F00009BB2002B02D02170641CF7E710BC7047F5
:103F100070B504000D001600DFF8240100782100C0
:103F2000C9B2884209D3DFF824211068002804D0E0
:103F3000310089B228001268904770BD38B504007E
:103F40000D00280005F046FD020092B22900200075
:103F5000C0B2FFF7DDFF31BD70B504000D002800D1
:103F600005F038FD020092B229002000C0B2FFF730
:103F7000CFFFDFF8DC603068002807D0280005F0AC
:103F800029FD010089B228003268904770BD000009
:103F90000000000030B404000D0013005A1E9BB254
:103FA000002B04D02B7823706D1C641CF5E730BC0B
:103FB0007047000010B504002000C0B2FB2816DBDB
:103FC0002000C0B2D0F5807005F0E8FF41EC110B85
:103FD0009FED200BFEF76DFF53EC102B00201949CD
:103FE000FEF770FFFFF792F800EE100A0FE02000D6
:103FF000C0B2FEF749FF41EC110B9FED160BFEF727
:1040000058FF51EC100BFFF781F800EE100A10BDBD
:1040100038B52DED028B82B0B0EE408A04000D0061
:1040200018EE100AFEF70CFFCDE900012A000B493B
:10403000200005F0C5FF02B0BDEC028B31BD0000D1
:10404000C80C00200000F03FB8290020C029002043
:10405000BC2900200000000000002440EC0C0108F6
:1040600070B5040002F06EF80500260016F1010F8D
:1040700002D004480078361802F064F8401BB042C1
:10408000FAD370BDC70C002010B50400002C01D17C
:10409000012035E0A0690028FFD1E06F002805D19C
:1040A000002084F878002000FEF71AFD2420E06745
:1040B000206800684008400021680860606A0028A5
:1040C00002D0200000F0DEFB200000F05FFA0128A3
:1040D00001D1012014E02068406830F4904021684C
:1040E00048602068806830F02A0021688860206875
:1040F000006850F0010021680860200000F02FFCEB
:1041000010BD2DE9FC4706000D0017009846F06F22
:10411000202859D1002D03D0380080B2002801D1C9
:10412000012052E00020C6F884002120F06702F050
:1041300009F88146A6F85070A6F85270B068B0F53C
:10414000805F05D13069002802D10024AA4602E030
:104150002C005FF0000AB6F85200002822D0CDF8FB
:1041600000804B4600228021300000F061FC0028D6
:1041700003D02020F067032027E0002C08D1BAF8F4
:104180000000C005C00D316808851AF1020A03E07D
:10419000207831680885641CB6F85200401EA6F8E5
:1041A0005200D8E7CDF800804B4600224021300075
:1041B00000F03EFC002803D02020F067032004E03C
:1041C0002020F067002000E00220BDE8F68770B5EF
:1041D00005000C001600D5F88000202824D1002C02
:1041E00003D0300080B2002801D101201DE0002062
:1041F00028662868DFF8901388420ED02868406847
:1042000000020AD5286850E8000F50F080600100D5
:104210002A6842E800100028F4D1320092B221004E
:10422000280000F054FC00E0022070BD2DE9F047AA
:1042300006003068C7693068D0F800803068D0F870
:10424000089040F60F043C40002C0BD1B80609D56D
:104250005FEA886006D5B06E002802D03000B16EEB
:1042600088478FE1002C00F0AA805FEAC97005D46E
:10427000DFF8080618EA000F00F0A18017F001002F
:10428000C0B200280BD05FEAC85008D501203168C1
:104290000862D6F8840050F00100C6F88400B80720
:1042A0000DD519F00100C0B2002808D002203168F5
:1042B0000862D6F8840050F00400C6F8840078073D
:1042C0000DD519F00100C0B2002808D004203168D3
:1042D0000862D6F8840050F00200C6F8840038075F
:1042E00010D55FEA886004D419F00100C0B200283C
:1042F00008D0082031680862D6F8840050F0080021
:10430000C6F8840038050CD55FEA481009D54FF48B
:10431000006031680862D6F8840050F02000C6F8CA
:104320008400D6F88400002848D0B80608D55FEA93
:10433000886005D5B06E002802D03000B16E884785
:10434000D6F88400050030688068400602D415F075
:10435000280F2DD0300000F09EFC306880684006A9
:1043600022D53068083050E8000F30F040000100DE
:10437000306810F1080242E800100028F1D1706F97
:1043800000280DD0DFF8F804716F8863706F02F0B9
:104390000FFB002812D0706F716F896B88470DE09A
:1043A000300005F067FE09E0300005F063FE05E02F
:1043B000300005F05FFE0020C6F88400E2E0306EB9
:1043C000012840F0BD80F80640F1BA805FEAC8607D
:1043D00040F1B6801020316808623068806840067D
:1043E0006DD5706F0068D0F804A0504680B20028E8
:1043F00052D05046B6F8581080B288424CD2A6F837
:104400005AA0706F00680068800639D4306850E8A0
:10441000000F30F480700100326842E8001000287C
:10442000F4D13068083050E8000F40084000010027
:10443000306810F1080242E800100028F1D130681D
:10444000083050E8000F30F040000100306810F1F3
:10445000080242E800100028F1D12020C6F88000B0
:1044600000203066306850E8000F30F01000010086
:10447000326842E800100028F4D1706F02F06EFA42
:1044800002207066B6F85810B6F85A00091A89B2B8
:10449000300005F0D0FD11E05046B6F8581080B25B
:1044A00088420BD1706F00680068800606D5022034
:1044B0007066B6F85810300005F0BDFD62E0B6F841
:1044C0005800B6F85AA0B0EB0A0AB6F85A0000280D
:1044D00035D0504680B2002831D0306850E8000F07
:1044E00030F490700100326842E800100028F4D1E6
:1044F0003068083050E8000F400840000100306884
:1045000010F1080242E800100028F1D12020C6F87E
:104510008000002030660020B066306850E8000F50
:1045200030F010000100326842E800100028F4D199
:1045300002207066514689B2300005F07CFD21E012
:10454000F8020AD55FEA492007D55FF48010316888
:104550000862300005F020FE14E0380609D55FEA55
:10456000086006D5F06E002802D03000F16E884752
:1045700008E0780606D55FEA486003D5300000F011
:1045800054FCFFE7BDE8F087008000402DE9F047CC
:1045900004000026DFF8A81920688842FFD0A2682E
:1045A0002069024360690243E069024320680368AE
:1045B000DFF89009034013432068036020684368D4
:1045C00033F44053E068034320684360D4F8188014
:1045D0002068884202D0206A50EA08082068806873
:1045E00030F4306058EA0000226890602068DFF8FC
:1045F000482A904216D1DFF8440A006810F0030000
:10460000002805D0022805D006D3032806D007E0ED
:10461000012760E002275EE004275CE008275AE0FB
:10462000102758E02068DFF8182A904217D1DFF8E9
:104630000C0A006810F00C00002806D0042808D0EE
:10464000082804D00C2806D007E0002743E0022702
:1046500041E004273FE008273DE010273BE02068C9
:10466000DFF8E029904217D1DFF8D009006810F098
:104670003000002806D0102808D0202804D0302888
:1046800006D007E0002726E0022724E0042722E0E6
:10469000082720E010271EE0206888421AD1DFF8A2
:1046A0009C09006810F44060002809D0B0F5806FC4
:1046B0000AD0B0F5006F05D0B0F5406F06D007E026
:1046C000002708E0022706E0042704E0082702E0AC
:1046D000102700E010272068884246D13800C0B279
:1046E000002806D0022808D0042809D008280BD0BA
:1046F0000DE006F0C1F981460DE0DFF84C990AE0C3
:1047000006F04DF9814606E04FF4004903E05FF002
:10471000000901200600B9F1000F00F0A5806168D2
:1047200003204143894505D361684FF480504143DC
:10473000494502D20120060096E04FF4807260687D
:1047400040080021E2FB09016268002306F024FA18
:104750000500B5F5407F05D3B5F5801F02D220686E
:10476000C56081E0012006007EE0E069B0F5004F01
:1047700041D13800C0B2002808D001280AD0022850
:104780000CD004280DD008280FD011E006F074F9E1
:10479000814611E006F07DF981460DE0DFF8A8982A
:1047A0000AE006F0FCF8814606E04FF4004903E019
:1047B0005FF0000901200600B9F1000F54D06068D5
:1047C000400810EB49006168B0FBF1F00500102DC6
:1047D0000ED3B5F5803F0BD24FF6F0712940C5F3EB
:1047E000420001438A46504680B22168C8603BE0DF
:1047F0000120060038E03800C0B2002808D00128A7
:104800000AD002280CD004280DD008280FD011E0BF
:1048100006F032F9814611E006F03BF981460DE0E1
:10482000DFF824980AE006F0BAF8814606E04FF473
:10483000004903E05FF0000901200600B9F1000F14
:1048400012D0606819EB50006168B0FBF1F0050010
:10485000102D07D3B5F5803F04D2280080B221681F
:10486000C86001E0012006000020A0660020E0668C
:104870003000C0B2BDE8F087000000002001000455
:10488000114E000890F82410090707D501684A68FE
:1048900032F40042416B0A4301684A6090F82410E8
:1048A000C90707D501684A6832F40032816A0A43B1
:1048B00001684A6090F82410890707D501684A68A2
:1048C00032F48032C16A0A4301684A6090F82410C9
:1048D000490707D501684A6832F48022016B0A4310
:1048E00001684A6090F82410C90607D501688A68F3
:1048F00032F48052816B0A4301688A6090F8241078
:10490000890607D501688A6832F40052C16B0A43F0
:1049100001688A6090F82410490613D501684A6836
:1049200032F48012016C0A4301684A60016CB1F5EF
:10493000801F07D101684A6832F4C002416C0A4303
:1049400001684A6090F82410090607D501684A6892
:1049500032F40022816C0A4301684A60704738B51E
:1049600004000020C4F8840001F0ECFB050020687E
:10497000006800071DD57FF07E4000902B000022CC
:104980005FF40011200000F053F8002811D02068D7
:1049900050E8000F30F080000100226842E800106B
:1049A0000028F4D12020E067002084F8780003205C
:1049B0003DE02068006840072CD57FF07E400090E5
:1049C0002B0000225FF48001200000F031F8002865
:1049D00020D0206850E8000F30F490700100226869
:1049E00042E800100028F4D12068083050E8000F99
:1049F000400840000100206810F1080242E8001061
:104A00000028F1D12020C4F88000002084F878002C
:104A100003200CE02020E0672020C4F88000002064
:104A2000206600206066002084F87800002032BDF7
:104A30002DE9F04105000E0090461F00069C2868F5
:104A4000C0693040B04201D1012000E00020414661
:104A5000C9B2884238D114F1010FF0D001F072FBD5
:104A6000C01B844201D3002C01D103202DE0286813
:104A700000684007E3D5802EE1D0402EDFD02868C3
:104A8000C06900070DD5082029680862280000F0D9
:104A900002F90820C5F88400002085F8780001207C
:104AA00013E02868C0690005C9D54FF40060296883
:104AB0000862280000F0EFF82020C5F884000020EC
:104AC00085F87800032000E00020BDE8F08130B4D4
:104AD00003005965A3F85820A3F85A2000209866CF
:104AE0009868B0F5805F0BD11869002804D140F2B6
:104AF000FF10A3F85C0023E0FF20A3F85C001FE098
:104B0000986800280AD11869002803D1FF20A3F86B
:104B10005C0015E07F20A3F85C0011E09868B0F11C
:104B2000805F0AD11869002803D17F20A3F85C00B8
:104B300006E03F20A3F85C0002E00020A3F85C0040
:104B40000020C3F884002220C3F8800018680830D1
:104B500050E8000F50F001000400186810F108053B
:104B600045E800400028F1D19868B0F5805F06D193
:104B70001869002803D10FF2D130986602E00FF2D5
:104B8000D5209866186900280BD0186850E8000FE7
:104B900050F4907004001D6845E800400028F4D1EE
:104BA0000AE0186850E8000F50F0200004001D686B
:104BB00045E800400028F4D1002030BC704770B5B3
:104BC00004000D0016006565A4F858600020C4F8C4
:104BD00084002220C4F88000606F002821D00FF2EA
:104BE0001510616FC8620FF2B110616F08630FF2A8
:104BF000D110616F48630020616F886333009BB2FE
:104C0000626D206810F12401606F01F05BFE0028E6
:104C100007D01020C4F884002020C4F880000120B0
:104C20002AE0206900280AD0206850E8000F50F4DC
:104C300080700100226842E800100028F4D120684A
:104C4000083050E8000F50F001000100206810F11A
:104C5000080242E800100028F1D12068083050E82E
:104C6000000F50F040000100206810F1080242E8F7
:104C700000100028F1D1002070BD016851E8001F2C
:104C800031F0C0010A00036843E800210029F4D193
:104C90002021C1677047016851E8001F31F490710D
:104CA0000A00036843E800210029F4D101680831B3
:104CB00051E8001F490849000A00016811F1080382
:104CC00043E800210029F1D1016E01290AD10168D0
:104CD00051E8001F31F010010A00036843E8002189
:104CE0000029F4D12021C0F88010002101660021A4
:104CF0008166704738B50400A56A206800688006A0
:104D00003AD40020A5F85A00286850E8000F30F483
:104D1000807001002A6842E800100028F4D1286859
:104D2000083050E8000F400840000100286810F1EA
:104D3000080242E800100028F1D12868083050E845
:104D4000000F30F040000100286810F1080242E82E
:104D500000100028F1D12020C5F88000286E01281D
:104D60000AD1286850E8000F30F0100001002A68CE
:104D700042E800100028F4D100206866286E01285F
:104D800005D1B5F85810280005F055F902E02800C3
:104D900005F036F931BD000038B50400A56A0120E0
:104DA0006866286E012807D1B5F85810490889B2FD
:104DB000280005F040F902E0280006F005F831BDB2
:104DC000F8B50400A56AEE6FD5F880702868806891
:104DD000000607D5212E05D10020A5F85200280095
:104DE000FFF74BFF28688068400607D5222F05D1C2
:104DF0000020A5F85A002800FFF74DFFD5F88400E1
:104E000050F01000C5F88400280005F033F9F1BD1A
:104E100038B50400A56A0020A5F85A000020A5F8BE
:104E20005200280005F026F931BD10B504002068B5
:104E300050E8000F30F040000100226842E8001006
:104E40000028F4D12020E0670020E066200005F073
:104E5000BCFF10BD70B50500B5F85C60D5F88000EA
:104E6000222866D12868808C040016EA0400696D47
:104E70000870686D401C6865B5F85A00401EA5F8BA
:104E80005A00B5F85A00002859D1286850E8000F98
:104E900030F4907001002A6842E800100028F4D134
:104EA0002868083050E8000F4008400001002868DA
:104EB00010F1080242E800100028F1D12020C5F8C6
:104EC00080000020A8660020686628681C49884287
:104ED0000ED02868406800020AD5286850E8000F04
:104EE00030F0806001002A6842E800100028F4D108
:104EF000286E012819D100202866286850E8000F84
:104F000030F0100001002A6842E800100028F4D1B7
:104F10002868C069C00602D5102029680862B5F863
:104F20005810280005F087F809E0280005F068F817
:104F300005E02868008B50F008002968088370BDE0
:104F400000800040F369FFEFF8B50500B5F85C702C
:104F5000D5F88000222867D12868808C0400686D0D
:104F6000060017EA04003080686D801C6865B5F89B
:104F70005A00401EA5F85A00B5F85A00002859D129
:104F8000286850E8000F30F4907001002A6842E869
:104F900000100028F4D12868083050E8000F4008BD
:104FA00040000100286810F1080242E800100028C3
:104FB000F1D12020C5F880000020A8660020686696
:104FC0002868224988420ED02868406800020AD525
:104FD000286850E8000F30F0806001002A6842E83D
:104FE00000100028F4D1286E012819D1002028666D
:104FF000286850E8000F30F0100001002A6842E8ED
:1050000000100028F4D12868C069C00602D510201D
:1050100029680862B5F85810280005F00CF809E076
:10502000280004F0EDFF05E02868008B50F0080030
:1050300029680883F1BD0000003801408810024053
:1050400000440040004800400024F400008000407C
:1050500001000800C0B2002801D1012021E00800B1
:10506000C0B2FF2801D10A201BE00800C0B2FE2810
:1050700001D1642015E00800C0B2FD2802D14FF430
:105080007A700EE00800C0B2FC2802D142F2107023
:1050900007E00800C0B2FB2802D1DFF8980300E067
:1050A000012070472DE9F24F8246934600200021EF
:1050B0000A260027B046B946009A1588BBF1000FB2
:1050C00008D5DBF100042D202A0092B20AF8020074
:1050D0006D1C00E05C462000002142464B4605F076
:1050E0005BFD002901D1002808D0A6FB080106FBC2
:1050F000091107FB081180468946ECE740464946FE
:105100000A22002305F048FD06000F00002F01D100
:10511000002E28D02000002132003B0005F03CFD8D
:105120003030290089B20AF801006D1CA0465FF0FA
:1051300000092000002132003B0005F02DFDA6FBF8
:10514000002306FB013307FB0033B8EB020079EBC9
:1051500003010400300039000A22002305F01CFD81
:1051600006000F00D2E7009805802800C0B2BDE815
:10517000F28F2DE9FE4F06000F0090460020ADF89B
:1051800000000020002400215FF0000BB7F8009021
:10519000B8F1000F02D5D8F1000500E045464246BF
:1051A00039003000FFF77EFFB7F800A0002D4FD088
:1051B0009DF80800FFF74CFF01008D4205D20A2040
:1051C00045431BF1010B002DF7D15846C0B2002812
:1051D00021D050460200D2B2324412F8012C2D2ABE
:1051E00006D00200D2B24B4692B29BB29A4208D18C
:1051F00030220300DBB2F2541AF1010ABBF1010BB9
:10520000E3E70200D2B2324412F8012C0300DBB211
:10521000F254401EDEE70A20B1FBF0F4504683460C
:10522000002C15D00A20B4FBF0F45846C0B230442C
:1052300010F8010C5946C9B27054BBF1010B002C97
:10524000EED12E205946C9B270541AF1010AE7E78F
:10525000A7F800A05046C0B2BDE8FE8FF0B4049C91
:1052600000252E00B6B2A6420BD20E88771C0F8006
:105270002F00BFB217FA83F7D75DB6B287556D1C02
:10528000EFE7F0BC704700002DE9F34F81B02DED42
:10529000028B9FED658A002401250026F7EE008A27
:1052A00000273800C0B2202864DA0398F84010F0D4
:1052B000010004003800C0B2172829DA18EE900A5D
:1052C000FDF7BEFD82468B462000C0B2FDF7DCFD37
:1052D000804689463800C0B2D0F117005FF0FF3138
:1052E000484304F05BFE41EC110B9FED500BFDF7C2
:1052F000E0FD51EC100B42464B4605F067FD52466F
:105300005B4605F035FEFDF701FF08EE900A2FE041
:105310003800C0B21F2824DA3000C0B2FDF7B4FD57
:1053200082468B462000C0B2FDF7AEFD804689461E
:105330003800C0B2173804F031FE41EC110B9FED7C
:105340003B0BFDF7B6FD51EC100B42464B4605F00A
:105350003DFD52465B4605F00BFE05F0C7FE06001C
:1053600006E02000C0B2012802D15FF0FF30050046
:105370007F1C96E7280040B204F010FE8046894664
:105380003000C0B27F3804F009FE41EC110B9FEDF4
:10539000270BFDF78EFD51EC100B42464B4605F0F6
:1053A00015FD8046894618EE900AFDF749FD4246F4
:1053B0004B4605F00BFDFDF7A9FE00EE100A049820
:1053C00080ED000ABDEC028BBDE8F78F70B40300DE
:1053D00000220024002000252A000E00D2B2F6B2DE
:1053E000B2421FD22A00D2B29A5C302A0ADB2A00CB
:1053F000D2B29A5C3A2A05DA2A00D2B29A5C303AE2
:10540000140001E0002214002A00D2B2002A03D1C5
:105410002200D2B2100003E00A22504350FA84F076
:105420006D1CD9E770BC7047000000000000000050
:1054300000000040A086010010B42DED010A0020FC
:105440006A460023042B07D2D45C1900C9B2C900F4
:105450008C4020435B1CF5E712BC70472DE9F74FE9
:1054600082B000265FF0000A5FF0000B54465D46F4
:10547000002000900127DDF80C80DDF808900498EA
:1054800010F0070F2BD10498C008002182468B46EC
:1054900005F0A2FE4FF47A7005F0B6FE002006007B
:1054A000300080B20021594517D801D3504514D29D
:1054B000D8E9000104000D0022002B00494600201D
:1054C00005F032FE07003800C0B2012805D019F1FE
:1054D000080918F10808761CE2E705F08EFE38008E
:1054E000C0B205B0BDE8F08F70B50400012505F02D
:1054F00073FE06004FF47A7005F086FE3000C0B2ED
:1055000000280FD1C4F3CC20B0F5807F05D2012153
:10551000C4F3CC2005F0E4FE04E00121C4F3CC2068
:1055200005F0DEFE4FF47A7005F06EFE05000548CA
:10553000016831F00201016005F05FFE2800C0B291
:1055400070BD0000142002402DE9F041C0B00400FD
:105550000D00160000274FF480710022E8464046F7
:10556000FCF7AEFE2000FFF7BFFFA5208DF800007E
:1055700030008DF801005FF000084046310080B235
:1055800089B288420AD2404680B2285C69464246C7
:1055900092B21144887018F10108EEE7B61C300091
:1055A00080B20821B6B20836361A90FBF1F001FB42
:1055B0000066320092B269462000FFF74FFF0028D4
:1055C00001D0002000E0012040B0BDE8F0810000E3
:1055D00002000020704730B40200DFF8900A002378
:1055E00004688588635583885B1C8380DFF8803A74
:1055F0001B7804688588635583885B1C8380012041
:1056000030BC7047F8B504000D00002000212E00CA
:1056100022683300DBB2D25C23683700FFB23B4420
:105620005F7857EA02273A0092B2B2F5807F23DA18
:10563000380080B200281FD0DFF8300A216832001D
:10564000D2B2895C02688388D1548188491C8180E8
:1056500021683200D2B21144497802688388D1545B
:105660008188491C8180DFF8080A41783800C0B27F
:1056700000F003FB012000E00020F2BD30B4020086
:10568000DFF8E809002304688588635583885B1C7C
:105690008380DFF8DC395B7804688588635583880C
:1056A0005B1C8380012030BC7047F8B504000D00FE
:1056B000002000212E0022683300DBB2D25C236878
:1056C0003700FFB23B445F7857EA02273A0092B2B4
:1056D0000B2A1FDADFF8940921683200D2B2895C04
:1056E00002688388D1548188491C818021683200F6
:1056F000D2B21144497802688388D1548188491C08
:1057000081803900C9B2DFF86809007800F0B5FA85
:10571000012000E00020F2BDF8B504000D000026D5
:10572000DFF8500990ED030AFFF786FE0100DFF86D
:105730003C090A00120A03688788DA558288521CDD
:10574000828002688388D1548288521C82800A0039
:10575000120E03688788DA558288521C82800A00FC
:10576000120C03688788DA558288521C82800120D7
:10577000F2BDF8B504000D000026DFF8F80890ED42
:10578000040AFFF759FE0100DFF8E0080A00120AD8
:1057900003688788DA558288521C82800268838871
:1057A000D1548288521C82800A00120E03688788B6
:1057B000DA558288521C82800A00120C036887889E
:1057C000DA558288521C82800120F2BDF8B50400AF
:1057D0000D0000269FEDA30AFFF72EFE0100DFF863
:1057E0008C080A00120A03688788DA558288521CDE
:1057F000828002688388D1548288521C82800A0089
:10580000120E03688788DA558288521C82800A004B
:10581000120C03688788DA558288521C8280012026
:10582000F2BD0000F8B504000D0000269FED8D0AC2
:10583000FFF702FE0100DFF834080A00120A0368CD
:105840008788DA558288521C828002688388D15406
:105850008288521C82800A00120E03688788DA55FB
:105860008288521C82800A00120C03688788DA55ED
:105870008288521C82800120F2BD30B40200DFF821
:10588000EC07002304688588635583885B1C83804C
:10589000DFF8E03793F824300468858863558388FF
:1058A0005B1C8380012030BC704730B40200DFF8FD
:1058B000BC07002304688588635583885B1C83804C
:1058C000DFF8B03793F825300468858863558388FE
:1058D0005B1C8380012030BC704730B40200DFF8CD
:1058E0008C07002304688588635583885B1C83804C
:1058F000DFF8803793F826300468858863558388FD
:105900005B1C8380012030BC704730B40200DFF89C
:105910005C07002304688588635583885B1C83804B
:10592000002304688588635583885B1C838001207D
:1059300030BC704730B40200DFF830070023046841
:105940008588635583885B1C838000230468858871
:10595000635583885B1C8380012030BC704730B462
:105960000200DFF8080700230468858863558388F0
:105970005B1C8380DFF800371B78046885886355DB
:1059800083885B1C8380012030BC7047F8B504001D
:105990000D00002000212E0022683300DBB2D25C13
:1059A00023683700FFB23B445F7857EA02273A008A
:1059B00092B2012A03D0380080B2002822D1DFF849
:1059C000AC0621683200D2B2895C02688388D15467
:1059D0008188491C818021683200D2B21144497803
:1059E00002688388D1548188491C8180DFF8880649
:1059F000D0ED020A90ED010A3800C0B2FBF7B4FB0B
:105A0000012000E00020F2BDF8B504000D000026E2
:105A1000DFF8640690ED020AFFF70EFD0100DFF8E3
:105A20004C060A00120A03688788DA558288521CDD
:105A3000828002688388D1548288521C82800A0046
:105A4000120E03688788DA558288521C82800A0009
:105A5000120C03688788DA558288521C82800120E4
:105A6000F2BD0000000000002DE9F84304000D0025
:105A70000026002000900027A84620684146C9B2B1
:105A80000844817820684246D2B21044C07850EA77
:105A9000012021684246D2B2895C22684346DBB2CB
:105AA0001A4492F8019059EA012959EA0049DFF8AD
:105AB000BC0521684246D2B2895C02688388D15411
:105AC0008188491C818021684246D2B211444978BC
:105AD00002688388D1548188491C818021684246AC
:105AE000D2B21144897802688388D1548188491CD4
:105AF000818021684246D2B21144C9780268838805
:105B0000D1548188491C818069464846FFF7BCFB17
:105B1000DFF86405DDED000A90ED010A0078FBF77F
:105B200023FB0120BDE8F283F8B504000D00002638
:105B3000DFF8440590ED010AFFF77EFC0100DFF875
:105B40002C050A00120A03688788DA558288521CDD
:105B5000828002688388D1548288521C82800A0025
:105B6000120E03688788DA558288521C82800A00E8
:105B7000120C03688788DA558288521C82800120C3
:105B8000F2BD2DE9F84304000D000026002000902E
:105B90000027A84620684146C9B208448178206899
:105BA0004246D2B21044C07850EA012021684246F1
:105BB000D2B2895C22684346DBB21A4492F8019063
:105BC00059EA012959EA0049DFF8A0042168424650
:105BD000D2B2895C02688388D1548188491C818053
:105BE00021684246D2B21144497802688388D15470
:105BF0008188491C818021684246D2B2114489784B
:105C000002688388D1548188491C8180216842467A
:105C1000D2B21144C97802688388D1548188491C62
:105C2000818069464846FFF72FFBDFF84C04D0ED32
:105C3000020A9DED000A0078FBF796FA0120BDE804
:105C4000F28370B504000D00DFF8306401222021DA
:105C50003000FCF7CCFE0A20FEF702FA4FF47A730C
:105C60002A0092B22100DFF81804FEF74AFA002257
:105C700020213000FCF7BBFE70BD7CB504000D0098
:105C8000082100226E463000FCF71AFB0026DFF8E0
:105C9000E00304704570694602783300DBB2CA54F1
:105CA000761C40783200D2B28854761C3200D2B2D0
:105CB00092B26946DFF8CC03FFF746FC73BDDFF80C
:105CC000C4030078C0B2FF280AD0DFF8A403DFF8CD
:105CD000B81309780170DFF8B4130978417005E052
:105CE000DFF88C03062101700321417070472DE914
:105CF000F04F87B0040000275FF000085FF0000954
:105D00000025DFF88C23D2E90001CDE9020100264D
:105D1000DFF88023D2E90001CDE90401DFF84CA3CC
:105D20005046FEF7D7F8A0880828C0F29B8120686B
:105D3000A188084410F8010C2168A288114411F8C8
:105D4000021C51EA0021ADF81810A188891E2068B4
:105D5000FCF7E9FAADF81A00BDF81A00BDF8181002
:105D6000884240F07D8120680078C14909788842E6
:105D700040F07681206880782168CF7857EA002744
:105D800020684078032805D006286CD0102800F041
:105D9000C38061E1206800792168497951EA0021D6
:105DA0000D005FF001084046C0B20F2836DA5FF000
:105DB0001409DFF8E4B24046C0B209FB00F05844D1
:105DC0004068390089B2884225D1280080B2414616
:105DD000C9B209FB01F15944896888421BDB0021E3
:105DE00000204246D2B209FB02F25A44D2689047E0
:105DF00001280FD14046C0B209FB00F0584480682A
:105E00002D1A4046C0B209FB00F90BEB090080686F
:105E1000C71900E002E018F10108C4E7BAF804006D
:105E200000281FD0BAF80400022190FBF1F201FB18
:105E30001200002816D1DAF800000190BAF8040028
:105E4000022190FBF1F080B200903B009BB2032254
:105E50002068017804A8FCF746FBBDF814100498EC
:105E6000FFF7EFFEFAE004200100C9B2A288921EFB
:105E700091420EDA21680200D2B2895C029ABDF822
:105E80000C30D154BDF80C10491CADF80C10401C5E
:105E9000EAE75FF001084046C0B20F2817DA142283
:105EA0007D4B4046C0B2504318444068390089B227
:105EB000884209D1002102A8C4465FFA8CFC02FB8B
:105EC0000CF21A441269904718F10108E3E7BAF896
:105ED000040000281FD0BAF80400022190FBF1F260
:105EE00001FB1200002816D1DAF800000190BAF880
:105EF0000400022190FBF1F080B200903B009BB2C5
:105F000006222068017804A8FCF73EFBBDF81410B7
:105F10000498FFF796FEA1E00020060020680079B3
:105F20002168497951EA00210D0007200100C9B21A
:105F3000A288921E91420EDA21680200D2B2895CD8
:105F4000029ABDF80C30D154BDF80C10491CADF8C4
:105F50000C10401CEAE7280080B2400021688979D3
:105F600088424DD1BDF80C002168897989B28842F8
:105F700046D15FF001084046C0B20F2840DA5FF01A
:105F80001409DFF814B14046C0B209FB00F05844D0
:105F90004068390089B288422FD1280080B241463A
:105FA000C9B209FB01F159448968884225DB3100F7
:105FB00089B202A84246D2B209FB02F25A441269DF
:105FC0009047012818D14046C0B209FB00F0584460
:105FD0008068400010FA86F64046C0B209FB00F027
:105FE000584480682D1A4046C0B209FB00F90BEBFB
:105FF00009008068C71900E002E018F10108BAE75B
:10600000BAF80400002826D0BAF80400022190FB58
:10601000F1F201FB120000281DD120688078216870
:10602000C97851EA00210F00DAF800000190BAF8AF
:106030000400022190FBF1F080B200903B009BB283
:1060400010222068017804A8FCF79EFABDF814100D
:106050000498FFF7F6FD01E0002004E0012002E0D3
:10606000002000E0002007B0BDE8F08F68070020A6
:10607000C40C00208C28002068290020000400485F
:10608000A822002000000208020002080300020803
:10609000240C01082C0C01081006002062B38B07A9
:1060A00008D0521E11F8013B00F8013B00F024809B
:1060B0008B07F6D1830740F0208000BF103A07D34A
:1060C00030B4B1E83810103AA0E83810F9D230BC3A
:1060D000530724BFB1E80810A0E8081044BF51F8E6
:1060E000043B40F8043BD20724BF31F8022B20F8D0
:1060F000022B44BF0B7803707047121F17D35B004D
:1061000009D151F8043B20F8023B1B0C121F20F868
:10611000023BF6D20BE051F8043B00F8013B1B0AAE
:1061200020F8023B1B0C121F00F8013BF3D238BFD2
:10613000121D521E24BF11F8013B00F8013BF8D894
:106140007047000001480068704700BF9429002094
:1061500080B505F015F900F011F805F023F905F008
:1061600009FAFCF765FC05F035FA05F0DBFAFCF7F7
:106170007BFCFCF797FC05F0BBFBFEE710B596B087
:106180004421002205AC2000FCF79AF814210022DB
:106190006C462000FCF794F84FF4007005F084FD85
:1061A000002801D000F033F81820059001200A9053
:1061B00001200B9000200C9060200D9002200F9089
:1061C0000120109001201190282012900720139098
:1061D000022014900220159005A803F0DFFF00288C
:1061E00001D000F014F80F2000900320019000204F
:1061F000029000200390002004900421684604F0DF
:1062000011FB002801D000F002F816B010BD72B6E4
:10621000FEE710B5044610460A4601462046FCF744
:106220004FF8204610BD00002DE9F84F05005FF043
:10623000000800272868000527D5686C00280DD0C5
:10624000B0F5000F03D0B0F5400F0DD00DE0DFF832
:106250002403016851F48031016008E00021281D09
:1062600000F092F9804602E001E0012080464046BD
:10627000C0B2002808D1DFF80C130A6832F44002DB
:10628000686C02430A6000E04746286880037AD5BC
:106290005FF00009DFF8E0A2DAF80000C0000DD4DA
:1062A000DAF8000050F08050CAF80000DAF8000078
:1062B00010F080500090009801208146DFF8BCB2B9
:1062C000DBF8000050F48070CBF80000FFF73AFFD5
:1062D0000600DBF80000C00506D4FFF733FF801B83
:1062E0000328F6D3032080464046C0B200283FD1A1
:1062F000DFF88CB2DBF8000010F440700400002CD2
:1063000015D0E86D844212D0DBF8000030F4407004
:106310000400DBF8000050F48030CBF80000DBF81C
:10632000000030F48030CBF80000CBF80040E007EC
:106330000FD5FFF707FF0600DBF80000800708D441
:10634000FFF700FF801B41F289318842F4D303201C
:1063500080464046C0B2002808D1DBF8001031F476
:106360004071E86D0143CBF8001002E0474600E0C1
:1063700047464846C0B2012805D1DAF8000030F09F
:106380008050CAF800002878C00707D5DFF8F4115C
:106390000A6892089200286A02430A6028788007F7
:1063A00007D5DFF8E0110A6832F00C02686A024390
:1063B0000A602878400707D5DFF8C8110A6832F06C
:1063C0003002A86A02430A602878800607D5DFF801
:1063D000B4110A6832F44062E86A02430A6028682D
:1063E000800507D5DFF89C110A6832F44022E86B7B
:1063F00002430A602868400507D5DFF888110A685B
:1064000032F44012286C02430A602878400607D50F
:10641000DFF870110A6832F44052286B02430A60B8
:106420002878000607D5DFF85C110A6832F440428C
:10643000686B02430A602868C00507D5DFF844117D
:106440000A6832F44032A86B02430A60286880046C
:1064500020D5DFF830110A6832F04062A86C0243A0
:106460000A60A86CB0F1006F06D1DFF8080101687E
:1064700051F4801101600DE0A86CB0F1806F09D17A
:106480000121281D00F080F880464046C0B2002857
:1064900000D047462868000320D5DFF8E8100A68D6
:1064A00032F04062E86C02430A60E86CB0F1006FC1
:1064B00006D1DFF8C000016851F4801101600DE0E1
:1064C000E86CB0F1806F09D10121281D00F05CF863
:1064D00080464046C0B2002800D0474628684003A6
:1064E00020D5DFF8A0100A6832F04062286D024320
:1064F0000A60286DB0F1006F06D1DFF878000168FE
:1065000051F4801101600DE0286DB0F1806F09D168
:106510000121281D00F038F880464046C0B200280E
:1065200000D047462868400415D5DFF858100A689F
:1065300032F04052686D02430A60686DB0F1805FCE
:1065400009D10221281D00F01FF880464046C0B244
:10655000002800D047462868000407D5DFF824103B
:106560000A6832F08042A86D02430A603800C0B267
:10657000BDE8F28F0C10024058100240007000403D
:1065800090100240881002402DE9F04105000C00F7
:1065900000275949086810F0030F12D0086810F05E
:1065A00003002A68904209D12868002806D00868AC
:1065B000C0F30210401C6968884232D001200700F5
:1065C0002FE02868012804D01BD303280FD007D35D
:1065D00017E04A480068800701D40120070012E054
:1065E00046480068400501D4012007000BE04348FD
:1065F0000268920304D40068400301D4012007001C
:1066000001E0012007003800C0B2002809D10A6863
:1066100032F07302286802436868401E52EA001292
:106620000A603800C0B2002861D1DFF8D080D8F805
:10663000000030F08060C8F80000FFF783FD06001E
:10664000D8F80000000106D5FFF77CFD801B032869
:10665000F6D3032007003800C0B2002847D1002C31
:106660000BD127490A6827480240A86852EA00224D
:10667000E86852EAC0620A601CE0012C0DD1204992
:106680000A6821480240A86852EA002228694008A6
:10669000401E52EA40520A600CE019490A681B4841
:1066A0000240A86852EA002268694008401E52EA87
:1066B00040620A60D8F8000050F08060C8F800001E
:1066C000FFF740FD0600D8F80000000106D4FFF7F0
:1066D00039FD801B0328F6D3032007003800C0B221
:1066E000002804D106490A68A86902430A603800F4
:1066F000C0B2BDE8F08100000C1002400010024062
:1067000010100240FF80FF07FF809FFFFF80FFF90E
:1067100030B40100002901D1012067E00868624A15
:1067200090420AD20A68614882181420B2FBF0F045
:10673000800048645E48086409E00A685D48821881
:106740001420B2FBF0F0800048645B48086402202B
:1067500081F82500086802686FF30E128B68C8681C
:106760000343086903434869034388690343C869CD
:106770000343086A03431A43086802608868B0F557
:10678000804F2AD0086C4A4B984213D14B4803687B
:106790000F2491F8445015F01C05AC40A34303604E
:1067A00003684C6891F8445015F01C05AC40234335
:1067B000036012E0424803680F2491F8445015F03A
:1067C0001C05AC40A343036003684C6891F8445037
:1067D00015F01C05AC40234303600020C863012072
:1067E00081F82500002081F82400002030BC70478B
:1067F00010B40100002901D1012053E008680068AD
:10680000400840000A6810600868274A90420AD28F
:106810000A68264882181420B2FBF0F08000486411
:106820002348086409E00A68224882181420B2FB51
:10683000F0F0800048642048086400200A68106076
:10684000012091F8442012F01C0290400A6C506024
:10685000086C174A90420AD1184802680F2391F831
:10686000444014F01C04A3409A43026009E0144819
:1068700002680F2391F8444014F01C04A3409A438B
:1068800002600020C86200200863002048630020E6
:1068900088630020C863002081F82500002081F86B
:1068A0002400002010BC704708040240F8FFFDBF20
:1068B00000000240F8FBFDBF00040240A8000240B7
:1068C000A80402402DE9F04104000D0016001F004D
:1068D0005FF0000894F82400012801D102203BE079
:1068E000012084F8240094F8250001282DD10220ED
:1068F00084F825000020E06320680068400840001C
:10690000216808603B0032002900200000F0F8F800
:10691000206B002806D02068006850F00E00216827
:1069200008600BE02068006830F00400216808600F
:106930002068006850F00A0021680860206800683C
:1069400050F001002168086004E0002084F8240071
:10695000022080464046C0B2BDE8F081010000221E
:1069600091F82500022806D00420C863002081F891
:10697000240001201BE00868006830F00E000B685E
:10698000186008680068400840000B681860012023
:1069900091F8443013F01C0398400B6C58600120B0
:1069A00081F82500002081F824001000C0B2704753
:1069B00038B50400002594F82500022804D00420EE
:1069C000E063012005001FE02068006830F00E0041
:1069D000216808602068006840084000216808605D
:1069E000012094F8441011F01C018840216C48608B
:1069F000012084F82500002084F82400A06B0028E2
:106A000002D02000A16B88472800C0B232BD70B50B
:106A10000400206C056820680668042094F844107F
:106A200011F01C0110FA01F10D4219D0710717D5B0
:106A300021680968890605D42168096831F00401D4
:106A40002268116094F8441011F01C018840216CF8
:106A50004860206B002852D02000216B88474EE010
:106A6000022094F8441011F01C0110FA01F10D42BB
:106A70001FD0B1071DD521680968890608D421688F
:106A8000096831F00A0122681160012184F825109B
:106A900094F8441011F01C018840216C48600020DB
:106AA00084F82400E06A002829D02000E16A8847A1
:106AB00025E0082094F8441011F01C01884005429C
:106AC0001DD030071BD52068006830F00E0021680B
:106AD0000860012094F8441011F01C018840216CDA
:106AE00048600120E063012084F82500002084F83C
:106AF0002400606B002802D02000616B884770BDC5
:106B000030B4012490F8445015F01C05AC40056CDD
:106B10006C60046863608468102C04D10468A2600F
:106B20000468E16003E00468A1600468E26030BCCE
:106B30007047000010B410F00703DFF868412268C6
:106B40004FF6FF010A40DFF8601151EA03210A43C2
:106B5000226010BC7047DFF84C010068C0F30220CF
:106B600070470000010049B200290AD4012210F048
:106B70001F018A40DFF8341103005BB25B0941F862
:106B800023207047010049B200290DD4012210F0E2
:106B90001F018A40464903005BB25B0941F823208C
:106BA000BFF34F8FBFF36F8F704710B4020052B224
:106BB000002A05D40A013F4B040064B21A5508E0CC
:106BC0000A013D4B040064B214F00F04234403F89F
:106BD000042C10BC704770B4030013F00704D4F108
:106BE0000700052801D3042001E0D4F10700251D8A
:106BF000072D01D2002500E0E51E012616FA00F05F
:106C0000401E0140A94016FA05F56D1E2A401143A9
:106C1000080070BC704710B50400601EB0F1807FA2
:106C200001D301200EE0601E244908600F215FF0AF
:106C3000FF30FFF7BAFF00202149086007202149F3
:106C40000860002010BD10B504002000FFF772FF9F
:106C500010BD2DE9F04104000D0016000027FFF7DC
:106C60007AFF8046320029004046FFF7B4FF01005A
:106C7000200040B2FFF799FFBDE8F08110B5040095
:106C8000200040B2FFF76EFF10BD10B504002000D9
:106C900040B2FFF777FF10BD10B504002000FFF7EA
:106CA000BAFF10BD0CED00E00000FA0500E100E0C5
:106CB00080E100E000E400E018ED00E014E000E016
:106CC00018E000E010E000E02DE9F04D2DED0A8B1A
:106CD00041EC190B43EC182B51EC180B20F000047D
:106CE00031F0004508BF002C84B000F0088353EC5D
:106CF000192B0020DFF88C1605F01AF800F0FF823F
:106D0000DFF8141605F014F808D151EC180B480000
:106D10004015401C02D1090300F0F18251EC190B1F
:106D200048004015401C00F00E8251EC190B31F068
:106D3000004108BF002800F0068251EC180B480003
:106D40004015401C00F0FF8151EC180B4B0043EA4A
:106D5000D0734200002B08BF002A04D1B0EE48AA2D
:106D6000F0EE68AA19E040F23344A4EB5352352AFE
:106D700004DB00F0000001F000410CE0202A03DDFC
:106D8000203AD140914000E001D1002003E0002AE8
:106D9000C4BFD040904041EC1A0B51EC190BC80F06
:106DA0000BD053EC182B51EC1A0B04F0C1FF04D09C
:106DB000AFF300809FED3F9BA3E253EC192B23F030
:106DC0000041B1F5801F22F000000DD20022002901
:106DD00008BF0028009216D06A4651EC190B04F047
:106DE000B7FF41EC190B0EE0DFF8AC45DFF82C756E
:106DF00004EB115000903B40DFF82405924643EA33
:106E0000000B4BEC19AB51EC190BC80F36D021F02D
:106E1000004053EC192B034643EC192B51EC1A0B91
:106E20004B0043EAD0734200002B08BF002A04D174
:106E3000B0EE4A0AF0EE6A0A19E040F23444A4EBDC
:106E40005352352A04DB00F0000001F000410CE051
:106E5000202A03DD203AD140914000E001D10020FA
:106E600003E0002AC4BFD040904041EC100B53EC2B
:106E70001A2B51EC100B04F05BFF01D1002600E04F
:106E80000126009801281DD151EC190BDFF894243C
:106E9000DFF8943404F094FF14D253EC192B002043
:106EA0004FF0804103F092FF00279FED04BB41ECBF
:106EB000190B27E0FFFFFFFFFFFFFF7F000000002F
:106EC0000000F03F53EC192B0020DFF8601403F0B2
:106ED0007DFF9FED78AB53EC1A2B04F049F804F0DA
:106EE00005F9A0F12004204603F058F80022DFF84D
:106EF000403403F06BFF53EC1A2B04F039F841ECEB
:106F00001B0B670151EC190B53EC1B2B04F070FFAA
:106F100041EC1A0B53EC192B51EC1B0B04F028F825
:106F200002460B4651EC1A0BFBF7CCFF41EC190B58
:106F300053EC192B03F04AFF41EC1C0B53EC1C2BB8
:106F4000DFF8F003DFF8F01303F040FFDFF8EC2385
:106F5000DFF8EC3304F00CF853EC1C2B03F036FF95
:106F6000DFF8E023DFF8E03304F002F853EC1C2BE9
:106F700003F02CFFDFF8D423DFF8D43303F0F8FF5D
:106F800053EC1C2B03F022FFDFF8C823DFF8C833D3
:106F900003F0EEFF53EC1C2B03F018FFDFF8BC23CB
:106FA000DFF8BC3303F0E4FF53EC1C2B03F00EFFBF
:106FB000DFF8B023DFF8B03303F0DAFF53EC1C2B1B
:106FC00003F004FF53EC1A2B04F012FF04460D46A5
:106FD0000020DFF8B01353EC1B2B04F009FF002254
:106FE0004FF0804303F0F2FE22462B4603F0C0FF31
:106FF00053EC192B03F0EAFE41EC100BDFF86C03A5
:10700000784400F55A70074453EC1A2B51EC100BDE
:1070100003F0AEFF41EC190B009802F0BFFFD7E977
:10702000002303F0A5FF41EC1A0B53EC192BDFF8FA
:107030004003DFF8401303F0C9FE53EC1A2B03F0B2
:1070400097FF53EC182B03F0C1FE0022DFF8283322
:1070500004F0B6FE41EC1B0B69D30122C74B04F0D0
:1070600039FF61D9C80F53EC1B2B1ABF0020C4494C
:10707000AB4903F07DFF04F039F80022C14BCDE9A4
:1070800001238046CDF8008053EC192B51EC180BEE
:1070900003F09CFE04460D46D7E90201D7E904231C
:1070A00003F066FF53EC182B03F090FE9FEDB6BB88
:1070B00004E000BF000000000000E03F53EC1B2B89
:1070C00003F084FE22462B4603F052FF07468B4610
:1070D00053EC1A2B51EC180B03F078FE04460D46C6
:1070E000404602F05BFF02460B462046294604F06C
:1070F0007FFE53EC1B2B03F069FE3A465B4603F020
:1071000037FFDDE9012304F0FDFE41EC190B31F0FE
:10711000004108BF00280AD051EC190B4800401567
:10712000401C06D1090304D19FEDA09B01E09FED17
:107130009B9B002E00F0E58051EC190B81F0004183
:1071400041EC190BDDE051EC190B48004015401CD7
:1071500002D1090340F0D58051EC180B48004015CE
:10716000401C06D1090304D0B0EE489AF0EE689AAC
:10717000C7E051EC180B480001244015401C61D0B9
:1071800051EC180B4B0043EAD0734200002B08BFB0
:10719000002A04D1B0EE48AAF0EE68AA19E040F245
:1071A0003345A5EB5352352A04DB00F0000001F013
:1071B00000410CE0202A03DD203AD140914000E05C
:1071C00001D1002003E0002AC4BFD040904041EC30
:1071D0001A0B53EC182B51EC1A0B04F0A9FD18BF35
:1071E00000244B0043EAD0734200002B08BF002A62
:1071F00004D1B0EE4A0AF0EE6A0A19E040F23445D2
:10720000A5EB5352352A04DB00F0000001F00041E9
:107210000CE0202A03DD203AD140914000E001D16A
:10722000002003E0002AC4BFD040904041EC100B86
:1072300044B153EC1A2B51EC100B04F079FD0CBF48
:107240000024012451EC190B48004015401C0AD1C0
:10725000090308D151EC190BC80F21D153EC182B9D
:10726000DA0F49D040E051EC180B48004015401CA3
:107270001ED109031CD153EC192B23F00041B1F5A9
:10728000801F22F0000021D20022002908BF002820
:1072900000921FD06A4651EC190B04F059FD19E019
:1072A00051EC180BC80F01D1002C21E0E4B10AE029
:1072B000002C1ABF51EC190BC80F002053EC182BEF
:1072C000DA0F14D180B19FED329B1AE0324C04EBFF
:1072D0001150009051EC180BC80F009802D10028F3
:1072E0000ADC01E0002807DD9FED2C9B09E0002867
:1072F00018BF9FED2C9B04D19FED2C9B01E09FEDCF
:10730000049B04B051EC190BBDEC0A8BBDE8F08D69
:10731000000000000000F03F0000F0BFFFFF0F8002
:107320000000E03FCD3B7F669EA0E63F000050405E
:107330000000903FF7DE29BFD8F8C23FF4B3FECC7F
:107340001A99C33F62CB68D96F46C73FC6C912DAE4
:10735000C471CC3F4AE98A942449D23FF75F979998
:107360009999D93FBC5555555555E53F7C8100004D
:10737000FE822B654715F73F0000E0C00000E040AB
:107380000000E0BF0000F03FEF39FAFE422EE63F7A
:10739000000000000000008002FCFFFF0000000071
:1073A00000000000000000000000F0FF00000000EE
:1073B0000000F07F80B5012240212348FBF717FB36
:1073C0002249234800F01EFA00F01EF8012000F0C8
:1073D00005F800F0A1FA00F0EFF901BD704711B512
:1073E00081B0194C002240212000FBF700FB4FF434
:1073F0007A73012201A9174804F0F4FF0122402109
:107400002000FBF7F4FA13BD10B50F4C0022402109
:107410002000FBF7ECFA002280212000FBF7E7FABE
:10742000012000F019F8052000F016F80122802153
:107430002000FBF7DCFA052000F00EF801224021C5
:107440002000FBF7D4FA10BD000800488429002072
:107450007C1100203826002010B504002000FCF725
:10746000FFFD10BD70B4039CDFF8805228602971C5
:107470006A71AB71EC7100262E7270BC70472DE9F9
:10748000F84F04000D00160000275FF00008DFF839
:107490005C9299F80500082880F2FC80300099F889
:1074A0000610C0B2884205D399F807003100C9B26E
:1074B000884201D22E200600402099F80510491C70
:1074C00090FBF1F02900C9B2814280F2E38099F883
:1074D000040050FA84F0802880F2DC8099F80530AE
:1074E0005B1C99F8050003FB05035B1CDBB299F8F4
:1074F00004201219D2B299F80500401C15FB00F1C6
:10750000C9B22000C0B200F0FFF80021080099F8CD
:107510000420C0B2904280F0BD80002015FB00F036
:107520000200D2B2082392FBF3F21700C0B2082285
:1075300090FBF2F302FB13008046FF226C4BD3F862
:1075400000C03800C0B250FA85FE802000FB0EFE5D
:107550005EFA84FED3F800A03800C0B250FA85FB72
:10756000802000FB0BFB5BFA84F01AF800A0D8F136
:10757000080B100050FA0BF010EA0A0A0CF80EA0E3
:10758000D3F800C03800C0B250FA85FE802000FB5E
:107590000EFE5EFA84F00090D3F800E03800C0B22E
:1075A00050FA85FA802000FB0AFA5AFA84F01EF895
:1075B00000E0D9F800A0B3465FFA8BFB99F806000B
:1075C000BBEB000099F804B00BFB00FB0AEB0B00CF
:1075D0008A465FFA8AFA10F80A0010FA08F050EAB0
:1075E0000E00DDF800E00CF80E00D3F800C0380003
:1075F000C0B250FA85FE802000FB0EFE5EFA84F0D9
:107600008444D3F800E03800C0B250FA85FA8020F4
:1076100000FB0AFA5AFA84F0704490F8800012FADB
:1076200008F202408CF880201A683800C0B250FA84
:1076300085FC802000FB0CFC5CFA84F002441B6893
:107640003800C0B250FA85FC802000FB0CFC5CFACC
:1076500084F0184490F88030D9F800C0B6465FFA3C
:107660008EFE99F80600BEEB000E99F8040000FBB0
:107670000EFE0CEB0E008C465FFA8CFC10F80C0032
:10768000D8F1080C50FA0CF0034382F88030641CE7
:10769000491C3BE7BDE8F18FF8B507000C00160068
:1076A000124D6879082820DA307800281DD0327809
:1076B0002100C9B23800C0B2FFF7E1FE761C28797C
:1076C000401CC719287950FA87F0401C812802DB3A
:1076D00000200700641C40206979491C90FBF1F0F0
:1076E0002100C9B28142DFDBFFE7F1BD5C29002048
:1076F0008829002080B5034802F03CFC00F0CDF85A
:1077000001BD000008F9000870B40400E4B2802C48
:1077100001DB7F2420001400E4B2802C01DB7F24F5
:1077200022000C00E4B2402C01DB3F2421001C00AD
:10773000E4B2402C01DB3F242300354C05002668D1
:107740003678EDB2B54201D2256828702568AD784B
:107750001600F6B2B54201D22568AA700D0026685F
:107760007678EDB2B54201D2256869702568ED786A
:107770001E00F6B2B54201D22468E37070BC7047B7
:1077800023487F21026811700021026891703F2117
:107790000268517000210068C17070471C480021C8
:1077A000026811707F210268917000210268517097
:1077B0003F210068C170704770B54FF480640025A8
:1077C000144806682A0021003000FAF779FD3F23AB
:1077D0007F2200210020FFF797FF00F05EF870BDC8
:1077E00070B54FF4806400250A4806682A0021001D
:1077F0003000FAF765FD3F237F2200210020FFF7CC
:1078000083FF70BD034A1060014A11607047000099
:107810008C2900208829002010B5040000224FF494
:1078200080713A48FBF7E3F82000C0B2FFF7D7FDBC
:1078300010BD10B5040001224FF480713348FBF7EE
:10784000D6F82000C0B2FFF7CAFD10BD10B5040085
:1078500014F00F0050F0B000C0B2FFF7DDFF10BD14
:1078600010B504002000C0B200F005F82000C0B23E
:1078700000F00CF810BD10B504002000C0B20009E3
:1078800050F01000C0B2FFF7C7FF10BD10B50400E4
:1078900014F00F00FFF7C0FF10BD70B500242000EA
:1078A000C0B210282EDA1A4D286840782100C9B2DB
:1078B000491CB0EBC10F23DA2868C0782100C9B297
:1078C000B0EBC10F1EDB2000C0B2FFF7BFFF28687E
:1078D0000078FFF7C5FF28680678286880783100AF
:1078E000C9B288420CD30B4801682200D2B2802072
:1078F000424352FA86F0085CFFF79BFF761CECE7E8
:10790000641CCCE7FFF73CFF70BD00000008004896
:107910008C2900208829002080B5AE20FFF77CFF4D
:10792000A220FFF779FFA020FFF776FFC820FFF71E
:1079300073FF2F20FFF770FF3220FCF791FBA4208C
:10794000FFF76AFF4020FFF767FF2520FFF764FF7E
:107950000A20FCF785FB8120FFF75EFF1220FFF76E
:107960005BFFFFF729FFAF20FFF756FF0520FCF76D
:1079700077FB01BD80B551480078012806D0022868
:1079800007D0042808D0082809D00BE000F0A2F89E
:1079900008E000F0F3FF05E001F01EFA02E001F05C
:1079A00027FCFFE701BD2DE9F0470024444D28885E
:1079B000002804D02888401E288000207CE03F4E0C
:1079C000307A002877D120213E48FBF705F80028BF
:1079D00001D1012700E00027DFF8EC8004214046B8
:1079E000FAF7FAFF002802D15FF0010901E05FF029
:1079F000000902214046FAF7EFFF002802D15FF0AC
:107A0000010A01E05FF0000A01214046FAF7E4FFB5
:107A1000002801D1012000E0002057EA490757EA79
:107A20008A073C0054EAC0042000C0B2012805D0F7
:107A3000022803D0042801D0082834D17068401CE3
:107A40007060706850282DD33470012030721F4947
:107A50000868142801D2192028801D4822000378C4
:107A6000D2B29A4219D10A68521C0A600A681E2AC8
:107A700002D20021716014E00A68B42A02D24121C6
:107A800071600EE00A68F02A02D24621716008E0B7
:107A90004E227260F0220A6003E00022726000222F
:107AA0000A60047007E0002009490870282070600F
:107AB0000020064908603078BDE8F087F4280020EF
:107AC000C829002000080048000400488029002040
:107AD000D8290020F8B52DED028B84B0DFF83C4C9E
:107AE000A07800281AD001283DD002286DD00328A4
:107AF00000F0FE80042800F08281052800F0348226
:107B0000062800F0D682072800F05A83082800F0E3
:107B100025840A2800F02F8500F025BFDFF81C5DC2
:107B20000020E860DFF8186D0A2200213000FCF721
:107B3000E3F930203070302070703020B070302089
:107B4000F070E8680001801CC0B203900296052026
:107B5000019004200090052300220121A01CFCF7C5
:107B60009CF800F000BFDFF8D40CC168491CC1606C
:107B7000C16804291EDBDFF8C80CFCF7A9F801284E
:107B800015D1A51C0622290014F10800FCF702FA01
:107B9000F1200390002002900C200190072000901B
:107BA0000723002202212800FCF777F80BE00020D1
:107BB000A07008E0C0680001801C0200D2B2002161
:107BC000A01CFCF747F800F0CEBE207907280AD0A9
:107BD000C0F08C80092832D01BD30B285BD044D353
:107BE0000C286ED082E0A51C0622290014F10800A2
:107BF000FCF7D0F9F1200390002002900F200190B3
:107C00000E2000900E23002203212800FCF745F8E7
:107C10006CE0A51C0622290014F10800FCF7BAF953
:107C2000F120039000200290142001901220009077
:107C30001223002204212800FCF72FF856E0A51C8F
:107C40000622290014F10800FCF7A4F9F1200390A2
:107C5000002002901C2001901B2000901B2300227A
:107C600006212800FCF719F840E0A51C062229008F
:107C700014F10800FCF78EF9F12003900020029027
:107C8000202001901E2000901E23002207212800A2
:107C9000FCF703F82AE0A51C0622290014F10800CD
:107CA000FCF778F9F1200390002002902520019044
:107CB000222000902223002208212800FBF7EDFF5C
:107CC00014E0A51C0622290014F10800FCF762F953
:107CD000002003900020029028200190282000908E
:107CE0002823002209212800FBF7D7FF00F03BBE24
:107CF00020790E2802D00F2840D07EE0E0780028BE
:107D000002D001281FD038E0A61C0622310014F151
:107D10000800FCF73FF9DFF8245BF220039015F12F
:107D20000C0002900F2001900E2000900E23E278AC
:107D3000521CD2B203213000FBF7AFFFDFF8300C4A
:107D40004078E86019E0A51C0622290014F108001B
:107D5000FCF720F9F0200390002002902B200190E6
:107D60002B2000902B2300220A212800FBF795FFEF
:107D70000120DFF8FC1B0870FFE73EE0E0780028F8
:107D800002D001281FD038E0A61C0622310014F1D1
:107D90000800FCF7FFF8DFF8A45AF220039015F171
:107DA0000C0002900F2001900F2000900F23E2782A
:107DB000521CD2B203213000FBF76FFFDFF8B00B8B
:107DC0004068E86019E0A51C0622290014F10800AB
:107DD000FCF7E0F8F0200390002002902B200190A7
:107DE0002B2000902B2300220A212800FBF755FFAF
:107DF0000120DFF87C1B0870FFE700F0B4BD20799C
:107E0000122806D0C0F0AE80142800F08E8046D331
:107E1000A8E0E078002802D001281FD03EE0A61C90
:107E20000622310014F10800FCF7B4F8DFF80C5A10
:107E3000F220039015F10C00029014200190122002
:107E400000901223E278521CD2B204213000FBF7DA
:107E500024FFDFF81C0B406AE8601FE0A51C062227
:107E6000290014F10800FCF795F8F0200390002099
:107E700002902B2001902B2000902B2300220A211E
:107E80002800FBF70AFFDFF8EC1ADFF8B009C0683A
:107E9000088002220320F9F71BF8FFE762E0E07890
:107EA000002802D001281FD03EE0A61C0622310087
:107EB00014F10800FCF76EF8DFF88059F220039007
:107EC00015F10C0002901420019012200090132351
:107ED000E278521CD2B204213000FBF7DEFEDFF85C
:107EE000900A806AE8601FE0A51C0622290014F1B0
:107EF0000800FCF74FF8F0200390002002902B20A0
:107F000001902B2000902B2300220A212800FBF750
:107F1000C4FEDFF8601ADFF82409C0680880022276
:107F20000420F8F7D5FFFFE71CE0A51C0622290076
:107F300014F10800FCF72EF8F020039000200290C6
:107F40002B2001902B2000902B2300220A212800B7
:107F5000FBF7A3FEDFF81C1A002008800222052090
:107F6000F8F7B6FF00F0FFBC2079172806D0C0F064
:107F70009E80192800F0828040D398E0E0780028A5
:107F800002D001281FD038E0A61C0622310014F1CF
:107F90000800FBF7FFFFDFF8A458F220039015F16B
:107FA0000C00029019200190172000901723E2780E
:107FB000521CD2B205213000FBF76FFEDFF8B0098A
:107FC000806CE86019E0A51C0622290014F1080065
:107FD000FBF7E0FFF0200390002002902B2001909F
:107FE0002B2000902B2300220A212800FBF755FEAE
:107FF0000120DFF87C190870FFE758E0E0780028DE
:1080000002D001281FD038E0A61C0622310014F14E
:108010000800FBF7BFFFDFF82458F220039015F1AA
:108020000C00029019200190172000901823E2788C
:10803000521CD2B205213000FBF72FFEDFF83009C9
:10804000C06CE86019E0A51C0622290014F10800A4
:10805000FBF7A0FFF0200390002002902B2001905E
:108060002B2000902B2300220A212800FBF715FE6D
:108070000120DFF8FC180870FFE718E0A51C0622B5
:10808000290014F10800FBF785FFF0200390002081
:1080900002902B2001902B2000902B2300220A21FC
:1080A0002800FBF7FAFD0120DFF8C418087000F083
:1080B0005ABC20791B2802D01C2840D07FE0E078F1
:1080C000002802D001281FD038E0A61C062231006B
:1080D00014F10800FBF75EFFDFF86057F220039011
:1080E00015F10C0002901C2001901B2000901B2316
:1080F000E278521CD2B206213000FBF7CEFDDFF849
:108100007008C069E86019E0A51C0622290014F176
:108110000800FBF73FFFF0200390002002902B2087
:1081200001902B2000902B2300220A212800FBF72E
:10813000B4FD0120DFF838180870FFE73FE0E07871
:10814000002802D001281FD038E0A61C06223100EA
:1081500014F10800FBF71EFFDFF8E056F220039051
:1081600015F10C0002901C2001901B2000901C2394
:10817000E278521CD2B206213000FBF78EFDDFF808
:10818000F007006AE86019E0A51C0622290014F136
:108190000800FBF7FFFEF0200390002002902B2048
:1081A00001902B2000902B2300220A212800FBF7AE
:1081B00074FD0120DFF8B8170870FFE7FFE7D2E38E
:1081C00020791E2806D0C0F0C880202800F08580C5
:1081D00043D3C2E0E078002802D0012822D03BE05F
:1081E000A71C0622390014F10800FBF7D3FEDFF8C4
:1081F0004C5615F10C06F2200390029620200190B7
:108200001E2000901E23E278521CD2B207213800B3
:10821000FBF743FDDFF8AC0B0078E860DFF85007B0
:10822000466319E0A51C0622290014F10800FBF79B
:10823000B1FEF0200390002002902B2001902B2013
:1082400000902B2300220A212800FBF726FD0120A5
:10825000DFF81C170870FFE77FE0E078002802D005
:1082600001281FD038E0A61C0622310014F10800B6
:10827000FBF790FEDFF8C455F220039015F10C00D7
:108280000290202001901E2000901F23E278521CB3
:10829000D2B207213000FBF700FDDFF8D406C06A38
:1082A000E86019E0A51C0622290014F10800FBF77C
:1082B00071FEF0200390002002902B2001902B20D3
:1082C00000902B2300220A212800FBF7E6FC012066
:1082D000DFF89C160870FFE73FE0E078002802D046
:1082E00001281FD038E0A61C0622310014F1080036
:1082F000FBF750FEDFF84455F220039015F10C0017
:108300000290202001901E2000902023E278521C31
:10831000D2B207213000FBF7C0FCDFF85406006B37
:10832000E86019E0A51C0622290014F10800FBF7FB
:1083300031FEF0200390002002902B2001902B2092
:1083400000902B2300220A212800FBF7A6FC012025
:10835000DFF81C160870FFE7FFE704E32079222806
:1083600009D0C0F00781242800F0858043D3252858
:1083700000F0C180FEE0E078002802D001281FD084
:1083800038E0A61C0622310014F10800FBF702FEBB
:10839000DFF8A854F220039015F10C00029025207C
:1083A0000190222000902223E278521CD2B20821B0
:1083B0003000FBF772FCDFF8B805806BE86019E06D
:1083C000A51C0622290014F10800FBF7E3FDF020AC
:1083D0000390002002902B2001902B2000902B2353
:1083E00000220A212800FBF758FC0120DFF8801545
:1083F0000870FFE7BEE0E078002802D001281FD017
:1084000038E0A61C0622310014F10800FBF7C2FD7B
:10841000DFF82854F220039015F10C00029025207B
:108420000190222000902323E278521CD2B208212E
:108430003000FBF732FCDFF83805C06BE86019E06C
:10844000A51C0622290014F10800FBF7A3FDF0206B
:108450000390002002902B2001902B2000902B23D2
:1084600000220A212800FBF718FC0120DFF8001584
:108470000870FFE77EE0E078002802D001281FD0D6
:1084800038E0A61C0622310014F10800FBF782FD3B
:10849000DFF8A853F220039015F10C00029025207C
:1084A0000190222000902423E278521CD2B20821AD
:1084B0003000FBF7F2FBDFF8B804006CE86019E06D
:1084C000A51C0622290014F10800FBF763FDF0202B
:1084D0000390002002902B2001902B2000902B2352
:1084E00000220A212800FBF7D8FB0120DFF88014C6
:1084F0000870FFE73EE0E078002802D001281ED097
:1085000037E0A61C0622310014F10800FBF742FDFB
:10851000CA4DF220039015F10C0002902520019025
:10852000222000902523E278521CD2B2082130008C
:10853000FBF7B3FBDFF83804406CE86019E0A51CDA
:108540000622290014F10800FBF724FDF020039017
:10855000002002902B2001902B2000902B23002242
:108560000A212800FBF799FB0120DFF804140870AA
:10857000FFE7FFE7F7E1207A03280DD0C0F0F28192
:10858000052800F09581C0F0308107286FD036D3E0
:10859000082800F0B380E5E13220FAF7EAFF032073
:1085A000DFF8CC130870A07A0E2802D00F2809D06B
:1085B00024E0DFF814084178A048C068C0B2FDF795
:1085C0005CFB1BE000200100C9B20B290FDADFF8C9
:1085D000FC170200D2B251F82210984AD268914298
:1085E00003D1DFF8E417487001E0401CEBE7DFF847
:1085F000D80741780078FDF740FBFFE7B2E1DFF8EC
:108600007053032028703220FAF7B3FFA07A1B289A
:1086100002D01C2815D029E0287AFCF719FD00EEBD
:10862000100ADFF8AC07D0ED060A844890ED031A73
:10863000B8EEC11AB8EE400A81EE000AF8F7E4FC81
:1086400014E0687AFCF704FD00EE100A7B48D0EDD8
:10865000030AF8EEE00AB8EE400AC0EE800ADFF83E
:10866000700790ED050AF8F7CFFCFFE77AE1C04DFF
:10867000032028703220FAF77CFFA07A1E2804D04D
:108680003BD3202823D00CD337E0DFF83807D0EDD8
:10869000020A90ED010A6948C068C0B2F8F764FDAB
:1086A0002BE0A87AFCF7D4FC00EE100ADFF81407E0
:1086B0006249D1ED030AF8EEE00AB8EE400AC0EED6
:1086C000800A90ED010A0078F8F74EFD15E0A87ACF
:1086D000FCF7BEFC00EE100ADFF8E806D0ED020A57
:1086E000564991ED031AB8EEC11AB8EE400A81EE70
:1086F000000A0078F8F738FDFFE733E19C4D0320CE
:1087000028703220FAF735FFA07A222808D06BD3E0
:10871000242837D01DD325284DD065E03C290020E2
:10872000E87AFCF795FC00EE100ADFF8A806D0ED19
:10873000031A90ED021AD0ED010A404890ED032A89
:10874000B8EEC22AB8EE400A82EE000AF8F7C6FD7B
:108750004AE0E87AFCF77CFC00EE100ADFF87406C9
:10876000D0ED031A90ED021A3449D1ED030AF8EE68
:10877000E00AB8EE400AC0EE800A90ED000AF8F771
:10878000ADFD31E0E87AFCF763FC00EE100ADFF89B
:108790004406D0ED031A2949D1ED030AF8EEE00AA8
:1087A000B8EE400A80EE801AD0ED010A90ED000A82
:1087B000F8F794FD18E0E87AFCF74AFC00EE100A9E
:1087C000DFF810061D49D1ED030AF8EEE00AB8EE15
:1087D000400AC0EE801A90ED021AD0ED010A90ED29
:1087E000000AF8F77BFDFFE7BCE0A07A122804D06E
:1087F0005BD3142858D025D357E05D4C207AFCF782
:1088000027FC08EE100A207AFCF722FC00EE100A82
:108810000A48D0ED030AF8EEE00AB8EE481AC0EEB6
:10882000810A90ED031AB8EEC11AB8EE400A81EE43
:10883000000A01210020F8F79BFE36E0F428002012
:10884000000000204A4C207AFCF702FC08EE100AD7
:10885000207AFCF7FDFB00EE100ADFF88009D0ED6E
:10886000030AF8EEE00AB8EE481AC0EE810A90ED6D
:10887000031AB8EEC11AB8EE400A81EE000A0121CF
:108880000320F8F775FEDFED3C0A9FED3B0A00215F
:108890000120F8F76DFEDFED380A9FED370A002161
:1088A0000220F8F765FE00E0FFE7F8F7FFFA59E06D
:1088B000DFF81C0590F8250001284FD13220FAF787
:1088C00058FE2B4803210170A17A172904D044D304
:1088D000192931D018D340E0007AFCF7B9FB00EE3B
:1088E000100ADFF8F808D0ED030AF8EEE00AB8EE57
:1088F000400AC0EE800ADFF8E80890ED000A012186
:108900000120F8F735FE2CE0007AFCF7A1FB00EE21
:10891000100ADFF8C808D0ED030AF8EEE00AB8EE56
:10892000400AC0EE800ADFF8B80890ED000A012185
:108930000220F8F71DFE14E0DFED0F0A9FED0E0A8E
:1089400000210120F8F714FEDFED0B0A9FED0A0A63
:1089500000210220F8F70CFE03E002E004200449A5
:108960000870FFE7FFE704B0BDEC028BF1BD00002B
:108970007C000020CA290020000000001FB5DFF89D
:108980006448A078002810D0022820D00ED30428F4
:1089900078D029D3062800F01481C0F0B8800828C8
:1089A00000F09B81C0F040810BE20AE2DFF838085A
:1089B000DFF82818CA68825C521CCB68C254CA68A7
:1089C000825C3A2A02DB3022C9684254F9E16079BC
:1089D0002179884202D22079401E2071F1220021A3
:1089E000A01CFBF737F9ECE1E07800280CD16079A6
:1089F0002179884202D22079401E2071F122002183
:108A0000A01CFBF727F93CE020790E2802D00F28A4
:108A100012D036E0E078002802D0012801D00AE028
:108A200009E0DFF8B807C168B1F5807F02DAC168F4
:108A3000491CC160FFE724E0E078002802D001284B
:108A400001D01EE01DE000210800C0B20B2817DA9B
:108A5000DFF87823DFF884070B00DBB252F823300D
:108A6000C468A3420AD10B00DBB20A2B06DA0B0062
:108A7000DBB202EB83025268C26001E0491CE3E70B
:108A8000FFE79EE1E07800280CD1607921798842E7
:108A900002D22079401E2071F1220021A01CFBF798
:108AA000D9F833E02079122804D02FD314282DD000
:108AB00013D32BE0E078002802D0012801D00BE08E
:108AC0000AE0DFF81807C16844F62062914202DA32
:108AD000C1686431C160FFE718E0E078002802D087
:108AE000012801D011E010E0DFF80007007AFCF760
:108AF000AFFADFF8E826D3684FF4FA6148438342BF
:108B000002D2D0686430D060FFE7FFE759E1E07837
:108B100000281BD160792179884208D22079401E33
:108B20002071F1220021A01CFBF794F848E0F1200D
:108B30000390002002901420019012200090142332
:108B400000220421A01CFBF7A8F839E0207917289F
:108B500004D035D3192833D019D331E0E078002878
:108B600002D0012801D011E010E0DFF88006007A81
:108B7000FCF76EFADFF86426D3684FF4FA614843D5
:108B8000834202D2D0686430D060FFE718E0E0781A
:108B9000002802D0012801D011E010E0DFF84C06D7
:108BA000007AFCF755FADFF83426D3684FF4FA61FF
:108BB0004843834202D2D0686430D060FFE7FFE7C9
:108BC000FFE0E07800280CD160792179884202D258
:108BD0002079401E2071F1220021A01CFBF73AF8F9
:108BE00021E020791B2802D01C280ED01BE0E07861
:108BF000002802D0012801D006E005E0DFF8DC05FE
:108C0000C168491CC160FFE70DE0E078002802D090
:108C1000012801D006E005E0DFF8C005C168491C65
:108C2000C160FFE7FFE7CCE0E07800280CD1607975
:108C30002179884202D22079401E2071F122002140
:108C4000A01CFBF707F847E020791E2804D043D387
:108C500020282DD013D33FE0E078002802D001284F
:108C600001D00BE00AE0DFF87415C868002802D1D3
:108C70000120C86001E00020C860FFE72CE0E07838
:108C8000002802D0012801D011E010E0DFF85C05D7
:108C9000807AFCF7DDF9DFF84425D3684FF4FA61F8
:108CA0004843834202D2D068401CD060FFE713E003
:108CB000E078002802D0012801D00CE00BE0DFF8BA
:108CC0001C05C168DFF82425D26A914202DAC16826
:108CD000491CC160FFE7FFE773E0E07800280CD192
:108CE00060792179884202D22079401E2071F122D8
:108CF0000021A01CFAF7AEFF62E02079222806D0FE
:108D00005ED3242830D01BD3252845D058E0E07806
:108D1000002802D0012801D011E010E0DFF8CC04D7
:108D2000C07AFCF795F9DFF8B424D3684FF4FA6100
:108D30004843834202D2D068401CD060FFE73FE046
:108D4000E078002802D0012801D00CE00BE0DFF829
:108D50008C04C168DFF89424926B914202DAC168F6
:108D6000491CC160FFE72BE0E078002802D0012811
:108D700001D010E00FE0DFF87404C07AFCF768F966
:108D8000DFF85824D36850214843834202D2D06888
:108D9000401CD060FFE713E0E078002802D00128F3
:108DA00001D00CE00BE0DFF83404C168DFF83C24AC
:108DB000126C914202DAC168491CC160FFE7FFE70B
:108DC000FFE71FBD68290020C40C00203C070020DD
:108DD0008C2800204C2900201FB5DFF80844A0781B
:108DE000002810D0022820D00ED3042878D029D310
:108DF000062800F0FA80C0F0BD80082800F07E81CF
:108E0000C0F02681E9E1E8E1DFF8DC03DFF8801B50
:108E1000CA68825C521ECB68C254CA68825C302A1F
:108E200002DA3922C9684254D7E12079A17988420F
:108E300002D22079401C2071F1220021A01CFAF7F7
:108E400009FFCAE1E07800280CD12079A179884295
:108E500002D22079401C2071F1220021A01CFAF7D7
:108E6000F9FE3CE020790E2802D00F2811D036E020
:108E7000E078002802D0012801D009E008E0DFF8FE
:108E8000100BC168012902DBC168491EC160FFE700
:108E900025E0E078002802D0012801D01FE01EE084
:108EA0000A221000C0B2002818D0DFF8E83ADFF834
:108EB000E01A1000C0B253F82000CC68A0420BD1D9
:108EC0001000C0B2002807D01000C0B203EB800031
:108ED00050F8040CC86001E0521EE2E7FFE77CE1B5
:108EE000E07800281BD12079A17988420ED1F120A9
:108EF0000390002002901920019017200090172362
:108F000000220521A01CFAF7C8FE32E02079401C9F
:108F10002071F1220021A01CFAF79CFE29E02079A3
:108F2000122804D025D3142823D011D321E0E078CF
:108F3000002802D0012801D009E008E0DFF8500A3B
:108F4000C168012902DBC1686439C160FFE710E034
:108F5000E078002802D0012801D009E008E0DFF81D
:108F6000300AC168012902DBC1686439C160FFE7CA
:108F7000FFE732E1E07800280CD12079A17988421E
:108F800002D22079401C2071F1220021A01CFAF7A6
:108F900061FE29E02079172804D025D3192823D091
:108FA00011D321E0E078002802D0012801D009E0A7
:108FB00008E0DFF8DC09C168012902DBC168643917
:108FC000C160FFE710E0E078002802D0012801D05E
:108FD00009E008E0DFF8B809C168012902DBC168CF
:108FE0006439C160FFE7FFE7F7E0E07800280CD1C3
:108FF0002079A179884202D22079401C2071F12287
:109000000021A01CFAF726FE21E020791B2802D0BF
:109010001C280ED01BE0E078002802D0012801D0E7
:1090200006E005E0DFF86809C168491EC160FFE796
:109030000DE0E078002802D0012801D006E005E02C
:10904000DFF84C09C168491EC160FFE7FFE7C4E0D3
:10905000E07800280CD12079A179884202D22079C9
:10906000401C2071F1220021A01CFAF7F3FD44E01E
:1090700020791E2804D040D3202827D013D33CE0E9
:10908000E078002802D0012801D00BE00AE0DFF8E8
:109090000019C868002802D10120C86001E0002042
:1090A000C860FFE729E0E078002802D0012801D05D
:1090B0000BE00AE0DFF8D8084C49096BC26891421E
:1090C00002DAC168491EC160FFE716E0E0780028B7
:1090D00002D0012801D00FE00EE04448807AFBF76F
:1090E000B7FFDFF8AC2800214843D168884202D29C
:1090F000D068401ED060FFE7FFE76EE0E078002810
:109100000CD12079A179884202D22079401C2071AB
:10911000F1220021A01CFAF79DFD5DE020792228B4
:1091200006D059D324282DD015D325283DD053E07F
:10913000E078002802D0012801D00BE00AE0DFF837
:1091400050082A49C96BC268914202DAC168491EB7
:10915000C160FFE740E0E078002802D0012801D09C
:109160000FE00EE02148C07AFBF772FFDFF82028FD
:1091700000214843D168884202D2D068401ED060A6
:10918000FFE729E0E078002802D0012801D00BE0B9
:109190000AE0DFF8FC071549496CC268914202DA1F
:1091A000C168491EC160FFE716E0E078002802D0E0
:1091B000012801D00FE00EE00C48C07AFBF748FF11
:1091C000DFF8CC2700214843D168884202D2D0681A
:1091D000401ED060FFE7FFE7FFE71FBDF428002037
:1091E000D82700203C290020000000207C0000201F
:1091F0007FB5DFF8A447A078002816D0022818D041
:1092000014D3042800F08B8016D3062800F0AB811D
:10921000C0F01D81082800F0C482C0F017820A281F
:1092200000F0A783C0F09E83B0E3AFE30020A070FE
:10923000ACE30020A070A9E320790E2802D00F280B
:1092400036D06BE0E078002802D0012816D02EE05E
:10925000A51CF1200390002002900C200190072013
:1092600000900723002202212800FAF716FD0622AB
:10927000290014F10800FAF78DFE18E0A51C06225B
:10928000290014F10800FAF785FEF1200390DFF8B9
:109290000C0702900F2001900E2000900E23E07822
:1092A000421ED2B203212800FAF7F7FCFFE735E0AF
:1092B000E078002802D0012816D02EE0A51CF1206D
:1092C0000390002002900C200190072000900723BB
:1092D000002202212800FAF7E0FC0622290014F1FE
:1092E0000800FAF757FE18E0A51C0622290014F121
:1092F0000800FAF74FFEF1200390DFF8A406029071
:109300000F2001900E2000900F23E078421ED2B271
:1093100003212800FAF7C1FCFFE7FFE736E32079D5
:10932000122805D0C0F09280142879D03CD38DE06B
:10933000E078002802D0012816D034E0A51CF120E6
:109340000390002002900C20019007200090082339
:10935000002202212800FAF7A0FC0622290014F1BD
:109360000800FAF717FE1EE0A61C0622310014F1D1
:109370000800FAF70FFEDFF82C56F120039015F1E4
:109380002400029014200190122000901223E07813
:10939000421ED2B204213000FAF77FFCDFF8F0055C
:1093A000C0686862FFE751E0E078002802D0012839
:1093B00016D034E0A51CF1200390002002900C2070
:1093C0000190072000900823002202212800FAF7CC
:1093D00064FC0622290014F10800FAF7DBFD1EE008
:1093E000A61C0622310014F10800FAF7D3FDDFF8BD
:1093F000B455F120039015F128000290142001903B
:10940000122000901323E078421ED2B204213000D3
:10941000FAF743FCDFF87805C068A862FFE715E0BB
:10942000A51CF1200390002002900C200190072041
:1094300000900823002202212800FAF72EFC0622C1
:10944000290014F10800FAF7A5FDFFE79EE2207954
:10945000172805D0C0F0868019286DD036D381E05A
:10946000E078002802D0012816D02EE0A51CF120BB
:109470000390002002900C20019007200090082308
:10948000002202212800FAF708FC0622290014F124
:109490000800FAF77FFD18E0A51C0622290014F148
:1094A0000800FAF777FDF1200390DFF8FC04029042
:1094B00019200190172000901723E078421ED2B2A5
:1094C00005212800FAF7E9FBFFE74BE0E0780028E8
:1094D00002D0012816D02EE0A51CF1200390002018
:1094E00002900C2001900720009008230022022106
:1094F0002800FAF7D2FB0622290014F10800FAF737
:1095000049FD18E0A51C0622290014F10800FAF70D
:1095100041FDF1200390DFF894040290192001909E
:10952000172000901823E078421ED2B205212800AF
:10953000FAF7B3FBFFE715E0A51CF120039000202C
:1095400002900C20019007200090082300220221A5
:109550002800FAF7A2FB0622290014F10800FAF706
:1095600019FDFFE712E220791B2802D01C2836D013
:109570006BE0E078002802D0012816D02EE0A51C70
:10958000F1200390002002900C2001900720009011
:109590000923002202212800FAF77FFB0622290076
:1095A00014F10800FAF7F6FC18E0A51C06222900C1
:1095B00014F10800FAF7EEFCF1200390DFF8F00355
:1095C00002901C2001901B2000901B23E078421E7B
:1095D000D2B206212800FAF760FBFFE735E0E07819
:1095E000002802D0012816D02EE0A51CF1200390FF
:1095F000002002900C2001900720009009230022F7
:1096000002212800FAF749FB0622290014F108007C
:10961000FAF7C0FC18E0A51C0622290014F1080086
:10962000FAF7B8FCF1200390DFF8880302901C20C1
:1096300001901B2000901C23E078421ED2B206212C
:109640002800FAF72AFBFFE7FFE79FE120791E28B1
:1096500005D0C0F0A58020286DD037D3A0E0E078F9
:10966000002802D0012816D02FE0A51CF12003907D
:10967000002002900C200190072000900A23002275
:1096800002212800FAF709FB0622290014F108003C
:10969000FAF780FC19E0A51C0622290014F1080045
:1096A000FAF778FCC44EF120039002962020019036
:1096B0001E2000901E23E078421ED2B2072128000F
:1096C000FAF7EBFAB7484663FFE769E0E07800286D
:1096D00002D0012816D02DE0A51CF1200390002017
:1096E00002900C200190072000900A230022022102
:1096F0002800FAF7D2FA0622290014F10800FAF736
:1097000049FC17E0A51C0622290014F10800FAF70D
:1097100041FCF1200390A9480290202001901E20D6
:1097200000901F23E078421ED2B207212800FAF7EA
:10973000B4FAFFE734E0E078002802D0012816D020
:109740002DE0A51CF1200390002002900C20019038
:10975000072000900A23002202212800FAF79DFA30
:109760000622290014F10800FAF714FC17E0A51CE2
:109770000622290014F10800FAF70CFCF1200390EE
:109780008F480290202001901E2000902023E07836
:10979000421ED2B207212800FAF77FFAFFE7FFE75F
:1097A000F4E02079222808D0C0F0DB8024286ED095
:1097B00038D3252800F0A080D3E0E078002802D03C
:1097C000012816D02DE0A51CF12003900020029066
:1097D0000C200190072000900B230022022128007A
:1097E000FAF75BFA0622290014F10800FAF7D2FB17
:1097F00017E0A51C0622290014F10800FAF7CAFB9D
:10980000F12003906F4802902520019022200090C3
:109810002223E078421ED2B208212800FAF73DFA4E
:10982000FFE79EE0E078002802D0012816D02DE066
:10983000A51CF1200390002002900C20019007202D
:1098400000900B23002202212800FAF726FA0622B4
:10985000290014F10800FAF79DFB17E0A51C062269
:10986000290014F10800FAF795FBF12003905648FF
:10987000029025200190222000902323E078421EB0
:10988000D2B208212800FAF708FAFFE769E0E07889
:10989000002802D0012816D02DE0A51CF12003904D
:1098A000002002900C200190072000900B23002242
:1098B00002212800FAF7F1F90622290014F1080024
:1098C000FAF768FB17E0A51C0622290014F108002E
:1098D000FAF760FBF12003903C48029025200190AC
:1098E000222000902423E078421ED2B208212800D2
:1098F000FAF7D3F9FFE734E0E078002802D0012836
:1099000016D02DE0A51CF1200390002002900C2021
:109910000190072000900B23002202212800FAF773
:10992000BCF90622290014F10800FAF733FB17E00E
:10993000A51C0622290014F10800FAF72BFBF120E0
:109940000390234802902520019022200090252397
:10995000E078421ED2B208212800FAF79EF9FFE70C
:10996000FFE713E0062214F10801A01CFAF712FB2E
:109970000CE00C4D2878022807D0062214F10801CB
:10998000A01CFAF707FB00202870FFE77FBD00004E
:10999000F42800203C0700203C2900207D00002006
:1099A000800000207C000020C4000020C8000020AF
:1099B000980000209C00002068290020A8000020BA
:1099C000AC000020B4000020B8000020BC00002043
:1099D000C000002000F10103810704D010F8011B32
:1099E000820781B1FAD10268A2F10131914311F0ED
:1099F000803104BF50F8042FF6E709BAB1FA81F1BB
:109A000000EBD100401CC01A7047000070B4039CEA
:109A1000DFF88453286029716A71AB71EC710126FB
:109A20002E7270BC70472DE9F74F04000D00DFF86F
:109A300068639DF80800B179884204D3F0799DF8F5
:109A40000810884202D22E208DF80800307A0028B3
:109A500045D1002738003179C0B288423DD2316803
:109A60009DF80820B079121A3079424301EB0200C8
:109A70003900C9B210F80190002080464046C0B2BB
:109A8000082828DA3800C0B250FA84F0802805DAB5
:109A90004046C0B250FA85F0402801DB00205DE16D
:109AA000012010FA08F04946C9B2014208D001224B
:109AB00018EB0501C9B23819C0B200F06FF907E020
:109AC000002218EB0501C9B23819C0B200F066F9DE
:109AD00018F10108D2E77F1CBCE730793EE1307A0B
:109AE000012840F08E807079082190FBF1F201FB93
:109AF0001200012806DB7079082190FBF1FB1BF1B5
:109B0000010B03E07079082190FBF1FB3179584695
:109B1000C0B24143491C8DF8011031689DF80820FE
:109B2000B079121A9DF80100424301EB020001785E
:109B30008DF80010401C01905FF0000840469DF831
:109B40000010C0B2884259D25FF000094846594619
:109B5000C0B2C9B288424ED201994246D2B25846EA
:109B6000C0B2424301EB02004946C9B210F801A05D
:109B7000002007003800C0B2082839DA4046C0B2D9
:109B800050FA84F0802808DA4846C0B2C00050FA83
:109B900085F050FA87F0402801DB0020DEE04846DF
:109BA000C0B2C00050FA87F0717988421EDA0121F4
:109BB000B9405046C0B208420CD001225FFA89F980
:109BC00015EBC9017918C9B218EB0400C0B200F056
:109BD000E5F80BE000225FFA89F915EBC901791865
:109BE000C9B218EB0400C0B200F0D8F87F1CC1E77E
:109BF00019F10109AAE718F101089FE79DF8000093
:109C0000ACE0307A022840F0A8807079082190FBFF
:109C1000F1F0401C8DF8000030799DF8001010FB29
:109C200001F08DF8020031689DF80820B079121A11
:109C30009DF80200424301EB0200019096F804B047
:109C400000208DF8010000210020002210009DF866
:109C50000030C0B298420CD23079431E9DF801000A
:109C60001B1A13FB02F0019BC0B2185C0100521CCE
:109C7000ECE70800C0B200280BD1BBF1010B58463D
:109C8000C0B2002805D09DF80100401C8DF80100ED
:109C9000D9E7002738009DF80010C0B2884259D299
:109CA0005FF0000840465946C0B2C9B288424FD260
:109CB00001993A00D2B23079424301EB02004146A9
:109CC000C9B210F801905FF0000A5046C0B20828EF
:109CD0003BDA4046C0B250FA84F0802808DA3800F7
:109CE000C0B2C00050FA85F050FA8AF0402801DB7B
:109CF000002033E03800C0B2C00050FA8AF0717919
:109D000088421FDA012111FA0AF14846C0B208421E
:109D10000CD00122FFB215EBC7011AEB0101C9B249
:109D200018EB0400C0B200F039F80BE00022FFB2DB
:109D300015EBC7011AEB0101C9B218EB0400C0B260
:109D400000F02CF81AF1010ABFE718F10108A9E7A1
:109D50007F1C9FE75846C0B200E00020BDE8FE8FA0
:109D6000F8B504000F0015000B484079D0F13F0012
:109D70003900C9B288420EDB287800280BD02A7837
:109D80003900C9B22000C0B2FFF74DFE0600701CBA
:109D900004196D1CF0E7F1BD5C290020F8B5040042
:109DA0000D0016002000C0B2802803DA2800C0B2DF
:109DB000402800DB57E03000C0B2002824D0290042
:109DC000C9B20822DFF8CC312800C0B2082790FBC6
:109DD000F7F78020474357FA84F72800C0B25FF0B6
:109DE000080C90FBFCFC802000FB0CFC5CFA84F06F
:109DF000185C5FF0010C91FBF2FE02FB1E111CFAD5
:109E000001F10143D95524E02900C9B20822DFF845
:109E100084312800C0B2082790FBF7F78020474321
:109E200057FA84F72800C0B25FF0080C90FBFCFCE6
:109E3000802000FB0CFC5CFA84F0185C5FF0010CE5
:109E400091FBF2FE02FB1E111CFA01F130EA010146
:109E5000D9552B00DBB22200D2B22900C9B22000B2
:109E6000C0B2FDF751FCF1BD2DE9F84F05000E0021
:109E7000170098460A9C3800C0B22900C9B2401A9F
:109E800002F0C9FC81464046C0B23100C9B2401A56
:109E900002F0C1FC814502DA5FF0010B01E05FF0E6
:109EA000000B5846C0B2002805D028003500060037
:109EB00038004746804638002900C0B2C9B28842FF
:109EC00005D228003D000700300046468046434644
:109ED000DBB23A00D2B23100C9B22800C0B2FDF7FD
:109EE00013FC781B8DF800004046C0B23100C9B2A7
:109EF000401A02F090FC8DF801009DF8000002214C
:109F000090FBF1F930004146C0B2C9B2884202D29A
:109F10005FF0010A01E05FF0FF3A38002900C0B2AB
:109F2000C9B2884224D35846C0B2002808D02200C3
:109F3000D2B22900C9B23000C0B2FFF72FFF07E04C
:109F40002200D2B23100C9B22800C0B2FFF726FF0A
:109F50009DF80100B9EB0009484640B2002805D53C
:109F60001AEB06069DF8000010EB09096D1CD4E7FA
:109F7000BDE8F18FF8B504004FF48065260006486F
:109F800007682A0031003800FCF788F8FDF706FC66
:109F9000F1BD00007C11002088290020C11768B1A4
:109FA0004840401AB0FA80F29040D21CC907C2F56E
:109FB000846241EA025202EBD02140057047000062
:109FC0000CB430B583B00A4606A9029104460025B8
:109FD0000194009502AB01A9084878441E3002F0B4
:109FE0001FFC019A157000284EBF04460198041BFF
:109FF000204603B030BC5DF80CFB00BFA78EFFFF0E
:10A0000010B50400206841490968884202D1012046
:10A0100001F03FFD20683E490968884202D10120D5
:10A0200003F0F2FB20683B490968884202D1012015
:10A03000F8F7E4FE10BD38B504000D002068334980
:10A040000968884203D1280080B201F022FD20680F
:10A050002F490968884203D1280080B203F0D4FB5D
:10A0600020682C490968884203D1280080B2F8F79B
:10A07000C5FE31BD10B50400206824490968884236
:10A0800002D10020244908702068214909688842CB
:10A0900002D102202049087020681E4909688842C0
:10A0A00002D104201C49087002211C48F8F7DEF890
:10A0B00010BD1CB5184C20780090194B00220021CF
:10A0C000032003F0C9FB207800280ED101F0E0FC4A
:10A0D00014480188491C01800188142903DB0021F0
:10A0E000018001F0BFFC01F0C1FC2078207802283B
:10A0F00003D103F088FB03F077FB20782078042855
:10A1000003D1F8F77AFEF8F769FE13BD202200208C
:10A11000A822002030230020E929002090050020FB
:10A12000C4050108D629002070B505000C001600F2
:10A13000D5F8800020282DD1002C03D0300080B22B
:10A14000002801D1012026E0012028660020686651
:10A15000320092B221002800FAF731FD0100080018
:10A16000C0B2002813D1286E01280ED110202A6811
:10A170001062286850E8000F50F0100002002B68B1
:10A1800043E800200028F4D101E00120010008008C
:10A19000C0B200E0022070BD704700002DE9FE4F04
:10A1A0000500002D01D101203AE3DFF80499D9F828
:10A1B000004014F00C04DFF81889D8F8007017F08C
:10A1C00003072878C00640F1C680002C03D00C2C71
:10A1D0007AD1012F78D1DFF8D4A8DAF8000080070F
:10A1E00004D5A869002801D1012019E3DAF800009C
:10A1F000000704D5DAF8000010F0F00005E0DFF801
:10A2000060090068000910F0F000296A88421ED237
:10A21000286A00F05FFC002801D0012000E3DAF892
:10A22000000050F00800CAF80000DAF8001031F021
:10A23000F001286A0143CAF80010DFF82809016814
:10A2400031F47F41EA6951EA022101601FE0DAF846
:10A25000000050F00800CAF80000DAF8001031F0F1
:10A26000F001286A0143CAF80010DFF8F808016815
:10A2700031F47F41EA6951EA02210160002C06D1E4
:10A28000286A00F027FC002801D00120C8E200F075
:10A2900086FBDFF8D418D9F80020C2F30312895CDA
:10A2A00011F01F01C840DFF80C180860DFF808083B
:10A2B000006803F0EFFB8DF800009DF80000002817
:10A2C00049D09DF80000ABE2A86900282DD0DFF846
:10A2D000DC97D9F8000050F00100C9F80000FBF746
:10A2E00031FF0600D9F80000800706D4FBF72AFFEB
:10A2F000801B0328F6D3032092E2D9F8000050F027
:10A300000800C9F80000D9F8001031F0F001286AFF
:10A310000143C9F80010DFF84C08016831F47F41AF
:10A32000EA6951EA0221016015E0DFF88097D9F867
:10A33000000040084000C9F80000FBF703FF0600DA
:10A34000D9F80000800706D5FBF7FCFE801B032828
:10A35000F6D3032064E22878C00754D5082C03D034
:10A360000C2C0BD1032F09D1DFF8400700688003C4
:10A3700049D56868002846D1012051E26868B0F5E7
:10A38000803F06D1DFF82407016851F48031016075
:10A3900018E06868B0F5A02F0AD1DFF8100701684F
:10A3A00051F480210160016851F48031016009E0BD
:10A3B000DFF8F806016831F480310160016831F49A
:10A3C00080210160686800280ED0FBF7BBFE060004
:10A3D000DFF8D8060068800315D4FBF7B3FE801BB6
:10A3E0006528F5D303201BE2FBF7ACFE0600DFF87F
:10A3F000BC060068800306D5FBF7A4FE801B652819
:10A40000F5D303200CE22878800752D5042C03D022
:10A410000C2C15D1022F13D1DFF8900600684005EF
:10A4200004D5E868002801D10120F9E1DFF83407FC
:10A43000016831F0F8512A6951EA0261016038E09F
:10A44000E86800281FD0DFF86496D9F8000050F4BF
:10A450008070C9F80000FBF775FE0600D9F800000F
:10A46000400506D4FBF76EFE801B0328F6D30320BD
:10A47000D6E1DFF8F006016831F0F8512A6951EAB7
:10A480000261016015E0DFF82496D9F8000030F48D
:10A490008070C9F80000FBF755FE0600D9F80000EF
:10A4A000400506D5FBF74EFE801B0328F6D303209C
:10A4B000B6E1287800072ED56869002815D0DFF8A6
:10A4C000A096D9F8000050F00100C9F80000FBF791
:10A4D00039FE0600D9F8000080071CD4FBF732FED5
:10A4E000801B0328F6D303209AE1DFF87496D9F88D
:10A4F000000040084000C9F80000FBF723FE0600FA
:10A50000D9F80000800706D5FBF71CFE801B032846
:10A51000F6D3032084E12878400740F181805FF082
:10A520000009DFF848A6DAF80000C0000DD4DAF818
:10A53000000050F08050CAF80000DAF8000010F077
:10A5400080500190019801208146DFF824B6DBF8A5
:10A550000000C00513D4DBF8000050F48070CBF885
:10A560000000FBF7EFFD0600DBF80000C00506D495
:10A57000FBF7E8FD801B0328F6D3032050E1A86811
:10A58000012806D1DFF8EC05016851F001010160F6
:10A5900017E0A86805280AD1DFF8D805016851F04E
:10A5A00004010160016851F00101016009E0DFF878
:10A5B000C4050168490849000160016831F00401DF
:10A5C0000160A868002810D0FBF7BCFD0600DFF88A
:10A5D000A4050068800719D4FBF7B4FD801B41F285
:10A5E00089318842F3D303201AE1FBF7ABFD060063
:10A5F000DFF880050068800708D5FBF7A3FD801B06
:10A6000041F289318842F3D3032009E14846C0B2C0
:10A61000012805D1DAF8000030F08050CAF80000B7
:10A62000287880062ED5686A002815D0DFF848956E
:10A63000D9F8000050F00100C9F80000FBF782FDD6
:10A640000600D9F8000080071CD4FBF77BFD801BB7
:10A650000328F6D30320E3E0DFF81C95D9F80000C7
:10A6600040084000C9F80000FBF76CFD0600D9F86F
:10A670000000800706D5FBF765FD801B0328F6D395
:10A680000320CDE0A86A002800F0C980A86A02284B
:10A6900040F0A380D8F80000070017F00300E96A33
:10A6A000884222D117F07000296B491EB0EB011FC0
:10A6B0001BD117F4FE40696BB0EB012F15D117F0D9
:10A6C0007840A96BB0EBC16F0FD117F4C000E96BF4
:10A6D0004908491EB0EB415F07D117F0C060296CF3
:10A6E0004908491EB0EB416F57D00C2C53D0DFF80E
:10A6F000BCA3DAF80000400101D5012090E0DAF8AF
:10A70000000030F08070CAF80000FBF71BFD8146A6
:10A71000DAF80000800107D5FBF714FDB0EB090063
:10A720000328F5D303207BE0D8F80010DFF84C04B1
:10A730000140E86A0143286B401E51EA0011686B32
:10A7400051EA0021E86B4008401E51EA4051286C54
:10A750004008401E51EA4061A86B51EAC061C8F848
:10A760000010DAF8000050F08070CAF80000D8F845
:10A77000000050F08070C8F80000FBF7E3FC060012
:10A78000DAF8000080014AD4FBF7DCFC801B0328C8
:10A79000F6D3032044E0012042E0DFF81093D9F81B
:10A7A000000080013BD4D9F8000050F08070C9F857
:10A7B0000000D8F8000050F08070C8F80000FBF7E7
:10A7C000C1FC0600D9F80000800128D4FBF7BAFCD0
:10A7D000801B0328F6D3032022E00C2C1DD0DFF8C9
:10A7E000CC92D9F8000030F08070C9F80000FBF777
:10A7F000A9FC0600D9F80000800106D5FBF7A2FCF1
:10A80000801B0328F6D303200AE0D8F80010DFF8F5
:10A8100070030140C8F8001001E0012000E00020B2
:10A82000BDE8FE8F2DE9F04104000D00002C01D1A0
:10A830000120B2E0DFF84C73386810F00700A8423E
:10A840000BD23868C008C00028433860386810F060
:10A850000700A84201D001209FE0207880070DD595
:10A86000DFF84C12086810F0F000A268904205D2A0
:10A870000A6832F0F002A06802430A602078C0073C
:10A8800042D56068032806D1DFF820020068800105
:10A890001CD4012081E06068022806D1DFF80C0298
:10A8A0000068800312D4012077E06068002806D198
:10A8B000DFF8F8010068800708D401206DE0DFF8B8
:10A8C000EC010068400501D4012066E0DFF8E0817A
:10A8D000D8F800108908890060680143C8F80010A2
:10A8E000FBF730FC0600D8F8000010F00C0061689F
:10A8F000B0EB810F08D0FBF725FC801B41F28931BA
:10A900008842F0D3032048E0207880070CD56849BE
:10A91000A0680A6812F0F002904205D20A6832F08C
:10A92000F002A06802430A60386810F00700854210
:10A930000BD23868C008C00028433860386810F06F
:10A940000700A84201D0012027E02078400706D563
:10A9500057490A6832F4E062E06802430A602078EE
:10A96000000707D55248016831F46051226951EA65
:10A97000C201016000F013F8DFF8EC114C4A1268D4
:10A98000C2F30312895C11F01F01C84049490860F5
:10A990004948006803F07EF8C0B2BDE8F0812DE9B7
:10A9A000F041002600204249096811F00C01DFF84F
:10A9B00020C1DCF8007017F00307002903D00C2930
:10A9C0001AD1012F18D1DFF8E4E0DEF800805FEA49
:10A9D000087806D4DFF888E1DEF800E0CEF3032E35
:10A9E00003E0DEF800E0CEF3031E674E56F82E605B
:10A9F00000290CD130000AE0042903D1DFF88CE1F2
:10AA0000704604E0082902D1DFF884E170460C2981
:10AA10002DD1DCF800E01EF0030E73469E46BEF119
:10AA2000020F03D0BEF1030F03D005E0DFF85CE1B5
:10AA300003E0DFF85CE100E0B646DCF80020C2F39A
:10AA40000212521C1500DCF80020C2F3062202FBA1
:10AA50000EFEBEFBF5F2DCF800C0CCF3416C1CF13D
:10AA6000010C5FEA4C0C6446B2FBF4FC6046BDE8A6
:10AA7000F08110480068704780B5FFF7FAFF45493C
:10AA80000B4A1268C2F30222895C11F01F01C84010
:10AA900002BD80B5FFF7EDFF3E49054A1268C2F3DB
:10AAA000C222895C11F01F01C84002BD00100240A3
:10AAB000081002408C05002068050020284908681D
:10AAC00010F07E400A6852F400020A6070470000ED
:10AAD0000C1002407CB504000025244E3068C000F4
:10AAE00003D501F0DBF801000FE0306850F0805032
:10AAF0003060306810F080500090009801F0CEF87F
:10AB00000100306830F080503060B1F5007F09D12D
:10AB1000812C15D3A12C02D30220050010E00120C6
:10AB200005000DE0812C02D30320050008E0802CF5
:10AB300002D10220050003E0702C01D101200500A4
:10AB400010480268D208D2002A430260006810F060
:10AB50000700A84201D0012000E0002076BD0000DF
:10AB600094100240041002402407010858100240CB
:10AB70000070004090100240981002408C809D01AF
:10AB8000FCFFEEFE002002403C0401080024F4001B
:10AB900000127A001C0C0108BBBBE1B1B2F5803F8A
:10ABA00080F07E80022A1ED98C46B1FBF2F102FBB6
:10ABB00011C31B0443EA1043B3FBF2FC02FB1C333A
:10ABC00080B240EA0343B3FBF2F002FB103240EAEA
:10ABD0000C4000237047022A05D98446B0FBF2F0EE
:10ABE00002FB10C270474AB105D100F001024908CA
:10ABF0005FEA3000704700220023704702F07ABFFE
:10AC00000B000200002100207047904271EB030C02
:10AC1000F6D3B3F5803F2FD2F0B5B3FA83F7B1FA8C
:10AC200081F4A7F10F0E3D1B5340CEF1200602FA2E
:10AC30000EF2F3415340B5F10F0746D80F3C2C44B8
:10AC40004140C4F12006A040F1414140B1FBF3F680
:10AC500003FB1611A2FB0645001BA94102D2761E7A
:10AC60008018594180EA010221FA0EF362FA0EF2CD
:10AC700000215A403046F0BD30B4B1FBF3FC03FB79
:10AC80001C11A2FB0C45001BA94103D2ACF1010C25
:10AC90008018594130BC02460B466046002170477F
:10ACA000B2F1807F65D3F0B5B2FA82F7B1FA81F4E0
:10ACB000C7F10F063D1B22FA06F307F1110EF24110
:10ACC00020355A40B5F10F07B8D94140C4F12006EC
:10ACD000A040F1414140B1FBF3FC03FB1C11A2FB7E
:10ACE0000C45001BA94103D2BCF1010C801859414D
:10ACF0000F2F12D30F3FC90341EA5041B1FBF3F6C6
:10AD000003FB1611A2FB0645D4EBC030A94102D2C9
:10AD1000761E8018594146EACC3C07B34140C7F142
:10AD20002006B840F1414140B1FBF3F603FB161198
:10AD3000A2FB0645001BA94102D2761E801859418C
:10AD400080EA010221FA0EF3C7F1200462FA0EF242
:10AD50000CFA07F05A402CFA04F13043F0BD80EAB7
:10AD6000010221FA0EF3002162FA0EF260465A4007
:10AD7000F0BD8C46B1FBF2F102FB11C31B0243EAAA
:10AD80001063B3FBF2FC02FB1C331B024CEA0020F5
:10AD900043EA1063B3FBF2FC02FB1C331B024CEAD8
:10ADA000002043EA1063B3FBF2FC02FB1C331B02DE
:10ADB0004CEA002043EA1063B3FBF2FC02FB1C32B6
:10ADC0004CEA00200023704770477047B0B581EA15
:10ADD000030C0CF0004C40F2FF7515EA11541DBF36
:10ADE00015EA1357AC42AF4239E0E41923EA455360
:10ADF00043F48013C90241F0004141EA505EC702AA
:10AE00001100A7FB020200284FF00000EEFB01201A
:10AE10004FF00001E3FB072118BF42F00102401888
:10AE200000214941E3FB0E01A4F580640F0302D227
:10AE300052004041494154F101046CDD470872F170
:10AE4000004250F1000051EB0451A1F580115CBFAC
:10AE500041EA0C01B0BD4CEA05510020B0BD05EA45
:10AE60001357AC4214BFAF4241E050EA410E1CBF41
:10AE700052EA430E02E061460020B0BD24423C4449
:10AE80001BD15FEA070EF6D0090302BF014600207E
:10AE9000AEF1140EB1FA81F7AEEB070401FA07FE2A
:10AEA0000C37C7F1200100FA07F7C8404EEA000E40
:10AEB00023EA455343F48013A2E733F00043B3FA87
:10AEC00083F704BFB2FA82FE77440B3FE41BB7F16D
:10AED000200E2FBF02FA0EF3BB40C7F1200E22FA5C
:10AEE0000EFE38BF43EA0E03BA40641C82E750EA04
:10AEF000410E14BF52EA430E6FF000014FF40017E9
:10AF000017EB430F8ABF194617EB410FB5E74CEA21
:10AF100005510020B0BDD4F10104B4F120070FDACF
:10AF2000C4F12007520828BF42F0010210FA07F5C9
:10AF300001FA07F7E1BF2A43E0403843E1400FE060
:10AF4000352C98DCC7F1200452EA400220FA07F2BF
:10AF500018BF42F0010231FA07F0A1400A43002174
:10AF600072F1004250F1000051EB0C01B0BD000045
:10AF700070B44FF0004591EA030F40F141876B40F8
:10AF8000841A71EB030604D26E40001BB141121902
:10AF900073414FF4001C1CEB410F34BF7CEB4306A4
:10AFA00083E00C0DA4EB1356362E00F37C80012EAB
:10AFB00045EAC32341DC43EA525312BFD202920254
:10AFC0005B08240545EAC12141EA5051D2EBC0207B
:10AFD000994125D407D1B0FA80F610FA06F162D073
:10AFE0000020203608E0B1FA81F6B140C6F1200217
:10AFF00020FA02F21143B0404FEAF474B4EB465425
:10B0000034F001064FEA74040AD8D6F50016760D1E
:10B0100004F00044F04061FA06F25040F14048402C
:10B02000C00A40EA415021F0004128BF5FEA5005C4
:10B0300050F1000044EBD12135E0DB0A45EAC121A3
:10B04000C90AB6F120050EDD42EA0242120CC5F132
:10B05000200603FA06F6EB4042EA06056D429841E7
:10B0600061F100010DE062FA06F5F240554063FA25
:10B0700006FC82EA0C02F3405A406D42904161EBBB
:10B08000030111F4801F05D1641E620502D06D001A
:10B090004041494121F48011430875F1004350F1CA
:10B0A000000041EB045170BC70471CEB410F15D2FE
:10B0B00023F0004352EA43060BD04FEA4C0CBCEBA2
:10B0C000410F04D80C0D661E342EB7DDEBE7801A55
:10B0D000994150EA410608BF0021E4E708BF1CEB94
:10B0E000430F28BF6FF00001DDE70000C1F30A53F2
:10B0F00040F2FE329B1A14DDD3F120034FEAE172D5
:10B1000008DDC90241EA505141F00040D8408018A2
:10B110005040704703F2E13010B1D24382F000405A
:10B1200070470020704700002DE9F84F82468B469B
:10B1300014001D000026DFF884713878012801D141
:10B14000022047E0012038704CF25038404600F0B1
:10B150005BF881464846C0B2002837D100207860AD
:10B16000DFF85C010168490506D5016831F48061AA
:10B1700001600220387701E000203877BAF1000F33
:10B1800007D122002B00584600F071F8012006007C
:10B190000FE0BAF1010F02D0BAF1020F09D121007C
:10B1A000584600F071F8BAF1020F02D15FF4802026
:10B1B0000600404600F028F88146002E04D0DFF853
:10B1C00004010168B143016000F09FF8002038706D
:10B1D0004846C0B2BDE8F28F00203A490A68002A0A
:10B1E00009D53C4A3C4B13603C4B1360096800296D
:10B1F00001D501210800C0B270473248016851F002
:10B20000004101600020704770B50400FAF79AFF12
:10B2100005002D4A1068C00309D514F1010FF8D0BC
:10B22000FAF790FF401BA042F3D303201EE0116801
:10B2300026480140002913D0204843680B4343604F
:10B2400011F0404F05D0224B1E6811F040400643DC
:10B250001E60880002D021F040401060012005E00F
:10B260001068C00701D501201060002070BD10B427
:10B2700014490C6854F001040C600260BFF36F8F36
:10B28000011D0B6010BC704770B4402304000D001A
:10B290000C4A166856F480261660EFF3108272B6D8
:10B2A0002E682660241D2D1D5B1E1E00F6B2002E8A
:10B2B000F6D182F3108870BC704700006C05002046
:10B2C000002002401420024010200240FAC3020075
:10B2D000182002400820024023016745AB89EFCDCA
:10B2E00010B4DFF89820136833F47E73C40014F4AC
:10B2F000FF6423431360136853F002031360136861
:10B3000053F48033136010BC7047DFF86800017F8E
:10B310000A00D2B2012A03D00A00D2B2032A11D104
:10B32000DFF85420136833F400731360136853F488
:10B3300000631360136833F400631360136853F4FD
:10B34000007313600A00D2B2022A03D00A00D2B2FC
:10B35000032A0CD1084A136853F48053136013680E
:10B3600033F480531360136853F480631360002236
:10B37000027770476C050020002002401420024034
:10B3800010B500240320FBF75EFC0F2002F082FBC7
:10B39000002802D00120040001E002F0ADFB2000F3
:10B3A000C0B210BD70B586B0142200216846FAF70D
:10B3B00030FF6B48016851F004010160016811F031
:10B3C000040105910599016851F08001016001684F
:10B3D00011F0800105910599016851F001010160AA
:10B3E000016811F0010105910599016851F0020110
:10B3F0000160016811F0020105910599016851F0A1
:10B4000008010160006810F0080005900598554C8F
:10B41000002243F2C1312000F7F7E9FA00224FF48D
:10B42000F8515FF09040F7F7E2FA4F4D0022042107
:10B430002800F7F7DCFA4D4E002238213000F7F7EC
:10B44000D6FA42F2C1300090012001900020029013
:10B450000020039069462000F7F72AF94CF21E00FD
:10B460000090032001900020029069462000F7F729
:10B470001FF90B20009003200190002002906946E4
:10B480003B48F7F715F948F2FF00009003200190C0
:10B490000020029069465FF09040F7F709F92020FC
:10B4A0000090002001900120029069462000F7F7EB
:10B4B000FFF80720009000200190012002906946CB
:10B4C0003000F7F7F5F84FF4A64000900320019004
:10B4D0000020029069463000F7F7EAF84FF4F85080
:10B4E0000090012001900020029000200390694606
:10B4F0005FF09040F7F7DCF84FF4805000900120A7
:10B500000190002002900320039069462000F7F785
:10B51000CFF804200090012001900020029000202C
:10B52000039069462800F7F7C3F81820009001201F
:10B530000190002002900020039069463000F7F748
:10B54000B7F82020009001200190002002900320F5
:10B55000039069463000F7F7ABF806B070BD00BF46
:10B560004C10024000080048000C0048000400484D
:10B57000001C004880B51648016851F002010160C6
:10B58000016811F0020100910099016851F0010178
:10B590000160006810F00100009000980022002176
:10B5A0000D20FBF756FB0D20FBF768FB0022002166
:10B5B0000F20FBF74EFB0F20FBF760FB0022002162
:10B5C0004520FBF746FB4520FBF758FB01BD00BFBC
:10B5D0004810024018B591B01422002101A8FAF7D2
:10B5E00018FE042200216846FAF713FE2C220021DF
:10B5F00006A8FAF70EFE484C48482060002060601C
:10B600007F20A060FF20E0600020206100206061BA
:10B610000020A0610020E061200002F089FA0028EB
:10B6200001D0FAF7F4FD00208DF8040000208DF819
:10B63000050000208DF806000020049000200590F1
:10B64000012201A9200002F0D8FA002801D0FAF75F
:10B65000DEFD01208DF8000001208DF801000120A1
:10B660008DF8020000208DF80300012269462000B9
:10B6700002F071FB002801D0FAF7C9FD00208DF817
:10B68000180000208DF8190000208DF81A00002005
:10B6900007900020099000200A9000200B900020C5
:10B6A0000D9000200E9001208DF83C004FF480702A
:10B6B0001090012206A9200002F0DCFB002801D036
:10B6C000FAF7A5FD12B010BD10B598B004006022C5
:10B6D00000216846FAF79DFD20681049884219D17B
:10B6E0005FF4003000904FF4007017906846FAF74E
:10B6F0009BFD002801D0FAF78AFD0948016851F442
:10B7000000410160002200212920FBF7A2FA292034
:10B71000FBF7B4FA18B010BDB42800200028004090
:10B720009010024080B52C482C4901604FF4827182
:10B730004160002181604FF4E061C160002101613E
:10B74000002141614FF4007181610021C16100213C
:10B75000016200214162002181620721C162002152
:10B7600001630821416300F0C1FD002801D0FAF710
:10B770004EFD01BD10B586B004001422002101A8C1
:10B78000FAF747FD20681549884222D1144801681C
:10B7900051F480410160006810F4804000900098EE
:10B7A0001048016851F002010160006810F00200C9
:10B7B000009000984FF42040019002200290002059
:10B7C0000390032004900520059001A90648F6F790
:10B7D0006FFF06B010BD0000382600200038004082
:10B7E000581002404C1002400004004810B50400FC
:10B7F00002F049FE012010BD38B50400DFF85814EE
:10B80000087800280ED101200870DFF850048088E5
:10B81000DFF84C1408802100C9B2DFF84804F6F7BD
:10B8200034FD22E0DFF83804DFF83054AA880388BA
:10B830009A4212D100200870AA8829680220F8F7DD
:10B8400067FB92A10220F8F779FB0121280002F0A2
:10B85000BFFE2800F8F73EFB07E0A9880180210021
:10B86000C9B2DFF80004F6F710FD012032BD10B5B3
:10B870000400FEF71EFC012010BD10B50400DFF827
:10B88000E8130320F8F768FB0421DFF8D803F6F784
:10B89000FCFC012010BD01000120704701000120C7
:10B8A000704701000120704780B502F009FD02F0E9
:10B8B0007DFF01BD1CB500F039F803F004F8F7F77F
:10B8C00059FCF6F7D9FBDFF8A443002000900FF2F3
:10B8D000291300225FF0FF31200002F0FBFCDFF8AB
:10B8E0009013200002F0B2FD200002F019FD13BDFC
:10B8F000F8B50024FFF7D8FFFFF7DCFF00F096F85B
:10B90000012803D14FF4FA60F8F7AAFB002500F0F4
:10B910001DF806002E4302F0E1FF07003743F6F75B
:10B92000D5FB38430400F7F7BAFCEFE780B500F029
:10B9300099F800F09BF80FF2B500DFF838130860B3
:10B940000FF2D100DFF83013086001BD70B50020A0
:10B95000002400252800C0B207283ADAC14E28008A
:10B96000C0B2000130444078012830D12800C0B274
:10B97000042801D0012004002800C0B20001304496
:10B98000406800280ED0FAF7DDFB2900C9B2090192
:10B9900031444968401A2900C9B209013144896813
:10B9A000884214D300202900C9B2090131444870EB
:10B9B000FAF7C8FB2900C9B20901314448602800E0
:10B9C000C0B22900C9B209013144C96888476D1C59
:10B9D000C0E7A44A92F84100002803D104211000D6
:10B9E000F6F753FC2000C0B270BD000080B5002106
:10B9F0009C48F6F73BFC01BD10B504009F490320AD
:10BA0000F8F79CFA05219748F6F730FC00F001F8AA
:10BA100010BD704738B504000D004FF47A732A004A
:10BA200092B221009648F8F76CFB31BD38B500257D
:10BA30000024FFF743F80100880110D4C8000ED499
:10BA400088000CD448000AD4002908D4480102D543
:10BA50000120040003E0080101D5012004002000BA
:10BA6000C0B232BD80B5F6F7E3FF01BD80B501225B
:10BA700084498348F8F7ABFB002201214620FBF7FD
:10BA8000E8F84620FBF7FAF801BD00000D0A0000B7
:10BA900070472DE9F0410400002500217A4A1688FC
:10BAA0007A4FF869002823D16C48828812FA84F210
:10BAB000B2F5966F01D3002282805FF00008414604
:10BAC000220089B292B291420ED20168828811445A
:10BAD000424692B26E4BC4461FFA8CFC13F80C30EF
:10BAE0008B5418F10108EAE781886118818077E0BA
:10BAF0003000230080B29BB2984229D2A01B0500DF
:10BB00005648838813FA85F3B3F5966F01D3002363
:10BB100083805FF0000841462B0089B29BB29942B6
:10BB200012D201688388194443469BB2DFF860C192
:10BB3000C6461FFA8EFE1EFA86FE1CF80EC001F8DD
:10BB400003C018F10108E6E781886918818046E0A2
:10BB5000D6F164000500414B988810FA84F010FA81
:10BB600085F0B0F5966F01D3002098800020010089
:10BB7000AC4689B21FFA8CFC614513D21968B3F840
:10BB800004C0614484461FFA8CFCDFF804E180465F
:10BB90001FFA88F818FA86F81EF808E001F80CE099
:10BBA000401CE4E75FF000084046210080B289B203
:10BBB000884210D2186899880844414689B2DFF853
:10BBC000D0C0C6461FFA8EFE1CF80EC000F801C099
:10BBD00018F10108E8E7998828194118998014801C
:10BBE000F86900280AD1642229492548FEF79CFA01
:10BBF0003868006830F0040039680860012119488D
:10BC0000F6F734FBBDE8F081010022480160002016
:10BC1000704780B52048016851F480410160016897
:10BC200031F4804101601648F7F76CF8002002BD3E
:10BC300038B504000D00104A1068002804D029000F
:10BC400089B220001268904700201249096888478D
:10BC5000002032BD00000000DE2900200806002080
:10BC6000D029002090050020E005010824290020AB
:10BC700080A90300B0290020C0290020A8050108E0
:10BC800020220020DD290020CE29002000270020CE
:10BC90009C2600209C29002040100240DFF88000F4
:10BCA000006810F4C06070470200B2F5007F26D132
:10BCB000DFF86C00036813F4C063B3F5007F2CD089
:10BCC000036833F4C06353F400730360DFF8540077
:10BCD000036832204343DFF85000B3FBF0F0401C10
:10BCE0000100DFF8480003685B0503D5002901D097
:10BCF000491EF6E7006840050FD503200EE0DFF887
:10BD00002000036813F4C063B3F5806F05D00368A7
:10BD100033F4C06353F48063036000207047000075
:10BD2000007000408C05002040420F00147000405D
:10BD300090420CD141EA030C50EA4C0C07D09942D6
:10BD400005D14FF4001C1CEB410F38BF89427047EE
:10BD500010B5144600F002F8226010BDC1F30A537A
:10BD600043B14A0012F5001F28D2A3F2FE32A1EB24
:10BD70000251704750EA410C20D001F0004C31EAEA
:10BD80000C01B1FA81F204BFB0FA80F3D2180B3A79
:10BD9000B2F120032CBF00FA03F1914041EA0C01FB
:10BDA0003EBFC2F1200C20FA0CF3194390405242DE
:10BDB00040F2FD33D21A01EB035170470022704765
:10BDC0004FF4001C1CEB410F94BF1CEB430F09E028
:10BDD00041EA030C50EA4C0C52EA0C0C03D2994293
:10BDE00008BF9042704714BF8B42824270470000E8
:10BDF00070B44FF0004591EA030F7FF5C1A86B4086
:10BE0000841A71EB030603D2001BB141121973416E
:10BE10004FF4001C1CEB410F34BF7CEB430442E0A9
:10BE20000C0DA4EB1356352E4FDC45EAC323DB0A79
:10BE300045EAC121C912B6F120050DDD63FA05F608
:10BE4000EB4086EA0305124218BF45F00105C01811
:10BE500051F100010CD213E062FA06F5F2405540B0
:10BE6000F3415A40B340F3405A408018594107D338
:10BE700049085FEA30005FEA350528BF45F0010553
:10BE800001F58011420875F1004250F1000041EBCC
:10BE900004514E0016F5001F70BC38BF70470020DB
:10BEA000090D090570471CEB410F10D252EA4306F9
:10BEB0000BD0BCEB410F05D80C0DAB43661E342EE6
:10BEC000B6DD02E0AB438018594170BC704770BCCE
:10BED000704700004FF4001C1CEB410F94BF1CEB9B
:10BEE000430F09E041EA030C50EA4C0C52EA0C0CF7
:10BEF00003D28B4208BF8242704714BF99429042DE
:10BF000070470000F8B52DED0A8B41EC1A0B480084
:10BF10004015109D401C43EC182B23D051EC1A0BFC
:10BF200031F0004108BF00281CD051EC180B48002C
:10BF30004015401C16D051EC180B31F0004108BFE1
:10BF400000280FD051EC1A0B0022DFF84833FFF71E
:10BF500037FF80F0A38055EC184B9FED800B05F068
:10BF60000042ACE051EC1A0B48004015401C02D1D5
:10BF7000090340F0898151EC180B48004015401C22
:10BF800001D1090353D151EC180B31F0004308BF24
:10BF9000002A08D151EC1A0B48004015401C46D12C
:10BFA000090344D10DE048004015401C12D109039B
:10BFB00010D151EC1A0B48004015401C37D1090331
:10BFC00035D1AFF30080BDEC0A8B4FF0FF306FF03E
:10BFD0000041F4BD51EC1A0B31F0004108BF0028BC
:10BFE00028D151EC180B4800400D05EB000234D16C
:10BFF00051EC180B31F0004108BF002806D02A464A
:10C0000051EC180B02F0BEFC41EC180B51EC180B74
:10C0100020F0000231F0004308BF002A05D048009C
:10C020004015401C03D1090301D1AFF3008051EC4E
:10C03000180B2BE151EC1A0B48004015401C26D17F
:10C04000090324D153EC1A2B51EC180BBDEC0A8BCD
:10C0500001B0BDE8F040FEF7B9BE002AC8DD40F2ED
:10C06000FF70824209DB9FED9F0B53EC102B01F018
:10C0700000410B4343EC182BC8E76FF31E5141EA14
:10C08000025155EC184B0D4645EC184BBEE755ECEC
:10C09000184B9FED320B05F0004210E001227E4B61
:10C0A000FFF718FF11D89FED8F0B51EC100B55ECDB
:10C0B000184BAFF3008005F0004040EA010251EC5C
:10C0C000100BBDEC0A8B1146F4BD53EC1A2B7348D0
:10C0D0007349FEF77BFE41EC100B53EC102B9FEDE8
:10C0E000719B03F0004251EC190B0C46144353ECC6
:10C0F000192B51EC100B2346FEF73AFFFEF7F6FF23
:10C100000446FDF74BFF41EC1B0B53EC1B2B4FF090
:10C1100078406649FEF75AFE02460B4651EC1A0B70
:10C12000FFF766FE06460F4653EC1B2B604861493D
:10C13000FEF74CFE02460B4630463946FFF758FEE6
:10C1400041EC1A0B21F0004100225B4BFFF738FE57
:10C1500008D2B0EE48AAF0EE68AA55E00000000050
:10C160000000000053EC1A2B51EC1A0BFEF72EFEC8
:10C1700041EC1B0B53EC1B2B50485149FEF726FE9C
:10C18000504A514BFEF7F4FE53EC1B2BFEF71EFEFC
:10C1900041EC1C0B53EC1B2B4C484D49FEF716FE93
:10C1A0004C4A4D4BFEF7E4FE53EC1B2BFEF70EFE04
:10C1B00053EC192BFEF7DCFE53EC1A2BFEF706FEB0
:10C1C00041EC190B53EC1C2BFEF7D2FE9FED43AB59
:10C1D00053EC1A2BFEF7CCFE06460F4651EC1C0B17
:10C1E00053EC192BFFF704FE53EC1A2BFEF7C0FE9D
:10C1F00002460B4630463946F6F764FE53EC182BE0
:10C20000FEF7E4FD41EC1A0B51EC1A0B2A19480019
:10C21000400D02EB000319D0002B17DD40F2FF7038
:10C22000834209DB9FED2F0B53EC102B01F00041F3
:10C230000B4343EC1A2B16E06FF31E5141EA0351F6
:10C2400055EC1A4B0D4645EC1A4B0CE051EC1A0B11
:10C2500031F0004108BF002805D051EC1A0B02F064
:10C2600091FB41EC1A0B51EC1A0B20F0000231F05B
:10C27000004308BF002A05D048004015401C03D1E8
:10C28000090301D1AFF3008051EC1A0BBDEC0A8B0E
:10C29000F4BD000000C89CC000C89C40FE822B6515
:10C2A0004715F73F000000000000E03F422EE63F48
:10C2B000F2E4D5BCE7E84B3E0000903C112E5781DC
:10C2C000A03F503F5843128C8F71BC3F4BE8A541B3
:10C2D000B752013F0BBDF3DAE8708C3F000000005D
:10C2E0000000F03F000000000000F07F10B50400E7
:10C2F000002C01D1012074E0606A002806D160683A
:10C30000B0F5827F06D00020E06103E000202061CC
:10C31000002060610020A06294F85D00002805D133
:10C32000002084F85C002000FFF724FA022084F843
:10C330005D002068006830F0400021680860E06817
:10C3400040F20171884201D3002101E04FF4805195
:10C35000E068B0F5706F05D0E068B0F5E06F01D02F
:10C360000020A062606810F48270A26812F4044297
:10C370001043227C12F002021043227D12F00102CF
:10C380001043A26912F400721043227F12F03802A7
:10C39000104394F8202012F080021043A26A12F495
:10C3A0000052104322681060A269120C12F00402BD
:10C3B00094F8240010F01000024394F8340010F0B8
:10C3C00008000243E06810F47060024311F48050EA
:10C3D00002432068426000202066012084F85D004E
:10C3E000002010BD2DE9F84306000D0017001C00C9
:10C3F000F9F7A8FE8046B94696F85D00012801D0FD
:10C400000220ECE0002D03D0380080B2002801D1DA
:10C410000120E4E096F85C00012801D10220DEE072
:10C42000012086F85C00032086F85D00002030665D
:10C43000B563B787F787002030640020A6F8440072
:10C440000020A6F84600002030650020F064B068A7
:10C45000B0F5004F0BD13068006830F04000316813
:10C4600008603068006850F48040316808603068C7
:10C470000068400605D43068006850F0400031681C
:10C480000860F06840F20171884235D37068002876
:10C4900003D0484680B2012809D1B06B00883168CA
:10C4A000C860B06B801CB063F08F401EF087F08FC7
:10C4B000002873D03068806880070AD5B06B008888
:10C4C0003168C860B06B801CB063F08F401EF0878D
:10C4D000EDE7F9F737FEB0EB0800A04202D314F104
:10C4E000010F01D1002CE2D1012086F85D0000206F
:10C4F00086F85C00032072E07068002803D048468C
:10C5000080B2012817D1F08F02280AD3B06B0088BF
:10C510003168C860B06B801CB063F08F801EF087FC
:10C5200009E0B06B007831680873B06B401CB063F1
:10C53000F08F401EF087F08F00282FD03068806881
:10C54000800718D5F08F02280AD3B06B00883168B5
:10C55000C860B06B801CB063F08F801EF087EAE784
:10C56000B06B007831680873B06B401CB063F08F1B
:10C57000401EF087DFE7F9F7E5FDB0EB0800A042C9
:10C5800002D314F1010F01D1002CD4D1012086F87F
:10C590005D00002086F85C00032020E04246210078
:10C5A000300000F003F9002801D020203066B06888
:10C5B000002808D1002000903068C06800903068E2
:10C5C000806800900098012086F85D00002086F8C1
:10C5D0005C00306E002801D0012000E00020BDE8A2
:10C5E000F2832DE9FC4705000E0017009846DDF8A0
:10C5F0002890F9F7A7FD0400B8EB040419EB040434
:10C60000F9F7A0FD8246684800684001000D00FB74
:10C6100004F00090286880683040B04201D10120C9
:10C6200000E000203900C9B2884243D018F1010F60
:10C63000F0D0F9F787FDB0EB0A00A04201D2002C40
:10C640002FD12868406830F0E000296848606868A9
:10C65000B0F5827F0DD1A868B0F5004F03D0A8686F
:10C66000B0F5806F05D12868006830F04000296877
:10C670000860A86AB0F5005F0BD12868006830F444
:10C680000050296808602868006850F40050296844
:10C690000860012085F85D00002085F85C0003201B
:10C6A00009E00098002801D1002004000098401EF5
:10C6B0000090AFE70020BDE8F6872DE9FE4F0600A9
:10C6C0000F0014009846DDF8309000208DF800002F
:10C6D000F9F738FD0500B8EB050519EB0505F9F785
:10C6E00031FD8246306810F10C0B2F480168232081
:10C6F0004143090D01FB05F1019130688068384024
:10C70000A0424ED0B7F5C06F07D1002C05D19BF8E1
:10C7100000008DF800009DF8000018F1010FECD02A
:10C72000F9F710FDB0EB0A00A84201D2002D2FD17D
:10C730003068406830F0E000316848607068B0F5FB
:10C74000827F0DD1B068B0F5004F03D0B068B0F56E
:10C75000806F05D13068006830F0400031680860B3
:10C76000B06AB0F5005F0BD13068006830F400505B
:10C77000316808603068006850F400503168086023
:10C78000012086F85D00002086F85C00032009E0A7
:10C790000198002801D1002005000198401E019059
:10C7A000ABE70020BDE8FE8F8C0500207CB50400BF
:10C7B0000D00160000962B0000224FF4C0512000FF
:10C7C000FFF77BFF002805D0206E50F02000206688
:10C7D00003201FE000962B00002280212000FFF79D
:10C7E00000FF002805D0206E50F0200020660320B6
:10C7F00010E000962B0000224FF4C0612000FFF7EC
:10C800005CFF002805D0206E50F020002066032039
:10C8100000E0002076BD002848BF4042704700007D
:10C820002DE9F14FB0B0924604910DF142013A9AD0
:10C830002B9199464A7000200AE01AF8011B0498CF
:10C84000309A90470028049000F0B6860D98401C5E
:10C850000D909AF8000050B12528EED10021002259
:10C860000791089209910A920B910C9204E00D989D
:10C8700000F0A4BE41F001011AF8010F2028F9D000
:10C8800023280CD02B2804D02D2805D0302809D0FF
:10C890000BE041F00201EFE741F00401ECE741F069
:10C8A0000801E9E741F01001E6E72A280FD1D9F89D
:10C8B000002052F8040BC9F8002000280F9003D57F
:10C8C00040420F9041F004010AF1010A14E00F9276
:10C8D000DFF828380AE00F98984205DA00EB800468
:10C8E00002EB4402303A0F920AF1010A9AF8002052
:10C8F000A2F130000A28EED39AF800002E2803D0C7
:10C900004FF0FF320E9229E01AF8010F2A2809D1C0
:10C91000D9F8000050F8042BC9F800000E920AF173
:10C92000010A1BE02D280CBF0AF1010A0020002299
:10C930000E92DFF8C8470BE040B90E9AA24205DA22
:10C9400002EB820503EB4503303B0E930AF1010A2B
:10C950009AF80030A3F130020A2AEDD3ADF8401066
:10C96000DFF89C07784400F5F3609AF8001002F0B5
:10C97000A7F808B11AF8010B8DF842009DF84200A3
:10C98000682805D19AF8000068280CD1622106E0D9
:10C990006C2804BF9AF800006C2804D171218DF82E
:10C9A00042100AF1010A12A806901AF801BBBBF165
:10C9B00025012CD01C3900F0D081091F022940F23A
:10C9C000CC81133900F02385093900F0C681891E16
:10C9D00000F0B885491E00F06585491E022940F225
:10C9E000BC81091F00F05E85491F00F02881491EA7
:10C9F00000F00D85491E00F0D080C91E0DD0891EA3
:10CA000000F00585C91E00F0028500F0A6BD2523B3
:10CA10008DF84830012100F0ABBDD9F8000050F886
:10CA2000044BC9F80000002C059440F0A3802B991A
:10CA30004878002800F099804FF0FF340FF68430DA
:10CA400002F04AF8201A40F0B78500F092BD6D1E42
:10CA500040F0A9853096079D12AF75B1309E17F84A
:10CA6000012B02A9304600F073FE002801D46D1E90
:10CA7000F5D10028309640F09F850A9D3020002D8A
:10CA80008DF804000CDD309E012301AA02A9304676
:10CA900000F06EFE002840F08F856D1EF4D13096B8
:10CAA000059F089D75B1309E17F8012B02A93046ED
:10CAB00000F04EFE002801D46D1EF5D100283096FE
:10CAC00040F07A850B9D3020002D8DF804000CDDA0
:10CAD000309E012301AA02A9304600F049FE002839
:10CAE00040F06A856D1EF4D1309605980899099D2D
:10CAF000471875B1309E17F8012B02A9304600F097
:10CB000027FE002801D46D1EF5D10028309640F094
:10CB100053850C9D3020002D8DF804000CDD309ED7
:10CB2000012301AA02A9304600F022FE002840F0AD
:10CB300043856D1EF4D130969DF8400041077FF586
:10CB400088AE2020002C8DF804007FF782AE309D47
:10CB5000012301AA02A9284600F00AFE002840F09D
:10CB60002B85641EF4D1309573E60FF66440059072
:10CB700000F0FFBC0E9D002D04D52046FCF72AFFD7
:10CB8000044607E02A46204601F0C6FF002814BFED
:10CB9000041B2C46089400F0ECBCD9F8001051F8A6
:10CBA000040BC9F8001020F00004002121F0FF352B
:10CBB00012ABCDE902450593DDE9022306993C2439
:10CBC00013B90AB90E9898B102F00F053035641EFA
:10CBD000EEB23A2EA8BF2735120942EA03721B09AA
:10CBE0000D5508BF002A03D005980D19A842EBD3B4
:10CBF00008190590C4F13C020E98089282420ADAA4
:10CC0000BDF84010821A4FF6EF7001400A92ADF85D
:10CC1000401000F0AEBC002840F1AB849DF840000D
:10CC200000F01400102840F0A4840F9B07990A9884
:10CC30005B1A1B1A9A1A002A40F39B84E5E32B998E
:10CC4000487820B14FF0FF340FF65430F8E69DF8E5
:10CC50004200622861D0682817D06A283FD06C282B
:10CC600006D0712847D074282CD07A281DD064E0D3
:10CC7000D9F8001051F8040BC9F80010002868D149
:10CC80004FF0FF340FF63030DAE6D9F8001051F8E3
:10CC9000040BC9F8001020B94FF0FF340FF618301C
:10CCA000CEE60D99018000F064BCD9F8001051F86F
:10CCB000040BC9F8001000284BD14FF0FF340FF6D9
:10CCC000F820BDE6D9F8001051F8040BC9F800109F
:10CCD00000283ED14FF0FF340FF6DC20B0E6D9F843
:10CCE000001051F8040BC9F8001080B94FF0FF3460
:10CCF0000FF6C420A4E6D9F8001051F8040BC9F8C7
:10CD0000001020B94FF0FF340FF6AC2098E60D9AD2
:10CD1000D317C0E9002300F02CBCD9F8001051F85B
:10CD2000040BC9F8001020B94FF0FF340FF688202B
:10CD300086E60D99017000F01CBCD9F8001051F87E
:10CD4000040BC9F8001020B94FF0FF340FF668202B
:10CD500076E60D99016000F00CBCD9F80020D21DD8
:10CD600022F00702C9F80020D2E900010832C9F810
:10CD70000020CDE90201C80F02D007982D210AE05A
:10CD8000BDF84000810702D507982B2103E0C007BA
:10CD900005D50798202112AA1154401C0790DDE9FF
:10CDA0000223079912A8CDE92C2308444BF0200157
:10CDB0006129059021AC0BD00E99002902D50621DE
:10CDC0000E9105E001BF4BF02001672901220E9270
:10CDD000DDE9022359004915491C0DD11A030BD076
:10CDE000ABF1610503211A2D089102D20FF6E4116F
:10CDF00010E00FF6E4110DE059004915491C0DD162
:10CE00001A030BD1ABF1610503211A2D089119D337
:10CE10000FF6CC110322F9F741F9AAE3DDE902018B
:10CE2000CDE92E01DDE92E2323F00047B7F5801F61
:10CE300022F000060DD20022002F08BF002E009223
:10CE400003D116E00FF69411E4E76A46FEF780FF7F
:10CE50000FE0DFF8DC08DFF8DC1800EB175000907B
:10CE6000DDE92E234FF0FF301940DFF8CC78104079
:10CE70003943CDE902014BF0200061280DD105981E
:10CE800030210170821CBBF1610F05920CBF78212B
:10CE9000582141700798801C0790DDE9020120F0BD
:10CEA000000231F0004308BF002A02D1002600250D
:10CEB00068E14BF02008B8F1610F40F0B4800E98A3
:10CEC000002847BF21210191401C0190019FDDE90D
:10CED0002C017F1C00220023DDE90245FEF770FFD4
:10CEE00000998DF8842038BF85F00045091F002F78
:10CEF00000910DF1850653DD2046294600220023CE
:10CF0000FEF7E8FF4CD24800400D00F11C0212D0A1
:10CF1000002A10DD40F2FF739A4206DBDFF81C188E
:10CF200005F000400143002011E06FF31E5141EA7B
:10CF3000025120460BE024F0000035F0004108BF0C
:10CF400000280FBF29461C22294601F01BFD04467C
:10CF50000D46FEF7CBF8FF1F002F804609DDFDF7D9
:10CF60001DF802460B4620462946FEF741FF0446BF
:10CF70000D46F01D0721B8F1000F0CDD491E5EBF04
:10CF800008F00F0200F8012D4FEA2818F3D502E04F
:10CF9000002200F8012D491EFAD5C61D002FABDC7A
:10CFA0000DF18500361A01988642D8BF3046002818
:10CFB0000DF1850430D4B04206DA0DF185010A5C2A
:10CFC000082AA8BF0F2100DA0021024621AB134432
:10CFD00000E0401E13F80159521E8D42F9D00F296E
:10CFE00004D10DF185018B5C5B1C8B54002A04D5A8
:10CFF0000099091D21AC401C0091411E0CD46218FF
:10D00000ABF13A0613783033DDB23A2DA8BFF318EE
:10D01000491E02F80139F5D50E99002940F1B0807A
:10D02000421E0E92ACE00099DFF8142747F29750A9
:10D03000414391FBF2F2DDE92C45009225F00045D9
:10D04000D2F1070204DD2046294600F04EFB0BE03A
:10D0500052420020DFF8EC1600F047FB02460B4678
:10D0600020462946F5F72EFF0446B8F1660F0E98C4
:10D0700006BF009F0A3706273F18142FC8BF142782
:10D0800030200D468DF884000DF18506002F39DD26
:10D090002046294601F06CFD01460A4606F10803C8
:10D0A00004200A26B2FBF6F606EB860EA2EB4E0231
:10D0B000303203F8012C0A22B6FBF2F202EB820EA8
:10D0C000A6EB4E063036401E03F8026DE9D1083F4C
:10D0D000002F03F10806D9DD0846F5F7D5FE024614
:10D0E0000B4620462946FEF783FE0022DFF858361D
:10D0F000FDF76CFE04460D46CAE700BFCBCCCC0C56
:10D10000F43B00000DF18500361A0DF1850404E0B2
:10D110000098401E761E0090641C20783028F7D0BE
:10D12000B8F1660F02D10099491C04E0B8F1650F0F
:10D130000CBF012100210E9808188642B8BF701E4E
:10D1400000281DD4B04204DA215C3429C8BF39213B
:10D1500000DC30210246631E9D1800E0401E15F8D9
:10D160000169521E8E42F9D0392902D1A15C491CB5
:10D17000A154002A04D50099491C1C46401C00916A
:10D180000646009D01F008FD406A0778DDF838800A
:10D1900030B2002802DC01260FF248644BF0200078
:10D1A000662808BF6D1C16D0672846D128B210F13A
:10D1B000040F48DB404546DA9DF840006D1C01072E
:10D1C00003D430B24045B8BF804628B2B8EB00085F
:10D1D00048BF4FF000080FFA85FBBBF1000F00F3CA
:10D1E000B5800898411C0891302205990A54B8F17D
:10D1F000000F03DC9DF84000010704D50898411C8E
:10D20000089105990F5418EB0B0FB8BFC8F1000532
:10D210002DB268420B90A84432B29045B8BF464642
:10D22000059B089836B20996324621461844F8F70D
:10D2300035FFA8EB06000C90D2E0BBF1610F17D1CF
:10D240004FF0700B19E030B2404504DA9DF8401001
:10D250000A0758BF8046B8F1010848BF4FF00008E0
:10D26000BBF1670F14BF4FF0450B4FF0650B04E0A7
:10D27000BBF1410F08BF4FF0500B0898411C0891BB
:10D28000B8F1000F059914F8012B0A5403DC9DF83E
:10D29000400001071AD50898411C0891B8F1000F09
:10D2A00005990F5412DD761E30B280450598089B13
:10D2B000B8BF464632B221461844F8F7EFFE089947
:10D2C00036B271180891A8EB06000B9005980899E2
:10D2D000084429B2002980F800B003D42B22427000
:10D2E000821C04E02D2242700D46821C6D420021FA
:10D2F0002CAB28460AE004460A2094FBF0F000EB31
:10D300008005A4EB450403F8014B491C00B200283A
:10D31000F1DC012906DC4BF02000652804BF302039
:10D3200002F8010B00292CAB08D1302002F8010BC8
:10D3300006E0491E585C303002F8010B0029F8DC89
:10D34000059908980844121A099249E030B229B2A6
:10D3500088421CDA0598089B32B221461844F8F737
:10D360009DFE089936B27118ABEB0606B8F1000FB6
:10D3700008910B9603DC9DF84000020704D5059840
:10D3800047540999491C0991CDF8308028E0059847
:10D39000089B2AB221461844F8F780FE0898761BAD
:10D3A0005844B8F1000F089003DC9DF840100A07BC
:10D3B00003D5411C089105990F5430B2804505985A
:10D3C000089BB8BF464632B204EB0B011844F8F78D
:10D3D00065FE089836B230180890A8EB06000B904E
:10D3E0009DF8400000F01400102840F0C280079A19
:10D3F00008990B988A18099982180C988A1882182B
:10D400000F98824280F2B580821A0A92B1E09DF8AC
:10D410004200622808D068280ED06A2814D06C28F0
:10D420001FD0712810D01CE0D9F8001051F8040B5F
:10D43000C9F80010C0B21AE0D9F8001051F8040B76
:10D44000C9F8001080B212E0D9F80020D21D22F0F5
:10D450000702C9F80020D2E900010832C9F800200B
:10D4600006E0D9F8001051F8040BC9F800100021AB
:10D47000CDE902019DF8400001075AD5DDE90223FC
:10D48000002B08BF002A54D04BF02000782850D140
:10D49000079812A930220A54401C431C079301F834
:10D4A00000B046E09DF84200622808D068280ED0FF
:10D4B0006A2814D06C281FD0712810D01CE0D9F82D
:10D4C000001051F8040BC9F8001040B21AE0D9F866
:10D4D000001051F8040BC9F8001000B212E0D9F89E
:10D4E0000020D21D22F00702C9F80020D2E9000175
:10D4F0000832C9F8002006E0D9F8001051F8040BF2
:10D50000C9F80010C117CDE90201002902D507981A
:10D510002D210AE0BDF84000810702D507982B2194
:10D5200003E0C00705D50798202112AA1154401C1A
:10D53000079012A807990144059102A8594600F0E6
:10D540004FF816E001200790D9F8000050F8041BAE
:10D55000C9F800008DF848100BE025210122BBF12D
:10D56000000F8DF84810079203D08DF849B00221C2
:10D5700007910F9A07980A990C9C121A0898521A48
:10D580000B99121A0998521A121A9DF84000141B8E
:10D5900041073FF560AA2020002C8DF804007FF79A
:10D5A0005AAA309E2546012301AA02A9304600F05E
:10D5B000DFF800283FF44BAA4FF0FF3031B0BDE850
:10D5C000F08F00007072696E74665F733A2062615A
:10D5D0006420257320617267756D656E74000000AC
:10D5E0002DE9FC4307466F293E6908BF082405D092
:10D5F00041F02000782814BF0A2410243C25D7E9E4
:10D600000023642918BF69299046994605D1002B4B
:10D6100003D5D8F1000869EB4909B9F1000F08BF3B
:10D62000B8F1000F0CD1386B50B9082C39D197F8EC
:10D630003800010735D530203B2586F83B0030E027
:10D640008DF80010404649462246E317FDF7A4FA3C
:10D650003032D0B26D1E3A28019504DB9DF80000EF
:10D66000A0F151018A187255404649462246E317F7
:10D67000FDF792FA80465FEA010908BFB8F1000F92
:10D6800003D0F86871198842DCD3082C09D197F8C7
:10D690003800010705D5705D302802D06D1E30209E
:10D6A0007055C5F13C02BA617119F960386B82425C
:10D6B00008DA821A3A624FF6EF70398F01403987E3
:10D6C000BDE8F38300280ED597F8380000F0140069
:10D6D000102808D17B6B7969386A5B1A1B1A9A1A71
:10D6E000002AC8BF3A62BDE8F3832DE9D04306465D
:10D6F0000F4614464FF00008DFF8509012E0E007A4
:10D7000007D542464B4630463946FDF75FFB064695
:10D710000F464046494642464B46FDF757FB6410CC
:10D7200080468946002CEAD130463946BDE8D08390
:10D7300002FCFFFFFFFF0F800000E03F0000F07FD2
:10D74000A08601000000F03F84D7974100002440EC
:10D7500010B503460C461146A0689847A06020B15A
:10D76000E06A401CE062002010BD4FF0FF3010BDA9
:10D77000F8B505460E4617461C4600205CB117F862
:10D78000011BB068A847B06030B1F06A401CF0627D
:10D790000020641EF3D1F2BD4FF0FF30F2BD000057
:10D7A0007072696E74665F733A20256E20646973C7
:10D7B000616C6C6F776564007072696E74663A2094
:10D7C00062616420256E20617267756D656E7400FC
:10D7D000000000006E616E004E414E00696E6600F2
:10D7E000494E46003000000080B501221749184814
:10D7F000F6F7EDFC002201212520F9F72AFA252071
:10D80000F9F73CFA01BD704738B504000D480F49DF
:10D810000A78036885885A558288521C82808288DB
:10D8200040F2FF139A4201D300228280012208486D
:10D83000F6F7CDFC01200449087002210548F4F7F1
:10D8400024FD31BD7C0C0020E7290020E6290020C2
:10D85000A8220020700700202DE9F84785B00500B8
:10D860000E0014001F000020ADF802005FF0000A57
:10D87000DFF80C22107AA84202D27FF0040055E0B3
:10D88000D0683040B04202D07FF005004EE05068D2
:10D89000002806D0002C04D00DF1020101A8526826
:10D8A00090470DF1380843463A004FF40071DFF815
:10D8B000DC0101F02CFA814600F0CFF86946BDF892
:10D8C000020010EB090080B200F076F810F1010FB1
:10D8D00028D05FF0000A5046BDF8021080B288429E
:10D8E00010D201A8514689B2405CDFF89811BDF80A
:10D8F00000208854BDF80000401CADF800001AF16B
:10D90000010AE8E743463A004FF40071DFF874017A
:10D91000BDF800C0604401F0FAF900F0A3F800F08F
:10D9200008F803E000F09EF87FF0020006B0BDE8C2
:10D93000F08770B50024002500F099F8002837D151
:10D9400000F08BF84E4E308A718A88422ED0B07823
:10D9500001280ED13188308A091AB1820220B070B4
:10D9600000203080B08A002803D10020B070002051
:10D970003082B07800280CD1308A718A884204D273
:10D98000718A308A091AB18203E0308AD0F580604A
:10D99000B0823C48318A0844050000F079F8B18A29
:10D9A0002800394A92689047040001E000F05AF8D4
:10D9B000200040B270BD000070B402005FF0FF3084
:10D9C0002F4B5C8A1D8AAC4216D15C8AD4F58064E8
:10D9D00015002600ADB2B6B2B5422BD315001E8A93
:10D9E000ADB2B54226D201259D705D8A1D801D8A8B
:10D9F0002C0000255D821DE01C8A5D8AAC4216D297
:10DA00005C8AD4F5806415002600ADB2B6B2B5428A
:10DA100010D315001E8AADB2B5420BD201259D7000
:10DA20005D8A1D801D8A2C0000255D8202E01D8A12
:10DA30005C8A2C1B15002600ADB2B6B2B54209D2E5
:10DA40005D8A0D805D8A15FA82F5AD05AD0D5D82AA
:10DA50000023180000B270BC70470948C18A491CF5
:10DA6000C18270470648C18A491EC1827047044876
:10DA7000C08A002801D1002000E00120704700008A
:10DA80000C2900207C150020240A0108981B002086
:10DA90007047000038B504000025134908780028B5
:10DAA0001DD04FF47A700978B0FBF1F00F49096886
:10DAB000B1FBF0F0F9F7F0F800280DD1102C08D2E6
:10DAC000002221005FF0FF30F9F7C3F80848046036
:10DAD00007E00120050004E00120050001E001202D
:10DAE00005002800C0B232BDC70C00208C05002004
:10DAF000680500207047000081B00B48016851F0B4
:10DB000001010160006810F00100009000980748D2
:10DB1000016851F080510160006810F08050009061
:10DB2000009801B0704700BF6010024058100240DA
:10DB300070B504000125002C5CD094F82100002869
:10DB400005D1002084F820002000FDF7BDFD022053
:10DB500084F821002068C068C00642D4CA20216829
:10DB60004862532021684862200000F02AFB06002A
:10DB70003000C0B200281AD120688168DFF8E806BA
:10DB800001402068816020688168626820690243E2
:10DB9000A0690243114320688160E0682168086140
:10DBA00020680069A16850EA0140216808612000EE
:10DBB00000F02DFB05002800C0B200280DD1206820
:10DBC000C06C800880002168C8642068C16CE2696C
:10DBD0006069024311432068C164FF2021684862E4
:10DBE00001E0002005002800C0B2002802D1012079
:10DBF00084F821002800C0B270BD2DE9F04705006F
:10DC00000E00140095F82000012801D102206DE0DB
:10DC1000012085F82000022085F82100CA2029680B
:10DC20004862532029684862280000F0CAFA8046FA
:10DC30004046C0B200284AD1002C20D12868806814
:10DC4000400601D40020F070307800F01FFB8246BF
:10DC5000707800F01BFB8146B07800F017FB5FFA8C
:10DC60008AFA5FFA89F95FEA092959EA0A49C0B2D2
:10DC700050EA0909F07859EA80594F4610E02868BF
:10DC80008068400601D40020F07030787178090275
:10DC900051EA0041B0780143F07851EA80510F0019
:10DCA000DFF8C8053840296808602868806830F4C3
:10DCB00080202968886028688168F268306902439A
:10DCC000114328688160280000F0A1FA8046FF20F7
:10DCD000296848624046C0B2002802D1012085F878
:10DCE0002100002085F820004046C0B2BDE8F08742
:10DCF000F8B505000E0014002868806A7060286876
:10DD000000694004400CB06028680768DFF85C05D3
:10DD100007403800000C10F03F0030703800000A57
:10DD200010F07F00707017F07F00B0703800800D29
:10DD300010F00100F070002C0BD1307800F0B4FA34
:10DD40003070707800F0B0FA7070B07800F0ACFA13
:10DD5000B0700020F2BD2DE9F04105000E00140066
:10DD600095F82000012801D1022058E0012085F813
:10DD70002000022085F82100002C07D17078C00611
:10DD800004D5707810F0EF000A307070002C16D1B6
:10DD9000F07800F07BFA8046707800F077FA0700A0
:10DDA000B07800F073FA5FFA88F8FFB23F0257EAE2
:10DDB0000847C0B20743307857EA403709E0F078A7
:10DDC00077783F0257EA0047B0780743307857EA40
:10DDD0004037CA20296848625320296848622800D1
:10DDE00000F0EFF980464046C0B2002808D1DFF8C5
:10DDF0008004384029684860280000F008FA80460E
:10DE0000FF20296848624046C0B2002802D10120A4
:10DE100085F82100002085F820004046C0B2BDE80A
:10DE2000F081F8B505000E00140028684768DFF897
:10DE3000400407403800000CF0703800000A10F071
:10DE40001F00707017F03F00B0703800400B10F0EA
:10DE500007003070002C0BD1F07800F025FAF0703C
:10DE6000707800F021FA7070B07800F01DFAB07090
:10DE70000020F2BD2DE9F84305000E00140095F8CE
:10DE80002000012801D10220E5E0012085F82000D2
:10DE9000022085F82100002C2DD1286880684006DA
:10DEA00001D40020F070306A0028FFD0307800F0F4
:10DEB000EDF98046707800F0E9F90700B07800F0DD
:10DEC000E5F9814696F8240000F0E0F95FFA88F859
:10DED000FFB23F0257EA08475FFA89F959EA070794
:10DEE000F17857EA8157C0B257EA0067306A0743B2
:10DEF0007069074317E028688068400601D4002055
:10DF0000F070307877783F0257EA0047B0780743DF
:10DF1000F07857EA805796F8240057EA0067306A8D
:10DF2000074370690743D6F80480F06950EA08088F
:10DF3000CA2029684862532029684862B06AB0F54F
:10DF4000807F39D12868806830F4807029688860C3
:10DF50002868C06810F0800070F4C0702968C8603C
:10DF6000F8F7F0F881462868C068C00712D4F8F7BF
:10DF7000E9F8B0EB090040F2E9318842F3D3FF2021
:10DF800029684862032085F82100002085F82000D8
:10DF9000032060E02868C7612868C0F844802868CA
:10DFA000806850F48070296888602868806850F420
:10DFB00080502968886038E02868806830F40070F4
:10DFC000296888602868C06810F0800070F42070AC
:10DFD0002968C860F8F7B6F881462868C0688007E5
:10DFE00012D4F8F7AFF8B0EB090040F2E9318842FB
:10DFF000F3D3FF2029684862032085F82100002020
:10E0000085F82000032026E0286807622868C0F809
:10E0100048802868806850F4007029688860286803
:10E02000806850F4005029688860DFF84802016871
:10E0300051F480210160DFF84002016851F4802131
:10E040000160FF2029684862012085F82100002036
:10E0500085F820000020BDE8F28370B504000D00B3
:10E0600094F82000012801D1022062E0012084F808
:10E070002000022084F82100CA2021684862532031
:10E0800021684862B5F5807F24D12068806830F42B
:10E090008070216888602068806830F48050216832
:10E0A0008860F8F74FF806002068C068C00736D4CB
:10E0B000F8F748F8801B40F2E9318842F4D3FF209A
:10E0C00021684862032084F82100002084F82000A1
:10E0D00003202EE02068806830F40070216888609A
:10E0E0002068806830F4005021688860F8F72AF8CA
:10E0F00006002068C068800711D4F8F723F8801B59
:10E1000040F2E9318842F4D3FF20216848620320BD
:10E1100084F82100002084F82000032009E0FF207B
:10E1200021684862012084F82100002084F8200042
:10E13000002070BD10B504005FF480204F490860D6
:10E1400020688068C0040ED52068C068C0050AD564
:10E150002068C06810F0800070F4C0702168C8604A
:10E16000200000F04DFF2068806880040ED52068F4
:10E17000C06880050AD52068C06810F0800070F47F
:10E1800020702168C860200001F086F8012084F822
:10E19000210010BD38B5040039482168C860F7F780
:10E1A000D1FF05002068C068800608D4F7F7CAFFD1
:10E1B000401B40F2E9318842F4D3032000E0002004
:10E1C00032BD70B5040000262068C06840061BD42C
:10E1D0005FF0FF302168C860F7F7B4FF05002068E2
:10E1E000C068400610D43000C0B203280CD0F7F746
:10E1F000A9FF401B40F2E9318842F0D3032006001A
:10E20000032084F82100EAE73000C0B270BD70B589
:10E21000040000251B48016831F0800101601A4E9E
:10E22000306880060AD42000FFF7B4FF002817D01A
:10E23000032084F821000320050011E0306830F04D
:10E24000200030602000FFF7A5FF002804D0032045
:10E2500084F8210003200500306850F02000306071
:10E260002800C0B270BD0000BFFF8FFF7F7F7F001E
:10E270003FFFFF0000040140080401401404014076
:10E280005FFF03000C280040082800400100002226
:10E2900008000300DBB20A2B02D3521C0A38F8E74D
:10E2A00050EA0210C0B270470100C9B209090A223F
:10E2B00011FB02F110F00F004018C0B270470000CF
:10E2C00080B50020DFF800130860DFF80003006865
:10E2D000804702BD2DE9F04104000D0016001F002B
:10E2E000DDF81880002C18D03800002815D0002048
:10E2F00020602800DFF8D412496A88476060002057
:10E300002072002060720020A072E760C4F81080C4
:10E31000E67200206061002000E00120BDE8F0818D
:10E320002DE9F04704005FF00008002C3BD02000EE
:10E3300000F002F9002836D1607A002833D16068F5
:10E340000700DFF88892D9F8200080470600B7421E
:10E3500000D2370027600020207201206072002068
:10E36000A072DFF864A2DAF80000002806D1D9F81C
:10E3700010008047200000F019F916E0D9F81800C5
:10E38000804705002068281820602068DAF800100F
:10E390000968884203D2200000F008F905E0200057
:10E3A00000F0EDF801E0012080464046C0B2BDE833
:10E3B000F0872DE9F04105000026002D40D0DFF860
:10E3C0000882D8F80070D8F800400120A872D8F868
:10E3D0000000002836D000206872D8F80000A8425B
:10E3E0001AD10020D8F800100872D8F8000040694F
:10E3F000002809D0D8F800004069C8F80000D8F813
:10E40000000000F0A6F818E0DFF8C001C0688047FF
:10E410000020C8F8000010E0002C0ED0AC4209D15A
:10E420006069002802D064697C6102E00020040079
:10E430007C6102E027006469EEE70020060001E04D
:10E44000012006003000C0B2BDE8F08170B50400C4
:10E450000D000026002C02D10120060010E028004B
:10E460005A49496A88476060200000F065F8002832
:10E4700006D02000FFF79DFF2000FFF751FF0600A8
:10E480003000C0B270BD2DE9F843504D6869804737
:10E490000600286980470700B7EB0608DFF82891D7
:10E4A000D9F8000000280FD0D9F800000400206837
:10E4B000804504D22068B0EB0800206001E0002015
:10E4C00020606469002CF2D1D9F80000002824D023
:10E4D000D9F800000068002806D0A8698047D9F85C
:10E4E00000100968814218D2D9F800000400D9F858
:10E4F00000004069C9F8000000202072002060720E
:10E500002069E1688847E07A0128DDD1A07A0028F7
:10E51000DAD12000FFF704FFD6E7D9F80000002881
:10E5200008D0D9F80000007A002803D1D9F80000FB
:10E5300000F00FF8BDE8F1830200234801680029CC
:10E5400005D0914201D1012002E04969F7E700209E
:10E55000704770B504001D4D286A804706000120F1
:10E560002072A869804721683018814203D2A869C7
:10E570008047301820602068A968884770BD10B4B3
:10E5800011490A6809684B695169002909D019685D
:10E590000468A14202D21A005B69F5E75061436149
:10E5A00002E050610021416110BC704738B50500A0
:10E5B00005480468002C01D0002121726C610560BF
:10E5C0000068FFF7C6FF31BDB42900206C040108C4
:10E5D0002DE9FC4704000D005FF0FF3600226E4B72
:10E5E000D3E90001CDE900015FF000094846A188A8
:10E5F00080B2884224D22068494689B2405C3D28D6
:10E6000005D02068494689B2405C3F2800D117E018
:10E610002068494689B2405C41280EDB20684946A3
:10E6200089B2405C5B2808DA2068494689B2405CC0
:10E63000203021684A4692B2885419F10109D5E781
:10E6400000273800C0B2412880F2A280DFF84C8158
:10E6500021003800C0B200014044083000F01DFE27
:10E660000600002E00F192803800C0B20001404444
:10E670004068002800F08A803800C0B200014044A1
:10E680004068002808D14FF47A73A28821004448DA
:10E69000F5F737FD01207CE0DFF808A15046F5F7DB
:10E6A00019FC0020010089B2A288921B914223DA52
:10E6B00021683144020092B2895C3F290AD0216866
:10E6C0003144020092B2895C3D2903D0BAF80410AB
:10E6D000802900DB10E021683144020092B2895C9D
:10E6E000DAF80020BAF80430D154BAF80410491C02
:10E6F000AAF80410401CD5E73900C9B20901414409
:10E70000898916FA81F6B1464846A18880B28842C6
:10E7100026D22068494689B2405C0D280CD1484673
:10E7200080B2A188491E884206DA2068494689B22B
:10E73000084440780A2813D0BDF8040080280CD281
:10E740002068494689B2405C0099BDF8042088548D
:10E75000BDF80400401CADF8040019F10109D3E72D
:10E76000114805702800C0B2401E012802D9801E41
:10E7700009D009E0002168463A00D2B212014244B1
:10E780005268904700E0FFE7012002E07F1C58E755
:10E790000020BDE8F68700BFDC0C0108540800200B
:10E7A000202200204C080020E329002010B586B06C
:10E7B000DFF84840002201A92000FFF799FA002263
:10E7C00069462000FFF72DFBDFF834009DF80610A6
:10E7D00081709DF8051041709DF8041001709DF83E
:10E7E0000010C1709DF8021001719DF80110417177
:10E7F0009DF80310817106B010BD0000B428002000
:10E800007429002010B50400012210215448F4F7A7
:10E81000EEF8012010BD70B50400524D524E307814
:10E820006978884207D05148697850F8210000F093
:10E830002BF8687830702100C9B24D48F3F725FDF8
:10E84000012070BD10B504004A48C078012802D1EB
:10E850004948F7F74CFA03214548F3F716FD4648B7
:10E86000F5F738FB012010BD10B504003F483D49C5
:10E87000497850F8210000F007F82100C9B23C485F
:10E88000F3F703FD012010BD10B504003B483C49DF
:10E8900001604460002181600021C16000210161AC
:10E8A0000C214161002181610021C16100210162CF
:10E8B00000214162F5F7E8FB002801D0F7F7A7FC3B
:10E8C000FEF792FF10BD80B5F7F7F9F92748254903
:10E8D000497850F82100FFF7D7FF01BD70B500203F
:10E8E000002400252800C0B2042836DA204E280073
:10E8F000C0B200013044407801282CD1012004002E
:10E900002800C0B200013044406800280ED0F7F75C
:10E9100019FC2900C9B2090131444968401A29008B
:10E92000C9B2090131448968884214D30020290002
:10E93000C9B2090131444870F7F704FC2900C9B293
:10E940000901314448602800C0B22900C9B2090158
:10E950003144C96888476D1CC4E72000C0B270BD4F
:10E9600000040048C40C0020DF2900203C070020E0
:10E9700070070020A42900207C0C0020A822002081
:10E9800000380140124254D440F2FF7C1CEA11537B
:10E990000FD0634531D09B1863453CBF01EB02515A
:10E9A000704701F0004141EA0C510020AFF30080B4
:10E9B000704750EA410320D001F0004C91EA0C016D
:10E9C0001CD0B1FA81F30B3B9A420DD9D21A99406F
:10E9D00051EA0C01C3F1200C20FA0CFC6144984070
:10E9E000531C40F2FF7CD7E7914041EA0C01C2F191
:10E9F000200C20FA0CF3194390407047B0FA80F3D2
:10EA00001533202BE0D3202AEED3203A203B9A4224
:10EA100009D9D21A00FA03F141EA0C010020531C73
:10EA200040F2FF7CB8E700FA02F141EA0C01002055
:10EA30007047524240F2FF7C1CEA11530DD06345EF
:10EA4000DBD0B2EB030C3CBFA1EB025170470CF1E1
:10EA5000010221EA035141F4801150EA410CCCD06B
:10EA600001F0004C352A27DC30B481EA0C01B2F108
:10EA7000200309DAC2F12003044601FA03F5D0406D
:10EA80002843D1409C400CE0C3F12002450020FA0D
:10EA900003F418BF44F0010421FA03F091400C4341
:10EAA000002174F1004550F1000051EB0C012442AB
:10EAB00030BC7FF47BAF70476146002076E70000F2
:10EAC000C9B202788A421AB11CBF10F8012FF9E7C7
:10EAD00018BF00207047000080B500B906A00549A6
:10EAE0000B681BB122220021984701E000F0C8FC0E
:10EAF000222002BDC4290020636F6E7374726169A5
:10EB00006E742068616E646C65723A206261642084
:10EB10006D65737361676500C9B2830706D0521EC5
:10EB200022D310F8013B9942F7D11FE0083A13D3E2
:10EB300002F1040241EA012141EA014150F8043B9B
:10EB4000121F21BF4B40A3F1013C2CEA030C1CF027
:10EB5000803FF3D0C9B2001F083210F8013B521EAB
:10EB600028BF91EA030FF8D818BF0120401E704754
:10EB7000400D491840EA81200CD2490DA1F5806171
:10EB8000491C40F0004005DBD1F11F0154BFC840D3
:10EB9000C017704700207047004870478C0C002059
:10EBA000020000201168097830290CDB116809780F
:10EBB0003A2908DA11684B1C13600A23097803FB11
:10EBC00000103038EEE770472DE9F04F91B00400A7
:10EBD000DDF868801B9D1C9EDFF80803076870063F
:10EBE00003D5DFF8040300680700022B01DB252BA7
:10EBF00001DB002088E0F00702D55FF0300C01E077
:10EC00005FF0200C5FF0000EB00706D5002A04D597
:10EC10002D2086465242B8F101085FF00009002A13
:10EC200006D13020EA460AF8090019F1010910E07E
:10EC3000002A0ED010009A46B0FBFAFB0AFB1B001C
:10EC4000385CEA460AF8090019F10109B2FBF3F24F
:10EC5000EEE74D4500DA4D46B8EB0508F0070DD458
:10EC60004046B0F10108012808DB20202070641C18
:10EC7000491E002901D1200046E0F1E77046C0B2EC
:10EC8000002807D084F800E0641C491E002901D147
:10EC9000200039E04046B0F10108012808DB84F883
:10ECA00000C0641C491E002901D120002CE0F1E7BE
:10ECB0002800451E814508DA30202070641C491E5A
:10ECC000002901D120001FE0F2E74846B0F1010918
:10ECD00001280ADB684610F809002070641C491EF0
:10ECE000002901D120000FE0EFE74046B0F1010814
:10ECF000012808DB20202070641C491E002901D156
:10ED0000200001E0F1E7200011B0BDE8F08F2DE90F
:10ED1000F74F88B005001E000998012801DA00208D
:10ED2000DDE0AA460A980078002806D1BAEB050073
:10ED30000999491E8842C0F2CC80BAEB05000999B6
:10ED4000491E884280F2C5800A980078252806D09E
:10ED50000A9800788AF800001AF1010AB5E000204C
:10ED600080460A98401C0A900A980078302801D101
:10ED700058F001085FF0FF3BD9460A980078302828
:10ED800007DB0A9800783A2803DA0AA8FFF708FF99
:10ED90008146CDF81CB0CDF818B00A2005900A982D
:10EDA0000078582843D063280AD0642844D06928C2
:10EDB00042D0732816D0752840D0782839D03EE04C
:10EDC000B9F10109B9F1010F05DB20208AF8000033
:10EDD0001AF1010AF4E73068361D8AF800001AF1CA
:10EDE000010A72E03068361D0400002C01D13F4852
:10EDF00004002000FAF7EEFD04904846B0F1010946
:10EE00000499814205DA20208AF800001AF1010AEB
:10EE1000F3E7002007000498874207DA20788AF891
:10EE20000000641C1AF1010A7F1CF4E74DE058F061
:10EE300040081020059026E058F0020823E00A98C8
:10EE40000078252804D025208AF800001AF1010A4C
:10EE5000BAEB05000999491E884214DA0A9800782D
:10EE6000002806D00A9800788AF800001AF1010AF2
:10EE700002E00A98401E0A90BAEB05000999491E63
:10EE8000884200DA21E006986C2803D13068361DEC
:10EE9000039009E05FEA887003D53068361D03905F
:10EEA00002E03068361D0390CDF808800798019085
:10EEB000CDF80090059B039A0999491EBAEB05000D
:10EEC000091A5046FFF780FE82460A98401C0A90B5
:10EED00028E700208AF80000BAEB050528000BB0EF
:10EEE000BDE8F08F840C0020880C0020E40C0108A1
:10EEF00080B5DFF87003DFF8701301600021416016
:10EF00001F21816040F2FF31C160002101610021B9
:10EF10004161002181610021C161FEF709FE0028E5
:10EF200001D0F7F774F901BD38B5DFF84043207818
:10EF300000280FD1FFF7DCFFDFF828534FF4807172
:10EF40002800FFF78AF8280000F09EFA00F01CF86D
:10EF500001202070002032BD10B50400200000F018
:10EF600055F8002010BD80B5DFF8F8020168C968C7
:10EF700011F0800171F4C0710268D1604FF48071AA
:10EF8000FFF76BF8002002BD10B5DFF8E442211D49
:10EF900014F1180000F01DF92060206810BDDFF8A2
:10EFA000D0020068704780B586B001A9684600F0BD
:10EFB00010F9AF490968401A07B000BD10B586B016
:10EFC0000024AA480078012804D101A9684600F06D
:10EFD00000F90400200006B010BD0320704700B502
:10EFE0008021A1FB00017D220023FBF7D5FD00BDA0
:10EFF0007D21A1FB0001C00940EA4160C9097047B9
:10F0000010B504009B480068804710BD2DE9F04F03
:10F0100099B004004021002209AD2800F3F750F90F
:10F020005FF000085FF0000A002600275FF0000B89
:10F030008F4D04A8291D1422F7F740F8A869039002
:10F04000FFF791FF40F2FF30059D451B2000800532
:10F05000800D4519A40A9DF80E908748844204D378
:10F060008648041919F10109F7E79DF81080B4F5F5
:10F07000616F04D3B4F5616418F10108F7E79DF8F6
:10F0800011703C2C02D33C3C7F1CFAE79DF8120027
:10F09000210051FA80F6280080B2B0F5806F03DBC2
:10F0A000B5F58065761CF6E7300080B23C2802D3C7
:10F0B0003C3E7F1CF8E7380080B23C2803D33C3F3D
:10F0C00018F10108F7E7404680B2182804D3B8F1D8
:10F0D000180819F10109F6E79DF80F00042190FBCB
:10F0E000F1F201FB1200002817D165499DF80D00CF
:10F0F000084410F8010C4A4680B292B2904223D2E2
:10F100001FFA89F948469DF80D20114411F8011C99
:10F1100090FBF1F901FB190916E05A499DF80D0021
:10F12000084410F8010C4A4680B292B290420BD2C9
:10F130001FFA89F948469DF80D20114411F8011C69
:10F1400090FBF1F901FB1909DFF83CA140F2FF3116
:10F15000280080B2091ACAF804105FF02060CAF8CB
:10F160001C008AF802608AF801708AF800808AF828
:10F1700024909DF813008AF803000020CAF82000AC
:10F180005FF00040CAF814004FF48070CAF82800FD
:10F190000020CAF80C000020CAF8100000225146D6
:10F1A0003048FEF767FE002810D0DAF8040002901D
:10F1B0009AF8020001909AF8010000909AF8003045
:10F1C0009AF82420314909A8FAF7FAFE19B0BDE8E7
:10F1D000F08FF8B504000D000026224F0022210018
:10F1E0003800FEF71EFE002229003800FEF780FDE1
:10F1F000E17840F2B5504143C91C8908E078042207
:10F2000090FBF2F302FB1300002801D1204A00E03A
:10F21000204A63783D2043433C3B022093FBF0F0BF
:10F2200041186078401EC0B240001300C34013F084
:10F230000303C91AA078401E41180F484143AB7818
:10F240006E783C204643F3182E784FF4616000FB43
:10F2500006335918890201F2FF316868091A08005B
:10F26000F2BD0000B428002000280040E82900205A
:10F27000D8280020B02900208051010080AEFEFF78
:10F28000A40B0108980B0108102800205405010860
:10F2900050554400A0AA990070472DE9FE4F040084
:10F2A0000D000020002600270021ADF804105FF0BB
:10F2B00001085FF000095FF0000A21680978212940
:10F2C00001D101218A465FF0000B584600B2A9889F
:10F2D000884272DA20685146C9B2405C29685A46B1
:10F2E00012B2895C884265D1012080465046C0B286
:10F2F000401C0600002081460020ADF804003000CC
:10F3000000B2A18888424ADA2068310009B2405C24
:10F310007C281ED1BDF90400002804D101208146BB
:10F3200016EB0B00070001A800903B001BB22A005F
:10F330002100701C00B200F059F880464046C0B26F
:10F34000012806D15146C9B2584600B200F03DF836
:10F3500039E04846C0B200280FD12068310009B218
:10F36000405C29685A4612B21144320012B2895CDC
:10F37000884202D00020804611E04846C0B20028F2
:10F3800001D1761CBBE73000BDF9041000B2884201
:10F3900003DABDF904000600B1E7761CAFE740468A
:10F3A000C0B2012806D15146C9B2584600B200F099
:10F3B0000CF808E01BF1010B87E75146C9B25FF07A
:10F3C000FF3000F002F8BDE8FE8F02000800C0B276
:10F3D000002802D1100000B207E0100000B200289F
:10F3E00002D45FF0FF3000E000207047F0B5040069
:10F3F000059D0120002637003FB207FA84F7B1F8D7
:10F4000004C067453ADA0F68A4460FFA8CFC6744DB
:10F41000B4460FFA8CFC17F80C707C2F03D1371907
:10F420002F8000B22BE09788B4460FFA8CFC0CFAC0
:10F4300083FC674506DAB2F904707F1C2F805FF009
:10F44000FF3738000F68A4460FFA8CFC6744B446B7
:10F450000FFA8CFC17F80C70D2F800C09E460FFA19
:10F460008EFEF444B6460FFA8EFE1CF80EC06745B9
:10F4700002D05FF0FF373800761CBCE700B2F0BD69
:10F48000012000F025B80000010091F820000128BB
:10F4900001D102201BE0012081F82000022081F828
:10F4A0002100CA200A68506253200A685062086826
:10F4B000806850F020000A689060FF200A6850625F
:10F4C000012081F82100002081F8200000207047F1
:10F4D00080B5AFF30080024A11001820ABBEFBE7F5
:10F4E0002600020000000000000000000000F0BF45
:10F4F000000000000000008000000000000000800C
:10F500000000000000000000000000C05294EEBFA8
:10F5100000000048204E51BE000000F86467BCBCEB
:10F520000000000000000000000000208133EDBF5B
:10F5300000000080B3DB14BE000000506706A3BCCF
:10F540000000000000000000000000D0E9DCEBBF7C
:10F5500000000008C39259BE00000080B0D3B8BCC0
:10F56000000000000000000000000070F98FEABFFA
:10F57000000000C0A51028BE000000E8BFC0B0BC5D
:10F58000000000000000000000000070284CE9BFEF
:10F5900000000060134B42BE000000C03D20B8BC1C
:10F5A000000000000000000000000050FA10E8BF5A
:10F5B000000000C05FF62BBE000000905C71A7BC8D
:10F5C000000000000000000000000020FCDDE6BF9D
:10F5D000000000C0F8F154BE00000018E9F6B9BC04
:10F5E0000000000000000000000000D0C3B2E5BF32
:10F5F00000000070E43254BE00000050DB06B4BCD2
:10F60000000000000000000000000010EF8EE4BFCA
:10F6100000000020F36252BE000000C02A879ABC9E
:10F620000000000000000000000000B02272E3BFF4
:10F63000000000F0E8E056BE00000028352DBDBCFB
:10F640000000000000000000000000000A5CE2BFB3
:10F65000000000B0FA8E41BE00000040AE6FBDBC9D
:10F66000000000000000000000000000564CE1BF58
:10F67000000000F015CD5FBE00000000141C90BC1F
:10F68000000000000000000000000040BD42E0BF9C
:10F6900000000030F93457BE000000E06C1E93BC3F
:10F6A0000000000000000000000000E0F57DDEBF6B
:10F6B000000000B08A535EBE00000080DA77AABC6A
:10F6C0000000000000000000000000C09D81DCBFC1
:10F6D00000000000FFA226BE0000006057E2B0BCA0
:10F6E000000000000000000000000060F98FDABF99
:10F6F000000000580A8151BE000000F05F60B8BCF5
:10F7000000000000000000000000000098A8D8BF22
:10F71000000000607A7F45BE000000D05433A3BCD7
:10F720000000000000000000000000600FCBD6BF0A
:10F73000000000D091CB40BE000000406D1BA0BC7B
:10F740000000000000000000000000A0FBF6D4BF95
:10F7500000000098C5CE52BE000000003A397EBCC1
:10F760000000000000000000000000E0FE2BD3BFFE
:10F770000000004073872BBE00000000926879BC37
:10F78000000000000000000000000040C069D1BF80
:10F7900000000058F16353BE00000080438D7CBC24
:10F7A000000000000000000000000080D85FCFBF14
:10F7B000000000181F8354BE000000B03F42A2BCEE
:10F7C00000000000000000000000008067FCCBBFCC
:10F7D00000000060FAFF53BE00000050E00DB8BC0E
:10F7E00000000000000000000000000098A8C8BF52
:10F7F000000000607A7F35BE000000C0543393BC27
:10F80000000000000000000000000000DC63C5BF35
:10F8100000000058D6FF54BE00000000396490BCC0
:10F820000000000000000000000000C0AD2DC2BFBD
:10F8300000000080A45915BE000000E0484BABBC9E
:10F840000000000000000000000000801A0BBEBF96
:10F8500000000050BF3C5ABE000000A0B364B6BC1C
:10F8600000000000000000000000008004D6B7BFC8
:10F8700000000040BBCF36BE0000008076CEA8BCA2
:10F8800000000000000000000000008032BBB1BF9B
:10F89000000000402A0043BE00000028C60CBDBC8A
:10F8A0000000000000000000000000009473A7BFEB
:10F8B000000000182B3B59BE000000C0E55DA5BC50
:10F8C000000000000000000000000000EE4397BFB1
:10F8D000000000A0E6C340BE00000020958DB5BC2E
:10F8E0000000000000000000000000000000008098
:10F8F0000000000000000080000000000000008008
:10F9000000000000000000000000000000000000F7
:10F9100000000000000000000000000000000000E7
:10F9200000000000000000000000000000000000D7
:10F9300000000000000000000000000000000000C7
:10F9400000000000000000000000000000000000B7
:10F9500000000000000000000000000000000000A7
:10F960000000000000000000000000000000000097
:10F970000000000000000000000000000000000087
:10F980000000000000000000000000000000000077
:10F9900000000000000000000000000000C0F0FCBB
:10F9A000FFFEF8C0000000000000000000000000A2
:10F9B0000000000000000000000000000000000047
:10F9C0000000000000000000000000000000000037
:10F9D0000000000000000000000000000000000027
:10F9E0000000000000000000000000000000000017
:10F9F0000000000000000000000000000000000007
:10FA000000000000000000000000000000000000F6
:10FA1000000000000000000000C0F0FCFFFFFFFF3E
:10FA2000FFFFFFFFFFFCF0C000000000000000002F
:10FA30000000000080C0C0C0C0E0F0F0F0F07038FE
:10FA40003C3C3C3C3F3F0F03000000000000000036
:10FA500000000000000000000000000000000000A6
:10FA60000000000000000000000000000000000096
:10FA70000000000000000000000000000000000086
:10FA80000000000000000000000000000000000076
:10FA90000000000000C0F0FCFFFFFFFFFF3F0F0F62
:10FAA00003070F3FFFFFFFFFFFFC30383C3C1C0EFD
:10FAB0008FCFC7C3C3C3E37371303030383C0C0001
:10FAC00000000070F8CCCC0C0C0000C0F03C0CFC2A
:10FAD000FC000000C0F01C0C0C8CFCF000000000CE
:10FAE00000000CFCFC0000C03C0C00C0FCFC0C0046
:10FAF00000FCFCCCCCCCCC0C000C8CFCFC1C0C0C0E
:10FB00000C000000000000000000000000000000E9
:10FB100000C0F0FCFFFF7F3F0F07C3C0403030182C
:10FB2000CCCCC7C3033330100C8CCCC4C3C3E3F3B9
:10FB30003130303038380C00000000000000000088
:10FB400000000C0C0C0C0F03030C0F030303030F3A
:10FB50000F000000030F0C0C0C0F0301000000004D
:10FB60000000000F0F0C030000000C0F0F0000003E
:10FB70000F0F0F0C0C0C000000000F0F0000000016
:10FB800000000000000000000000000000C0F0FCC9
:10FB90003F3F0F0703000C00C3C13030CCCC033310
:10FBA0003300000C0C0003030300000001030F0FDF
:10FBB0003C78C000000000000000000000000000D1
:10FBC0000000000000000000000000000000000035
:10FBD0000000000000000000000000000000000025
:10FBE0000000000000000000000000000000000015
:10FBF0000000000000000000000000000000000005
:10FC000000000000000000000000C0300F030300EF
:10FC100000000000000000000000000300000000E1
:10FC200000000000000000000000000000000000D4
:10FC3000000000030C30C0000000000000000000C5
:10FC400000000000000000000000000000000000B4
:10FC500000000000000000000000000000000000A4
:10FC60000000000000000000000000000000000094
:10FC70000000000000000000000000000000000084
:10FC80000000000000000000000000000000000074
:10FC90000000000000000000000000000000000064
:10FCA0000000000000000000000000000000000054
:10FCB0000000000000000000000000000000000044
:10FCC0000000000000000000000000000000000034
:10FCD0000000000000000000000000000000000024
:10FCE0000000000000000000000000000000000014
:10FCF0000000000000000000000000000000000004
:10FD000000000000000000000600000000000000ED
:10FD1000000F00000F00000F00000F0000000000A7
:10FD200000000000000000000000000000000000D3
:10FD30000000000000000700001E00E01F00FF1F81
:10FD4000F8FF03FF1F00FF01000F0000000000008C
:10FD500000000000000000000000000000000000A3
:10FD6000000000000E000000C07F00F8FF01FCFF53
:10FD700007FCFF073E800F0E000E0E000E0E000E59
:10FD80001E800FFCFF07FCFF07F8FF01C07F00008B
:10FD900000000E00000070000E38000E38000E1C2F
:10FDA000000E0E000EFEFF0FFEFF0FFEFF0FFEFF08
:10FDB0000F00000E00000E00000E00000E000000FC
:10FDC0000E00000060000F78800F7CC00F7CE00FF9
:10FDD0001EF00F0EF80E0E7C0E0E3E0E1E1F0EFEB7
:10FDE0000F0EFC070EF8030EF0010E0000000E00CF
:10FDF00000003080013880033C80073C800F1E00EB
:10FE00000F0E0E0E0E0E0E0E0E0E1E1F0FFEFF0F0D
:10FE1000FCFB07FCF903F0E0010000000F0000000C
:10FE200000F00000F80000FE0080EF00C0E700F0E6
:10FE3000E1007CE0003EE000FEFF0FFEFF0FFEFF52
:10FE40000FFEFF0F00E00000E0000E000000008049
:10FE500001F88703FE8707FE870FFE070F0E030ECC
:10FE60008E030E8E030E8E070F8EFF070EFF070EFA
:10FE7000FE0300FC000000000E000000C07F00F048
:10FE8000FF01F8FF07FCFF073E0E0F0E070E0E07DF
:10FE90000E0E070E1E0F0F3EFF0F3CFE0738FE032F
:10FEA00030F8010000000E0000000E00000E0000FF
:10FEB0000E00000E000F0EE00F0EF80F0EFE0F8E5C
:10FEC000FF00CE0F00FE0300FE00003E00001E00FB
:10FED000000000000E000000F0E001F8FB03FCFB56
:10FEE00007FEFF0F1E1F0F0E0E0E0E0E0E0E0E0E35
:10FEF0001E1F0FFEFF0FFCFB07FCFB03F0E00100E1
:10FF000000000E000000F08301F88703FC8F07FE5D
:10FF10009F0F1E1E0F0E1C0E0E1C0E0E1C0E1E8E94
:10FF20000FFCFF07FCFF03F8FF01C07F000000008B
:10FF3000000000000000005F000000070007001440
:10FF40007F147F14242A7F2A1223130864623649FF
:10FF50005522500005030000001C224100004122F0
:10FF60001C00082A1C2A0808083E08080050300017
:10FF7000000808080808006060000020100804025B
:10FF80003E5149453E00427F400042615149462171
:10FF900041454B311814127F1027454545393C4ADD
:10FFA000494930017109050336494949360649492D
:10FFB000291E0036360000005636000000081422C4
:10FFC00041141414141441221408000201510906AA
:10FFD000324979413E7E1111117E7F494949363EB1
:10FFE000414141227F4141221C7F494949417F09CA
:10FFF0000901013E414151327F0808087F00417FDD
:020000040801F1
:1000000041002040413F017F081422417F40404091
:10001000407F0204027F7F0408107F3E4141413E41
:100020007F090909063E4151215E7F09192946468B
:100030004949493101017F01013F4040403F1F20B4
:1000400040201F7F2018207F631408146303047866
:100050000403615149454300007F414102040810F7
:100060002041417F00000402010204404040404022
:10007000000102040020545454787F484444383826
:1000800044444420384444487F3854545418087E2B
:10009000090102081454543C7F0804047800447D8C
:1000A00040002040443D00007F10284400417F4034
:1000B000007C041804787C080404783844444438EC
:1000C0007C14141408081414187C7C0804040848D0
:1000D00054545420043F4440203C4040207C1C2089
:1000E00040201C3C4030403C44281028440C5050D8
:1000F000503C4464544C44000836410000007F00EA
:1001000000004136080008082A1C08081C2A0808B4
:100110006070787C7E1C362A361C303E3F3E3007AD
:10012000087F09077C444444387C7C4444387C7C08
:100130007C44387C7C7C7C381E3276321E00000287
:100140000502000043616C69625F506C75733A2070
:10015000000000000000000000000000000000009F
:10016000000000000000000000000000000000008F
:10017000000000000000000000000000000000007F
:10018000000000000000000000000000000000006F
:10019000000000000000000000000000000000005F
:1001A000000000000000000000000000000000004F
:1001B000000000000000000000000000000000003F
:1001C000000000000000000000000000000000002F
:1001D000000000000000000000000000000000001F
:1001E000000000000000000000000000000000000F
:1001F00000000000000000000000000000000000FF
:1002000000000000000000000000000000000000EE
:1002100000000000000000000000000000000000DE
:1002200000000000000000000000000000000000CE
:1002300000000000000000000000000000000000BE
:1002400000000000000000000000000000000000AE
:10025000000000000000000000000000000000009E
:10026000000000000000000000000000000000008E
:10027000FEE7FEE7FEE7FEE7FEE7704770477047E0
:1002800080B500F05FF824480168491C01602348EC
:100290000168491C01600168C92918D30021016067
:1002A0001F490878002802D10120087001E00020D1
:1002B00008700878012805D1012201211948F2F7B8
:1002C00096FB04E0002201211648F2F790FB01BDE5
:1002D00080B51548F6F79BFB01BD80B51348F6F7CE
:1002E00096FB01BD80B51248F3F7A0FF01BD80B5B4
:1002F0001048F3F79BFF01BD80B50F48FDF71AFFCB
:1003000001BD80B50D48F6F782FB01BD80B50C48F4
:10031000F3F78CFF01BD0000B829002098290020C8
:10032000DC290020000800489027002048270020F2
:10033000A822002030230020B4280020002700201D
:100340002022002003480168034A127889180160BE
:10035000704700BF94290020C70C0020F0B402466B
:10036000106895681318506803EB5004C0071CD53B
:100370004D441AE013F8017B05F8017B491EF9D1C1
:1003800098B113F8011BC6F38106032E08BF13F8BA
:10039000016B01EB06214942801C294405D011F86C
:1003A000016B05F8016B401EF9D1A3420ED013F882
:1003B000016B16F0030104BF13F8011BC91C3009BF
:1003C0000F28DBD113F8010B0F30D7E7F0BC02F197
:1003D0000C007047494420536C6176653A20000058
:1003E000000000000000000000000000000000000D
:1003F00000000000000000000000000000000000FD
:100400000000000000000000425220536C6176653D
:100410003A20000000000000000000000000000082
:1004200000000000000000000000000000000000CC
:10043000000000000000000000000000A086010095
:10044000400D0300801A060000350C0040420F00EA
:1004500080841E0000093D0000127A000024F40090
:1004600000366E010048E801006CDC0229EF00084C
:100470000000000059EF000867EF000889EF00084E
:100480009FEF0008A7EF0008BDEF0008DBEF0008B2
:10049000DFEF0008F1EF0008303132333435363702
:1004A00038396162636465666768696A6B6C6D6E32
:1004B0006F707172737475767778797A00000000C6
:1004C000303132333435363738394142434445468A
:1004D0004748494A4B4C4D4E4F5051525354555634
:1004E0005758595A0000000010B50749794418318F
:1004F000064C7C44163404E00A68081D1144884701
:100500000146A142F8D110BD2C00000048000000B7
:100510004EF68851CEF20001086840F47000086081
:10052000BFF34F8FBFF36F8F4FF00070E1EE100AF3
:10053000704700004321FFFF201D0000CC0C00206D
:100540000000000019FEFFFFAC080000F80A0000E0
:1005500000000020616C61726D206661696C3A2058
:1005600025642D25643A25643A25643A25640D0AEC
:100570000000000000F00DF8002801D0FFF7B4FFE4
:10058000AFF300800020AFF30080F5F7E1FD00F04D
:1005900002F80120704700F001B800000746384615
:1005A000FEF796FFFBE70000755F6170705F636F99
:1005B0006D6D3A2074782074696D65722063620DE8
:1005C0000A000000755F6170705F636F6D3A20759F
:1005D000617274202564206572726F72210D0A00A9
:1005E000755F6170705F636F6D6D3A207365742025
:1005F000727463210D0A000073616F766965746718
:10060000726F75702E636F6D2E766E005356544860
:100610005F53564D5F444C535F56315F315F31003D
:1006200061742B72646C617374666F726C6F673D7A
:100630000000000061742B72646C617374666F72E9
:100640006F706572613D000061742B72646C617340
:1006500074666F726576656E743D000061742B720E
:10066000646C617374666F726770733D00000000A4
:1006700061742B726573746F7265736C6176653F1C
:100680000000000053565F454E56495F434D5F548E
:1006900053530000456E7465722050617373776F19
:1006A00072640000312E4D6F646275732052545590
:1006B00000000000362E496E666F726D6174696FBE
:1006C0006E000000534554204D4F44425553205274
:1006D00054550000312E49442020202020203A206B
:1006E00000000000322E42617564726174653A2028
:1006F0000000000043414C49422053454E534F52A5
:100700000000000052414E47452053455454494E85
:10071000470000005375636365737366756C6C798D
:10072000210000000000000000000000010203049E
:1007300006070809526573746F7265204F4B210DCF
:100740000A00000061742B6D7174746D61696E3DF7
:100750000000000061742B6D7174746D61696E3FEF
:100760000000000061742B6D7174746261636B75BD
:10077000703D000061742B6D7174746261636B7500
:10078000703F000061742B726573657470756C73D3
:10079000653F000061742B666C6F777468726573D7
:1007A000683D000061742B666C6F777468726573C6
:1007B000683F000061742B7175616E7468726573B7
:1007C000683D000061742B7175616E7468726573A9
:1007D000683F000061742B626174746872657368AD
:1007E0003D00000061742B62617474687265736807
:1007F0003F00000061742B65726173656D656D3F2C
:100800000000000061742B667776657273696F6E05
:100810003F00000061742B6C6F67696E6465783F00
:100820000000000061742B72646C6173746C6F67FC
:100830003F00000061742B6C6576656C63616C69C8
:10084000623D000061742B6C6576656C63616C6958
:10085000623F000061742B6C6576656C746872652C
:1008600073683D0061742B6C6576656C74687265A5
:1008700073683F0061742B65786261747468726597
:1008800073683D0061742B65786261747468726589
:1008900073683F0061742B776D6368616E6E656C81
:1008A0003D00000061742B776D6368616E6E656C4E
:1008B0003F00000061742B6D6F64696E666F723D5E
:1008C0000000000061742B6D6F64696E666F723F8B
:1008D0000000000061742B7072657373696E666F3F
:1008E000723D000061742B7072657373696E666F80
:1008F000723F000061742B7265736574736C61766E
:10090000653F000061742B63616C6962706C757384
:100910003F000000014880470148004725090108C1
:10092000B10B01080248016851F470010160704781
:1009300088ED00E054656D7020203A200000000032
:10094000332E4F666673657400000000342E5761C5
:10095000726E696E67000000312E5A65726F203A20
:1009600020000000322E536C6F70653A20000000AA
:1009700043414C494220504C55530000312E5453B2
:10098000535F50313A200000322E5453535F50329F
:100990003A200000312E54535320203A200000000A
:1009A000322E54656D70203A200000005741524E9F
:1009B000494E472054535300312E4D6F6465203A01
:1009C00020000000322E55707065723A2000000041
:1009D000332E4C6F7765723A20000000312E555F40
:1009E000545353203A200000322E4C5F545353206E
:1009F0003A200000332E555F54656D703A20000098
:100A0000342E4C5F54656D703A2000002A56657292
:100A100073696F6E00000000576562736974653A10
:100A20000000000009BC000813BC000831BC00082D
:100A30005265736574204F4B210D0A002076617258
:100A40005F793A200000000061742B736572693D84
:100A50000000000061742B736572693F00000000A4
:100A600061742B73696D736572693F0061742B73D8
:100A7000777365727665720061742B647574793D65
:100A80000000000061742B647574793F0000000061
:100A900061742B667265716D696E3D0061742B66C1
:100AA0007265716D696E3F0061742B73617665626A
:100AB0006F783F0061742B6E756D77616B653D00DB
:100AC00061742B726561646C6F673D0061742B709B
:100AD000756C73653D00000061742B70756C7365F7
:100AE0003F00000061742B64656275673D00000083
:100AF00061742B64656275673F00000061742B6D43
:100B000072657365743F000061742B75736572754F
:100B1000726C3D0061742B757365726674703D0074
:100B200061742B746573746C6F673F0061742B7212
:100B30006561646C6F673F0061742B736C617665EF
:100B40003D00000061742B736C6176653F0000000E
:100B500061742B6F6E74656D683F000061742B6F5C
:100B6000666674656D683F0061742B6964736C61BF
:100B700076653F0061742B6964736C6176653D0036
:100B800061742B6272736C6176653F0061742B62D5
:100B900072736C6176653D001F1C1F1E1F1E1F1F98
:100BA0001E1F1E1F1F1D1F1E1F1E1F1F1E1F1E1F5D
:100BB000AFF30080FFF7ACFCFFF7DCFC5453532E7F
:100BC000000000006D672F4C000000004C6F67674D
:100BD000696E000053455454494E4700322E43611C
:100BE0006C696200352E52616E6765005453533A4A
:100BF00020000000206D672F4C000000332E52654E
:100C0000736574004F46465345540000496E666F45
:100C1000722E00002A4D6F64656C00000000000019
:100C200001020304B823002000000000B8240020C3
:100C3000000000004552524F520000007661725F82
:100C4000783A20000D0A5A5F4D3A2000205A5F582A
:100C50003A200000205A5F593A2000000D0A315F07
:100C60004D3A200020315F583A20000020315F5972
:100C70003A2000000D0A325F4D3A200020325F58C2
:100C80003A20000020325F593A2000000D0A535FDD
:100C90004D3A200020535F583A20000020535F59FE
:100CA0003A200000000000000000000000000000EA
:100CB0000C000000000000000C00000061742B72AA
:100CC00074633D0061742B7274633F0061742B6721
:100CD00070733F0061742B656E640000382500203E
:100CE000000000003C4E554C4C3E0000252E2A666C
:100CF00000000000686A6C747A4C00004F464600A1
:100D00004F4E000020894300FFF7FEBFFFF7FEBFF4
:100D1000FFF7FEBFFFF7FEBFFFF7FEBFFFF7FEBF07
:100D2000FFF7FEBFFFF7FEBFFFF7FEBFFFF7FEBFF7
:100D3000FFF7FEBFFFF7FEBFFFF7FEBFFFF7FEBFE7
:100D4000FFF7FEBFFFF7FEBFFFF7FEBFFFF7FEBFD7
:100D5000FFF7FEBFFFF7FEBFFFF7FEBFFFF7FEBFC7
:100D6000FFF7FEBFFFF7FEBFFFF7FEBFFFF7FEBFB7
:100D7000FFF7FEBFFFF7FEBFFFF7FEBFFFF7FEBFA7
:100D8000FFF7FEBFFFF7FEBFFFF7FEBFFFF7FEBF97
:100D9000FFF7FEBFFFF7FEBFFFF7FEBFFFF7FEBF87
:100DA000FFF7FEBFFFF7FEBFFFF7FEBFFFF7FEBF77
:100DB000FFF7FEBFFFF7FEBFFFF7FEBFFFF7FEBF67
:100DC000FFF7FEBFFFF7FEBFFFF7FEBFFFF7FEBF57
:100DD000FFF7FEBFFFF7FEBFFFF7FEBFFFF7FEBF47
:100DE000FFF7FEBFFFF7FEBFFFF7FEBFFFF7FEBF37
:100DF000FFF7FEBFD0033132333400014008F40165
:100E000000001D33000801011A1003D00700006F15
:100E100010520229126408500317340008031010FE
:100E20000388130000931052041021285003113539
:100E300000080510120A081245101206085205048F
:100E4000125D106178F00332FFFEFFFF0001100316
:100E5000840601080E49123101B220011180200DD3
:100E60006E74657220746F20536574757000002075
:100E7000100557616974696E670B411020032044A7
:100E80006F6E650952001030034572726F721F3029
:100E90000600FC0C0108000D01B443BC0B089207CE
:100EA000B592010C251812C4242510250C433409D1
:100EB0003021181204442138210CF201CC482201BF
:100EC00034C39406189003021800010560611824C9
:100ED000020330000154F201D44822020CE2A4487B
:100EE000200112000211D2DC3012031812090CC3C7
:100EF00040091812041825BCD24C18120518120B00
:100F00000CD2E448120618120C0CD2B4781207184E
:100F1000120D0CD2C41811012603B052D41861016D
:100F20002003020400030F605118695812031812BD
:100F3000100CF201F4481304110C52EC90652C23B0
:100F40000205C38002000058091812F424157C1A07
:100F500004B3D300641811681304140CD2FCD81124
:100F6000201304150CD670081101F303051678112F
:100F70000B12170CF2017C781305180CF20188781B
:100F8000F30505197813051A0CF300040C78130601
:100F90001B0CD29448117813061C0C92A0182970CF
:100FA000117813061D0CF201ACC013071E0CD2B849
:100FB00018114813071F0CF201C4C02E070C03F2CE
:100FC00001D0C02307216CF20007601308220CF245
:100FD00001DCA81308230CF201E8602308240CD1DB
:100FE000C0116023082511C20A1811081308260C25
:100FF000F6010C2023092718D20AD880031C000907
:101000002800017D00031002040009290CD21448B5
:10101000120430F2022A30120530F2032B4820026B
:1010200018000A2C48D508F004010318020B100020
:1010300001E20114B3093D126002EDB70008242952
:10104000988FF9B7840521108F6FB884052101129C
:101050007B1052043112E8198F97B8840521014F93
:101060009DB88405610112A3101E0C4C032D0C03C6
:10107000E002CC0C00208F8004D1550008D15584AB
:10108000210812D71043055688520104127D1043DF
:10109000AB568C5202044319573C2DBC036D080516
:1010A000527314219452061452CD14211052081474
:1010B000432558142540520A64527B142124520BB4
:1010C0001452AB142DBC04520C1452DB14213852B0
:1010D0000D14430B59142138520E14523514213873
:1010E00043001014125F14128D04313842108C101A
:1010F00003095A0008690421385203141003295BBC
:101100000008830412B0D912607D1EC065041A80E5
:10111000A11340381D124B0C1D60061300961812C7
:10112000DA0812E1045403C201003824604A01C005
:1011300031044EE8640761104717E858210C25E098
:101140001245105203201003E0930400691061401F
:101150004404983A00008D019C211012DC05839F05
:101160000140210447030294210C2DD40747430278
:101170009021102DB40712F910920550170D038815
:101180005110100360EA0000211022076111012DA7
:10119000040812CF105208202D04086804530400DC
:1011A00008A02938C802803FB825441E4880038B18
:1011B0000800E852541069C4126010259469C41ED6
:1011C00044380325906DF0055254105205104F64B9
:1011D00007E00769C45274106D6803526C505208DE
:1011E00010527870520910528410520A10529030E6
:1011F000520B10529C10620C305160520D1052A8CC
:1012000020520E1052B410520F1052C0106DEC0349
:1012100052944052111052A41062124051105213B5
:101220001052C41052141012D410217C52151052B6
:10123000E41052161012CC7021DC52171052D81044
:101240005218104FBC0C6C086219605110621A5091
:101250005130521B1052F010521C1012FC10252C51
:10126000521D1056F490521E1043040890521F1045
:1012700047080B00690552141062211042084052C1
:101280002210522020522310522C1052241052248B
:10129000606225301DAC04255C52261012341025E6
:1012A0004C5227105248106DE4054734085052291B
:1012B000105244106DD40512541025BC6DCC05524B
:1012C0006410522C1056CC30522D10525C80522E8D
:1012D0001047380B30622F6051105230105274504A
:1012E00052311052841052321047500B60623360FA
:1012F00055006D910B56940052351052A410523681
:101300001056B45052371052C41052381052D4F004
:1013100052391052E410523A1052F410523B10520B
:1013200070E0523C105268906D9606527410523E16
:1013300010528010523F10528C105240104304093A
:10134000B052411016D4502DBC034B981D23539816
:101350001F081002040108C004F001080A3100044B
:1013600052FF01E3C22E141D60040002032D01018F
:0400000508010BB132
:00000001FF
