:020000040800F2
:10000000502C0020E9F0000825EA000827EA000843
:1000100029EA00082BEA00082DEA00080000000089
:100020000000000000000000000000002FEA0008AF
:1000300031EA00080000000033EA000835EA000851
:1000400021F4000825F4000829F400082DF4000824
:1000500031F4000835F4000839F400083DF40008D4
:1000600041F4000845F4000849F400084DF4000884
:1000700051F4000885EA000855F400088FEA0008EA
:1000800059F400085DF4000861F4000865F4000804
:1000900069F400086DF4000871F4000875F40008B4
:1000A00079F400087DF4000881F4000885F4000864
:1000B00089F4000800000000000000008DF4000832
:1000C00091F4000895F4000899F400089DF40008E4
:1000D000A1F4000899EA0008A5F40008A3EA0008C2
:1000E000A9F40008ADEA00080000000000000000CC
:1000F0000000000000000000000000000000000000
:1001000000000000ADF4000800000000B1F4000899
:100110000000000000000000B5F40008B9F4000879
:10012000BDF40008C1F40008C5F40008C9F40008D3
:10013000CDF40008000000000000000000000000F6
:10014000D1F40008D5F40008D9F40008DDF4000863
:10015000E1F40008B7EA0008C1EA0008E5F4000885
:10016000E9F40008EDF40008F1F4000800000000D4
:10017000F5F40008F9F40008FDF4000800000000A0
:1001800001F5000805F5000809F5000880B5DFF85D
:10019000B80C0078012806D0022807D0042808D01F
:1001A000082809D00BE000F09DF808E000F05CFEA4
:1001B00005E000F0EDFF02E001F07AF9FFE701BD94
:1001C0002DE9F0470024DFF8845C2888002804D05B
:1001D0002888401E2880002082E0DFF86C6C307A8E
:1001E00000287CD12021DFF8680C01F0D3FD002825
:1001F00001D1012700E00027DFF8588C0421404698
:1002000001F0C8FD002802D15FF0010901E05FF0B4
:1002100000090221404601F0BDFD002802D15FF037
:10022000010A01E05FF0000A0121404601F0B2FD41
:10023000002801D1012000E0002057EA490757EAD1
:100240008A073C0054EAC0042000C0B2012805D04F
:10025000022803D0042801D0082836D17068401C39
:100260007060706850282FD3347001203072DFF82E
:10027000E81B0868142801D219202880DFF8DC0B5D
:1002800022000378D2B29A4219D10A68521C0A603D
:100290000A681E2A02D20021716014E00A68B42A9A
:1002A00002D2412171600EE00A68F02A02D2462192
:1002B000716008E04E227260F0220A6003E00022C2
:1002C000726000220A60047009E00020DFF88C1BD5
:1002D0000870282070600020DFF87C1B08603078F0
:1002E000BDE8F087F8B584B0DFF8744BA07800283B
:1002F00017D001283AD002286AD0032800F0FB80EA
:10030000042800F07F81052800F0FF81062800F016
:100310008382072800F04E83092800F0588400F0FB
:1003200091BDDFF8245B0020E860DFF8386B0A221B
:100330000021300001F0B4FD3020307030207070AA
:100340003020B0703020F070E8680001801CC0B22E
:1003500003900296052001900420009005230022BE
:100360000121A01C02F084FB00F06CBDDFF8D80A6C
:10037000C168491CC160C16804291EDBDFF8E40ABA
:1003800002F091FB012815D1A51C0622290014F1C9
:10039000080001F0D3FDF1200390002002900C2012
:1003A000019007200090072300220221280002F07C
:1003B0005FFB0BE00020A07008E0C0680001801C1B
:1003C0000200D2B20021A01C02F02FFB00F03ABDC7
:1003D000207907280AD0C0F08C80092832D01BD39E
:1003E0000B285BD044D30C286ED082E0A51C0622DB
:1003F000290014F1080001F0A1FDF1200390002074
:1004000002900F2001900E2000900E230022032165
:10041000280002F02DFB6CE0A51C0622290014F137
:10042000080001F08BFDF1200390002002901520C0
:10043000019012200090122300220421280002F0D3
:1004400017FB56E0A51C0622290014F1080001F054
:1004500075FDF120039000200290182001901720D4
:100460000090172300220521280002F001FB40E044
:10047000A51C0622290014F1080001F05FFDF120FF
:100480000390002002901C2001901A2000901A2353
:1004900000220621280002F0EBFA2AE0A51C062221
:1004A000290014F1080001F049FDF120039000201B
:1004B0000290212001901E2000901E23002207217F
:1004C000280002F0D5FA14E0A51C0622290014F138
:1004D000080001F033FD002003900020029024204A
:1004E000019024200090242300220821280002F0FB
:1004F000BFFA00F0A7BC20790E2802D00F2840D008
:100500007EE0E078002802D001281FD038E0A61C49
:100510000622310014F1080001F010FDDFF828591F
:10052000F220039015F10C0002900F2001900E2094
:1005300000900E23E278521CD2B20321300002F068
:1005400097FADFF8400C4078E86019E0A51C062215
:10055000290014F1080001F0F1FCF02003900020C4
:1005600002902720019027200090272300220921B4
:10057000280002F07DFA0120DFF8081C0870FFE770
:100580003EE0E078002802D001281FD038E0A61C09
:100590000622310014F1080001F0D0FCDFF8A85861
:1005A000F220039015F10C0002900F2001900F2013
:1005B00000900F23E278521CD2B20321300002F0E7
:1005C00057FADFF8C00B4068E86019E0A51C062266
:1005D000290014F1080001F0B1FCF0200390002084
:1005E0000290272001902720009027230022092134
:1005F000280002F03DFA0120DFF8881B0870FFE7B1
:1006000000F020BC2079122806D07DD314283FD0DA
:1006100020D315285AD077E0A51C0622290014F112
:10062000080001F08BFCF0200390002002902720AE
:10063000019027200090272300220921280002F0A2
:1006400017FADFF8441B002008800222012002F084
:1006500035FF59E0A51C0622290014F1080001F01D
:100660006DFCF020039000200290272001902720AD
:100670000090272300220921280002F0F9F9DFF871
:10068000081B002008800222022002F017FF3BE036
:10069000A51C0622290014F1080001F04FFCF020EF
:1006A000039000200290272001902720009027230C
:1006B00000220921280002F0DBF9DFF8CC1A002023
:1006C00008800222032002F0F9FE1DE0A51C06228C
:1006D000290014F1080001F031FCF0200390002003
:1006E0000290272001902720009027230022092133
:1006F000280002F0BDF9DFF8901A002008800222DD
:10070000042002F0DBFEFFE79CE32079172802D0EB
:10071000182840D07FE0E078002802D001281FD0C0
:1007200038E0A61C0622310014F1080001F006FC96
:10073000DFF81457F220039015F10C0002901820F6
:100740000190172000901723E278521CD2B20521A5
:10075000300002F08DF9DFF82C0AC069E86019E07A
:10076000A51C0622290014F1080001F0E7FBF02087
:10077000039000200290272001902720009027233B
:1007800000220921280002F073F90120DFF8F41992
:100790000870FFE73FE0E078002802D001281FD072
:1007A00038E0A61C0622310014F1080001F0C6FB57
:1007B000DFF89456F220039015F10C0002901820F7
:1007C0000190172000901823E278521CD2B2052124
:1007D000300002F04DF9DFF8AC09006AE86019E07A
:1007E000A51C0622290014F1080001F0A7FBF02047
:1007F00003900020029027200190272000902723BB
:1008000000220921280002F033F90120DFF87419D1
:100810000870FFE7FFE715E320791A2806D0C0F03B
:10082000C8801C2800F0858043D3C2E0E07800280F
:1008300002D0012822D03BE0A71C0622390014F187
:10084000080001F07BFBDFF8005615F10C06F220E2
:10085000039002961C2001901A2000901A23E2783F
:10086000521CD2B20621380002F002F9DFF81C094E
:100870000078E860DFF80C09C66219E0A51C0622C2
:10088000290014F1080001F059FBF020039000202A
:100890000290272001902720009027230022092181
:1008A000280002F0E5F80120DFF8D8180870FFE70B
:1008B0007FE0E078002802D001281FD038E0A61C95
:1008C0000622310014F1080001F038FBDFF87855FA
:1008D000F220039015F10C0002901C2001901A20C8
:1008E00000901B23E278521CD2B20621300002F0A5
:1008F000BFF8DFF89008406AE86019E0A51C0622FE
:10090000290014F1080001F019FBF02003900020E9
:100910000290272001902720009027230022092100
:10092000280002F0A5F80120DFF858180870FFE74A
:100930003FE0E078002802D001281FD038E0A61C54
:100940000622310014F1080001F0F8FADFF8F8543B
:10095000F220039015F10C0002901C2001901A2047
:1009600000901C23E278521CD2B20621300002F023
:100970007FF8DFF81008806AE86019E0A51C0622FD
:10098000290014F1080001F0D9FAF02003900020AA
:100990000290272001902720009027230022092180
:1009A000280002F065F80120DFF8D8170870FFE78B
:1009B000FFE747E220791E2809D0C0F007812028F0
:1009C00000F0858043D3212800F0C180FEE0E0786C
:1009D000002802D001281FD038E0A61C06223100D2
:1009E00014F1080001F0AAFADFF85C54F220039039
:1009F00015F10C000290212001901E2000901E2372
:100A0000E278521CD2B20721300002F031F8DFF850
:100A10007407006BE86019E0A51C0622290014F198
:100A2000080001F08BFAF0200390002002902720AC
:100A3000019027200090272300220921280002F09E
:100A400017F80120DFF83C170870FFE7BEE0E078F8
:100A5000002802D001281FD038E0A61C0622310051
:100A600014F1080001F06AFADFF8DC53F220039079
:100A700015F10C000290212001901E2000901F23F0
:100A8000E278521CD2B20721300001F0F1FFDFF80A
:100A9000F406406BE86019E0A51C0622290014F159
:100AA000080001F04BFAF02003900020029027206C
:100AB000019027200090272300220921280001F01F
:100AC000D7FF0120DFF8BC160870FFE77EE0E07872
:100AD000002802D001281FD038E0A61C06223100D1
:100AE00014F1080001F02AFADFF85C53F2200390B9
:100AF00015F10C000290212001901E20009020236F
:100B0000E278521CD2B20721300001F0B1FFDFF8C9
:100B10007406806BE86019E0A51C0622290014F118
:100B2000080001F00BFAF02003900020029027202B
:100B3000019027200090272300220921280001F09E
:100B400097FF0120DFF83C160870FFE73EE0E078F1
:100B5000002802D001281ED037E0A61C0622310052
:100B600014F1080001F0EAF9B74DF220039015F1F5
:100B70000C000290212001901E2000902123E27899
:100B8000521CD2B20721300001F072FFDFF8F405E9
:100B9000C06BE86019E0A51C0622290014F10800CA
:100BA00001F0CCF9F0200390002002902720019062
:100BB00027200090272300220921280001F058FF58
:100BC0000120DFF8C0150870FFE7FFE73AE1207A5F
:100BD00003280AD0C0F03581052839D0C0F02E8115
:100BE000072800F0B5806BD32BE1322001F0EAFB3F
:100BF0000320DFF890150870A07A0E2802D00F2885
:100C000009D024E0DFF88C0841788F48C068C0B272
:100C100003F059FC1BE000200100C9B20B290FDAD8
:100C2000DFF874180200D2B251F82210864AD26856
:100C3000914203D1DFF85C18487001E0401CEBE7FB
:100C4000DFF850084178007803F03DFCFFE7F8E05A
:100C5000DFF8305503202870322001F0B3FBA07A72
:100C6000172802D0182815D029E0287A03F03CFE76
:100C700000EE100ADFF82408D0ED060A724890ED65
:100C8000031AB8EEC11AB8EE400A81EE000A02F06B
:100C9000A6FC14E0687A03F027FE00EE100A6A480A
:100CA000D0ED030AF8EEE00AB8EE400AC0EE800A82
:100CB000DFF8E80790ED050A02F091FCFFE7C0E0DD
:100CC000DFF8C05403202870322001F07BFBA07AAB
:100CD0001A2804D03BD31C2823D00CD337E0DFF8EC
:100CE000AC04D0ED020A90ED010A5748C068C0B2CA
:100CF00002F025FD2BE0A87A03F0F6FD00EE100AC5
:100D0000DFF888045049D1ED030AF8EEE00AB8EEA6
:100D1000400AC0EE800A90ED010A007802F00FFD53
:100D200015E0A87A03F0E0FD00EE100ADFF85C049D
:100D3000D0ED020A444991ED031AB8EEC11AB8EE9B
:100D4000400A81EE000A007802F0F9FCFFE778E043
:100D5000DFF8305403202870322001F033FBA07AF2
:100D60001E2806D069D3202835D01BD321284BD08C
:100D700063E0E87A03F0B8FD00EE100ADFF8200720
:100D8000D0ED031A90ED021AD0ED010A2E4890ED35
:100D9000032AB8EEC22AB8EE400A82EE000A02F038
:100DA00095FD4AE0E87A03F09FFD00EE100ADFF8B7
:100DB000F006D0ED031A90ED021A2349D1ED030A93
:100DC000F8EEE00AB8EE400AC0EE800A90ED000AA4
:100DD00002F07CFD31E0E87A03F086FD00EE100AB7
:100DE000DFF8BC06D0ED031A1749D1ED030AF8EE7F
:100DF000E00AB8EE400A80EE801AD0ED010A90EDCC
:100E0000000A02F063FD18E0E87A03F06DFD00EEE1
:100E1000100ADFF88C060C49D1ED030AF8EEE00A5F
:100E2000B8EE400AC0EE801A90ED021AD0ED010A29
:100E300090ED000A02F04AFDFFE702E002F02EFB0F
:100E4000FFE7FFE705B0F0BD582700202C28002061
:100E50000008004800040048E42700203C28002047
:100E6000A02700200000002010B5DFF83836987861
:100E700000280DD002281DD00BD3042875D026D30E
:100E8000062800F0B2807DD3072800F0068177E1C4
:100E900076E1DFF81406DFF81416CA68825C521C8B
:100EA000CB68C254CA68825C3A2A02DB3022C96825
:100EB000425465E158791979884202D21879401E66
:100EC0001871F1220021981C01F0AFFD58E1D8788B
:100ED00000280CD158791979884202D21879401E1D
:100EE0001871F1220021981C01F09FFD3CE0187957
:100EF0000E2802D00F2812D036E0D878002802D071
:100F0000012801D00AE009E0DFF8A005C168B1F5C9
:100F1000807F02DAC168491CC160FFE724E0D8780D
:100F2000002802D0012801D01EE01DE000210800A9
:100F3000C0B20B2817DADFF86025DFF870050B0068
:100F4000DBB252F82330C468A3420AD10B00DBB2F3
:100F50000A2B06DA0B00DBB202EB83025268C26096
:100F600001E0491CE3E7FFE70AE158791979884273
:100F700002D21879401E1871F1220021981C01F04C
:100F800054FDFDE0D87800280CD1587919798842B1
:100F900002D21879401E1871F1220021981C01F02C
:100FA00044FD21E01879172802D018280ED01BE044
:100FB000D878002802D0012801D006E005E0DFF84B
:100FC000EC04C168491CC160FFE70DE0D878002837
:100FD00002D0012801D006E005E0DFF8D004C168A6
:100FE000491CC160FFE7FFE7CAE0D87800280CD1B0
:100FF00058791979884202D21879401E1871F12265
:101000000021981C01F011FD46E018791A2804D03F
:1010100042D31C282CD013D33EE0D878002802D02D
:10102000012801D00BE00AE0DFF88014C86800282E
:1010300002D10120C86001E00020C860FFE72BE07A
:10104000D878002802D0012801D010E00FE0DFF8A6
:10105000E809807A03F048FCDFF85024D3680E21B9
:101060004843834202D2D068401CD060FFE713E0BF
:10107000D878002802D0012801D00CE00BE0DFF87E
:101080002C04C168DFF8B029526A914202DAC168C3
:10109000491CC160FFE7FFE772E0D87800280CD157
:1010A00058791979884202D21879401E1871F122B4
:1010B0000021981C01F0B9FC61E018791E2806D0C7
:1010C0005DD320282FD01AD3212844D057E0D878D8
:1010D000002802D0012801D010E00FE0DFF8580905
:1010E000C07A03F001FCDFF8C423D3680E21484323
:1010F000834202D2D068401CD060FFE73FE0D8783E
:10110000002802D0012801D00CE00BE0DFF89C039E
:10111000C168DFF82429126B914202DAC168491CC8
:10112000C160FFE72BE0D878002802D0012801D069
:1011300010E00FE0DFF80009C07A03F0D5FBDFF81C
:101140006C23D36850214843834202D2D068401CAC
:10115000D060FFE713E0D878002802D0012801D042
:101160000CE00BE0DFF84403C168DFF8CC28926B99
:10117000914202DAC168491CC160FFE7FFE7FFE75F
:1011800010BD00007C0000202E280020CC2700206D
:1011900010B5DFF81033987800280DD002281DD044
:1011A0000BD3042872D026D3062800F0AD807AD362
:1011B000072800F0FE806BE16AE1DFF8EC02DFF85F
:1011C000EC12CA68825C521ECB68C254CA68825C48
:1011D000302A02DA3922C968425459E118799979DA
:1011E000884202D21879401C1871F1220021981C03
:1011F00001F01BFC4CE1D87800280CD118799979C2
:10120000884202D21879401C1871F1220021981CE2
:1012100001F00BFC39E018790E2802D00F2810D00D
:1012200033E0D878002802D0012801D008E007E098
:101230009E48C168012902DBC168491EC160FFE701
:1012400023E0D878002802D0012801D01DE01CE05E
:101250000A221000C0B2002816D08F4B934910000C
:10126000C0B253F82000CC68A0420BD11000C0B22D
:10127000002807D01000C0B203EB800050F8040C27
:10128000C86001E0521EE4E7FFE701E118799979AF
:10129000884202D21879401C1871F1220021981C52
:1012A00001F0C3FBF4E0D87800280CD118799979C3
:1012B000884202D21879401C1871F1220021981C32
:1012C00001F0B3FB1FE01879172802D018280DD0C1
:1012D00019E0D878002802D0012801D005E004E008
:1012E0007248C168491EC160FFE70CE0D878002849
:1012F00002D0012801D005E004E06C48C168491E15
:10130000C160FFE7FFE7C3E0D87800280CD1187967
:101310009979884202D21879401C1871F122002173
:10132000981C01F082FB43E018791A2804D03FD3BF
:101330001C2826D012D33BE0D878002802D0012800
:1013400001D00AE009E05949C868002802D101200B
:10135000C86001E00020C860FFE729E0D8780028D5
:1013600002D0012801D00BE00AE05048DFF8C8168F
:10137000896AC268914202DAC168491EC160FFE70A
:1013800016E0D878002802D0012801D00FE00EE046
:10139000DFF8A406807A03F0A7FA444A0021484304
:1013A000D168884202D2D068401ED060FFE7FFE7D4
:1013B0006EE0D87800280CD118799979884202D249
:1013C0001879401C1871F1220021981C01F02DFBA6
:1013D0005DE018791E2806D059D320282DD015D3CA
:1013E00021283DD053E0D878002802D0012801D030
:1013F0000BE00AE02D48DFF84016496BC2689142C5
:1014000002DAC168491EC160FFE740E0D8780028D1
:1014100002D0012801D00FE00EE0DFF81C06C07AF0
:1014200003F062FA214A00214843D168884202D27F
:10143000D068401ED060FFE729E0D878002802D0AD
:10144000012801D00BE00AE01848DFF8EC15C96B61
:10145000C268914202DAC168491EC160FFE716E026
:10146000D878002802D0012801D00FE00EE0DFF884
:10147000C805C07A03F038FA0C4A00214843D16805
:10148000884202D2D068401ED060FFE7FFE7FFE746
:1014900010BD0000A80B00204006002020270020DF
:1014A000B0270020A027002000000020582700209F
:1014B0007FB5DFF88845A078002814D0022816D020
:1014C00012D3042800F0898014D3062800F0138179
:1014D000C0F09E80082800F09A82C0F0B7810928E9
:1014E00000F09C82A7E2A6E20020A070A3E2002008
:1014F000A070A0E220790E2802D00F2836D06BE031
:10150000E078002802D0012816D02EE0A51CF1209A
:101510000390002002900C200190072000900723E8
:1015200000220221280001F0A3FA0622290014F16A
:10153000080000F003FD18E0A51C0622290014F1A4
:10154000080000F0FBFCF1200390DFF8F4040290A7
:101550000F2001900E2000900E23E078421ED2B2A0
:101560000321280001F084FAFFE735E0E078002845
:1015700002D0012816D02EE0A51CF12003900020F7
:1015800002900C20019007200090072300220221E6
:10159000280001F06DFA0622290014F1080000F07D
:1015A000CDFC18E0A51C0622290014F1080000F06B
:1015B000C5FCF1200390DFF88C0402900F2001900D
:1015C0000E2000900F23E078421ED2B203212800A3
:1015D00001F04EFAFFE7FFE72DE2207912380328E9
:1015E00015D8A51CF1200390002002900C2001903A
:1015F00007200090082300220221280001F038FA79
:101600000622290014F1080000F098FCFFE712E21E
:101610002079172802D0182836D06BE0E07800280F
:1016200002D0012816D02EE0A51CF1200390002046
:1016300002900C2001900720009009230022022133
:10164000280001F015FA0622290014F1080000F024
:1016500075FC18E0A51C0622290014F1080000F012
:101660006DFCF1200390DFF8E00302901820019058
:10167000172000901723E078421ED2B205212800DF
:1016800001F0F6F9FFE735E0E078002802D0012804
:1016900016D02EE0A51CF1200390002002900C2013
:1016A000019007200090092300220221280001F068
:1016B000DFF90622290014F1080000F03FFC18E0D1
:1016C000A51C0622290014F1080000F037FCF120C7
:1016D0000390DFF878030290182001901720009003
:1016E0001823E078421ED2B20521280001F0C0F98B
:1016F000FFE7FFE79FE120791A2805D0C0F0A58019
:101700001C286DD037D3A0E0E078002802D0012853
:1017100016D02FE0A51CF1200390002002900C2091
:101720000190072000900A2300220221280001F0E6
:101730009FF90622290014F1080000F0FFFB19E0D0
:10174000A51C0622290014F1080000F0F7FBC04E8A
:10175000F120039002961C2001901A2000901A2379
:10176000E078421ED2B20621280001F081F9B24889
:10177000C662FFE769E0E078002802D0012816D0B1
:101780002DE0A51CF1200390002002900C20019078
:10179000072000900A2300220221280001F068F9A6
:1017A0000622290014F1080000F0C8FB17E0A51C70
:1017B0000622290014F1080000F0C0FBF12003907C
:1017C000A44802901C2001901A2000901B23E0786E
:1017D000421ED2B20621280001F04AF9FFE734E0A8
:1017E000E078002802D0012816D02DE0A51CF120B9
:1017F0000390002002900C200190072000900A2303
:1018000000220221280001F033F90622290014F1F8
:10181000080000F093FB17E0A51C0622290014F134
:10182000080000F08BFBF12003908B4802901C20F5
:1018300001901A2000901C23E078421ED2B20621AB
:10184000280001F015F9FFE7FFE7F4E020791E28F2
:1018500008D0C0F0DB8020286ED038D3212800F0DB
:10186000A080D3E0E078002802D0012816D02DE037
:10187000A51CF1200390002002900C20019007206D
:1018800000900B2300220221280001F0F1F806222B
:10189000290014F1080000F051FB17E0A51C0622F6
:1018A000290014F1080000F049FBF12003906B4877
:1018B0000290212001901E2000901E23E078421EFD
:1018C000D2B20721280001F0D3F8FFE79EE0E078CC
:1018D000002802D0012816D02DE0A51CF12003908D
:1018E000002002900C200190072000900B23002282
:1018F0000221280001F0BCF80622290014F108009A
:1019000000F01CFB17E0A51C0622290014F10800BA
:1019100000F014FBF1200390514802902120019027
:101920001E2000901F23E078421ED2B2072128001B
:1019300001F09EF8FFE769E0E078002802D0012876
:1019400016D02DE0A51CF1200390002002900C2061
:101950000190072000900B2300220221280001F0B3
:1019600087F80622290014F1080000F0E7FA17E0D2
:10197000A51C0622290014F1080000F0DFFAF1206E
:10198000039038480290212001901E2000902023CF
:10199000E078421ED2B20721280001F069F8FFE783
:1019A00034E0E078002802D0012816D02DE0A51CF4
:1019B000F1200390002002900C200190072000905D
:1019C0000B2300220221280001F052F806222900F0
:1019D00014F1080000F0B2FA17E0A51C0622290055
:1019E00014F1080000F0AAFAF12003901E480290BA
:1019F000212001901E2000902123E078421ED2B2C7
:101A00000721280001F034F8FFE7FFE713E0062282
:101A100014F10801A01C00F091FA0CE0064D2878A2
:101A2000022807D0062214F10801A01C00F086FA53
:101A300000202870FFE77FBD7C000020A027002049
:101A40007D00002080000020980000209C000020E5
:101A5000CC270020A0000020A4000020AC00002023
:101A6000B0000020B4000020B8000020F8B403004B
:101A700000250868E840002800F0D78001260F689C
:101A800016FA05F007403A00002A00F0CC800879E9
:101A900010F00300012804D0087910F00300022898
:101AA0001DD19F685FF0030C2800C0B240001CFAF3
:101AB00000FC37EA0C07D1F80CC02800C0B2400087
:101AC0001CFA00FC5CEA07079F605868AE40B04310
:101AD0004E68C6F30016AE40304304005C600879DF
:101AE00010F0030003280ED0DE6803272800C0B2E0
:101AF00040008740BE438F682800C0B24000874046
:101B00003E433400DC60087910F00300022818D14D
:101B10002800C00803EB8000066A0F2715F00700B5
:101B2000C0B280008740BE430F6915F00700C0B205
:101B3000800087403E4334002800C00803EB80004B
:101B400004621E6803272800C0B240008740BE43DD
:101B50000F7917F003072800C0B2400087403E43CA
:101B600034001C60486810F4403F5CD0954806681B
:101B700056F001060660006810F001000090009821
:101B8000914F2800800857F820605FF00F0C15F087
:101B90000300C0B280001CFA00FC36EA0C06B3F168
:101BA000904F01D1002414E08848834201D10124E0
:101BB0000FE08748834201D102240AE0854883422E
:101BC00001D1032405E08448834201D1042400E0CC
:101BD000072415F00300C0B280008440264328008B
:101BE000800847F820607D4C206890434F68FF02D2
:101BF00000D5104320607A4E346894434F68BF028A
:101C000000D514433460774E306890434F68BF036B
:101C100000D510433060744E346894434F68FF031E
:101C200000D5144334606D1C23E7F1BC70472DE9E7
:101C3000F041030000250800E840002800F0A880DB
:101C4000012616FA05F008400200002A00F09E80E6
:101C5000DFF874C1280080085CF820000F2715F019
:101C6000030E5FFA8EFE5FEA8E0E17FA0EFE1EEA74
:101C700000000400B3F1904F02D15FF0000E19E0B4
:101C80005248834202D15FF0010E13E05048834274
:101C900002D15FF0020E0DE04E48834202D15FF0A8
:101CA000030E07E04C48834202D15FF0040E01E0CE
:101CB0005FF0070E15F00300C0B280001EFA00FEB0
:101CC00074452CD14848D0F800E03EEA020EC0F836
:101CD00000E04448D0F800E03EEA020EC0F800E020
:101CE0003F48D0F800E03EEA020EC0F800E03B4872
:101CF000D0F800E03EEA020EC0F800E015F0030064
:101D0000C0B2800017FA00F00400280080085CF8D8
:101D10002000A043AE465FEA9E0E4CF82E005FF016
:101D2000030C1868AE465FFA8EFE5FEA4E0E1CFA90
:101D30000EFE5EEA000018602800C00803EB800E6B
:101D40002800C00803EB8000D0F8208015F00700C1
:101D5000C0B28000874038EA0707CEF82070986844
:101D60002F00FFB27F001CFA07F7B843986058684D
:101D7000AE4030EA06065E60DE682800C0B2400071
:101D80001CFA00FC36EA0C0CC3F80CC06D1C52E7C0
:101D9000BDE8F081020010690B009BB2184201D02F
:101DA000012000E00020C0B270471300DBB2002B1E
:101DB00003D00B009BB2836102E00B009BB28362F5
:101DC0007047000060100240080001400004004815
:101DD00000080048000C00480010004808040140BA
:101DE0000C040140040401400004014038B5040023
:101DF0000D00DFF8FC010168200000F006F8A842A1
:101E000001D3012000E0002032BD814204D25FF006
:101E1000FF32101A081800E0081A704738B52DED87
:101E2000048B08EE100A0C001500DFED438A280031
:101E3000C0B2FB2810DBB8EEC89A2800C0B24042FE
:101E4000C0B200F08BF829EE009A00212000B0EE1D
:101E5000490A00F0B1F80EE0B8EEC89A2800C0B206
:101E600000F07CF889EE009A2900C9B22000B0EE9B
:101E7000490A00F0A1F8BDEC048B31BD10B400217B
:101E80000A00838892B29A4206D2002203680C00AC
:101E9000A4B21A55491CF3E70022828010BC704797
:101EA00010B4040013005A1E9BB2002B02D0217004
:101EB000641CF7E710BC704770B504000D001600F5
:101EC000DFF8240100782100C9B2884209D3DFF885
:101ED00024211068002804D0310089B2280012683B
:101EE000904770BD38B504000D00280002F002FFD5
:101EF000020092B229002000C0B2FFF7DDFF31BD21
:101F000070B504000D00280002F0F4FE020092B249
:101F100029002000C0B2FFF7CFFFDFF8DC60306897
:101F2000002807D0280002F0E5FE010089B2280051
:101F30003268904770BD00000000000030B404001B
:101F40000D0013005A1E9BB2002B04D02B78237077
:101F50006D1C641CF5E730BC7047000010B5040030
:101F60002000C0B2FB2816DB2000C0B2D0F5807084
:101F700002F0F8FE41EC110B9FED200B02F00BFF7D
:101F800053EC102B0020194902F00EFF03F030F83B
:101F900000EE100A0FE02000C0B203F05DF841EC43
:101FA000110B9FED160B02F0F6FE51EC100B03F037
:101FB0001FF800EE100A10BD38B52DED028B82B06F
:101FC000B0EE408A04000D0018EE100A03F052F83B
:101FD000CDE900012A000B49200003F06FF802B0A0
:101FE000BDEC028B31BD0000AC0B00200000F03FC7
:101FF0001C280020242800202028002000000000A9
:1020000000002440F8F3000880B500224FF400716E
:10201000DFF8640BFFF7C9FE00224FF400715FF098
:102020009040FFF7C2FE03F069F8DFF8500BDFF8CD
:10203000501BC162DFF84C1B421CC1F85821021D25
:10204000C1F8702110F114020A62027A81F8252089
:1020500010F118028A63427A81F83D2010F10C02D7
:10206000C1F8A021027A81F8A52110F11C02C1F863
:102070003022027A81F8352210F12002C1F848227C
:10208000427A81F84D2210F12402C1F89022827A1E
:1020900081F8952210F12802C1F8A822827A81F8ED
:1020A000AD2210F13002C1F8D822C27A81F8DD22C7
:1020B00010F13402C1F8F022C27A81F8F52210F151
:1020C0003802C1F80823C27A81F80D2310F13C02CE
:1020D000C1F82023C07A81F82503DFF8B40A00682C
:1020E000C1F86803DFF8AC0A0068C1F8980301BDC5
:1020F00038B5002000242000C0B2072835DADFF808
:10210000985A2000C0B200012844407801282AD102
:102110002000C0B200012844406800280ED003F01F
:1021200045F82100C9B2090129444968401A210033
:10213000C9B2090129448968884214D300202100CA
:10214000C9B209012944487003F030F82100C9B22E
:102150000901294448602000C0B22100C9B2090128
:102160002944C9688847641CC5E7002032BD38B5DA
:102170000400DFF8285A687800281FD100224FF4A5
:102180000071DFF8F409FFF710FE00224FF4007130
:102190005FF09040FFF709FE02F0B0FF8920009049
:1021A000202307220521DFF8F80903F005F80120B4
:1021B00068700221DFF8E00903F046F9012032BD22
:1021C0007CB50400DFF8DC592878002803D0022809
:1021D00023D003D33DE003F061F93AE003F0D4F9F2
:1021E00089200090202307220521DFF8B40902F09E
:1021F000E3FFDFF8B42903212C2003F0F7F8DFF820
:10220000AC290421082003F0F1F803F01AFA41F296
:102210008830DFF8841988611BE00120DFF87C1921
:10222000487089200090202307220521DFF87009DB
:1022300002F0C2FFDFF860690221300003F004F908
:102240000321300003F000F90421300003F0FCF812
:10225000FFE72878401C28702100C9B2DFF8380950
:1022600003F001F9012076BD70B5040000F0BCF860
:10227000DFF828596878012803D1A87800F0ACFB72
:1022800004E00021DFF8100903F0DEF8DFF8200990
:10229000A9780278914207D0A9780170DFF8140973
:1022A0000068DFF814190860A8780A2812D1DFF84E
:1022B00008694FF4FA613068FFF798FD012809D1E9
:1022C000DFF8F00800683060062215F10801A81C4C
:1022D000FFF734FE2100C9B2DFF8BC0803F0C3F8F1
:1022E000012070BD10B50400DFF8D018DFF8D00869
:1022F0000069FFF77BFD012827D1DFF8C8080178C6
:10230000012905D1002101700020DFF890188870A4
:10231000DFF8B4080188491C018042F21071DFF82F
:1023200078282300DBB21B011A449268B1FBF2F15A
:1023300002888A420DD300210180DFF86018887876
:10234000002806D00020887003E00120DFF8741810
:1023500008702100C9B2DFF8400803F084F80120BA
:1023600010BD38B50400FDF72BFFDFF85458287A6C
:10237000012808D10521DFF8200803F065F8DFF80F
:102380003408006828612100C9B2DFF80C0803F0A6
:102390006AF8012032BD10B50400FDF7F7FEDFF842
:1023A00020080021017000210172012010BD10B52C
:1023B000040000224FF40051DFF8BC07FFF7F5FCE2
:1023C000012010BD10B5040001224FF40051DFF8C8
:1023D000A807FFF7EAFCDFF8C007210089B2816691
:1023E000062103F040F810BD38B5DFF89047DFF85C
:1023F000DC07E16A097850F82100DFF88817C1F896
:102400007802DFF8CC0701786170DFF8C8174078F0
:1024100051F820006060207A02F066FA00EE100A9F
:10242000DFF8B457B8EE400AD5ED010A20EE200AD5
:10243000BDEEC00A84ED030A607A02F055FA00EEA0
:10244000100AB8EE400AD5ED020A20EE200ABDEED1
:10245000C00A84ED040A207A02F046FA00EE100A5F
:10246000B8EE400AD5ED030A20EE200ABDEEC00A00
:1024700084ED050A607A02F037FA00EE100AB8EE31
:10248000400AD5ED040A20EE200ABDEEC00A84ED14
:10249000060A207A02F028FA00EE100AB8EE400A86
:1024A000D5ED050A20EE200ABDEEC00A84ED070A2C
:1024B000607A02F019FA00EE100AB8EE400AD5ED83
:1024C000060A20EE200ABDEEC00A84ED080AA07AB2
:1024D00002F00AFA00EE100ADFF8A456B8EE400A3D
:1024E000D5ED020A20EE200ABDEEC00A84ED090AED
:1024F000A07A02F0F9F900EE100AB8EE400AD5ED24
:10250000010A20EE200ABDEEC00A84ED0A0AE07A34
:1025100002F0EAF900EE100ADFF8C056B8EE400A01
:10252000D5ED000A20EE200ABDEEC00A84ED0C0AAB
:10253000E07A02F0D9F900EE100AB8EE400AD5EDC3
:10254000010A20EE200ABDEEC00A84ED0D0AE07AF1
:1025500002F0CAF900EE100AB8EE400AD5ED020A00
:1025600020EE200ABDEEC00A84ED0E0AE07A02F0E9
:10257000BBF900EE100AB8EE400AD5ED030A20EED2
:10258000200ABDEEC00A84ED0F0A31BD2DE9F84FD7
:102590008AB006002021002202AC200003F0BEF821
:1025A0000024002500208DF8050000208DF806008D
:1025B0001827DFF8D0853000C0B27843404490F847
:1025C00015903000C0B2784340444068002842D0A3
:1025D00001213000C0B200F0A9F900280ED130006E
:1025E000C0B27843404442683000C0B278434044AF
:1025F000017D4846C0B202F0F9FE1EE05FF0000A1D
:102600003000C0B278434044406802F073FB51464A
:10261000C9B2814207D2202002A95246D2B28854C0
:102620001AF1010AECE702AA3000C0B27843404434
:10263000017D4846C0B202F0D9FE3000C0B27843F6
:102640004044406802F056FBDFF894150979491CB4
:10265000484310FA89F93000C0B27843404480689A
:10266000002800F03A813000C0B278434044007B3B
:1026700000280BD002281ED012D3042830D024D337
:10268000062845D036D307283ED044E03000C0B2FB
:102690007843404480680078002104000D003AE04F
:1026A0003000C0B278434044806890F90000C11700
:1026B00004000D002FE03000C0B278434044806831
:1026C0000088002104000D0025E03000C0B27843EE
:1026D00040448068B0F90000C11704000D001AE002
:1026E0003000C0B278434044806800680021040094
:1026F0000D0010E03000C0B27843404480680068AC
:10270000C11704000D0006E001208DF8050002E06D
:1027100002208DF805009DF8050000280CD130003E
:10272000C0B278434044407B40420200D2B202A98A
:102730002000FFF773FB26E09DF8050001281AD161
:102740003000C0B278434044806802F0D3FA2028B9
:1027500019D23000C0B278434044806802F0CAFA0F
:10276000020092B23000C0B278434044816802A8AF
:10277000FFF7E4FB07E03000C0B2784340448068D4
:1027800000788DF8080002213000C0B200F0CEF8C9
:10279000012823D13000C0B278434044807DC0B2CC
:1027A00000098DF806009DF806000F2805D02020AE
:1027B00002A99DF80620885410E05FF0000A02A8E4
:1027C00002F098FA5146C9B2814207D2202002A9EC
:1027D0005246D2B288541AF1010AF0E73000C0B272
:1027E00001285ED15FF0000A00208DF8040030005F
:1027F000C0B278434044407B002802D009208DF8C5
:102800000400392000902E2315220F21DFF8D40375
:1028100002F0B8FF02A802F06DFA8346DFF8C003A9
:102820000079401C00FB0BFB5846C0B2022190FB14
:10283000F1F01F280BDA5846C0B2022190FBF1F0EC
:10284000D0F140009DF8041050FA81FA07E0584694
:10285000C0B2D0F15F009DF8041050FA81FA02AACC
:102860003000C0B278434044007D401CC0B2DFF865
:1028700070134979D1EBC001491EC9B25046C0B2AC
:1028800003F02AF95AFA8BF09DF80490B0EB09098D
:1028900089200090202307220521C14802F08CFCEA
:1028A0001BE089200090202307220521BC4802F06C
:1028B00083FC02AA3000C0B278434044017D484600
:1028C000C0B202F093FD02A802F014FAC4490979DB
:1028D000491C484310FA89F081463000C0B2784361
:1028E0004044006900281ED03000C0B27843404404
:1028F0008068002817D03000C0B278434044806818
:10290000B94988420FD03000C0B2784340440269D0
:102910003000C0B207FB00F708EB0700017D484616
:10292000C0B202F063FD0BB0BDE8F08FF8B5040053
:102930000D0094492200D2B21820424301EB02005C
:10294000817D2800C0B201402800C0B281422FD151
:10295000A426A64F4FF496712800C0B270433844A5
:102960002200D2B250F82200FFF740FA01282AD103
:102970002800C0B206FB00F607EB06002100C9B232
:102980008C4A126840F82120292099492A00D2B2A5
:1029900042430A442300DBB22E00F6B200FB06F0ED
:1029A00008442100C9B2405CD0F10100D0540AE0D3
:1029B0008F492A00D2B22920424301EB02002100B4
:1029C000C9B2002242548A49EDB22920454301EBA5
:1029D0000500E4B2005DF2BD70B50400002602F00F
:1029E000D3FD00F077F82000C0B200F07DF82000A1
:1029F000C0B200F093F80025280080B2292811DA2F
:102A000060492A0092B21820424301EB0200C07DC7
:102A10002100C9B2884203D12800C0B2FFF7B6FD39
:102A20006D1CE9E702F00DFE70BDF0B44271C47890
:102A300003792500EDB2AB420AD3F025514E2700B1
:102A4000FFB218235F4306EB07039D75641CEFE795
:102A500018234C4C85785D4325444679AE75002992
:102A600004D0857803FB05F323449960F0BC7047DC
:102A70002DE9F84F0700884691469A460A9E0B9D1D
:102A8000DDF830B00D9C87F8008087F8019087F85A
:102A900002A0FE703D712200D2B259463800FFF705
:102AA000C4FFBDE8F18F10B4010000221000C0B2D5
:102AB00004280CD21000C0B2085C4E4B1400E4B2E3
:102AC0001B5D984201D0002002E0521CEEE701207D
:102AD00010BC704780B50120009008237F22082198
:102AE000002003F07DF801BD10B504002000C0B245
:102AF000002812D138480078002807D122A22148A6
:102B000090F84410782002F071FC06E01FA21D48E6
:102B100090F84410782002F069FC10BD0100C9B2A1
:102B2000092924D115490978002906D002290ED097
:102B300008D3042915D00FD318E02F49114AC2F841
:102B4000B01318E02D490F4AC2F8B01313E02C4916
:102B50000C4AC2F8B0130EE02A490A4AC2F8B01370
:102B600009E02949074AC2F8B01304E003E022490A
:102B7000044AC2F8B0137047000800487C000020E7
:102B8000CC27002020010020200000004E00000083
:102B900090050020BC0000200C000020A027002091
:102BA00010E800083D280020B0F10008ACED000856
:102BB0003E2800201C280020F4270020C027090000
:102BC000582700203F28002030280020180100202E
:102BD000A80B00204006002020270020B02700205E
:102BE000C0270020E8E50008AA0B0020601E002096
:102BF00064240020C4000020C8000020D800002069
:102C0000E8000020F80000200801002010B50400B2
:102C10000121DFF8A80C02F026FC012010BD30B520
:102C200087B004001421002202AD280002F076FDD6
:102C3000DFF8D80BD0E90023CDE9002302A80090EB
:102C4000DFF8CC5B2978684600F0BCF9287868701A
:102C5000BDF80410009800F0A2FC00202870DFF8F6
:102C60005C5C0221280002F0EFFB0321280002F047
:102C7000FAFB2100C9B2280002F0F5FB012007B0E1
:102C800030BD10B50400DFF88C1B8888002810D0F8
:102C9000DFF8840B02888B889A4208D100210180DA
:102CA0000321DFF8180C02F0CFFB012008E089882F
:102CB00001802100C9B2DFF8040C02F0D4FB01202E
:102CC00010BD2DE9F041040000250026DFF8447B0B
:102CD000B88803283DDB3868B988084410F8010C2F
:102CE0003968BA88114411F8021C51EA00210E001B
:102CF000B988891E386803F00DF8050028003100F6
:102D000080B289B288421DD10721DFF8B00B02F0F2
:102D1000AAFB3868007803280DD1DFF8F48A012176
:102D200098F8010000F067F998F80120D7E9000150
:102D300000F051F913E00021DFF8D40A407800F0E8
:102D40005AF90CE00021DFF8C80A407800F053F986
:102D500005E00021DFF8B80A407800F04CF9DFF810
:102D6000B00A407800F0AEF80221DFF8500B02F014
:102D70008CFB0120BDE8F0810100DFF8DC0D02785A
:102D8000032A01D0042202700120704701000120B3
:102D9000704710B50400DFF8280B0178012936D1FF
:102DA000DFF8201BC978012931D1DFF81C1B91ED18
:102DB000030AD0ED020AB4EE600AF1EE10FA08DA66
:102DC00091ED030AD0ED010AB4EE600AF1EE10FABB
:102DD0000ED501224FF400615FF09040FEF7E5FF51
:102DE00001224FF480515FF09040FEF7DEFF1CE0BF
:102DF00000224FF400615FF09040FEF7D6FF002202
:102E00004FF480515FF09040FEF7CFFF0DE00022BD
:102E10004FF400615FF09040FEF7C7FF00224FF4CF
:102E200080515FF09040FEF7C0FFDFF8900A4FF44A
:102E30007A7181662100C9B202F015FB012010BD34
:102E400038B50400DFF8E81B087800281FD10120FE
:102E50000870DFF8E05B012210212800FEF7A5FFD3
:102E6000002208212800FEF7A0FF00220421DFF83D
:102E7000C80BFEF79AFF4FF4FA60DFF8401A886734
:102E800003F02AF903F0D3FA03F0C2FA12E00020AB
:102E9000087001220821DFF89C0BFEF786FF012253
:102EA0000421DFF8940BFEF780FF4EF66020DFF878
:102EB0000C1A88672100C9B2DFF8000A02F0D3FAC1
:102EC000012032BD38B52DED028B04009FEDBF8A85
:102ED0002000C0B200285AD1DFF8EC5995ED010A64
:102EE000DFEDBB0A20EE200ABDEEC00A10EE100A8C
:102EF00000F0F2F985ED010A95ED010A00F05AFAA9
:102F000085ED030A95ED020A00F0B4FA85ED040A96
:102F100095ED040AD5ED060A30EE200ADFF81C0B09
:102F2000D0ED020AF4EE400AF1EE10FA02D5D0ED2F
:102F3000020A0BE0D0ED030AB4EE600AF1EE10FADB
:102F400002D5D0ED030A01E0F0EE400AC5ED040A17
:102F5000D5ED030A95ED051A30EE818AD0ED000A11
:102F6000F4EE480AF1EE10FA02D590ED000A0BE0FB
:102F700090ED010AB4EE408AF1EE10FA02D590ED20
:102F8000010A01E0B0EE480A85ED030AFFE7DFF829
:102F900038592878002807D10020686095ED010A8B
:102FA00000F008FA85ED030A2878002807D10020F0
:102FB000A86095ED020A00F05DFA85ED040ABDEC0B
:102FC000028B31BD38B504000D002900C9B22000C4
:102FD00000F01BF831BD70B504000D001600200094
:102FE0000078C0B2032805D13200D2B220002900F7
:102FF00000F078F870BD38B504000D002900C9B2A2
:103000002000C0B200F0E6F831BD3EB504000D006E
:103010002800C0B2002806D0022822D00CD30428F1
:1030200049D033D35CE00420009000230322032125
:10303000200002F08DFE53E0DFF89C0D818802290C
:103040000ED1016801918088022190FBF1F080B2DD
:1030500000904FF4805306220321200002F0C6FEA8
:103060003EE0DFF8740D818802290ED101680191DC
:103070008088022190FBF1F080B2009041F20403BD
:1030800006220321200002F0B1FE29E0DFF8480DFE
:10309000818802290ED1016801918088022190FB6C
:1030A000F1F080B2009041F20203062203212000D9
:1030B00002F09CFE14E0DFF8200D818802290ED179
:1030C000016801918088022190FBF1F080B20090AC
:1030D00042F2200306220321200002F087FEFFE7D0
:1030E00037BD00002DE9F84F2DED028B82B00400B2
:1030F0000D0091460020ADF800009FED348A0026B7
:103100004846C0B2002803D0401E032856D958E0D4
:103110000320ADF8000002226946200000F00CFAFE
:1031200008EE900A02226946200000F005FA804667
:10313000DFF89477B8EE680A10EE100A01F09AFFF3
:1031400082468B46404601F087FF41EC110B9FED14
:10315000D10B01F020FE53EC102B5046594601F0E4
:1031600023FE01F045FF786002226946200000F04E
:10317000E3F900EE100AB0EE408A02226946200010
:1031800000F0DAF90600B8EE480A10EE100A01F075
:1031900071FF82468B46300001F05EFF41EC110B5F
:1031A0009FEDBC0B01F0F7FD53EC102B5046594638
:1031B00001F0FAFD01F01CFFB86002E000F05BF9DD
:1031C000FFE702B0BDEC028BBDE8F18F000000000C
:1031D0000000C8420200D2B2002A042A1BD80A000A
:1031E000D2B2012A0ED1DFF8E0260023537001236A
:1031F00013700200D2B2002A0CD10122DFF8C436CB
:10320000DA7007E0DFF8C0265378032B02DA537830
:103210005B1C5370FFE7DFF8B0365A78002A0CD0F9
:103220005A78032A09DB00221A7000225A60002211
:103230009A600022DFF88C36DA7070472DE9F04191
:1032400000242500EDB20A2D43DA00252E00F6B247
:10325000092E3CDA2E00F6B201EB860676682F00C6
:10326000FFB251F82770BE422FDA00262F00FFB2BE
:1032700051F82770AC465FFA8CFC01EB8C0CDCF843
:1032800004C0AE465FFA8EFE41F82EC0AC465FFA2F
:103290008CFC01EB8C0CCCF80470AC465FFA8CFC17
:1032A00050F82CC0AE465FFA8EFE00EB8E0EDEF8B4
:1032B00004E0A8465FFA88F840F828E0AE465FFAD6
:1032C0008EFE00EB8E0ECEF804C06D1CBEE7641CB3
:1032D000B7E7BDE8F081000038B52DED028B0400A2
:1032E0009FED948ADFF8F41A087800282AD101208B
:1032F000087000210800C0B20A2815DA0800C0B220
:10330000DFF8202B0B00DBB242F82300DFF8182B8C
:103310000800C0B252F82000002803D10800C0B253
:1033200042F82040491CE5E7DFF8FC5A0923002257
:103330002900DFF8F00AFFF781FF95ED050AB8EEE6
:10334000C00A30E000200100C9B20A291EDADFF805
:10335000D41A0200D2B251F82220092A0BD100223D
:103360000300DBB241F82320DFF8BC1A0200D2B21E
:1033700041F8224008E00200D2B251F82220521C4B
:103380000300DBB241F82320401CDCE7DFF8985A49
:10339000092300222900DFF88C0AFFF74FFF95ED83
:1033A000050AB8EEC00ADFEDBC0A80EE200ABDECCB
:1033B000028B31BDF0EE400A9FEDB81A9FEDB83A8E
:1033C000DFED5C3AF5EE400AF1EE10FA40D0F0EE97
:1033D000603A9FEDB40ADFF8DC0A90ED004A34EE63
:1033E000634AB4EE404AF1EE10FA08DA90ED004A72
:1033F00033EEC44AB4EE404AF1EE10FA03DB9FED1F
:10340000AA0A21EE001ADFF8B00A90ED000AF0EEE9
:10341000401ADFF8A81A91ED000A30EE010AB0EE6A
:10342000402A32EE030A82EE000AF0EE402A33EE22
:10343000E10AB0EE614A00EE224A80ED004AB7EEA2
:10344000000A30EE620A20EE020A81ED000A08E06E
:10345000DFF8680A5FF07E510160DFF85C0A002146
:103460000160DFF8540ADFF84C1A02680A6090ED38
:10347000000A7047704780B50320DFF8DC1608703B
:103480000421DFF8380402F000F83220FEF79AFF3A
:1034900001BD0000000000000000244080B5DFF8FE
:1034A000200A0078DA4908700220DFF8AC160870AC
:1034B0000421DFF8080401F0D6FF01BD2DE9F04139
:1034C00004000D0016002F00DFF80C894046FEF7BF
:1034D000D5FC300080B2022802D004280BD01DE0B9
:1034E0007878D8F8001008703878D8F8001048704C
:1034F000A8F8046015E07878D8F8001008703878DB
:10350000D8F800104870F878D8F800108870B878AB
:10351000D8F80010C870A8F8046002E00020A8F8ED
:103520000400DFF89C0904700120DFF89819087086
:10353000BDE8F08100000000F0B4030000200C881A
:103540001500EDB2042D16D12500ADB21D44AE78A4
:103550002500ADB21D44ED7855EA06252600B6B229
:103560009E5D2700BFB21F447F7857EA062757EABF
:10357000054738000DE01500EDB2022D09D12500F8
:10358000ADB25D5D2600B6B21E44767856EA0526D9
:1035900030000D8855FA82F50D80F0BC704770B58B
:1035A00004000D00DFF8206901224FF48051300043
:1035B000FEF7FBFB0A2002F05DFF02F021FF4FF453
:1035C0007A732A0092B22100DFF8000902F0A3FF0B
:1035D00000224FF480513000FEF7E7FB70BD2DE96B
:1035E000F0412DED028B8EB0F0EE408AB0EE608A95
:1035F000322100226C46200002F090F800270024BF
:103600000025DFF8C482C8ED058A88ED068A98EDAA
:10361000050A01F05DFB060098ED060A01F058FB73
:10362000804668463100090E3A00D2B281547F1CB0
:103630003100090C3A00D2B281547F1C3100090AD2
:103640003A00D2B281547F1C3900C9B246547F1C63
:103650004146090E3A00D2B281547F1C4146090C02
:103660003A00D2B281547F1C4146090A3A00D2B2D4
:1036700081547F1C3900C9B200F801807F1C3A00D8
:10368000D2B292B26946DFF8480803F061FF0EB08B
:10369000BDEC028BBDE8F0810000C84295BFD63377
:1036A00017B7D138CDCC4C3E00007A4470B5002419
:1036B0000025DFF81C080078C0B2FF2839D0DFF8F9
:1036C00014080178C9B20906DFF80C080078C0B206
:1036D00051EA0041DFF804080078C0B251EA002145
:1036E000DFF8FC070078C0B201430C00DFF8F407F4
:1036F0000178C9B20906DFF8F0070078C0B251EAD4
:103700000041DFF8E8070078C0B251EA0021DFF895
:10371000E0070078C0B201430D006B4E16F11401B2
:10372000200001F0FDF916F11801280001F0F8F968
:1037300004E06548002141610021816170BD2DE9EF
:10374000F0472DED028B8EB00400F0EE408AB0EE13
:10375000608A322100226D46280001F0DFFF00253B
:1037600000260027DFF858A18AF800408AED028A77
:10377000CAED018A9AED020A01F0AAFA80469AED92
:10378000010A01F0A5FA814668469AF800102A005D
:10379000D2B281546D1C4146090E2A00D2B2815426
:1037A0006D1C4146090C2A00D2B281546D1C414661
:1037B000090A2A00D2B281546D1C2900C9B200F84E
:1037C00001806D1C4946090E2A00D2B281546D1C3D
:1037D0004946090C2A00D2B281546D1C4946090A97
:1037E0002A00D2B281546D1C2900C9B200F80190A0
:1037F0006D1C2A00D2B292B26946DFF8F80603F0D7
:10380000A7FE0EB0BDEC028BBDE8F087B0F3000858
:1038100038280020580B00203628002070B50024DE
:103820000025DFF8D0060078C0B2FF283CD0244E37
:10383000DFF8C40600783070DFF8C0060178C9B23E
:103840000906DFF8BC060078C0B251EA0041DFF893
:10385000B4060078C0B251EA0021DFF8AC06007867
:10386000C0B201430C00DFF8A4060178C9B2090612
:10387000DFF89C060078C0B251EA0041DFF89406F8
:103880000078C0B251EA0021DFF88C060078C0B29F
:1038900001430D0016F10801200001F041F9311D2E
:1038A000280001F03DF907E0054800210170DFF82C
:1038B0006C1681600021416070BD0000B4060020DC
:1038C000CC27002008280020202700202DE9F84FD1
:1038D0002DED048B8EB0F0EE409AB0EE608AF0EEE3
:1038E000418AB0EE619A3221002201AC200001F041
:1038F00015FF5FF0000B002000900024002500263B
:10390000DFF838A1CAED009A8AED018ACAED028A71
:103910008AED039A9AED000A01F0DAF907009AEDB0
:10392000010A01F0D5F980469AED020A01F0D0F9BA
:1039300081469AED030A01F0CBF9824601A83900CD
:10394000090E5A46D2B281541BF1010B3900090C01
:103950005A46D2B281541BF1010B3900090A5A466A
:10396000D2B281541BF1010B5946C9B247541BF125
:10397000010B4146090E5A46D2B281541BF1010B8C
:103980004146090C5A46D2B281541BF1010B414603
:10399000090A5A46D2B281541BF1010B5946C9B2E9
:1039A00000F801801BF1010B4946090E5A46D2B2BC
:1039B00081541BF1010B4946090C5A46D2B281547D
:1039C0001BF1010B4946090A5A46D2B281541BF138
:1039D000010B5946C9B200F801901BF1010B514689
:1039E000090E5A46D2B281541BF1010B5146090C03
:1039F0005A46D2B281541BF1010B5146090A5A466C
:103A0000D2B281541BF1010B5946C9B200F801A092
:103A10001BF1010B5A46D2B292B201A9DFF80005A0
:103A200003F096FD0EB0BDEC048BBDE8F18F0000F5
:103A30004528002000040048000C0048B027002062
:103A40002DE9F0410024002500260027DFF8D004EE
:103A50000078C0B2FF2871D0DFF8C8040178C9B27D
:103A60000906DFF8C4040078C0B251EA0041DFF86B
:103A7000BC040078C0B251EA0021DFF8B404007839
:103A8000C0B201430C00DFF8AC040178C9B20906EA
:103A9000DFF8A4040078C0B251EA0041DFF89C04CA
:103AA0000078C0B251EA0021DFF894040078C0B277
:103AB00001430D00DFF88C040178C9B20906DFF874
:103AC00088040078C0B251EA0041DFF88004007831
:103AD000C0B251EA0021DFF878040078C0B2014397
:103AE0000E00DFF870040178C9B20906DFF8680437
:103AF0000078C0B251EA0041DFF860040078C0B23B
:103B000051EA0021DFF858040078C0B201430F00E9
:103B1000DFF850844146200001F002F818F104015A
:103B2000280000F0FDFF18F10801300000F0F8FF58
:103B300018F10C01380000F0F3FF0BE0DFF824046B
:103B4000DFF8D813016000214160DFF81C148160A8
:103B50000021C160BDE8F0817C00002078B591B003
:103B600004000D003C21002202AE300001F0D6FD21
:103B70000020ADF804000321012000F0A4FC0B207C
:103B800000900023DFF8E42301A902A800F0B2FFAF
:103B90004FF47A73BDF8042002A9DFF8D40302F0D1
:103BA000BAFC12B070BD78B591B004000D003C2194
:103BB000002202AE300001F0B1FD0020ADF804009B
:103BC000C34803F095FCCB4803F092FCDFF8A40354
:103BD00000210170D1498160002141600D200090D9
:103BE0000023DFF8942301A902A800F083FF4FF41B
:103BF0007A73BDF8042002A9DFF8740302F08BFC8D
:103C000012B070BD38B590B004000D0003A8DFF805
:103C10006C13322203F0E0FCDFF86403D0E90023E8
:103C2000CDE9012303A801900023D648027802A918
:103C300003A800F0EAFE02200090002378A202A967
:103C400003A800F057FF4FF47A73BDF808200199DC
:103C5000C74802F060FC11B030BDF8B504000D009B
:103C600000262068007830283ADB206800783A285F
:103C700036DA002700200100C9B2A28889B2914239
:103C80000FD221680200D2B2895C302905DB21689D
:103C90000200D2B2895C3A2900DB02E07F1C401CA2
:103CA000E9E73900C9B2206800F0DCFF0600B6F58C
:103CB000807F0DD2B34841783000C0B200F003FCE1
:103CC0004FF47A7302227AA1A94802F024FC0EE094
:103CD0004FF47A730522AC49A54802F01CFC06E0BB
:103CE0004FF47A730522A849A14802F014FCF1BDF3
:103CF00038B590B004000D0003A8A449322203F0A7
:103D00006BFCA348D0E90023CDE9012303A801906F
:103D100000239C48427802A903A800F076FE022006
:103D2000009000233EA202A903A800F0E3FE4FF496
:103D30007A73BDF8082001998D4802F0ECFB11B0B0
:103D400030BDF8B504000D0000262068007830284A
:103D500039DB206800783A2835DA00270020010096
:103D6000C9B2A28889B291420FD221680200D2B2B0
:103D7000895C302905DB21680200D2B2895C3A29CE
:103D800000DB02E07F1C401CE9E73900C9B2206873
:103D900000F068FF06000C2E0DD23100C9B2794840
:103DA000007800F090FB4FF47A73022240A1704833
:103DB00002F0B1FB0EE04FF47A73052272496C48B1
:103DC00002F0A9FB06E04FF47A7305226E496848B9
:103DD00002F0A1FBF1BD00003407002046280020BE
:103DE00080B5FFF763FCFFF719FDFFF729FE69486F
:103DF0006949C0F8A4136949C0F8B4136849C0F808
:103E0000C4136849C0F8D4136749C0F8E41367497C
:103E1000C0F8F41302F00BFB02F0FAFA01BD000047
:103E20000D0A0000AC260020D426002070B500202A
:103E3000002400252800C0B2082836DA5C4E28008D
:103E4000C0B200013044407801282CD10120040088
:103E50002800C0B200013044406800280ED001F0B4
:103E6000A5F92900C9B2090131444968401A29005D
:103E7000C9B2090131448968884214D3002029005D
:103E8000C9B209013144487001F090F92900C9B262
:103E90000901314448602800C0B22900C9B20901B3
:103EA0003144C96888476D1CC4E72000C0B270BDAA
:103EB0004F4B0000102800200C2800203C07002059
:103EC000442800207C000020000800485C210020DD
:103ED0000008020802080208030802080408020891
:103EE0000508020806080208070802080808020870
:103EF0000908020800100208021002080310020854
:103F00000410020805100208061002080710020833
:103F100008100208091002080A1002080000604197
:103F200000200208022002080320020804200208E0
:103F300005200208062002080720020808200208BF
:103F4000092002080A2002080B2002080C2002089F
:103F50000D2002080E2002080F200208102002087F
:103F600011200208B02700200000A042C8F100087C
:103F70004C200020CC27002018EF000888EB000818
:103F8000B8F30008A80B0020A8F30008BCEB000859
:103F9000C0F30008480700205D3B0008A73B00086D
:103FA000053C00085B3C0008F13C0008433D00086C
:103FB000B406002002000020704730B40200DFF891
:103FC000F808002304688588635583885B1C838018
:103FD000DFF8E8381B7804688588635583885B1CA4
:103FE0008380012030BC7047F8B504000D0000202C
:103FF00000212E0022683300DBB2D25C2368370038
:10400000FFB23B445F7857EA02273A0092B2B2F51A
:10401000807F23DA380080B200281FD0DFF89808AC
:1040200021683200D2B2895C02688388D1548188C9
:10403000491C818021683200D2B21144497802685B
:104040008388D1548188491C8180DFF870084178C9
:104050003800C0B200F037FA012000E00020F2BDC5
:1040600030B40200DFF850080023046885886355E7
:1040700083885B1C8380DFF844385B78046885881C
:10408000635583885B1C8380012030BC7047F8B582
:1040900004000D00002000212E0022683300DBB256
:1040A000D25C23683700FFB23B445F7857EA0227AF
:1040B0003A0092B20B2A1FDADFF8FC0721683200BF
:1040C000D2B2895C02688388D1548188491C81807E
:1040D00021683200D2B21144497802688388D154F1
:1040E0008188491C81803900C9B2DFF8D007007887
:1040F00000F0E9F9012000E00020F2BDF8B504006D
:104100000D000026DFF8B80790ED030A00F0E0FD8F
:104110000100DFF8A4070A00120A03688788DA554D
:104120008288521C828002688388D1548288521C03
:1041300082800A00120E03688788DA558288521C32
:1041400082800A00120C03688788DA558288521C24
:1041500082800120F2BDF8B504000D000026DFF8D2
:10416000600790ED040A00F0B3FD0100DFF8480796
:104170000A00120A03688788DA558288521C8280F6
:1041800002688388D1548288521C82800A00120EF1
:1041900003688788DA558288521C82800A00120CD4
:1041A00003688788DA558288521C82800120F2BD1C
:1041B00030B40200DFF800070023046885886355E7
:1041C00083885B1C8380DFF8FC361B780468858855
:1041D000635583885B1C8380012030BC7047F8B531
:1041E00004000D00002000212E0022683300DBB205
:1041F000D25C23683700FFB23B445F7857EA02275E
:104200003A0092B2012A03D0380080B2002822D1AD
:10421000DFF8A40621683200D2B2895C0268838884
:10422000D1548188491C818021683200D2B2114466
:10423000497802688388D1548188491C8180DFF8DD
:104240008406D0ED020A90ED010A3800C0B2FFF7F3
:1042500076FA012000E00020F2BDF8B504000D0060
:104260000026DFF8600690ED020A00F031FD010043
:10427000DFF844060A00120A03688788DA55828844
:10428000521C828002688388D1548288521C8280AA
:104290000A00120E03688788DA558288521C8280D1
:1042A0000A00120C03688788DA558288521C8280C3
:1042B0000120F2BD2DE9F84304000D000026002086
:1042C00000900027A84620684146C9B2084481787A
:1042D00020684246D2B21044C07850EA01202168DA
:1042E0004246D2B2895C22684346DBB21A4492F855
:1042F000019059EA012959EA0049DFF8BC05216813
:104300004246D2B2895C02688388D1548188491CB4
:10431000818021684246D2B211444978026883887C
:10432000D1548188491C818021684246D2B211440F
:10433000897802688388D1548188491C81802168EA
:104340004246D2B21144C97802688388D154818828
:10435000491C81806946484600F0E2FBDFF86405AD
:10436000DDED000A90ED010A0078FFF7E8F9012081
:10437000BDE8F283F8B504000D000026DFF844051F
:1043800090ED010A00F0A4FC0100DFF82C050A0002
:10439000120A03688788DA558288521C8280026874
:1043A0008388D1548288521C82800A00120E0368CE
:1043B0008788DA558288521C82800A00120C0368B2
:1043C0008788DA558288521C82800120F2BD2DE94F
:1043D000F84304000D000026002000900027A846A6
:1043E00020684146C9B20844817820684246D2B26A
:1043F0001044C07850EA012021684246D2B2895C5C
:1044000022684346DBB21A4492F8019059EA012926
:1044100059EA0049DFF8A00421684246D2B2895C1B
:1044200002688388D1548188491C81802168424672
:10443000D2B21144497802688388D1548188491CDA
:10444000818021684246D2B211448978026883880B
:10445000D1548188491C818021684246D2B21144DE
:10446000C97802688388D1548188491C8180694653
:10447000484600F055FBDFF84C04D0ED020A9DEDF4
:10448000000A0078FFF75BF90120BDE8F28370B500
:1044900004000D00DFF83064012220213000FDF718
:1044A00084FC0A2001F0E6FF4FF47A732A0092B2EE
:1044B0002100DFF8180402F02EF80022202130003D
:1044C000FDF773FC70BD7CB504000D0008210022CF
:1044D0006E46300001F022F90026DFF8E003047098
:1044E0004570694602783300DBB2CA54761C4078C6
:1044F0003200D2B28854761C3200D2B292B26946EF
:10450000DFF8CC0303F024F873BDDFF8C4030078B0
:10451000C0B2FF280AD0DFF8A403DFF8B813097887
:104520000170DFF8B4130978417005E0DFF88C03FF
:10453000012101700321417070472DE9F04F87B0D0
:10454000040000275FF000085FF000090025DFF895
:104550008C23D2E90001CDE902010026DFF8802397
:10456000D2E90001CDE90401DFF84CA35046FDF784
:1045700085FCA0880828C0F29B812068A188084497
:1045800010F8010C2168A288114411F8021C51EAAC
:104590000021ADF81810A188891E206801F0BAFB2F
:1045A000ADF81A00BDF81A00BDF81810884240F0A6
:1045B0007D8120680078C1490978884240F0768181
:1045C000206880782168CF7857EA002720684078F3
:1045D000032805D006286CD0102800F0C38061E1C4
:1045E000206800792168497951EA00210D005FF0C7
:1045F00001084046C0B2082836DA5FF01409DFF837
:10460000E4B24046C0B209FB00F0584440683900AB
:1046100089B2884225D1280080B24146C9B209FB3F
:1046200001F15944896888421BDB00210020424681
:10463000D2B209FB02F25A44D268904701280FD146
:104640004046C0B209FB00F0584480682D1A40462D
:10465000C0B209FB00F90BEB09008068C71900E044
:1046600002E018F10108C4E7BAF8040000281FD0DE
:10467000BAF80400022190FBF1F201FB12000028BD
:1046800016D1DAF800000190BAF80400022190FB7C
:10469000F1F080B200903B009BB2032220680178C9
:1046A00004A801F017FCBDF814100498FFF7EFFE02
:1046B000FAE004200100C9B2A288921E91420EDAEB
:1046C00021680200D2B2895C029ABDF80C30D15444
:1046D000BDF80C10491CADF80C10401CEAE75FF067
:1046E00001084046C0B2082817DA14227D4B404624
:1046F000C0B2504318444068390089B2884209D199
:10470000002102A8C4465FFA8CFC02FB0CF21A449A
:104710001269904718F10108E3E7BAF8040000288D
:104720001FD0BAF80400022190FBF1F201FB120045
:10473000002816D1DAF800000190BAF8040002212E
:1047400090FBF1F080B200903B009BB20622206803
:10475000017804A801F00FFCBDF814100498FFF7CD
:1047600096FEA1E0002006002068007921684979C2
:1047700051EA00210D0007200100C9B2A288921E53
:1047800091420EDA21680200D2B2895C029ABDF829
:104790000C30D154BDF80C10491CADF80C10401C65
:1047A000EAE7280080B240002168897988424DD12B
:1047B000BDF80C002168897989B2884246D15FF042
:1047C00001084046C0B2082840DA5FF01409DFF85B
:1047D00014B14046C0B209FB00F0584440683900AB
:1047E00089B288422FD1280080B24146C9B209FB64
:1047F00001F159448968884225DB310089B202A859
:104800004246D2B209FB02F25A441269904701288B
:1048100018D14046C0B209FB00F0584480684000FF
:1048200010FA86F64046C0B209FB00F05844806892
:104830002D1A4046C0B209FB00F90BEB0900806855
:10484000C71900E002E018F10108BAE7BAF804005D
:10485000002826D0BAF80400022190FBF1F201FBF7
:10486000120000281DD1206880782168C97851EA9B
:1048700000210F00DAF800000190BAF804000221CC
:1048800090FBF1F080B200903B009BB210222068B8
:10489000017804A801F06FFBBDF814100498FFF72D
:1048A000F6FD01E0002004E0012002E0002000E02D
:1048B000002007B0BDE8F08F6C060020A80B002098
:1048C00020270020CC27002000040048D42000200E
:1048D00000000208020002080300020898F3000822
:1048E000A0F30008A005002001000800C0B20028C5
:1048F00001D1012021E00800C0B2FF2801D10A2027
:104900001BE00800C0B2FE2801D1642015E00800B9
:10491000C0B2FD2802D14FF47A700EE00800C0B298
:10492000FC2802D142F2107007E00800C0B2FB2858
:1049300002D1DFF8980300E0012070472DE9F24F23
:1049400082469346002000210A260027B046B94639
:10495000009A1588BBF1000F08D5DBF100042D206B
:104960002A0092B20AF802006D1C00E05C462000AA
:10497000002142464B4602F083FE002901D1002867
:1049800008D0A6FB080106FB091107FB08118046A9
:104990008946ECE7404649460A22002302F070FEB1
:1049A00006000F00002F01D1002E28D0200000218A
:1049B00032003B0002F064FE3030290089B20AF870
:1049C00001006D1CA0465FF00009200000213200AC
:1049D0003B0002F055FEA6FB002306FB013307FB5C
:1049E0000033B8EB020079EB03010400300039001A
:1049F0000A22002302F044FE06000F00D2E70098CE
:104A000005802800C0B2BDE8F28F2DE9FE4F0600F8
:104A10000F0090460020ADF8000000200024002187
:104A20005FF0000BB7F80090B8F1000F02D5D8F195
:104A3000000500E04546424639003000FFF77EFFA2
:104A4000B7F800A0002D4FD09DF80800FFF74CFFED
:104A500001008D4205D20A2045431BF1010B002DB8
:104A6000F7D15846C0B2002821D050460200D2B239
:104A7000324412F8012C2D2A06D00200D2B24B4645
:104A800092B29BB29A4208D130220300DBB2F254B8
:104A90001AF1010ABBF1010BE3E70200D2B2324482
:104AA00012F8012C0300DBB2F254401EDEE70A20AC
:104AB000B1FBF0F450468346002C15D00A20B4FB1D
:104AC000F0F45846C0B2304410F8010C5946C9B24F
:104AD0007054BBF1010B002CEED12E205946C9B207
:104AE00070541AF1010AE7E7A7F800A05046C0B2D7
:104AF000BDE8FE8FF0B4049C00252E00B6B2A6429D
:104B00000BD20E88771C0F802F00BFB217FA83F7E5
:104B1000D75DB6B287556D1CEFE7F0BC704700005B
:104B20002DE9F34F81B02DED028B9FED658A0024B6
:104B300001250026F7EE008A00273800C0B22028A1
:104B400064DA0398F84010F0010004003800C0B2A5
:104B5000172829DA18EE900A00F08CFA82468B4664
:104B60002000C0B200F078FA804689463800C0B212
:104B7000D0F117005FF0FF31484300F0F3F841EC4B
:104B8000110B9FED500B00F006F951EC100B424653
:104B90004B4602F08DFE52465B4602F05BFF00F092
:104BA00027FA08EE900A2FE03800C0B21F2824DA56
:104BB0003000C0B200F050FA82468B462000C0B2EE
:104BC00000F04AFA804689463800C0B2173800F033
:104BD000C9F841EC110B9FED3B0B00F0DCF851ECF8
:104BE000100B42464B4602F063FE52465B4602F013
:104BF00031FF02F0EDFF060006E02000C0B2012800
:104C000002D15FF0FF3005007F1C96E7280040B21C
:104C100000F0A8F8804689463000C0B27F3800F026
:104C2000A1F841EC110B9FED270B00F0B4F851EC0B
:104C3000100B42464B4602F03BFE8046894618EE7A
:104C4000900A00F017FA42464B4602F031FE00F09F
:104C5000CFF900EE100A049880ED000ABDEC028B3B
:104C6000BDE8F78F70B40300002200240020002567
:104C70002A000E00D2B2F6B2B2421FD22A00D2B23D
:104C80009A5C302A0ADB2A00D2B29A5C3A2A05DA08
:104C90002A00D2B29A5C303A140001E000221400DB
:104CA0002A00D2B2002A03D12200D2B2100003E0BF
:104CB0000A22504350FA84F06D1CD9E770BC70474B
:104CC000000000000000000000000040A08601007D
:104CD00010B42DED010A00206A460023042B07D2F0
:104CE000D45C1900C9B2C9008C4020435B1CF5E7B5
:104CF00012BC704700F10103810704D010F8011BBA
:104D0000820781B1FAD10268A2F10131914311F019
:104D1000803104BF50F8042FF6E709BAB1FA81F1E7
:104D200000EBD100401CC01A704730B4002513E0DE
:104D300050F8042BD30744BFA9F101039A18091FA7
:104D4000042942F8045BFAD213468C0744BF15804D
:104D50009B1CC90748BF1D7050F8041B0029E7D1F0
:104D600030BC7047C11768B14840401AB0FA80F2B1
:104D70009040D21CC907C2F5846241EA025202EB9C
:104D8000D021400570470268531C036011707047C2
:104D900041EC100B01BD80B553EC112B51EC100B05
:104DA00002F034FFF4E72E00F0B540F2FF7581EA1F
:104DB000030C0CF0004C15EA11541DBF15EA1357F3
:104DC000AC42AF42E5E0BC41C1F31301C3F31303AE
:104DD000801A994143F4801304D2641E4000494173
:104DE00080185941C90241EA5051B1FBF3F603FB67
:104DF0001611A2FB0675D7EBC020A94102D2761E80
:104E000080185941C90241EA5051B1FBF3FE03FB3E
:104E10001E11A2FB0E75D7EBC020A94103D2AEF143
:104E2000010E80185941890241EA9051760546EAFF
:104E30008E2EB1FBF3F603FB1611A2FB0675D7EB22
:104E40008020A94102D2761E80185941C90241EA48
:104E500050514EEA060EB1FBF3F603FB1611A2FB0E
:104E60000675D7EBC020A94102D2761E80185941A1
:104E7000C90241EA5051B1FBF3F703FB1711A2FB42
:104E80000735D3EBC020A94167F100070CBF0042F2
:104E900047F0010766F3D5274FEA1E31B80814F52D
:104EA000806412DDBD0775F1004250EB0E5051EBEE
:104EB000045111F5801F5CBF41EA0C01F0BD4CF0BC
:104EC0007F6141F0E0410020F0BDBD076D0840EA80
:104ED0000E5041F48011D4F10104B4F120060ADA35
:104EE000C4F120060200E04001FA06F3E140184355
:104EF000B24015430EE0342C13DCC6F1200445EA21
:104F000040056D0820FA06F2154321FA06F0A1408B
:104F10000D43002175F1004250F1000051EB0C01EE
:104F2000F0BD00205FEA0C01F0BDCFB992185B41E3
:104F3000B3FA83F704BFB2FA82F6BF190B3FB7F199
:104F400020062FBF02FA06F3BB40C7F1200622FA63
:104F500006F638BF3343BA401CB1E419641E33E788
:104F60007F4231F00041B1FA81F404BFB0FA80F61B
:104F7000A4190B3CB4F120062FBF00FA06F1A140A2
:104F8000C4F1200620FA06F638BF3143A0403C1B8E
:104F90001AE7AC421ABF05EA1357AF4212E050EAD3
:104FA00041061CBF52EA4306BFE750EA41073046BC
:104FB00061461CBF41EA0551F0BD52EA430C08BFEF
:104FC000C143F0BD00204FF4001616EB410F98BF0F
:104FD00016EB430F08BF16EB410F24BFC14305E09A
:104FE00016EB430F0CBF61464CEA0551F0BD0000C3
:104FF00001F000428B1AA3F16051B1F5801F0ADB6A
:10500000B1F17F6F1FD242EAC102C10071F10041CC
:1050100042EB507070470B15C3F10903212B10D2DE
:10502000890241EA905180020128494141F0004142
:1050300021FA03F0C3F12003994071F1004150417E
:105040007047100070476FF0000013EB103F5CBF1B
:10505000000E42EAC0507047014648B1B0FA80F1F4
:105060008840C91CC1F58461090501EBD0214005C8
:1050700070470000C0F3C75181B1FF2906D0C110AD
:10508000400721F0E04101F16051704741020CBF3F
:1050900040F4E0016FF000410020704700F0004153
:1050A00000020AD0B0FA80FC00FA0CF001F1605165
:1050B000A1EB0C5101EBD021400570470CB430B589
:1050C00083B00A4606A90291044600250194009582
:1050D00002AB01A9084878441E3003F00DF9019A8B
:1050E000157000284EBF04460198041B204603B0EB
:1050F00030BC5DF80CFB00BF8FFCFFFF80B50122C8
:1051000040212348FCF751FE2249234800F04EFA83
:1051100000F01EF8012000F005F800F0D1FA00F0D0
:105120001FFA01BD704711B581B0194C0022402112
:105130002000FCF73AFE4FF47A73012201A91748C8
:1051400004F03AF9012240212000FCF72EFE13BDA5
:1051500010B50F4C002240212000FCF726FE002253
:1051600080212000FCF721FE012000F019F8052025
:1051700000F016F8012280212000FCF716FE052021
:1051800000F00EF8012240212000FCF70EFE10BDB9
:1051900000080048E827002060100020E0240020DC
:1051A00010B50400200001F065F910BD0148006849
:1051B000704700BFF827002070B4039CDFF88052CE
:1051C000286029716A71AB71EC7100262E7270BC77
:1051D00070472DE9F84F04000D00160000275FF01E
:1051E0000008DFF85C9299F80500082880F2FC803E
:1051F000300099F80610C0B2884205D399F807002C
:105200003100C9B2884201D22E200600402099F810
:105210000510491C90FBF1F02900C9B2814280F2CF
:10522000E38099F8040050FA84F0802880F2DC8052
:1052300099F805305B1C99F8050003FB05035B1C1E
:10524000DBB299F804201219D2B299F80500401C7B
:1052500015FB00F1C9B22000C0B200F029F900210D
:10526000080099F80420C0B2904280F0BD80002070
:1052700015FB00F00200D2B2082392FBF3F21700F4
:10528000C0B2082290FBF2F302FB13008046FF221B
:105290006C4BD3F800C03800C0B250FA85FE8020B5
:1052A00000FB0EFE5EFA84FED3F800A03800C0B208
:1052B00050FA85FB802000FB0BFB5BFA84F01AF8A8
:1052C00000A0D8F1080B100050FA0BF010EA0A0AFF
:1052D0000CF80EA0D3F800C03800C0B250FA85FE1A
:1052E000802000FB0EFE5EFA84F00090D3F800E010
:1052F0003800C0B250FA85FA802000FB0AFA5AFA48
:1053000084F01EF800E0D9F800A0B3465FFA8BFBEA
:1053100099F80600BBEB000099F804B00BFB00FB0A
:105320000AEB0B008A465FFA8AFA10F80A0010FAB4
:1053300008F050EA0E00DDF800E00CF80E00D3F89B
:1053400000C03800C0B250FA85FE802000FB0EFE7F
:105350005EFA84F08444D3F800E03800C0B250FA1A
:1053600085FA802000FB0AFA5AFA84F0704490F81B
:10537000800012FA08F202408CF880201A68380087
:10538000C0B250FA85FC802000FB0CFC5CFA84F073
:1053900002441B683800C0B250FA85FC802000FB34
:1053A0000CFC5CFA84F0184490F88030D9F800C006
:1053B000B6465FFA8EFE99F80600BEEB000E99F82D
:1053C000040000FB0EFE0CEB0E008C465FFA8CFC1A
:1053D00010F80C00D8F1080C50FA0CF0034382F8D6
:1053E0008030641C491C3BE7BDE8F18FF8B507002D
:1053F0000C001600124D6879082820DA3078002851
:105400001DD032782100C9B23800C0B2FFF7E1FEEA
:10541000761C2879401CC719287950FA87F0401C5F
:10542000812802DB00200700641C40206979491CA8
:1054300090FBF1F02100C9B28142DFDBFFE7F1BD53
:10544000C0270020EC270020020001200B00DBB267
:105450001B011344587000200B00DBB21B011344E6
:1054600058600120704738B504000D000120290064
:10547000C9B2090121444870FFF798FE2900C9B25A
:10548000090121444860012032BD020000200B00C8
:10549000DBB21B01134458700120704780B50348EC
:1054A00000F024FC00F0CDF801BD0000E8E10008A8
:1054B00070B40400E4B2802C01DB7F2420001400CF
:1054C000E4B2802C01DB7F2422000C00E4B2402CEB
:1054D00001DB3F2421001C00E4B2402C01DB3F240F
:1054E0002300354C050026683678EDB2B54201D26E
:1054F000256828702568AD781600F6B2B54201D24D
:105500002568AA700D0026687678EDB2B54201D202
:10551000256869702568ED781E00F6B2B54201D2A3
:105520002468E37070BC704723487F2102681170C3
:105530000021026891703F210268517000210068CB
:10554000C17070471C480021026811707F210268F9
:1055500091700021026851703F210068C17070474E
:1055600070B54FF480640025144806682A002100B5
:10557000300000F0D3F83F237F2200210020FFF706
:1055800097FF00F05EF870BD70B54FF480640025A1
:105590000A4806682A002100300000F0BFF83F23C7
:1055A0007F2200210020FFF783FF70BD034A1060B7
:1055B000014A116070470000F0270020EC2700200E
:1055C00010B5040000224FF480713A48FCF7EDFB5F
:1055D0002000C0B2FFF7A7FD10BD10B504000122E6
:1055E0004FF480713348FCF7E0FB2000C0B2FFF7B6
:1055F0009AFD10BD10B5040014F00F0050F0B0007B
:10560000C0B2FFF7DDFF10BD10B504002000C0B22E
:1056100000F005F82000C0B200F00CF810BD10B585
:1056200004002000C0B2000950F01000C0B2FFF723
:10563000C7FF10BD10B5040014F00F00FFF7C0FF46
:1056400010BD70B500242000C0B210282EDA1A4D0B
:10565000286840782100C9B2491CB0EBC10F23DA99
:105660002868C0782100C9B2B0EBC10F1EDB200052
:10567000C0B2FFF7BFFF28680078FFF7C5FF2868B2
:105680000678286880783100C9B288420CD30B486C
:1056900001682200D2B28020424352FA86F0085CB0
:1056A000FFF79BFF761CECE7641CCCE7FFF73CFFA1
:1056B00070BD000000080048F0270020EC27002003
:1056C00080B5AE20FFF77CFFA220FFF779FFA02076
:1056D000FFF776FFC820FFF773FF2F20FFF770FF5B
:1056E000322000F0C7FEA420FFF76AFF4020FFF73A
:1056F00067FF2520FFF764FF0A2000F0BBFE812032
:10570000FFF75EFF1220FFF75BFFFFF729FFAF20D7
:10571000FFF756FF052000F0ADFE01BD62F30F223A
:1057200062F31F42401810F0030308D0C91A1FD3B8
:10573000DB0748BF00F8012D28BF20F8022D130019
:1057400030B414461546103928BF20E93C00FAD879
:10575000490728BF20E90C0048BF40F8042D890004
:1057600028BF20F8022D48BF00F8012D30BC70473B
:10577000C91818BF00F8012DCB0728BF00F8012D6C
:105780007047000070B4039CDFF8845328602971CF
:105790006A71AB71EC7101262E7270BC70472DE9F5
:1057A000F74F04000D00DFF868639DF80800B17939
:1057B000884204D3F0799DF80810884202D22E2046
:1057C0008DF80800307A002845D10027380031795B
:1057D000C0B288423DD231689DF80820B079121AD3
:1057E0003079424301EB02003900C9B210F8019050
:1057F000002080464046C0B2082828DA3800C0B2EF
:1058000050FA84F0802805DA4046C0B250FA85F09C
:10581000402801DB00205DE1012010FA08F0494634
:10582000C9B2014208D0012218EB0501C9B23819EA
:10583000C0B200F06FF907E0002218EB0501C9B211
:105840003819C0B200F066F918F10108D2E77F1CE0
:10585000BCE730793EE1307A012840F08E807079E3
:10586000082190FBF1F201FB1200012806DB7079A0
:10587000082190FBF1FB1BF1010B03E0707908217B
:1058800090FBF1FB31795846C0B24143491C8DF879
:10589000011031689DF80820B079121A9DF80100B6
:1058A000424301EB020001788DF80010401C01908A
:1058B0005FF0000840469DF80010C0B2884259D2FF
:1058C0005FF0000948465946C0B2C9B288424ED27C
:1058D00001994246D2B25846C0B2424301EB02009F
:1058E0004946C9B210F801A0002007003800C0B234
:1058F000082839DA4046C0B250FA84F0802808DA25
:105900004846C0B2C00050FA85F050FA87F04028EF
:1059100001DB0020DEE04846C0B2C00050FA87F04C
:10592000717988421EDA0121B9405046C0B208425E
:105930000CD001225FFA89F915EBC9017918C9B2B7
:1059400018EB0400C0B200F0E5F80BE000225FFAAB
:1059500089F915EBC9017918C9B218EB0400C0B276
:1059600000F0D8F87F1CC1E719F10109AAE718F186
:1059700001089FE79DF80000ACE0307A022840F073
:10598000A8807079082190FBF1F0401C8DF8000090
:1059900030799DF8001010FB01F08DF8020031689D
:1059A0009DF80820B079121A9DF80200424301EBDD
:1059B0000200019096F804B000208DF8010000214B
:1059C0000020002210009DF80030C0B298420CD296
:1059D0003079431E9DF801001B1A13FB02F0019B56
:1059E000C0B2185C0100521CECE70800C0B20028ED
:1059F0000BD1BBF1010B5846C0B2002805D09DF871
:105A00000100401C8DF80100D9E7002738009DF8FF
:105A10000010C0B2884259D25FF000084046594693
:105A2000C0B2C9B288424FD201993A00D2B230799D
:105A3000424301EB02004146C9B210F801905FF009
:105A4000000A5046C0B208283BDA4046C0B250FABD
:105A500084F0802808DA3800C0B2C00050FA85F01F
:105A600050FA8AF0402801DB002033E03800C0B251
:105A7000C00050FA8AF0717988421FDA012111FAC8
:105A80000AF14846C0B208420CD00122FFB215EB21
:105A9000C7011AEB0101C9B218EB0400C0B200F053
:105AA00039F80BE00022FFB215EBC7011AEB010138
:105AB000C9B218EB0400C0B200F02CF81AF1010AC8
:105AC000BFE718F10108A9E77F1C9FE75846C0B25D
:105AD00000E00020BDE8FE8FF8B504000F001500BF
:105AE0000B484079D0F13F003900C9B288420EDB43
:105AF000287800280BD02A783900C9B22000C0B21B
:105B0000FFF74DFE0600701C04196D1CF0E7F1BD97
:105B1000C0270020F8B504000D0016002000C0B218
:105B2000802803DA2800C0B2402800DB57E03000AC
:105B3000C0B2002824D02900C9B20822DFF8CC3135
:105B40002800C0B2082790FBF7F78020474357FA98
:105B500084F72800C0B25FF0080C90FBFCFC8020AA
:105B600000FB0CFC5CFA84F0185C5FF0010C91FB0C
:105B7000F2FE02FB1E111CFA01F10143D95524E08B
:105B80002900C9B20822DFF884312800C0B20827F2
:105B900090FBF7F78020474357FA84F72800C0B2FC
:105BA0005FF0080C90FBFCFC802000FB0CFC5CFA16
:105BB00084F0185C5FF0010C91FBF2FE02FB1E11F9
:105BC0001CFA01F130EA0101D9552B00DBB22200A9
:105BD000D2B22900C9B22000C0B2FFF769FCF1BD02
:105BE0002DE9F84F05000E00170098460A9C380072
:105BF000C0B22900C9B2401A03F0F7FD8146404601
:105C0000C0B23100C9B2401A03F0EFFD814502DA9B
:105C10005FF0010B01E05FF0000B5846C0B20028B6
:105C200005D0280035000600380047468046380079
:105C30002900C0B2C9B2884205D228003D00070041
:105C40003000464680464346DBB23A00D2B23100CD
:105C5000C9B22800C0B2FFF72BFC781B8DF80000FA
:105C60004046C0B23100C9B2401A03F0BEFD8DF803
:105C700001009DF80000022190FBF1F9300041463F
:105C8000C0B2C9B2884202D25FF0010A01E05FF0FF
:105C9000FF3A38002900C0B2C9B2884224D358461E
:105CA000C0B2002808D02200D2B22900C9B2300008
:105CB000C0B2FFF72FFF07E02200D2B23100C9B215
:105CC0002800C0B2FFF726FF9DF80100B9EB0009DC
:105CD000484640B2002805D51AEB06069DF800009C
:105CE00010EB09096D1CD4E7BDE8F18FF8B504008D
:105CF0004FF480652600064807682A003100380006
:105D000001F06AFCFFF71EFCF1BD000060100020EE
:105D1000EC27002030B403004FF6FF7000248C42C3
:105D200013DA1A5D50400822002A0CD0C50706D5A8
:105D300080B2400880F4204090F0010001E080B281
:105D40004008521EF0E7641CE9E780B230BC70479F
:105D50002DE9F84305000E0017009846089C5FF0F7
:105D600000092868494689B2465419F10109286892
:105D7000494689B2475419F10109404680B2000AE8
:105D800029684A4692B2885419F10109286849469F
:105D900089B200F8018019F10109200080B2000ADF
:105DA00029684A4692B2885419F10109286849467F
:105DB00089B2445419F10109494689B22868FFF7AC
:105DC000A9FF010028684A4692B2815419F10109DD
:105DD000080080B2000A2A684B469BB2D05419F1E1
:105DE0000109A5F804900120BDE8F2832DE9F84FE0
:105DF00006000F00904699460A9DDDF82CA000246D
:105E000000213068220092B28754641C306822005E
:105E100092B200F80280641C484680B2000A3268E0
:105E200023009BB2D054641C3068220092B200F868
:105E30000290641C4046C0B2062802D0102807D049
:105E40001CE0280080B2012801D0002040E015E0CD
:105E5000280080B2000A326823009BB2D054641C30
:105E60003068220092B28554641C2800C0B2400001
:105E7000326823009BB2D054641CFFE75FF0000B34
:105E8000584680B2290089B2B0EB410F0BDA584670
:105E900080B21AF800003168220092B28854641C63
:105EA0001BF1010BECE7210089B23068FFF732FFEC
:105EB00001003068220092B28154641C080080B254
:105EC000000A326823009BB2D054641CB4800120C5
:105ED000BDE8F28F2DE9F84F05000E001700984637
:105EE0000A9CDDF82C905FF0000B002029685A46D0
:105EF00092B28E541BF1010B29685A4692B28F540C
:105F00001BF1010B2100C9B249002A685B469BB214
:105F1000D1541BF1010B5FF0000A504680B2210002
:105F200089B2B0EB410F0CDA504680B219F800008C
:105F300029685A4692B288541BF1010B1AF1010AE2
:105F4000EBE7594689B22868FFF7E4FE01002868AC
:105F50005A4692B281541BF1010B080080B2000A2C
:105F60002A685B469BB2D0541BF1010BA5F804B024
:105F70000120BDE8F28F2DE9F84F05000E00170053
:105F800098460A9CDDF82C905FF0000B5FF0000A49
:105F90002868594689B246541BF1010B28685946B6
:105FA00089B247541BF1010B404680B2000A2968B0
:105FB0005A4692B288541BF1010B2868594689B29F
:105FC00000F801801BF1010B3800C0B2062802D096
:105FD00010281DD02CE0200080B2012801D0002024
:105FE0003EE000208246504680B2210089B2B0EBEC
:105FF000410F0CDA504680B219F8000029685A4661
:1060000092B288541BF1010B1AF1010AEBE70FE081
:10601000200080B2000A29685A4692B288541BF1C7
:10602000010B2868594689B244541BF1010BFFE764
:10603000594689B22868FFF76DFE010028685A4664
:1060400092B281541BF1010B080080B2000A2A6849
:106050005B469BB2D0541BF1010BA5F804B00120A4
:10606000BDE8F28F80B5D448D44901605FF4E131D6
:106070004160002181600021C160002101610C218B
:10608000416100218161002101620021416200F033
:1060900005FA002801D003F00BFC01BD80B5C8480B
:1060A000C84901604FF41651416000218160002110
:1060B000C160002101610C21416100218161002149
:1060C000C161002101620021416200F0E7F900286E
:1060D00001D003F0EDFB01BD80B5BB48BB490160B9
:1060E0004FF416514160002181600021C160002100
:1060F00001610C214161002181610021C161002108
:1061000001620021416200F0C9F9002801D003F0CA
:10611000CFFB01BD38B59EB00400142200216846B3
:1061200003F0C8FB6022002106A803F0C3FB20682F
:10613000A249884252D1202006900020119006A842
:1061400003F0C2FB002801D003F0B2FBA0480168B5
:1061500051F001010160006810F001000590059800
:106160009C48016851F002010160006810F00200D3
:10617000059005984FF440600090022001900120A6
:106180000290032003900820049069469248FBF790
:106190006DFC924D92482860042068600020A86041
:1061A0000020E86080202861002068610020A8614C
:1061B0000020E86100202862280003F0F9FD002893
:1061C00001D003F075FB6567AC6200220021462018
:1061D00004F08FF8462004F0A1F8ABE0206879497C
:1061E000884251D10120069000200E9006A803F0AD
:1061F0006BFB002801D003F05BFB7A48016851F487
:1062000080410160006810F4804005900598714855
:10621000016851F002010160006810F00200059071
:106220000598C020009002200190002002900320D9
:1062300003900720049069466748FBF717FC6A4DF6
:106240006A482860022068600020A8600020E8609A
:1062500080202861002068610020A8610020E8619A
:1062600000202862280003F0A3FD002801D003F0DD
:106270001FFB6567AC6200220021252004F039F87D
:10628000252004F04BF855E020685049884251D150
:10629000042006900020109006A803F015FB0028AB
:1062A00001D003F005FB5248016851F480210160E0
:1062B000006810F48020059005984648016851F068
:1062C00004010160006810F00400059005984FF487
:1062D0004060009002200190002002900320039073
:1062E0000720049069464348FBF7C0FB424D4348F2
:1062F0002860022068600020A8600020E8608020FC
:106300002861002068610020A8610020E861002069
:106310002862280003F04CFD002801D003F0C8FAE1
:106320006567AC6200220021272003F0E2FF2720EE
:1063300003F0F4FF1FB030BD10B5040020681F4902
:10634000884210D1224801684908490001604FF491
:1063500040612148FBF76BFC606F03F099FD46201C
:1063600003F0E3FF27E02068164988420FD11D485B
:10637000016831F480410160C0211748FBF757FCE8
:10638000606F03F085FD252003F0CFFF13E0206848
:106390000E4988420FD11648016831F4802101600E
:1063A0004FF440611348FBF742FC606F03F070FD4F
:1063B000272003F0BAFF10BD4C20002000800040D1
:1063C000D4200020003801405C210020004800401B
:1063D0005C1002404C10024000040048A825002038
:1063E0008004024060100240F02500205800024066
:1063F00058100240000800483826002030000240B3
:1064000080B51848FBF73AFD02201749087001BD16
:1064100080B501221549164800F0E3F80022012159
:10642000272003F066FF272003F078FF01BD7047A7
:1064300038B504000B480D490A78036885885A5519
:106440008288521C8280828840F2FF139A4201D3D4
:10645000002282800122064800F0C3F80120024990
:10646000087031BD580B0020492800204828002022
:106470005C21002070B50400FEF798FE05002600A0
:1064800016F1010F02D0044800783618FEF78EFE90
:10649000401BB042FAD370BDAB0B002010B5040016
:1064A000002C01D1012035E0A0690028FFD1E06F68
:1064B000002805D1002084F878002000FFF72AFE8C
:1064C0002420E067206800684008400021680860D8
:1064D000606A002802D0200000F0DEFB200000F0FF
:1064E0005FFA012801D1012014E02068406830F4EF
:1064F0009040216848602068806830F02A00216858
:1065000088602068006850F0010021680860200061
:1065100000F02FFC10BD2DE9FC4706000D00170010
:106520009846F06F202859D1002D03D0380080B252
:10653000002801D1012052E00020C6F8840021206B
:10654000F067FEF733FE8146A6F85070A6F8527049
:10655000B068B0F5805F05D13069002802D1002411
:10656000AA4602E02C005FF0000AB6F852000028AC
:1065700022D0CDF800804B4600228021300000F070
:1065800061FC002803D02020F067032027E0002CC6
:1065900008D1BAF80000C005C00D316808851AF1AD
:1065A000020A03E0207831680885641CB6F85200BE
:1065B000401EA6F85200D8E7CDF800804B460022D6
:1065C0004021300000F03EFC002803D02020F0677E
:1065D000032004E02020F067002000E00220BDE856
:1065E000F68770B505000C001600D5F8800020284D
:1065F00024D1002C03D0300080B2002801D101202A
:106600001DE0002028662868DFF8901388420ED02D
:106610002868406800020AD5286850E8000F50F04A
:10662000806001002A6842E800100028F4D132009E
:1066300092B22100280000F054FC00E0022070BD5E
:106640002DE9F04706003068C7693068D0F800804F
:106650003068D0F8089040F60F043C40002C0BD175
:10666000B80609D55FEA886006D5B06E002802D06A
:106670003000B16E88478FE1002C00F0AA805FEAFD
:10668000C97005D4DFF8080618EA000F00F0A180F1
:1066900017F00100C0B200280BD05FEAC85008D53F
:1066A000012031680862D6F8840050F00100C6F875
:1066B0008400B8070DD519F00100C0B2002808D039
:1066C000022031680862D6F8840050F00400C6F851
:1066D000840078070DD519F00100C0B2002808D059
:1066E000042031680862D6F8840050F00200C6F831
:1066F0008400380710D55FEA886004D419F00100DF
:10670000C0B2002808D0082031680862D6F884009A
:1067100050F00800C6F8840038050CD55FEA481030
:1067200009D54FF4006031680862D6F8840050F053
:106730002000C6F88400D6F88400002848D0B806A7
:1067400008D55FEA886005D5B06E002802D0300019
:10675000B16E8847D6F8840005003068806840062E
:1067600002D415F0280F2DD0300000F09EFC3068C8
:106770008068400622D53068083050E8000F30F0BD
:1067800040000100306810F1080242E800100028C3
:10679000F1D1706F00280DD0DFF8F804716F8863B5
:1067A000706F03F055FC002812D0706F716F896B09
:1067B00088470DE0300003F011FE09E0300003F0DF
:1067C0000DFE05E0300003F009FE0020C6F884004D
:1067D000E2E0306E012840F0BD80F80640F1BA805A
:1067E0005FEAC86040F1B680102031680862306806
:1067F000806840066DD5706F0068D0F804A05046E0
:1068000080B2002852D05046B6F8581080B2884264
:106810004CD2A6F85AA0706F00680068800639D480
:10682000306850E8000F30F480700100326842E8B0
:1068300000100028F4D13068083050E8000F4008FC
:1068400040000100306810F1080242E80010002802
:10685000F1D13068083050E8000F30F040000100FE
:10686000306810F1080242E800100028F1D1202021
:10687000C6F8800000203066306850E8000F30F025
:1068800010000100326842E800100028F4D1706F57
:1068900003F0B4FB02207066B6F85810B6F85A0040
:1068A000091A89B2300003F07AFD11E05046B6F8BB
:1068B000581080B288420BD1706F00680068800663
:1068C00006D502207066B6F85810300003F067FD58
:1068D00062E0B6F85800B6F85AA0B0EB0A0AB6F86B
:1068E0005A00002835D0504680B2002831D0306898
:1068F00050E8000F30F490700100326842E8001058
:106900000028F4D13068083050E8000F40084000FB
:106910000100306810F1080242E800100028F1D1AF
:106920002020C6F88000002030660020B066306865
:1069300050E8000F30F010000100326842E800100B
:106940000028F4D102207066514689B2300003F06D
:1069500026FD21E0F8020AD55FEA492007D55FF459
:10696000801031680862300003F0CAFD14E0380678
:1069700009D55FEA086006D5F06E002802D0300025
:10698000F16E884708E0780606D55FEA486003D5CF
:10699000300000F054FCFFE7BDE8F08700800040C5
:1069A0002DE9F04704000026DFF8A8192068884286
:1069B000FFD0A2682069024360690243E069024394
:1069C00020680368DFF890090340134320680360E0
:1069D0002068436833F44053E06803432068436011
:1069E000D4F818802068884202D0206A50EA08084B
:1069F0002068806830F4306058EA000022689060B7
:106A00002068DFF8482A904216D1DFF8440A00686F
:106A100010F00300002805D0022805D006D3032873
:106A200006D007E0012760E002275EE004275CE073
:106A300008275AE0102758E02068DFF8182A90420B
:106A400017D1DFF80C0A006810F00C00002806D0FF
:106A5000042808D0082804D00C2806D007E0002716
:106A600043E0022741E004273FE008273DE01027EC
:106A70003BE02068DFF8E029904217D1DFF8D00929
:106A8000006810F03000002806D0102808D0202818
:106A900004D0302806D007E0002726E0022724E0B3
:106AA000042722E0082720E010271EE02068884203
:106AB0001AD1DFF89C09006810F44060002809D062
:106AC000B0F5806F0AD0B0F5006F05D0B0F5406F1B
:106AD00006D007E0002708E0022706E0042704E0CC
:106AE000082702E0102700E010272068884246D1DE
:106AF0003800C0B2002806D0022808D0042809D0E7
:106B000008280BD00DE004F06BF981460DE0DFF8AA
:106B10004C990AE004F0F7F8814606E04FF400498A
:106B200003E05FF0000901200600B9F1000F00F05A
:106B3000A580616803204143894505D361684FF40E
:106B400080504143494502D20120060096E04FF4AF
:106B50008072606840080021E2FB0901626800233E
:106B600000F08EFD0500B5F5407F05D3B5F5801F1B
:106B700002D22068C56081E0012006007EE0E06965
:106B8000B0F5004F41D13800C0B2002808D001282C
:106B90000AD002280CD004280DD008280FD011E00C
:106BA00004F01EF9814611E004F027F981460DE05A
:106BB000DFF8A8980AE004F0A6F8814606E04FF452
:106BC000004903E05FF0000901200600B9F1000F61
:106BD00054D06068400810EB49006168B0FBF1F0E8
:106BE0000500102D0ED3B5F5803F0BD24FF6F07196
:106BF0002940C5F3420001438A46504680B22168CD
:106C0000C8603BE00120060038E03800C0B2002830
:106C100008D001280AD002280CD004280DD008285A
:106C20000FD011E004F0DCF8814611E004F0E5F843
:106C300081460DE0DFF824980AE004F064F881460C
:106C400006E04FF4004903E05FF000090120060070
:106C5000B9F1000F12D0606819EB50006168B0FB09
:106C6000F1F00500102D07D3B5F5803F04D22800C0
:106C700080B22168C86001E0012006000020A06603
:106C80000020E0663000C0B2BDE8F08700000000E0
:106C9000200100042572000890F82410090707D588
:106CA00001684A6832F40042416B0A4301684A6055
:106CB00090F82410C90707D501684A6832F40032F9
:106CC000816A0A4301684A6090F82410890707D551
:106CD00001684A6832F48032C16A0A4301684A6036
:106CE00090F82410490707D501684A6832F48022D9
:106CF000016B0A4301684A6090F82410C90607D561
:106D000001688A6832F48052816B0A4301688A60A4
:106D100090F82410890607D501688A6832F4005279
:106D2000C16B0A4301688A6090F82410490613D5A4
:106D300001684A6832F48012016C0A4301684A60B3
:106D4000016CB1F5801F07D101684A6832F4C002B6
:106D5000416C0A4301684A6090F82410090607D57F
:106D600001684A6832F40022816C0A4301684A6073
:106D7000704738B504000020C4F88400FEF716FA06
:106D800005002068006800071DD57FF07E40009058
:106D90002B0000225FF40011200000F053F80028BF
:106DA00011D0206850E8000F30F080000100226808
:106DB00042E800100028F4D12020E067002084F889
:106DC000780003203DE02068006840072CD57FF064
:106DD0007E4000902B0000225FF48001200000F034
:106DE00031F8002820D0206850E8000F30F490706F
:106DF0000100226842E800100028F4D12068083021
:106E000050E8000F400840000100206810F108021F
:106E100042E800100028F1D12020C4F880000020B2
:106E200084F8780003200CE02020E0672020C4F8DC
:106E300080000020206600206066002084F8780032
:106E4000002032BD2DE9F04105000E0090461F00E4
:106E5000069C2868C0693040B04201D1012000E0A2
:106E600000204146C9B2884238D114F1010FF0D058
:106E7000FEF79CF9C01B844201D3002C01D10320F2
:106E80002DE0286800684007E3D5802EE1D0402E31
:106E9000DFD02868C06900070DD50820296808627E
:106EA000280000F002F90820C5F88400002085F8C9
:106EB0007800012013E02868C0690005C9D54FF4A7
:106EC000006029680862280000F0EFF82020C5F86B
:106ED0008400002085F87800032000E00020BDE851
:106EE000F08130B403005965A3F85820A3F85A2064
:106EF000002098669868B0F5805F0BD1186900286B
:106F000004D140F2FF10A3F85C0023E0FF20A3F8B7
:106F10005C001FE0986800280AD11869002803D196
:106F2000FF20A3F85C0015E07F20A3F85C0011E0CF
:106F30009868B0F1805F0AD11869002803D17F20DA
:106F4000A3F85C0006E03F20A3F85C0002E000200C
:106F5000A3F85C000020C3F884002220C3F880005E
:106F60001868083050E8000F50F00100040018685D
:106F700010F1080545E800400028F1D19868B0F507
:106F8000805F06D11869002803D10FF2D1309866CE
:106F900002E00FF2D5209866186900280BD0186817
:106FA00050E8000F50F4907004001D6845E8004060
:106FB0000028F4D10AE0186850E8000F50F02000D3
:106FC00004001D6845E800400028F4D1002030BCD2
:106FD000704770B504000D0016006565A4F8586090
:106FE0000020C4F884002220C4F88000606F0028CC
:106FF00021D00FF21510616FC8620FF2B110616FEE
:1070000008630FF2D110616F48630020616F8863DD
:1070100033009BB2626D206810F12401606F02F0B2
:10702000A1FF002807D01020C4F884002020C4F855
:10703000800001202AE0206900280AD0206850E85A
:10704000000F50F480700100226842E80010002810
:10705000F4D12068083050E8000F50F00100010022
:10706000206810F1080242E800100028F1D12068E1
:10707000083050E8000F50F040000100206810F187
:10708000080242E800100028F1D1002070BD01681C
:1070900051E8001F31F0C0010A00036843E80021F5
:1070A0000029F4D12021C1677047016851E8001F11
:1070B00031F490710A00036843E800210029F4D1FB
:1070C0000168083151E8001F490849000A000168B9
:1070D00011F1080343E800210029F1D1016E0129D3
:1070E0000AD1016851E8001F31F010010A0003685D
:1070F00043E800210029F4D12021C0F880100021AC
:10710000016600218166704738B50400A56A2068D1
:10711000006880063AD40020A5F85A00286850E894
:10712000000F30F4807001002A6842E80010002847
:10713000F4D12868083050E8000F400840000100F2
:10714000286810F1080242E800100028F1D12868F0
:10715000083050E8000F30F040000100286810F1BE
:10716000080242E800100028F1D12020C5F8800074
:10717000286E01280AD1286850E8000F30F010006E
:1071800001002A6842E800100028F4D10020686657
:10719000286E012805D1B5F85810280003F0FFF833
:1071A00002E0280003F0E0F831BD000038B504002B
:1071B000A56A01206866286E012807D1B5F8581025
:1071C000490889B2280003F0EAF802E0280003F039
:1071D00097FE31BDF8B50400A56AEE6FD5F8807052
:1071E00028688068000607D5212E05D10020A5F863
:1071F00052002800FFF74BFF28688068400607D53B
:10720000222F05D10020A5F85A002800FFF74DFFD6
:10721000D5F8840050F01000C5F88400280003F071
:10722000DDF8F1BD38B50400A56A0020A5F85A00C4
:107230000020A5F85200280003F0D0F831BD10B5A9
:107240000400206850E8000F30F040000100226880
:1072500042E800100028F4D12020E0670020E0661A
:10726000200003F04EFE10BD70B50500B5F85C605F
:10727000D5F88000222866D12868808C040016EAA0
:107280000400696D0870686D401C6865B5F85A00A7
:10729000401EA5F85A00B5F85A00002859D12868B0
:1072A00050E8000F30F4907001002A6842E80010A6
:1072B0000028F4D12868083050E8000F400840004A
:1072C0000100286810F1080242E800100028F1D1FE
:1072D0002020C5F880000020A86600206866286885
:1072E0001C4988420ED02868406800020AD52868E8
:1072F00050E8000F30F0806001002A6842E800107A
:107300000028F4D1286E012819D1002028662868A9
:1073100050E8000F30F0100001002A6842E8001029
:107320000028F4D12868C069C00602D51020296859
:107330000862B5F85810280003F031F809E0280079
:1073400003F012F805E02868008B50F00800296867
:10735000088370BD00800040F369FFEFF8B50500B9
:10736000B5F85C70D5F88000222867D12868808C39
:107370000400686D060017EA04003080686D801C08
:107380006865B5F85A00401EA5F85A00B5F85A00CD
:10739000002859D1286850E8000F30F4907001009F
:1073A0002A6842E800100028F4D12868083050E824
:1073B000000F400840000100286810F1080242E870
:1073C00000100028F1D12020C5F880000020A86618
:1073D000002068662868224988420ED028684068E4
:1073E00000020AD5286850E8000F30F080600100E4
:1073F0002A6842E800100028F4D1286E012819D12B
:1074000000202866286850E8000F30F010000100C6
:107410002A6842E800100028F4D12868C069C00634
:1074200002D5102029680862B5F85810280002F02B
:10743000B6FF09E0280002F097FF05E02868008BFE
:1074400050F0080029680883F1BD000000380140B1
:107450008810024000440040004800400024F4002E
:10746000008000402DE9F74F82B000265FF0000A4F
:107470005FF0000B54465D46002000900127DDF8C8
:107480000C80DDF80890049810F0070F2BD10498B9
:10749000C008002182468B4603F08CFD4FF47A70C1
:1074A00003F0A0FD00200600300080B20021594505
:1074B00017D801D3504514D2D8E9000104000D00BB
:1074C00022002B004946002003F01CFD0700380075
:1074D000C0B2012805D019F1080918F10808761C76
:1074E000E2E703F078FD3800C0B205B0BDE8F08FE8
:1074F00070B50400012503F05DFD06004FF47A70BD
:1075000003F070FD3000C0B200280FD1C4F3CC20CE
:10751000B0F5807F05D20121C4F3CC2003F0CEFD6D
:1075200004E00121C4F3CC2003F0C8FD4FF47A70CD
:1075300003F058FD05000548016831F002010160C3
:1075400003F049FD2800C0B270BD000014200240C5
:107550002DE9F041C0B004000D00160000274FF4E3
:1075600080710022E8464046FEF7D8F82000FFF779
:10757000BFFFA5208DF8000030008DF801005FF0FE
:1075800000084046310080B289B288420AD24046A3
:1075900080B2285C6946424692B21144887018F164
:1075A0000108EEE7B61C300080B20821B6B20836FA
:1075B000361A90FBF1F001FB0066320092B2694688
:1075C0002000FFF74FFF002801D0002000E001203D
:1075D00040B0BDE8F081000062B38B0708D0521EB6
:1075E00011F8013B00F8013B00F024808B07F6D135
:1075F000830740F0208000BF103A07D330B4B1E8D1
:107600003810103AA0E83810F9D230BC530724BF24
:10761000B1E80810A0E8081044BF51F8043B40F856
:10762000043BD20724BF31F8022B20F8022B44BFC1
:107630000B7803707047121F17D35B0009D151F804
:10764000043B20F8023B1B0C121F20F8023BF6D231
:107650000BE051F8043B00F8013B1B0A20F8023B09
:107660001B0C121F00F8013BF3D238BF121D521E33
:1076700024BF11F8013B00F8013BF8D87047000027
:10768000BBBBE1B1B2F5803F80F07E80022A1ED9FB
:107690008C46B1FBF2F102FB11C31B0443EA104319
:1076A000B3FBF2FC02FB1C3380B240EA0343B3FBA2
:1076B000F2F002FB103240EA0C4000237047022A2D
:1076C00005D98446B0FBF2F002FB10C270474AB104
:1076D00005D100F0010249085FEA3000704700223E
:1076E0000023704703F03ABD0B0002000021002088
:1076F0007047904271EB030CF6D3B3F5803F2FD265
:10770000F0B5B3FA83F7B1FA81F4A7F10F0E3D1B80
:107710005340CEF1200602FA0EF2F3415340B5F188
:107720000F0746D80F3C2C444140C4F12006A0402E
:10773000F1414140B1FBF3F603FB1611A2FB0645F4
:10774000001BA94102D2761E8018594180EA01022D
:1077500021FA0EF362FA0EF200215A403046F0BDD3
:1077600030B4B1FBF3FC03FB1C11A2FB0C45001B66
:10777000A94103D2ACF1010C8018594130BC02463A
:107780000B46604600217047B2F1807F65D3F0B5AB
:10779000B2FA82F7B1FA81F4C7F10F063D1B22FA63
:1077A00006F307F1110EF24120355A40B5F10F07EB
:1077B000B8D94140C4F12006A040F1414140B1FB9D
:1077C000F3FC03FB1C11A2FB0C45001BA94103D2D7
:1077D000BCF1010C801859410F2F12D30F3FC90380
:1077E00041EA5041B1FBF3F603FB1611A2FB06453B
:1077F000D4EBC030A94102D2761E8018594146EA26
:10780000CC3C07B34140C7F12006B840F1414140AC
:10781000B1FBF3F603FB1611A2FB0645001BA941C1
:1078200002D2761E8018594180EA010221FA0EF335
:10783000C7F1200462FA0EF20CFA07F05A402CFA53
:1078400004F13043F0BD80EA010221FA0EF3002179
:1078500062FA0EF260465A40F0BD8C46B1FBF2F17E
:1078600002FB11C31B0243EA1063B3FBF2FC02FBF1
:107870001C331B024CEA002043EA1063B3FBF2FC0A
:1078800002FB1C331B024CEA002043EA1063B3FBEB
:10789000F2FC02FB1C331B024CEA002043EA10639B
:1078A000B3FBF2FC02FB1C324CEA002000237047C1
:1078B000B0B581EA030C0CF0004C40F2FF7515EAFC
:1078C00011541DBF15EA1357AC42AF4239E0E41919
:1078D00023EA455343F48013C90241F0004141EAD1
:1078E000505EC7021100A7FB020200284FF0000003
:1078F000EEFB01204FF00001E3FB072118BF42F02F
:107900000102401800214941E3FB0E01A4F5806407
:107910000F0302D252004041494154F101046CDD91
:10792000470872F1004250F1000051EB0451A1F5FB
:1079300080115CBF41EA0C01B0BD4CEA055100204A
:10794000B0BD05EA1357AC4214BFAF4241E050EA64
:10795000410E1CBF52EA430E02E061460020B0BD5A
:1079600024423C441BD15FEA070EF6D0090302BF54
:1079700001460020AEF1140EB1FA81F7AEEB070418
:1079800001FA07FE0C37C7F1200100FA07F7C840DB
:107990004EEA000E23EA455343F48013A2E733F086
:1079A0000043B3FA83F704BFB2FA82FE77440B3F79
:1079B000E41BB7F1200E2FBF02FA0EF3BB40C7F154
:1079C000200E22FA0EFE38BF43EA0E03BA40641CB2
:1079D00082E750EA410E14BF52EA430E6FF00001F5
:1079E0004FF4001717EB430F8ABF194617EB410FEF
:1079F000B5E74CEA05510020B0BDD4F10104B4F163
:107A000020070FDAC4F12007520828BF42F0010214
:107A100010FA07F501FA07F7E1BF2A43E0403843BF
:107A2000E1400FE0352C98DCC7F1200452EA400217
:107A300020FA07F218BF42F0010231FA07F0A14024
:107A40000A43002172F1004250F1000051EB0C0199
:107A5000B0BD000070B44FF0004591EA030F43F150
:107A600087836B40841A71EB030604D26E40001BBF
:107A7000B141121973414FF4001C1CEB410F34BF8C
:107A80007CEB430683E00C0DA4EB1356362E00F37B
:107A90007C80012E45EAC32341DC43EA525312BFE6
:107AA000D20292025B08240545EAC12141EA505105
:107AB000D2EBC020994125D407D1B0FA80F610FA54
:107AC00006F162D00020203608E0B1FA81F6B1401C
:107AD000C6F1200220FA02F21143B0404FEAF474DA
:107AE000B4EB465434F001064FEA74040AD8D6F5D4
:107AF0000016760D04F00044F04061FA06F25040A2
:107B0000F1404840C00A40EA415021F0004128BFFE
:107B10005FEA500550F1000044EBD12135E0DB0A6B
:107B200045EAC121C90AB6F120050EDD42EA02424A
:107B3000120CC5F1200603FA06F6EB4042EA0605F0
:107B40006D42984161F100010DE062FA06F5F240E4
:107B5000554063FA06FC82EA0C02F3405A406D423B
:107B6000904161EB030111F4801F05D1641E620591
:107B700002D06D004041494121F48011430875F164
:107B8000004350F1000041EB045170BC70471CEB06
:107B9000410F15D223F0004352EA43060BD04FEABF
:107BA0004C0CBCEB410F04D80C0D661E342EB7DD17
:107BB000EBE7801A994150EA410608BF0021E4E74B
:107BC00008BF1CEB430F28BF6FF00001DDE700008A
:107BD000C1F30A5340F2FE329B1A14DDD3F12003A5
:107BE0004FEAE17208DDC90241EA505141F000401C
:107BF000D84080185040704703F2E13010B1D243B2
:107C000082F0004070470020704700002DE9F04DE1
:107C10002DED0A8B41EC190B43EC182B51EC180B92
:107C200020F0000431F0004508BF002C84B000F0C3
:107C3000088353EC192B0020DFF88C1603F002FBAD
:107C400000F0FF82DFF8141603F0FCFA08D151ECC3
:107C5000180B48004015401C02D1090300F0F182C6
:107C600051EC190B48004015401C00F00E8251ECFD
:107C7000190B31F0004108BF002800F0068251ECDA
:107C8000180B48004015401C00F0FF8151EC180B08
:107C90004B0043EAD0734200002B08BF002A04D1F6
:107CA000B0EE48AAF0EE68AA19E040F23344A4EB23
:107CB0005352352A04DB00F0000001F000410CE0D3
:107CC000202A03DD203AD140914000E001D100207C
:107CD00003E0002AC4BFD040904041EC1A0B51ECA5
:107CE000190BC80F0BD053EC182B51EC1A0B03F0E7
:107CF000A9FA04D0AFF300809FED3F9BA3E253ECC1
:107D0000192B23F00041B1F5801F22F000000DD2A5
:107D10000022002908BF0028009216D06A4651ECC4
:107D2000190B03F09FFA41EC190B0EE0DFF8AC459C
:107D3000DFF82C7504EB115000903B40DFF8240570
:107D4000924643EA000B4BEC19AB51EC190BC80FF0
:107D500036D021F0004053EC192B034643EC192B8D
:107D600051EC1A0B4B0043EAD0734200002B08BFC2
:107D7000002A04D1B0EE4A0AF0EE6A0A19E040F295
:107D80003444A4EB5352352A04DB00F0000001F028
:107D900000410CE0202A03DD203AD140914000E070
:107DA00001D1002003E0002AC4BFD040904041EC44
:107DB000100B53EC1A2B51EC100B03F043FA01D1CA
:107DC000002600E00126009801281DD151EC190B76
:107DD000DFF89424DFF8943403F07CFA14D253ECE7
:107DE000192B00204FF08041FFF762FD00279FED27
:107DF00004BB41EC190B27E0FFFFFFFFFFFFFF7FF4
:107E0000000000000000F03F53EC192B0020DFF8C9
:107E10006014FFF74DFD9FED78AB53EC1A2BFFF785
:107E200019FEFFF7D5FEA0F120042046FCF79AFFCB
:107E30000022DFF84034FFF73BFD53EC1A2BFFF72D
:107E400009FE41EC1B0B670151EC190B53EC1B2B8A
:107E500003F086F941EC1A0B53EC192B51EC1B0B78
:107E6000FFF7F8FD02460B4651EC1A0BFCF79CFF9E
:107E700041EC190B53EC192BFFF71AFD41EC1C0BCD
:107E800053EC1C2BDFF8F003DFF8F013FFF710FDC5
:107E9000DFF8EC23DFF8EC33FFF7DCFD53EC1C2BB1
:107EA000FFF706FDDFF8E023DFF8E033FFF7D2FD50
:107EB00053EC1C2BFFF7FCFCDFF8D423DFF8D433A2
:107EC000FFF7C8FD53EC1C2BFFF7F2FCDFF8C823CB
:107ED000DFF8C833FFF7BEFD53EC1C2BFFF7E8FCBF
:107EE000DFF8BC23DFF8BC33FFF7B4FD53EC1C2BE9
:107EF000FFF7DEFCDFF8B023DFF8B033FFF7AAFDB1
:107F000053EC1C2BFFF7D4FC53EC1A2B03F028F98D
:107F100004460D460020DFF8B01353EC1B2B03F092
:107F20001FF900224FF08043FFF7C2FC22462B4688
:107F3000FFF790FD53EC192BFFF7BAFC41EC100B47
:107F4000DFF86C03784400F55A70074453EC1A2BA1
:107F500051EC100BFFF77EFD41EC190B0098FCF77C
:107F600001FFD7E90023FFF775FD41EC1A0B53EC35
:107F7000192BDFF84003DFF84013FFF799FC53ECAF
:107F80001A2BFFF767FD53EC182BFFF791FC00222B
:107F9000DFF8283303F09EF941EC1B0B69D3012273
:107FA000C74B03F0AFF961D9C80F53EC1B2B1ABFB5
:107FB0000020C449AB49FFF74DFDFFF709FE002241
:107FC000C14BCDE901238046CDF8008053EC192B3D
:107FD00051EC180BFFF76CFC04460D46D7E9020183
:107FE000D7E90423FFF736FD53EC182BFFF760FCAD
:107FF0009FEDB6BB04E000BF000000000000E03FC2
:1080000053EC1B2BFFF754FC22462B46FFF722FDB7
:1080100007468B4653EC1A2B51EC180BFFF748FC24
:1080200004460D464046FCF79DFE02460B462046A0
:10803000294603F095F853EC1B2BFFF739FC3A4621
:108040005B46FFF707FDDDE9012303F073F941EC1F
:10805000190B31F0004108BF00280AD051EC190B70
:1080600048004015401C06D1090304D19FEDA09B98
:1080700001E09FED9B9B002E00F0E58051EC190B79
:1080800081F0004141EC190BDDE051EC190B480087
:108090004015401C02D1090340F0D58051EC180B6B
:1080A00048004015401C06D1090304D0B0EE489AA0
:1080B000F0EE689AC7E051EC180B48000124401517
:1080C000401C61D051EC180B4B0043EAD0734200C6
:1080D000002B08BF002A04D1B0EE48AAF0EE68AA2F
:1080E00019E040F23345A5EB5352352A04DB00F08A
:1080F000000001F000410CE0202A03DD203AD140CD
:10810000914000E001D1002003E0002AC4BFD0402C
:10811000904041EC1A0B53EC182B51EC1A0B03F066
:1081200091F818BF00244B0043EAD0734200002BA3
:1081300008BF002A04D1B0EE4A0AF0EE6A0A19E03C
:1081400040F23445A5EB5352352A04DB00F0000021
:1081500001F000410CE0202A03DD203AD14091409B
:1081600000E001D1002003E0002AC4BFD0409040CD
:1081700041EC100B44B153EC1A2B51EC100B03F0F3
:1081800061F80CBF0024012451EC190B4800401584
:10819000401C0AD1090308D151EC190BC80F21D199
:1081A00053EC182BDA0F49D040E051EC180B480083
:1081B0004015401C1ED109031CD153EC192B23F090
:1081C0000041B1F5801F22F0000021D200220029D9
:1081D00008BF002800921FD06A4651EC190B03F02B
:1081E00041F819E051EC180BC80F01D1002C21E027
:1081F000E4B10AE0002C1ABF51EC190BC80F0020A3
:1082000053EC182BDA0F14D180B19FED329B1AE09A
:10821000324C04EB1150009051EC180BC80F009831
:1082200002D100280ADC01E0002807DD9FED2C9B2D
:1082300009E0002818BF9FED2C9B04D19FED2C9BDB
:1082400001E09FED049B04B051EC190BBDEC0A8BCF
:10825000BDE8F08D000000000000F03F0000F0BF1E
:10826000FFFF0F800000E03FCD3B7F669EA0E63F12
:10827000000050400000903FF7DE29BFD8F8C23F11
:10828000F4B3FECC1A99C33F62CB68D96F46C73F9F
:10829000C6C912DAC471CC3F4AE98A942449D23F54
:1082A000F75F97999999D93FBC5555555555E53F75
:1082B000185B0000FE822B654715F73F0000E0C009
:1082C0000000E0400000E0BF0000F03FEF39FAFEA0
:1082D000422EE63F000000000000008002FCFFFF8D
:1082E0000000000000000000000000000000F0FF9F
:1082F000000000000000F07F2DE9F14FB0B0924681
:1083000004910DF142013A9A2B9199464A7000204E
:108310000AE01AF8011B0498309A9047002804904C
:1083200000F0B6860D98401C0D909AF8000050B1F0
:108330002528EED1002100220791089209910A9286
:108340000B910C9204E00D9800F0A4BE41F00101E5
:108350001AF8010F2028F9D023280CD02B2804D09C
:108360002D2805D0302809D00BE041F00201EFE7BD
:1083700041F00401ECE741F00801E9E741F01001A8
:10838000E6E72A280FD1D9F8002052F8040BC9F8E3
:10839000002000280F9003D540420F9041F00401C7
:1083A0000AF1010A14E00F92DFF828380AE00F986A
:1083B000984205DA00EB800402EB4402303A0F9257
:1083C0000AF1010A9AF80020A2F130000A28EED33F
:1083D0009AF800002E2803D04FF0FF320E9229E0C9
:1083E0001AF8010F2A2809D1D9F8000050F8042BF7
:1083F000C9F800000E920AF1010A1BE02D280CBFFB
:108400000AF1010A002000220E92DFF8C8470BE0B3
:1084100040B90E9AA24205DA02EB820503EB45034E
:10842000303B0E930AF1010A9AF80030A3F13002B2
:108430000A2AEDD3ADF84010DFF89C07784400F528
:10844000F3609AF8001003F069F908B11AF8010B0B
:108450008DF842009DF84200682805D19AF8000086
:1084600068280CD1622106E06C2804BF9AF800004D
:108470006C2804D171218DF842100AF1010A12A86A
:1084800006901AF801BBBBF125012CD01C3900F075
:10849000D081091F022940F2CC81133900F02385D5
:1084A000093900F0C681891E00F0B885491E00F028
:1084B0006585491E022940F2BC81091F00F05E85D6
:1084C000491F00F02881491E00F00D85491E00F06B
:1084D000D080C91E0DD0891E00F00585C91E00F090
:1084E000028500F0A6BD25238DF84830012100F05B
:1084F000ABBDD9F8000050F8044BC9F80000002CBF
:10850000059440F0A3802B994878002800F09980CA
:108510004FF0FF340FF6843003F00CF9201A40F0CE
:10852000B78500F092BD6D1E40F0A9853096079D7D
:1085300012AF75B1309E17F8012B02A9304600F03A
:1085400073FE002801D46D1EF5D10028309640F04E
:108550009F850A9D3020002D8DF804000CDD309E93
:10856000012301AA02A9304600F06EFE002840F067
:108570008F856D1EF4D13096059F089D75B1309E94
:1085800017F8012B02A9304600F04EFE002801D456
:108590006D1EF5D10028309640F07A850B9D302075
:1085A000002D8DF804000CDD309E012301AA02A9E4
:1085B000304600F049FE002840F06A856D1EF4D177
:1085C000309605980899099D471875B1309E17F89F
:1085D000012B02A9304600F027FE002801D46D1EB1
:1085E000F5D10028309640F053850C9D3020002DA9
:1085F0008DF804000CDD309E012301AA02A930464B
:1086000000F022FE002840F043856D1EF4D1309624
:108610009DF8400041077FF588AE2020002C8DF8A2
:1086200004007FF782AE309D012301AA02A92846EB
:1086300000F00AFE002840F02B85641EF4D130952E
:1086400073E60FF66440059000F0FFBC0E9D002D10
:1086500004D52046FCF74EFB044607E02A46204698
:1086600003F088F8002814BF041B2C46089400F07F
:10867000ECBCD9F8001051F8040BC9F8001020F038
:108680000004002121F0FF3512ABCDE9024505932E
:10869000DDE9022306993C2413B90AB90E9898B172
:1086A00002F00F053035641EEEB23A2EA8BF273512
:1086B000120942EA03721B090D5508BF002A03D0B4
:1086C00005980D19A842EBD308190590C4F13C0296
:1086D0000E98089282420ADABDF84010821A4FF6CC
:1086E000EF7001400A92ADF8401000F0AEBC0028D7
:1086F00040F1AB849DF8400000F01400102840F0D9
:10870000A4840F9B07990A985B1A1B1A9A1A002ACD
:1087100040F39B84E5E32B99487820B14FF0FF3478
:108720000FF65430F8E69DF84200622861D06828C0
:1087300017D06A283FD06C2806D0712847D07428FB
:108740002CD07A281DD064E0D9F8001051F8040B21
:10875000C9F80010002868D14FF0FF340FF6303010
:10876000DAE6D9F8001051F8040BC9F8001020B966
:108770004FF0FF340FF61830CEE60D99018000F06F
:1087800064BCD9F8001051F8040BC9F80010002897
:108790004BD14FF0FF340FF6F820BDE6D9F80010AA
:1087A00051F8040BC9F8001000283ED14FF0FF34F7
:1087B0000FF6DC20B0E6D9F8001051F8040BC9F828
:1087C000001080B94FF0FF340FF6C420A4E6D9F8AA
:1087D000001051F8040BC9F8001020B94FF0FF3415
:1087E0000FF6AC2098E60D9AD317C0E9002300F0ED
:1087F0002CBCD9F8001051F8040BC9F8001020B9AE
:108800004FF0FF340FF6882086E60D99017000F0D6
:108810001CBCD9F8001051F8040BC9F8001020B99D
:108820004FF0FF340FF6682076E60D99016000F0F6
:108830000CBCD9F80020D21D22F00702C9F8002094
:10884000D2E900010832C9F80020CDE90201C80FC1
:1088500002D007982D210AE0BDF84000810702D51B
:1088600007982B2103E0C00705D50798202112AAFD
:108870001154401C0790DDE90223079912A8CDE9A5
:108880002C2308444BF020016129059021AC0BD02A
:108890000E99002902D506210E9105E001BF4BF08B
:1088A0002001672901220E92DDE9022359004915B2
:1088B000491C0DD11A030BD0ABF1610503211A2D10
:1088C000089102D20FF6E41110E00FF6E4110DE06A
:1088D00059004915491C0DD11A030BD1ABF16105A3
:1088E00003211A2D089119D30FF6CC110322FEF79C
:1088F00073FEAAE3DDE90201CDE92E01DDE92E23B5
:1089000023F00047B7F5801F22F000060DD20022A9
:10891000002F08BF002E009203D116E00FF694112D
:10892000E4E76A4602F09EFC0FE0DFF8DC08DFF8BF
:10893000DC1800EB17500090DDE92E234FF0FF30DC
:108940001940DFF8CC7810403943CDE902014BF0F3
:10895000200061280DD1059830210170821CBBF1E7
:10896000610F05920CBF7821582141700798801C37
:108970000790DDE9020120F0000231F0004308BF5A
:10898000002A02D10026002568E14BF02008B8F14A
:10899000610F40F0B4800E98002847BF212101915B
:1089A000401C0190019FDDE92C017F1C0022002367
:1089B000DDE9024502F08EFC00998DF8842038BF75
:1089C00085F00045091F002F00910DF1850653DD4C
:1089D000204629460022002302F094FC4CD2480095
:1089E000400D00F11C0212D0002A10DD40F2FF738E
:1089F0009A4206DBDFF81C1805F000400143002016
:108A000011E06FF31E5141EA025120460BE024F0C1
:108A1000000035F0004108BF00280FBF29461C2286
:108A2000294602F0D3FE04460D46FFF7D1F8FF1F9A
:108A3000002F804609DDFCF795F902460B462046DB
:108A4000294602F08DFB04460D46F01D0721B8F1C2
:108A5000000F0CDD491E5EBF08F00F0200F8012D6B
:108A60004FEA2818F3D502E0002200F8012D491E34
:108A7000FAD5C61D002FABDC0DF18500361A019822
:108A80008642D8BF304600280DF1850430D4B0426C
:108A900006DA0DF185010A5C082AA8BF0F2100DA69
:108AA0000021024621AB134400E0401E13F8015997
:108AB000521E8D42F9D00F2904D10DF185018B5C36
:108AC0005B1C8B54002A04D50099091D21AC401C65
:108AD0000091411E0CD46218ABF13A061378303382
:108AE000DDB23A2DA8BFF318491E02F80139F5D5B9
:108AF0000E99002940F1B080421E0E92ACE0009920
:108B0000DFF8142747F29750414391FBF2F2DDE979
:108B10002C45009225F00045D2F1070204DD2046E5
:108B2000294600F04EFB0BE052420020DFF8EC1625
:108B300000F047FB02460B4620462946FCF734F975
:108B40000446B8F1660F0E9806BF009F0A37062745
:108B50003F18142FC8BF142730200D468DF884000D
:108B60000DF18506002F39DD2046294602F0CCFEA6
:108B700001460A4606F1080304200A26B2FBF6F66F
:108B800006EB860EA2EB4E02303203F8012C0A22CD
:108B9000B6FBF2F202EB820EA6EB4E063036401E1A
:108BA00003F8026DE9D1083F002F03F10806D9DD73
:108BB0000846FCF751FA02460B462046294602F0C9
:108BC000CFFA0022DFF85836FEF772FE04460D4653
:108BD000CAE700BFCBCCCC0C286800000DF18500A3
:108BE000361A0DF1850404E00098401E761E0090B0
:108BF000641C20783028F7D0B8F1660F02D10099B4
:108C0000491C04E0B8F1650F0CBF012100210E984A
:108C100008188642B8BF701E00281DD4B04204DA7E
:108C2000215C3429C8BF392100DC30210246631E93
:108C30009D1800E0401E15F80169521E8E42F9D0C1
:108C4000392902D1A15C491CA154002A04D50099FC
:108C5000491C1C46401C00910646009D02F068FE1F
:108C6000406A0778DDF8388030B2002802DC01263F
:108C70000FF248644BF02000662808BF6D1C16D028
:108C8000672846D128B210F1040F48DB404546DA88
:108C90009DF840006D1C010703D430B24045B8BFB9
:108CA000804628B2B8EB000848BF4FF000080FFA22
:108CB00085FBBBF1000F00F3B5800898411C0891BB
:108CC000302205990A54B8F1000F03DC9DF84000EA
:108CD000010704D50898411C089105990F5418EB19
:108CE0000B0FB8BFC8F100052DB268420B90A84425
:108CF00032B29045B8BF4646059B089836B20996F1
:108D0000324621461844FEF767FCA8EB06000C909B
:108D1000D2E0BBF1610F17D14FF0700B19E030B208
:108D2000404504DA9DF840100A0758BF8046B8F164
:108D3000010848BF4FF00008BBF1670F14BF4FF0A8
:108D4000450B4FF0650B04E0BBF1410F08BF4FF03E
:108D5000500B0898411C0891B8F1000F059914F8C0
:108D6000012B0A5403DC9DF8400001071AD508982E
:108D7000411C0891B8F1000F05990F5412DD761EC1
:108D800030B280450598089BB8BF464632B22146AE
:108D90001844FEF721FC089936B271180891A8EB27
:108DA00006000B9005980899084429B2002980F81C
:108DB00000B003D42B224270821C04E02D224270AA
:108DC0000D46821C6D4200212CAB28460AE0044669
:108DD0000A2094FBF0F000EB8005A4EB450403F8B7
:108DE000014B491C00B20028F1DC012906DC4BF0E4
:108DF0002000652804BF302002F8010B00292CABAD
:108E000008D1302002F8010B06E0491E585C3030D2
:108E100002F8010B0029F8DC059908980844121A99
:108E2000099249E030B229B288421CDA0598089BC1
:108E300032B221461844FEF7CFFB089936B27118BA
:108E4000ABEB0606B8F1000F08910B9603DC9DF81A
:108E50004000020704D5059847540999491C099117
:108E6000CDF8308028E00598089B2AB221461844A6
:108E7000FEF7B2FB0898761B5844B8F1000F089033
:108E800003DC9DF840100A0703D5411C08910599A1
:108E90000F5430B280450598089BB8BF464632B2A1
:108EA00004EB0B011844FEF797FB089836B2301814
:108EB0000890A8EB06000B909DF8400000F014000D
:108EC000102840F0C280079A08990B988A180999CF
:108ED00082180C988A1882180F98824280F2B58006
:108EE000821A0A92B1E09DF84200622808D06828F0
:108EF0000ED06A2814D06C281FD0712810D01CE026
:108F0000D9F8001051F8040BC9F80010C0B21AE0EB
:108F1000D9F8001051F8040BC9F8001080B212E023
:108F2000D9F80020D21D22F00702C9F80020D2E9AA
:108F300000010832C9F8002006E0D9F8001051F805
:108F4000040BC9F800100021CDE902019DF8400092
:108F500001075AD5DDE90223002B08BF002A54D0AF
:108F60004BF02000782850D1079812A930220A54DB
:108F7000401C431C079301F800B046E09DF84200F6
:108F8000622808D068280ED06A2814D06C281FD018
:108F9000712810D01CE0D9F8001051F8040BC9F862
:108FA000001040B21AE0D9F8001051F8040BC9F8CB
:108FB000001000B212E0D9F80020D21D22F0070202
:108FC000C9F80020D2E900010832C9F8002006E003
:108FD000D9F8001051F8040BC9F80010C117CDE9F9
:108FE0000201002902D507982D210AE0BDF84000B2
:108FF000810702D507982B2103E0C00705D5079804
:10900000202112AA1154401C079012A8079901446C
:10901000059102A8594600F04FF816E0012007908C
:10902000D9F8000050F8041BC9F800008DF848106A
:109030000BE025210122BBF1000F8DF848100792AB
:1090400003D08DF849B0022107910F9A07980A9929
:109050000C9C121A0898521A0B99121A0998521A53
:10906000121A9DF84000141B41073FF560AA20200A
:10907000002C8DF804007FF75AAA309E2546012364
:1090800001AA02A9304600F0DFF800283FF44BAAFD
:109090004FF0FF3031B0BDE8F08F00007072696EA4
:1090A00074665F733A206261642025732061726781
:1090B000756D656E740000002DE9FC4307466F294D
:1090C0003E6908BF082405D041F02000782814BF6D
:1090D0000A2410243C25D7E90023642918BF6929F4
:1090E0009046994605D1002B03D5D8F1000869EBCD
:1090F0004909B9F1000F08BFB8F1000F0CD1386B66
:1091000050B9082C39D197F83800010735D53020EF
:109110003B2586F83B0030E08DF80010404649467C
:109120002246E317FEF7ACFA3032D0B26D1E3A2871
:10913000019504DB9DF80000A0F151018A187255D9
:10914000404649462246E317FEF79AFA80465FEA10
:10915000010908BFB8F1000F03D0F86871198842FF
:10916000DCD3082C09D197F83800010705D5705DCC
:10917000302802D06D1E30207055C5F13C02BA6116
:109180007119F960386B824208DA821A3A624FF636
:10919000EF70398F01403987BDE8F38300280ED581
:1091A00097F8380000F01400102808D17B6B79691B
:1091B000386A5B1A1B1A9A1A002AC8BF3A62BDE8BD
:1091C000F3832DE9D04306460F4614464FF00008BE
:1091D000DFF8509012E0E00707D542464B46304694
:1091E0003946FEF765FB06460F464046494642466D
:1091F0004B46FEF75DFB641080468946002CEAD1A1
:1092000030463946BDE8D08302FCFFFFFFFF0F80E8
:109210000000E03F0000F07FA08601000000F03F6A
:1092200084D797410000244010B503460C461146F0
:10923000A0689847A06020B1E06A401CE06200206E
:1092400010BD4FF0FF3010BDF8B505460E4617466D
:109250001C4600205CB117F8011BB068A847B0603D
:1092600030B1F06A401CF0620020641EF3D1F2BD00
:109270004FF0FF30F2BD00007072696E74665F736C
:109280003A20256E20646973616C6C6F77656400A9
:109290007072696E74663A2062616420256E206186
:1092A0007267756D656E7400000000006E616E007F
:1092B0004E414E00696E6600494E46003000000087
:1092C00010B50400002C01D1012074E0606A002870
:1092D00006D16068B0F5827F06D00020E06103E02F
:1092E00000202061002060610020A06294F85D00F1
:1092F000002805D1002084F85C00200002F044FB27
:10930000022084F85D002068006830F04000216889
:109310000860E06840F20171884201D3002101E059
:109320004FF48051E068B0F5706F05D0E068B0F59B
:10933000E06F01D00020A062606810F48270A26823
:1093400012F404421043227C12F002021043227DE8
:1093500012F001021043A26912F400721043227F3E
:1093600012F03802104394F8202012F080021043CB
:10937000A26A12F40052104322681060A269120C13
:1093800012F0040294F8240010F01000024394F844
:10939000340010F008000243E06810F470600243EB
:1093A00011F48050024320684260002020660120B2
:1093B00084F85D00002010BD2DE9F84306000D0083
:1093C00017001C00FBF7F2FE8046B94696F85D00D8
:1093D000012801D00220ECE0002D03D0380080B23B
:1093E000002801D10120E4E096F85C00012801D1B9
:1093F0000220DEE0012086F85C00032086F85D0094
:1094000000203066B563B787F787002030640020FE
:10941000A6F844000020A6F8460000203065002091
:10942000F064B068B0F5004F0BD13068006830F0E0
:109430004000316808603068006850F4804031684E
:10944000086030680068400605D43068006850F055
:10945000400031680860F06840F20171884235D3FD
:109460007068002803D0484680B2012809D1B06B4B
:1094700000883168C860B06B801CB063F08F401EFC
:10948000F087F08F002873D03068806880070AD595
:10949000B06B00883168C860B06B801CB063F08F1F
:1094A000401EF087EDE7FBF781FEB0EB0800A0421D
:1094B00002D314F1010F01D1002CE2D1012086F872
:1094C0005D00002086F85C00032072E070680028D0
:1094D00003D0484680B2012817D1F08F02280AD362
:1094E000B06B00883168C860B06B801CB063F08FCF
:1094F000801EF08709E0B06B007831680873B06BAC
:10950000401CB063F08F401EF087F08F00282FD0F2
:1095100030688068800718D5F08F02280AD3B06BB6
:1095200000883168C860B06B801CB063F08F801E0B
:10953000F087EAE7B06B007831680873B06B401CC5
:10954000B063F08F401EF087DFE7FBF72FFEB0EB34
:109550000800A04202D314F1010F01D1002CD4D194
:10956000012086F85D00002086F85C00032020E0E2
:1095700042462100300000F003F9002801D02020ED
:109580003066B068002808D1002000903068C068BC
:1095900000903068806800900098012086F85D0097
:1095A000002086F85C00306E002801D0012000E029
:1095B0000020BDE8F2832DE9FC4705000E001700EE
:1095C0009846DDF82890FBF7F1FD0400B8EB0404A1
:1095D00019EB0404FBF7EAFD824668480068400185
:1095E000000D00FB04F00090286880683040B04215
:1095F00001D1012000E000203900C9B2884243D0E7
:1096000018F1010FF0D0FBF7D1FDB0EB0A00A0423A
:1096100001D2002C2FD12868406830F0E000296882
:1096200048606868B0F5827F0DD1A868B0F5004F3A
:1096300003D0A868B0F5806F05D12868006830F0C5
:10964000400029680860A86AB0F5005F0BD128685F
:10965000006830F40050296808602868006850F4F9
:10966000005029680860012085F85D00002085F819
:109670005C00032009E00098002801D100200400CC
:109680000098401E0090AFE70020BDE8F6872DE966
:10969000FE4F06000F0014009846DDF830900020C1
:1096A0008DF80000FBF782FD0500B8EB050519EB0E
:1096B0000505FBF77BFD8246306810F10C0B2F4847
:1096C000016823204143090D01FB05F10191306838
:1096D00080683840A0424ED0B7F5C06F07D1002C4B
:1096E00005D19BF800008DF800009DF8000018F1EE
:1096F000010FECD0FBF75AFDB0EB0A00A84201D2F3
:10970000002D2FD13068406830F0E00031684860AB
:109710007068B0F5827F0DD1B068B0F5004F03D00E
:10972000B068B0F5806F05D13068006830F0400057
:1097300031680860B06AB0F5005F0BD1306800682E
:1097400030F40050316808603068006850F4005010
:1097500031680860012086F85D00002086F85C0012
:10976000032009E00198002801D10020050001989C
:10977000401E0190ABE70020BDE8FE8F1C050020D5
:109780007CB504000D00160000962B0000224FF45B
:10979000C0512000FFF77BFF002805D0206E50F05D
:1097A0002000206603201FE000962B00002280216D
:1097B0002000FFF700FF002805D0206E50F02000A9
:1097C0002066032010E000962B0000224FF4C061B9
:1097D0002000FFF75CFF002805D0206E50F020002D
:1097E0002066032000E0002076BD002848BF4042EC
:1097F000704780B502F004F900F011F802F012F998
:1098000002F0F8F9FCF72EFC02F024FA02F094F8CA
:10981000FCF744FCFCF760FC02F046FBFEE710B5E9
:1098200096B04421002205AC2000FBF777FF1421FD
:1098300000226C462000FBF771FF4FF4007002F02D
:109840000FFD002801D000F033F81820059001200A
:109850000A9001200B9000200C9060200D900220B7
:109860000F900120109001201190282012900720C5
:109870001390022014900220159005A800F042FEDB
:10988000002801D000F014F80F2000900320019070
:1098900000200290002003900020049004216846DC
:1098A00001F074F9002801D000F002F816B010BDE4
:1098B00072B6FEE710B5044610460A460146204639
:1098C000FBF72CFF204610BD2DE9F84F05005FF097
:1098D000000800272868000527D5686C00280DD0EF
:1098E000B0F5000F03D0B0F5400F0DD00DE0DFF85C
:1098F0002403016851F48031016008E00021281D33
:1099000000F092F9804602E001E0012080464046E6
:10991000C0B2002808D1DFF80C130A6832F4400204
:10992000686C02430A6000E04746286880037AD5E5
:109930005FF00009DFF8E0A2DAF80000C0000DD403
:10994000DAF8000050F08050CAF80000DAF80000A1
:1099500010F080500090009801208146DFF8BCB2E2
:10996000DBF8000050F48070CBF80000FBF71EFC21
:109970000600DBF80000C00506D4FBF717FC801BCF
:109980000328F6D3032080464046C0B200283FD1CA
:10999000DFF88CB2DBF8000010F440700400002CFB
:1099A00015D0E86D844212D0DBF8000030F440702E
:1099B0000400DBF8000050F48030CBF80000DBF846
:1099C000000030F48030CBF80000CBF80040E00716
:1099D0000FD5FBF7EBFB0600DBF80000800708D48F
:1099E000FBF7E4FB801B41F289318842F4D303206A
:1099F00080464046C0B2002808D1DBF8001031F4A0
:109A00004071E86D0143CBF8001002E0474600E0EA
:109A100047464846C0B2012805D1DAF8000030F0C8
:109A20008050CAF800002878C00707D5DFF8F41185
:109A30000A6892089200286A02430A602878800720
:109A400007D5DFF8E0110A6832F00C02686A0243B9
:109A50000A602878400707D5DFF8C8110A6832F095
:109A60003002A86A02430A602878800607D5DFF82A
:109A7000B4110A6832F44062E86A02430A60286856
:109A8000800507D5DFF89C110A6832F44022E86BA4
:109A900002430A602868400507D5DFF888110A6884
:109AA00032F44012286C02430A602878400607D539
:109AB000DFF870110A6832F44052286B02430A60E2
:109AC0002878000607D5DFF85C110A6832F44042B6
:109AD000686B02430A602868C00507D5DFF84411A7
:109AE0000A6832F44032A86B02430A602868800496
:109AF00020D5DFF830110A6832F04062A86C0243CA
:109B00000A60A86CB0F1006F06D1DFF808010168A7
:109B100051F4801101600DE0A86CB0F1806F09D1A3
:109B20000121281D00F080F880464046C0B2002880
:109B300000D047462868000320D5DFF8E8100A68FF
:109B400032F04062E86C02430A60E86CB0F1006FEA
:109B500006D1DFF8C000016851F4801101600DE00A
:109B6000E86CB0F1806F09D10121281D00F05CF88C
:109B700080464046C0B2002800D0474628684003CF
:109B800020D5DFF8A0100A6832F04062286D024349
:109B90000A60286DB0F1006F06D1DFF87800016827
:109BA00051F4801101600DE0286DB0F1806F09D192
:109BB0000121281D00F038F880464046C0B2002838
:109BC00000D047462868400415D5DFF858100A68C9
:109BD00032F04052686D02430A60686DB0F1805FF8
:109BE00009D10221281D00F01FF880464046C0B26E
:109BF000002800D047462868000407D5DFF8241065
:109C00000A6832F08042A86D02430A603800C0B290
:109C1000BDE8F28F0C100240581002400070004066
:109C200090100240881002402DE9F04105000C0020
:109C300000275949086810F0030F12D0086810F087
:109C400003002A68904209D12868002806D00868D5
:109C5000C0F30210401C6968884232D0012007001E
:109C60002FE02868012804D01BD303280FD007D386
:109C700017E04A480068800701D40120070012E07D
:109C800046480068400501D4012007000BE0434826
:109C90000268920304D40068400301D40120070045
:109CA00001E0012007003800C0B2002809D10A688D
:109CB00032F07302286802436868401E52EA0012BC
:109CC0000A603800C0B2002861D1DFF8D080D8F82F
:109CD000000030F08060C8F80000FBF767FA06006B
:109CE000D8F80000000106D5FBF760FA801B0328B6
:109CF000F6D3032007003800C0B2002847D1002C5B
:109D00000BD127490A6827480240A86852EA002276
:109D1000E86852EAC0620A601CE0012C0DD12049BB
:109D20000A6821480240A86852EA002228694008CF
:109D3000401E52EA40520A600CE019490A681B486A
:109D40000240A86852EA002268694008401E52EAB0
:109D500040620A60D8F8000050F08060C8F8000047
:109D6000FBF724FA0600D8F80000000106D4FBF740
:109D70001DFA801B0328F6D3032007003800C0B269
:109D8000002804D106490A68A86902430A6038001D
:109D9000C0B2BDE8F08100000C100240001002408B
:109DA00010100240FF80FF07FF809FFFFF80FFF938
:109DB00030B40100002901D1012067E00868624A3F
:109DC00090420AD20A68614882181420B2FBF0F06F
:109DD000800048645E48086409E00A685D488218AB
:109DE0001420B2FBF0F0800048645B480864022055
:109DF00081F82500086802686FF30E128B68C86846
:109E00000343086903434869034388690343C869F6
:109E10000343086A03431A43086802608868B0F580
:109E2000804F2AD0086C4A4B984213D14B480368A4
:109E30000F2491F8445015F01C05AC40A343036077
:109E400003684C6891F8445015F01C05AC4023435E
:109E5000036012E0424803680F2491F8445015F063
:109E60001C05AC40A343036003684C6891F8445060
:109E700015F01C05AC40234303600020C86301209B
:109E800081F82500002081F82400002030BC7047B4
:109E900010B40100002901D1012053E008680068D6
:109EA000400840000A6810600868274A90420AD2B9
:109EB0000A68264882181420B2FBF0F0800048643B
:109EC0002348086409E00A68224882181420B2FB7B
:109ED000F0F0800048642048086400200A681060A0
:109EE000012091F8442012F01C0290400A6C50604E
:109EF000086C174A90420AD1184802680F2391F85B
:109F0000444014F01C04A3409A43026009E0144842
:109F100002680F2391F8444014F01C04A3409A43B4
:109F200002600020C862002008630020486300200F
:109F300088630020C863002081F82500002081F894
:109F40002400002010BC704708040240F8FFFDBF49
:109F500000000240F8FBFDBF00040240A8000240E0
:109F6000A80402402DE9F04104000D0016001F0076
:109F70005FF0000894F82400012801D102203BE0A2
:109F8000012084F8240094F8250001282DD1022016
:109F900084F825000020E063206800684008400045
:109FA000216808603B0032002900200000F0F8F82A
:109FB000206B002806D02068006850F00E00216851
:109FC00008600BE02068006830F004002168086039
:109FD0002068006850F00A00216808602068006866
:109FE00050F001002168086004E0002084F824009B
:109FF000022080464046C0B2BDE8F0810100002248
:10A0000091F82500022806D00420C863002081F8BA
:10A01000240001201BE00868006830F00E000B6887
:10A02000186008680068400840000B68186001204C
:10A0300091F8443013F01C0398400B6C58600120D9
:10A0400081F82500002081F824001000C0B270477C
:10A0500038B50400002594F82500022804D0042017
:10A06000E063012005001FE02068006830F00E006A
:10A070002168086020680068400840002168086086
:10A08000012094F8441011F01C018840216C4860B4
:10A09000012084F82500002084F82400A06B00280B
:10A0A00002D02000A16B88472800C0B232BD70B535
:10A0B0000400206C056820680668042094F84410A9
:10A0C00011F01C0110FA01F10D4219D0710717D5DA
:10A0D00021680968890605D42168096831F00401FE
:10A0E0002268116094F8441011F01C018840216C22
:10A0F0004860206B002852D02000216B88474EE03A
:10A10000022094F8441011F01C0110FA01F10D42E4
:10A110001FD0B1071DD521680968890608D42168B8
:10A12000096831F00A0122681160012184F82510C4
:10A1300094F8441011F01C018840216C4860002004
:10A1400084F82400E06A002829D02000E16A8847CA
:10A1500025E0082094F8441011F01C0188400542C5
:10A160001DD030071BD52068006830F00E00216834
:10A170000860012094F8441011F01C018840216C03
:10A1800048600120E063012084F82500002084F865
:10A190002400606B002802D02000616B884770BDEE
:10A1A00030B4012490F8445015F01C05AC40056C07
:10A1B0006C60046863608468102C04D10468A26039
:10A1C0000468E16003E00468A1600468E26030BCF8
:10A1D0007047000010B410F00703DFF868412268F0
:10A1E0004FF6FF010A40DFF8601151EA03210A43EC
:10A1F000226010BC7047DFF84C010068C0F30220F9
:10A2000070470000010049B200290AD4012210F071
:10A210001F018A40DFF8341103005BB25B0941F88B
:10A2200023207047010049B200290DD4012210F00B
:10A230001F018A40464903005BB25B0941F82320B5
:10A24000BFF34F8FBFF36F8F704710B4020052B24D
:10A25000002A05D40A013F4B040064B21A5508E0F5
:10A260000A013D4B040064B214F00F04234403F8C8
:10A27000042C10BC704770B4030013F00704D4F131
:10A280000700052801D3042001E0D4F10700251DB3
:10A29000072D01D2002500E0E51E012616FA00F088
:10A2A000401E0140A94016FA05F56D1E2A401143D3
:10A2B000080070BC704710B50400601EB0F1807FCC
:10A2C00001D301200EE0601E244908600F215FF0D9
:10A2D000FF30FFF7BAFF002021490860072021491D
:10A2E0000860002010BD10B504002000FFF772FFC9
:10A2F00010BD2DE9F04104000D0016000027FFF706
:10A300007AFF8046320029004046FFF7B4FF010083
:10A31000200040B2FFF799FFBDE8F08110B50400BE
:10A32000200040B2FFF76EFF10BD10B50400200002
:10A3300040B2FFF777FF10BD10B504002000FFF713
:10A34000BAFF10BD0CED00E00000FA0500E100E0EE
:10A3500080E100E000E400E018ED00E014E000E03F
:10A3600018E000E010E000E010B50400206841496A
:10A370000968884202D1012001F067FE20683E4949
:10A380000968884202D1012001F0BEFF20683B49E4
:10A390000968884202D10120FCF74AF810BD38B59F
:10A3A00004000D00206833490968884203D1280061
:10A3B00080B201F04AFE20682F490968884203D123
:10A3C000280080B201F0A0FF20682C49096888426B
:10A3D00003D1280080B2FCF72BF831BD10B5040082
:10A3E000206824490968884202D100202449087065
:10A3F000206821490968884202D10220204908705A
:10A4000020681E490968884202D104201C4908704E
:10A4100002211C48FBF718F810BD1CB5184C207819
:10A420000090194B00220021032001F095FF2078B5
:10A4300000280ED101F008FE14480188491C018053
:10A440000188142903DB0021018001F0E7FD01F000
:10A45000E9FD20782078022803D101F054FF01F0B3
:10A4600043FF20782078042803D1FBF7E0FFFBF7B7
:10A47000CFFF13BD4C200020D42000205C21002001
:10A480004D2800202005002078ED00083A28002003
:10A4900070B505000C001600D5F8800020282DD1DD
:10A4A000002C03D0300080B2002801D1012026E02A
:10A4B0000120286600206866320092B22100280040
:10A4C000FCF787FD01000800C0B2002813D1286EF8
:10A4D00001280ED110202A681062286850E8000F69
:10A4E00050F0100002002B6843E800200028F4D14F
:10A4F00001E0012001000800C0B200E0022070BDB0
:10A50000704700002DE9FE4F0500002D01D101200C
:10A510003AE3DFF80499D9F8004014F00C04DFF8AE
:10A520001889D8F8007017F003072878C00640F1A2
:10A53000C680002C03D00C2C7AD1012F78D1DFF803
:10A54000D4A8DAF80000800704D5A869002801D152
:10A55000012019E3DAF80000000704D5DAF800005A
:10A5600010F0F00005E0DFF860090068000910F065
:10A57000F000296A88421ED2286A00F05FFC002899
:10A5800001D0012000E3DAF8000050F00800CAF81A
:10A590000000DAF8001031F0F001286A0143CAF82F
:10A5A0000010DFF82809016831F47F41EA6951EAB7
:10A5B000022101601FE0DAF8000050F00800CAF83C
:10A5C0000000DAF8001031F0F001286A0143CAF8FF
:10A5D0000010DFF8F808016831F47F41EA6951EAB8
:10A5E00002210160002C06D1286A00F027FC002817
:10A5F00001D00120C8E200F086FBDFF8D418D9F8BA
:10A600000020C2F30312895C11F01F01C840DFF87B
:10A610000C180860DFF80808006801F0BBFF8DF82F
:10A6200000009DF80000002849D09DF80000ABE232
:10A63000A86900282DD0DFF8DC97D9F8000050F089
:10A640000100C9F80000FAF7B1FD0600D9F80000D2
:10A65000800706D4FAF7AAFD801B0328F6D303204F
:10A6600092E2D9F8000050F00800C9F80000D9F8CB
:10A67000001031F0F001286A0143C9F80010DFF83A
:10A680004C08016831F47F41EA6951EA0221016016
:10A6900015E0DFF88097D9F8000040084000C9F8BD
:10A6A0000000FAF783FD0600D9F80000800706D500
:10A6B000FAF77CFD801B0328F6D3032064E2287898
:10A6C000C00754D5082C03D00C2C0BD1032F09D173
:10A6D000DFF840070068800349D56868002846D144
:10A6E000012051E26868B0F5803F06D1DFF8240709
:10A6F000016851F48031016018E06868B0F5A02F5E
:10A700000AD1DFF81007016851F480210160016867
:10A7100051F48031016009E0DFF8F806016831F496
:10A7200080310160016831F480210160686800288F
:10A730000ED0FAF73BFD0600DFF8D806006880036C
:10A7400015D4FAF733FD801B6528F5D303201BE2EF
:10A75000FAF72CFD0600DFF8BC060068800306D57A
:10A76000FAF724FD801B6528F5D303200CE2287836
:10A77000800752D5042C03D00C2C15D1022F13D1F5
:10A78000DFF890060068400504D5E868002801D18C
:10A790000120F9E1DFF83407016831F0F8512A6946
:10A7A00051EA0261016038E0E86800281FD0DFF854
:10A7B0006496D9F8000050F48070C9F80000FAF7E8
:10A7C000F5FC0600D9F80000400506D4FAF7EEFCC7
:10A7D000801B0328F6D30320D6E1DFF8F0060168DA
:10A7E00031F0F8512A6951EA0261016015E0DFF8A1
:10A7F0002496D9F8000030F48070C9F80000FAF708
:10A80000D5FC0600D9F80000400506D5FAF7CEFCC5
:10A81000801B0328F6D30320B6E1287800072ED545
:10A820006869002815D0DFF8A096D9F8000050F02C
:10A830000100C9F80000FAF7B9FC0600D9F80000D9
:10A8400080071CD4FAF7B2FC801B0328F6D3032040
:10A850009AE1DFF87496D9F8000040084000C9F882
:10A860000000FAF7A3FC0600D9F80000800706D51F
:10A87000FAF79CFC801B0328F6D3032084E1287898
:10A88000400740F181805FF00009DFF848A6DAF860
:10A890000000C0000DD4DAF8000050F08050CAF873
:10A8A0000000DAF8000010F08050019001980120BB
:10A8B0008146DFF824B6DBF80000C00513D4DBF8CE
:10A8C000000050F48070CBF80000FAF76FFC06002F
:10A8D000DBF80000C00506D4FAF768FC801B0328EB
:10A8E000F6D3032050E1A868012806D1DFF8EC0573
:10A8F000016851F00101016017E0A86805280AD13C
:10A90000DFF8D805016851F004010160016851F0D9
:10A910000101016009E0DFF8C40501684908490048
:10A920000160016831F004010160A868002810D0BE
:10A93000FAF73CFC0600DFF8A4050068800719D48C
:10A94000FAF734FC801B41F289318842F3D30320AB
:10A950001AE1FAF72BFC0600DFF880050068800793
:10A9600008D5FAF723FC801B41F289318842F3D3E2
:10A97000032009E14846C0B2012805D1DAF80000F9
:10A9800030F08050CAF80000287880062ED5686A1A
:10A99000002815D0DFF84895D9F8000050F00100E4
:10A9A000C9F80000FAF702FC0600D9F80000800799
:10A9B0001CD4FAF7FBFB801B0328F6D30320E3E04B
:10A9C000DFF81C95D9F8000040084000C9F80000E5
:10A9D000FAF7ECFB0600D9F80000800706D5FAF775
:10A9E000E5FB801B0328F6D30320CDE0A86A0028EE
:10A9F00000F0C980A86A022840F0A380D8F80000BF
:10AA0000070017F00300E96A884222D117F07000AE
:10AA1000296B491EB0EB011F1BD117F4FE40696B77
:10AA2000B0EB012F15D117F07840A96BB0EBC16FD7
:10AA30000FD117F4C000E96B4908491EB0EB415F24
:10AA400007D117F0C060296C4908491EB0EB416F6F
:10AA500057D00C2C53D0DFF8BCA3DAF8000040012B
:10AA600001D5012090E0DAF8000030F08070CAF8DB
:10AA70000000FAF79BFB8146DAF80000800107D559
:10AA8000FAF794FBB0EB09000328F5D303207BE031
:10AA9000D8F80010DFF84C040140E86A0143286B45
:10AAA000401E51EA0011686B51EA0021E86B400832
:10AAB000401E51EA4051286C4008401E51EA406156
:10AAC000A86B51EAC061C8F80010DAF8000050F035
:10AAD0008070CAF80000D8F8000050F08070C8F804
:10AAE0000000FAF763FB0600DAF8000080014AD4A0
:10AAF000FAF75CFB801B0328F6D3032044E0012017
:10AB000042E0DFF81093D9F8000080013BD4D9F877
:10AB1000000050F08070C9F80000D8F8000050F034
:10AB20008070C8F80000FAF741FB0600D9F8000071
:10AB3000800128D4FAF73AFB801B0328F6D30320C0
:10AB400022E00C2C1DD0DFF8CC92D9F8000030F0B8
:10AB50008070C9F80000FAF729FB0600D9F8000058
:10AB6000800106D5FAF722FB801B0328F6D30320C9
:10AB70000AE0D8F80010DFF870030140C8F80010B0
:10AB800001E0012000E00020BDE8FE8F2DE9F0414A
:10AB900004000D00002C01D10120B2E0DFF84C735D
:10ABA000386810F00700A8420BD23868C008C0000F
:10ABB00028433860386810F00700A84201D001200F
:10ABC0009FE0207880070DD5DFF84C12086810F060
:10ABD000F000A268904205D20A6832F0F002A06844
:10ABE00002430A602078C00742D56068032806D176
:10ABF000DFF82002006880011CD4012081E0606839
:10AC0000022806D1DFF80C020068800312D401206C
:10AC100077E06068002806D1DFF8F8010068800757
:10AC200008D401206DE0DFF8EC010068400501D494
:10AC3000012066E0DFF8E081D8F80010890889007B
:10AC400060680143C8F80010FAF7B0FA0600D8F8B7
:10AC5000000010F00C006168B0EB810F08D0FAF72B
:10AC6000A5FA801B41F289318842F0D3032048E0E5
:10AC7000207880070CD56849A0680A6812F0F002B5
:10AC8000904205D20A6832F0F002A06802430A60DE
:10AC9000386810F0070085420BD23868C008C00041
:10ACA00028433860386810F00700A84201D001201E
:10ACB00027E02078400706D557490A6832F4E06259
:10ACC000E06802430A602078000707D5524801680F
:10ACD00031F46051226951EAC201016000F013F8B9
:10ACE000DFF8EC114C4A1268C2F30312895C11F0D0
:10ACF0001F01C840494908604948006801F04AFC02
:10AD0000C0B2BDE8F0812DE9F041002600204249A3
:10AD1000096811F00C01DFF820C1DCF8007017F0B1
:10AD20000307002903D00C291AD1012F18D1DFF80D
:10AD3000E4E0DEF800805FEA087806D4DFF888E116
:10AD4000DEF800E0CEF3032E03E0DEF800E0CEF301
:10AD5000031E674E56F82E6000290CD130000AE021
:10AD6000042903D1DFF88CE1704604E0082902D100
:10AD7000DFF884E170460C292DD1DCF800E01EF0EC
:10AD8000030E73469E46BEF1020F03D0BEF1030FC1
:10AD900003D005E0DFF85CE103E0DFF85CE100E010
:10ADA000B646DCF80020C2F30212521C1500DCF893
:10ADB0000020C2F3062202FB0EFEBEFBF5F2DCF819
:10ADC00000C0CCF3416C1CF1010C5FEA4C0C6446F2
:10ADD000B2FBF4FC6046BDE8F081104800687047A3
:10ADE00080B5FFF7FAFF45490B4A1268C2F3022209
:10ADF000895C11F01F01C84002BD80B5FFF7EDFF6F
:10AE00003E49054A1268C2F3C222895C11F01F0153
:10AE1000C84002BD00100240081002401C0500207E
:10AE2000F80400202849086810F07E400A6852F4AF
:10AE300000020A60704700000C1002407CB504005C
:10AE40000025244E3068C00003D501F003FA01004C
:10AE50000FE0306850F080503060306810F0805063
:10AE60000090009801F0F6F90100306830F0805051
:10AE70003060B1F5007F09D1812C15D3A12C02D30C
:10AE80000220050010E0012005000DE0812C02D316
:10AE90000320050008E0802C02D10220050003E019
:10AEA000702C01D10120050010480268D208D200A0
:10AEB0002A430260006810F00700A84201D0012078
:10AEC00000E0002076BD0000941002400410024013
:10AED00008EF000858100240007000409010024037
:10AEE000981002408C809D01FCFFEEFE0020024085
:10AEF000F0EB00080024F40000127A0090F3000840
:10AF0000704770472DE9F84F82468B4614001D00AC
:10AF10000026DFF884713878012801D1022047E04B
:10AF2000012038704CF25038404600F05BF8814602
:10AF30004846C0B2002837D100207860DFF85C01B5
:10AF40000168490506D5016831F48061016002207D
:10AF5000387701E000203877BAF1000F07D12200DE
:10AF60002B00584600F071F8012006000FE0BAF1FE
:10AF7000010F02D0BAF1020F09D12100584600F0AA
:10AF800071F8BAF1020F02D15FF48020060040464A
:10AF900000F028F88146002E04D0DFF80401016893
:10AFA000B143016000F09FF8002038704846C0B2FD
:10AFB000BDE8F28F00203A490A68002A09D53C4AC8
:10AFC0003C4B13603C4B13600968002901D50121FB
:10AFD0000800C0B270473248016851F0004101607A
:10AFE0000020704770B50400FAF7E0F805002D4A1C
:10AFF0001068C00309D514F1010FF8D0FAF7D6F89C
:10B00000401BA042F3D303201EE0116826480140F4
:10B01000002913D0204843680B43436011F0404F90
:10B0200005D0224B1E6811F0404006431E60880088
:10B0300002D021F040401060012005E01068C007F8
:10B0400001D501201060002070BD10B414490C68B7
:10B0500054F001040C600260BFF36F8F011D0B60A0
:10B0600010BC704770B4402304000D000C4A1668F1
:10B0700056F480261660EFF3108272B62E682660B2
:10B08000241D2D1D5B1E1E00F6B2002EF6D182F38C
:10B09000108870BC70470000FC04002000200240B3
:10B0A0001420024010200240FAC30200182002407F
:10B0B0000820024023016745AB89EFCD10B4DFF8CB
:10B0C0009820136833F47E73C40014F4FF642343A0
:10B0D0001360136853F002031360136853F4803352
:10B0E000136010BC7047DFF86800017F0A00D2B21D
:10B0F000012A03D00A00D2B2032A11D1DFF854206A
:10B10000136833F400731360136853F4006313601F
:10B11000136833F400631360136853F4007313600F
:10B120000A00D2B2022A03D00A00D2B2032A0CD1FA
:10B13000084A136853F480531360136833F4805340
:10B140001360136853F48063136000220277704722
:10B15000FC04002000200240142002407047000040
:10B1600070B44FF0004591EA030F7CF57BAC6B4067
:10B17000841A71EB030603D2001BB141121973410B
:10B180004FF4001C1CEB410F34BF7CEB430442E046
:10B190000C0DA4EB1356352E4FDC45EAC323DB0A16
:10B1A00045EAC121C912B6F120050DDD63FA05F6A5
:10B1B000EB4086EA0305124218BF45F00105C018AE
:10B1C00051F100010CD213E062FA06F5F24055404D
:10B1D000F3415A40B340F3405A408018594107D3D5
:10B1E00049085FEA30005FEA350528BF45F00105F0
:10B1F00001F58011420875F1004250F1000041EB69
:10B2000004514E0016F5001F70BC38BF7047002077
:10B21000090D090570471CEB410F10D252EA430695
:10B220000BD0BCEB410F05D80C0DAB43661E342E82
:10B23000B6DD02E0AB438018594170BC704770BC6A
:10B240007047000090420CD141EA030C50EA4C0CCC
:10B2500007D0994205D14FF4001C1CEB410F38BFB9
:10B260008942704710B5144600F002F8226010BD04
:10B27000C1F30A5343B14A0012F5001F28D2A3F2CA
:10B28000FE32A1EB0251704750EA410C20D001F090
:10B29000004C31EA0C01B1FA81F204BFB0FA80F33C
:10B2A000D2180B3AB2F120032CBF00FA03F19140FF
:10B2B00041EA0C013EBFC2F1200C20FA0CF3194305
:10B2C0009040524240F2FD33D21A01EB03517047D5
:10B2D000002270474FF4001C1CEB410F94BF1CEB85
:10B2E000430F09E041EA030C50EA4C0C52EA0C0C03
:10B2F00003D2994208BF9042704714BF8B428242EA
:10B30000704700004FF4001C1CEB410F94BF1CEB76
:10B31000430F09E041EA030C50EA4C0C52EA0C0CD2
:10B3200003D28B4208BF8242704714BF99429042B9
:10B3300070470000F8B52DED0A8B41EC1A0B480060
:10B340004015109D401C43EC182B23D051EC1A0BD8
:10B3500031F0004108BF00281CD051EC180B480008
:10B360004015401C16D051EC180B31F0004108BFBD
:10B3700000280FD051EC1A0B0022DFF84833FFF7FA
:10B38000A9FF80F0A38055EC184B9FED800B05F0D2
:10B390000042ACE051EC1A0B48004015401C02D1B1
:10B3A000090340F0898151EC180B48004015401CFE
:10B3B00001D1090353D151EC180B31F0004308BF00
:10B3C000002A08D151EC1A0B48004015401C46D108
:10B3D000090344D10DE048004015401C12D1090377
:10B3E00010D151EC1A0B48004015401C37D109030D
:10B3F00035D1AFF30080BDEC0A8B4FF0FF306FF01A
:10B400000041F4BD51EC1A0B31F0004108BF002897
:10B4100028D151EC180B4800400D05EB000234D147
:10B4200051EC180B31F0004108BF002806D02A4625
:10B4300051EC180B00F0CAF941EC180B51EC180B49
:10B4400020F0000231F0004308BF002A05D0480078
:10B450004015401C03D1090301D1AFF3008051EC2A
:10B46000180B2BE151EC1A0B48004015401C26D15B
:10B47000090324D153EC1A2B51EC180BBDEC0A8BA9
:10B4800001B0BDE8F040FCF713BA002AC8DD40F275
:10B49000FF70824209DB9FED9F0B53EC102B01F0F4
:10B4A00000410B4343EC182BC8E76FF31E5141EAF0
:10B4B000025155EC184B0D4645EC184BBEE755ECC8
:10B4C000184B9FED320B05F0004210E001227E4B3D
:10B4D000FFF718FF11D89FED8F0B51EC100B55ECB7
:10B4E000184BAFF3008005F0004040EA010251EC38
:10B4F000100BBDEC0A8B1146F4BD53EC1A2B7348AC
:10B500007349FCF7D5F941EC100B53EC102B9FED70
:10B51000719B03F0004251EC190B0C46144353ECA1
:10B52000192B51EC100B2346FCF794FAFCF750FB57
:10B530000446F9F717FC41EC1B0B53EC1B2B4FF0A7
:10B5400078406649FCF7B4F902460B4651EC1A0BF9
:10B55000FFF706FE06460F4653EC1B2B6048614979
:10B56000FCF7A6F902460B4630463946FFF7F8FDD0
:10B5700041EC1A0B21F0004100225B4BFFF7AAFEC1
:10B5800008D2B0EE48AAF0EE68AA55E0000000002C
:10B590000000000053EC1A2B51EC1A0BFCF788F951
:10B5A00041EC1B0B53EC1B2B50485149FCF780F925
:10B5B000504A514BFCF74EFA53EC1B2BFCF778F931
:10B5C00041EC1C0B53EC1B2B4C484D49FCF770F91C
:10B5D0004C4A4D4BFCF73EFA53EC1B2BFCF768F939
:10B5E00053EC192BFCF736FA53EC1A2BFCF760F9E5
:10B5F00041EC190B53EC1C2BFCF72CFA9FED43ABE1
:10B6000053EC1A2BFCF726FA06460F4651EC1C0B9E
:10B6100053EC192BFFF7A4FD53EC1A2BFCF71AFA85
:10B6200002460B4630463946F9F7BEFB53EC182B61
:10B63000FCF73EF941EC1A0B51EC1A0B2A194800A1
:10B64000400D02EB000319D0002B17DD40F2FF7014
:10B65000834209DB9FED2F0B53EC102B01F00041CF
:10B660000B4343EC1A2B16E06FF31E5141EA0351D2
:10B6700055EC1A4B0D4645EC1A4B0CE051EC1A0BED
:10B6800031F0004108BF002805D051EC1A0B00F042
:10B690009DF841EC1A0B51EC1A0B20F0000231F02E
:10B6A000004308BF002A05D048004015401C03D1C4
:10B6B000090301D1AFF3008051EC1A0BBDEC0A8BEA
:10B6C000F4BD000000C89CC000C89C40FE822B65F1
:10B6D0004715F73F000000000000E03F422EE63F24
:10B6E000F2E4D5BCE7E84B3E0000903C112E5781B8
:10B6F000A03F503F5843128C8F71BC3F4BE8A5418F
:10B70000B752013F0BBDF3DAE8708C3F0000000038
:10B710000000F03F000000000000F07FC9B2027896
:10B720008A421AB11CBF10F8012FF9E718BF002098
:10B730007047000080B500B906A005490B681BB131
:10B7400022220021984701E000F054FF222002BD90
:10B7500028280020636F6E73747261696E742068AC
:10B76000616E646C65723A20626164206D6573730A
:10B7700061676500C9B2830706D0521E22D310F854
:10B78000013B9942F7D11FE0083A13D302F10402BA
:10B7900041EA012141EA014150F8043B121F21BF57
:10B7A0004B40A3F1013C2CEA030C1CF0803FF3D08A
:10B7B000C9B2001F083210F8013B521E28BF91EA9F
:10B7C000030FF8D818BF0120401E7047124254D40E
:10B7D00040F2FF7C1CEA11530FD0634531D09B1817
:10B7E00063453CBF01EB0251704701F0004141EA63
:10B7F0000C510020AFF30080704750EA410320D085
:10B8000001F0004C91EA0C011CD0B1FA81F30B3B22
:10B810009A420DD9D21A994051EA0C01C3F1200C79
:10B8200020FA0CFC61449840531C40F2FF7CD7E79F
:10B83000914041EA0C01C2F1200C20FA0CF31943AB
:10B8400090407047B0FA80F31533202BE0D3202AC4
:10B85000EED3203A203B9A4209D9D21A00FA03F1DA
:10B8600041EA0C010020531C40F2FF7CB8E700FACB
:10B8700002F141EA0C0100207047524240F2FF7C85
:10B880001CEA11530DD06345DBD0B2EB030C3CBF77
:10B89000A1EB025170470CF1010221EA035141F47E
:10B8A000801150EA410CCCD001F0004C352A27DC45
:10B8B00030B481EA0C01B2F1200309DAC2F12003AD
:10B8C000044601FA03F5D0402843D1409C400CE0E7
:10B8D000C3F12002450020FA03F418BF44F001042C
:10B8E00021FA03F091400C43002174F1004550F11E
:10B8F000000051EB0C01244230BC7FF47BAF704759
:10B900006146002076E70000400D491840EA81209A
:10B910000CD2490DA1F58061491C40F0004005DBC7
:10B92000D1F11F0154BFC840C017704700207047B5
:10B9300000487047700B002080B52C482C490160EE
:10B940004FF482714160002181604FF4E061C16079
:10B9500000210161002141614FF4007181610021EA
:10B96000C161002101620021416200218162072141
:10B97000C1620021016308214163FDF7A1FC002899
:10B9800001D0FDF795FF01BD10B586B0040014226B
:10B99000002101A8FDF78EFF20681549884222D1B9
:10B9A0001448016851F480410160006810F480403F
:10B9B000009000981048016851F002010160006891
:10B9C00010F00200009000984FF4204001900220F7
:10B9D000029000200390032004900520059001A907
:10B9E0000648F6F743F806B010BD0000E02400203A
:10B9F00000380040581002404C100240000400483B
:10BA000010B500240320FEF76EFC0F2000F0C2FDED
:10BA1000002802D00120040001E000F0EFFD20002A
:10BA2000C0B210BD70B586B0142200216846FDF783
:10BA300041FF6B48016851F004010160016811F099
:10BA4000040105910599016851F0800101600168C8
:10BA500011F0800105910599016851F00101016023
:10BA6000016811F0010105910599016851F0020189
:10BA70000160016811F0020105910599016851F01A
:10BA800008010160006810F0080005900598554C09
:10BA9000002243F2C1312000F6F787F900224FF46B
:10BAA000F8515FF09040F6F780F94F4D00220421E5
:10BAB0002800F6F77AF94D4E002238213000F6F7CB
:10BAC00074F942F2C13000900120019000200290F0
:10BAD0000020039069462000F5F7C8FF4CF21E00D5
:10BAE0000090032001900020029069462000F5F7A5
:10BAF000BDFF0B20009003200190002002906946BA
:10BB00003B48F5F7B3FF48F2FF0000900320019097
:10BB10000020029069465FF09040F5F7A7FF2020D3
:10BB20000090002001900120029069462000F5F766
:10BB30009DFF07200090002001900120029069469F
:10BB40003000F5F793FF4FF4A640009003200190DA
:10BB50000020029069463000F5F788FF4FF4F85056
:10BB6000009001200190002002900020039069467F
:10BB70005FF09040F5F77AFF4FF48050009001207D
:10BB80000190002002900320039069462000F5F701
:10BB90006DFF042000900120019000200290002001
:10BBA000039069462800F5F761FF182000900120F6
:10BBB0000190002002900020039069463000F5F7C4
:10BBC00055FF2020009001200190002002900320CA
:10BBD000039069463000F5F749FF06B070BD00BF1D
:10BBE0004C10024000080048000C004800040048C7
:10BBF000001C004880B51648016851F00201016040
:10BC0000016811F0020100910099016851F00101F1
:10BC10000160006810F001000090009800220021EF
:10BC20000D20FEF766FB0D20FEF778FB00220021B9
:10BC30000F20FEF75EFB0F20FEF770FB00220021B5
:10BC40004520FEF756FB4520FEF768FB01BD00BF0F
:10BC50004810024018B591B01422002101A8FDF748
:10BC600029FE042200216846FDF724FE2C22002133
:10BC700006A8FDF71FFE484C484820600020606081
:10BC80007F20A060FF20E060002020610020606134
:10BC90000020A0610020E061200000F0CBFC002823
:10BCA00001D0FDF705FE00208DF8040000208DF87E
:10BCB000050000208DF8060000200490002005906B
:10BCC000012201A9200000F01AFD002801D0FDF793
:10BCD000EFFD01208DF8000001208DF8010001200A
:10BCE0008DF8020000208DF8030001226946200033
:10BCF00000F0B3FD002801D0FDF7DAFD00208DF83B
:10BD0000180000208DF8190000208DF81A0000207E
:10BD100007900020099000200A9000200B9000203E
:10BD20000D9000200E9001208DF83C004FF48070A3
:10BD30001090012206A9200000F01EFE002801D06C
:10BD4000FDF7B6FD12B010BD10B598B0040060222A
:10BD500000216846FDF7AEFD20681049884219D1E0
:10BD60005FF4003000904FF4007017906846FDF7C4
:10BD7000ABFD002801D0FDF79BFD0948016851F497
:10BD800000410160002200212920FEF7B2FA29209B
:10BD9000FEF7C4FA18B010BDFC26002000280040B1
:10BDA0009010024010B5040001F0EFF8012010BD22
:10BDB00038B50400DFF85814087800280ED10120A7
:10BDC0000870DFF850048088DFF84C1408802100E8
:10BDD000C9B2DFF84804F9F746FB22E0DFF838047F
:10BDE000DFF83054AA8803889A4212D100200870E4
:10BDF000AA8829680220F6F75FF892A10220F6F7D8
:10BE000071F80121280001F065F92800F6F736F8ED
:10BE100007E0A98801802100C9B2DFF80004F9F722
:10BE200022FB012032BD10B50400FEF7F6FA012016
:10BE300010BD10B50400DFF8E8130320F6F760F832
:10BE40000421DFF8D803F9F70EFB012010BD010033
:10BE50000120704701000120704701000120704758
:10BE600080B500F0AFFF01F023FA01BD1CB500F072
:10BE700039F801F0AAFAF6F7C7F8F7F7B1FFDFF8DB
:10BE8000A443002000900FF2291300225FF0FF313D
:10BE9000200000F0A1FFDFF89013200001F058F817
:10BEA000200000F0BFFF13BDF8B50024FFF7D8FF56
:10BEB000FFF7DCFF00F096F8012803D14FF4FA6099
:10BEC000FAF7D8FA002500F01DF806002E4301F01D
:10BED00087FA07003743F7F7A9FF38430400F6F75E
:10BEE00007F9EFE780B500F099F800F09BF80FF242
:10BEF000B500DFF8381308600FF2D100DFF8301317
:10BF0000086001BD70B50020002400252800C0B2E3
:10BF100007283ADAC14E2800C0B200013044407808
:10BF2000012830D12800C0B2042801D0012004002B
:10BF30002800C0B200013044406800280ED0F9F754
:10BF400035F92900C9B2090131444968401A29006C
:10BF5000C9B2090131448968884214D300202900FC
:10BF6000C9B2090131444870F9F720F92900C9B272
:10BF70000901314448602800C0B22900C9B2090152
:10BF80003144C96888476D1CC0E7A44A92F8410053
:10BF9000002803D104211000F9F765FA2000C0B28F
:10BFA00070BD000080B500219C48F9F74DFA01BD35
:10BFB00010B504009F490320F5F794FF0521974829
:10BFC000F9F742FA00F001F810BD704738B50400E7
:10BFD0000D004FF47A732A0092B221009648FAF7C6
:10BFE0009AFA31BD38B500250024FEF71BFF010089
:10BFF000880110D4C8000ED488000CD448000AD49C
:10C00000002908D4480102D50120040003E00801FA
:10C0100001D5012004002000C0B232BD80B5FAF77E
:10C0200021F801BD80B5012284498348FAF7D9FA85
:10C03000002201214620FEF75CF94620FEF76EF94A
:10C0400001BD00000D0A000070472DE9F041040019
:10C05000002500217A4A16887A4FF869002823D1F2
:10C060006C48828812FA84F2B2F5966F01D30022EE
:10C0700082805FF000084146220089B292B291426C
:10C080000ED2016882881144424692B26E4BC44679
:10C090001FFA8CFC13F80C308B5418F10108EAE7F6
:10C0A00081886118818077E03000230080B29BB2E4
:10C0B000984229D2A01B05005648838813FA85F3BD
:10C0C000B3F5966F01D3002383805FF000084146EB
:10C0D0002B0089B29BB2994212D20168838819441D
:10C0E00043469BB2DFF860C1C6461FFA8EFE1EFAB9
:10C0F00086FE1CF80EC001F803C018F10108E6E73F
:10C1000081886918818046E0D6F164000500414BC2
:10C11000988810FA84F010FA85F0B0F5966F01D384
:10C120000020988000200100AC4689B21FFA8CFCE8
:10C13000614513D21968B3F804C0614484461FFAFC
:10C140008CFCDFF804E180461FFA88F818FA86F8BC
:10C150001EF808E001F80CE0401CE4E75FF000087E
:10C160004046210080B289B2884210D2186899886E
:10C170000844414689B2DFF8D0C0C6461FFA8EFE99
:10C180001CF80EC000F801C018F10108E8E7998812
:10C190002819411899801480F86900280AD164226E
:10C1A00029492548FEF774F93868006830F0040022
:10C1B0003968086001211948F9F746F9BDE8F081AE
:10C1C0000100224801600020704780B520480168C6
:10C1D00051F480410160016831F4804101601648EA
:10C1E000FAF7AAF8002002BD38B504000D00104A85
:10C1F0001068002804D0290089B2200012689047F6
:10C200000020124909688847002032BD0000000064
:10C210004228002098050020342800202005002016
:10C2200094ED00088827002080A90300142800202E
:10C23000242800205CED00084C200020412800202C
:10C2400032280020A82500204425002000280020B6
:10C2500040100240DFF88000006810F4C0607047B2
:10C260000200B2F5007F26D1DFF86C00036813F4FA
:10C27000C063B3F5007F2CD0036833F4C06353F47C
:10C2800000730360DFF85400036832204343DFF893
:10C290005000B3FBF0F0401C0100DFF848000368D9
:10C2A0005B0503D5002901D0491EF6E7006840056B
:10C2B0000FD503200EE0DFF82000036813F4C063FD
:10C2C000B3F5806F05D0036833F4C06353F4806323
:10C2D0000360002070470000007000401C05002033
:10C2E00040420F001470004080B5012217491848E1
:10C2F000FAF777F9002201212520FDF7FAFF252022
:10C30000FEF70CF801BD704738B504000D480F4921
:10C310000A78036885885A558288521C82808288F0
:10C3200040F2FF139A4201D3002282800122084882
:10C33000FAF757F901200449087002210548F9F776
:10C3400092F831BD600B00204B2800204A280020C5
:10C35000D4200020740600202DE9F84785B00500A0
:10C360000E0014001F000020ADF802005FF0000A6C
:10C37000DFF80C22107AA84202D27FF0040055E0C8
:10C38000D0683040B04202D07FF005004EE05068E7
:10C39000002806D0002C04D00DF1020101A852683B
:10C3A00090470DF1380843463A004FF40071DFF82A
:10C3B000DC0101F020F9814600F0CFF86946BDF8B4
:10C3C000020010EB090080B200F076F810F1010FC6
:10C3D00028D05FF0000A5046BDF8021080B28842B3
:10C3E00010D201A8514689B2405CDFF89811BDF81F
:10C3F00000208854BDF80000401CADF800001AF180
:10C40000010AE8E743463A004FF40071DFF874018F
:10C41000BDF800C0604401F0EEF800F0A3F800F0B1
:10C4200008F803E000F09EF87FF0020006B0BDE8D7
:10C43000F08770B50024002500F099F8002837D166
:10C4400000F08BF84E4E308A718A88422ED0B07838
:10C4500001280ED13188308A091AB1820220B070C9
:10C4600000203080B08A002803D10020B070002066
:10C470003082B07800280CD1308A718A884204D288
:10C48000718A308A091AB18203E0308AD0F580605F
:10C49000B0823C48318A0844050000F079F8B18A3E
:10C4A0002800394A92689047040001E000F05AF8E9
:10C4B000200040B270BD000070B402005FF0FF3099
:10C4C0002F4B5C8A1D8AAC4216D15C8AD4F58064FD
:10C4D00015002600ADB2B6B2B5422BD315001E8AA8
:10C4E000ADB2B54226D201259D705D8A1D801D8AA0
:10C4F0002C0000255D821DE01C8A5D8AAC4216D2AC
:10C500005C8AD4F5806415002600ADB2B6B2B5429F
:10C5100010D315001E8AADB2B5420BD201259D7015
:10C520005D8A1D801D8A2C0000255D8202E01D8A27
:10C530005C8A2C1B15002600ADB2B6B2B54209D2FA
:10C540005D8A0D805D8A15FA82F5AD05AD0D5D82BF
:10C550000023180000B270BC70470948C18A491C0A
:10C56000C18270470648C18A491EC182704704488B
:10C57000C08A002801D1002000E00120704700009F
:10C580007027002060140020BCF100086018002013
:10C590007047000038B504000025134908780028CA
:10C5A0001DD04FF47A700978B0FBF1F00F4909689B
:10C5B000B1FBF0F0FDF7C0FE00280DD1102C08D221
:10C5C000002221005FF0FF30FDF793FE0848046071
:10C5D00007E00120050004E00120050001E0012042
:10C5E00005002800C0B232BDAB0B00201C050020A6
:10C5F000F8040020012001F0EFB8000081B00B48E2
:10C60000016851F001010160006810F00100009024
:10C6100000980748016851F080510160006810F0EF
:10C6200080500090009801B0704700BF6010024039
:10C630005810024070B504000125002C5CD094F81D
:10C640002100002805D1002084F820002000FFF7F9
:10C650007BFB022084F821002068C068C00642D419
:10C66000CA2021684862532021684862200000F0F7
:10C670002AFB06003000C0B200281AD12068816869
:10C68000DFF8E80601402068816020688168626800
:10C6900020690243A0690243114320688160E06879
:10C6A0002168086120680069A16850EA014021689A
:10C6B0000861200000F02DFB05002800C0B2002812
:10C6C0000DD12068C06C800880002168C864206893
:10C6D000C16CE2696069024311432068C164FF20B4
:10C6E0002168486201E0002005002800C0B200284F
:10C6F00002D1012084F821002800C0B270BD2DE9CC
:10C70000F04705000E00140095F82000012801D123
:10C7100002206DE0012085F82000022085F821002C
:10C72000CA2029684862532029684862280000F01E
:10C73000CAFA80464046C0B200284AD1002C20D117
:10C7400028688068400601D40020F070307800F03E
:10C750001FFB8246707800F01BFB8146B07800F02A
:10C7600017FB5FFA8AFA5FFA89F95FEA092959EA41
:10C770000A49C0B250EA0909F07859EA80594F468F
:10C7800010E028688068400601D40020F0703078FE
:10C790007178090251EA0041B0780143F07851EA1A
:10C7A00080510F00DFF8C805384029680860286804
:10C7B000806830F480202968886028688168F26881
:10C7C00030690243114328688160280000F0A1FA13
:10C7D0008046FF20296848624046C0B2002802D146
:10C7E000012085F82100002085F820004046C0B2D5
:10C7F000BDE8F087F8B505000E0014002868806ACF
:10C800007060286800694004400CB06028680768C0
:10C81000DFF85C0507403800000C10F03F00307076
:10C820003800000A10F07F00707017F07F00B070C1
:10C830003800800D10F00100F070002C0BD1307822
:10C8400000F0B4FA3070707800F0B0FA7070B07820
:10C8500000F0ACFAB0700020F2BD2DE9F041050007
:10C860000E00140095F82000012801D1022058E0A4
:10C87000012085F82000022085F82100002C07D136
:10C880007078C00604D5707810F0EF000A30707030
:10C89000002C16D1F07800F07BFA8046707800F01A
:10C8A00077FA0700B07800F073FA5FFA88F8FFB201
:10C8B0003F0257EA0847C0B20743307857EA40378B
:10C8C00009E0F07877783F0257EA0047B0780743ED
:10C8D000307857EA4037CA202968486253202968CF
:10C8E0004862280000F0EFF980464046C0B20028B8
:10C8F00008D1DFF88004384029684860280000F03B
:10C9000008FA8046FF20296848624046C0B20028E5
:10C9100002D1012085F82100002085F82000404642
:10C92000C0B2BDE8F081F8B505000E00140028681B
:10C930004768DFF8400407403800000CF07038000A
:10C94000000A10F01F00707017F03F00B070380040
:10C95000400B10F007003070002C0BD1F07800F085
:10C9600025FAF070707800F021FA7070B07800F05D
:10C970001DFAB0700020F2BD2DE9F84305000E004D
:10C98000140095F82000012801D10220E5E00120E3
:10C9900085F82000022085F82100002C2DD1286880
:10C9A0008068400601D40020F070306A0028FFD073
:10C9B000307800F0EDF98046707800F0E9F9070072
:10C9C000B07800F0E5F9814696F8240000F0E0F92F
:10C9D0005FFA88F8FFB23F0257EA08475FFA89F921
:10C9E00059EA0707F17857EA8157C0B257EA00675A
:10C9F000306A07437069074317E02868806840067B
:10CA000001D40020F070307877783F0257EA004771
:10CA1000B0780743F07857EA805796F8240057EA31
:10CA20000067306A074370690743D6F80480F069ED
:10CA300050EA0808CA2029684862532029684862D9
:10CA4000B06AB0F5807F39D12868806830F4807092
:10CA5000296888602868C06810F0800070F4C07091
:10CA60002968C860F8F7A2FB81462868C068C0073B
:10CA700012D4F8F79BFBB0EB090040F2E931884291
:10CA8000F3D3FF2029684862032085F821000020A5
:10CA900085F82000032060E02868C7612868C0F896
:10CAA00044802868806850F480702968886028680D
:10CAB000806850F480502968886038E02868806871
:10CAC00030F40070296888602868C06810F0800021
:10CAD00070F420702968C860F8F768FB8146286800
:10CAE000C068800712D4F8F761FBB0EB090040F290
:10CAF000E9318842F3D3FF2029684862032085F892
:10CB00002100002085F82000032026E02868076225
:10CB10002868C0F848802868806850F40070296848
:10CB200088602868806850F4005029688860DFF8C1
:10CB30004802016851F480210160DFF84002016879
:10CB400051F480210160FF2029684862012085F8A6
:10CB50002100002085F820000020BDE8F28370B598
:10CB600004000D0094F82000012801D1022062E0A9
:10CB7000012084F82000022084F82100CA202168C6
:10CB80004862532021684862B5F5807F24D120682F
:10CB9000806830F48070216888602068806830F494
:10CBA000805021688860F8F701FB06002068C068A3
:10CBB000C00736D4F8F7FAFA801B40F2E931884210
:10CBC000F4D3FF2021684862032084F8210000206C
:10CBD00084F8200003202EE02068806830F4007084
:10CBE000216888602068806830F40050216888607F
:10CBF000F8F7DCFA06002068C068800711D4F8F75F
:10CC0000D5FA801B40F2E9318842F4D3FF20216835
:10CC10004862032084F82100002084F820000320CB
:10CC200009E0FF2021684862012084F821000020EB
:10CC300084F82000002070BD10B504005FF480204F
:10CC40004F49086020688068C0040ED52068C0681D
:10CC5000C0050AD52068C06810F0800070F4C0706C
:10CC60002168C860200000F049FE206880688004C8
:10CC70000ED52068C06880050AD52068C06810F00D
:10CC8000800070F420702168C860200000F082FFEE
:10CC9000012084F8210010BD38B50400394821680E
:10CCA000C860F8F783FA05002068C068800608D4D9
:10CCB000F8F77CFA401B40F2E9318842F4D30320B4
:10CCC00000E0002032BD70B5040000262068C06876
:10CCD00040061BD45FF0FF302168C860F8F766FAA1
:10CCE00005002068C068400610D43000C0B2032898
:10CCF0000CD0F8F75BFA401B40F2E9318842F0D3E0
:10CD000003200600032084F82100EAE73000C0B2C7
:10CD100070BD70B5040000251B48016831F080012A
:10CD200001601A4E306880060AD42000FFF7B4FF75
:10CD3000002817D0032084F821000320050011E00B
:10CD4000306830F0200030602000FFF7A5FF002899
:10CD500004D0032084F8210003200500306850F03F
:10CD6000200030602800C0B270BD0000BFFF8FFF00
:10CD70007F7F7F003FFFFF00000401400804014067
:10CD8000140401405FFF03000C2800400828004005
:10CD90000100002208000300DBB20A2B02D3521C60
:10CDA0000A38F8E750EA0210C0B270470100C9B271
:10CDB00009090A2211FB02F110F00F004018C0B25D
:10CDC0007047000080B50020DFF800130860DFF82E
:10CDD00000030068804702BD2DE9F04104000D000A
:10CDE00016001F00DDF81880002C18D0380000282D
:10CDF00015D0002020602800DFF8D412496A884747
:10CE0000606000202072002060720020A072E76045
:10CE1000C4F81080E67200206061002000E001206C
:10CE2000BDE8F0812DE9F04704005FF00008002C18
:10CE30003BD0200000F002F9002836D1607A0028AB
:10CE400033D160680700DFF88892D9F82000804766
:10CE50000600B74200D23700276000202072012070
:10CE600060720020A072DFF864A2DAF800000028E7
:10CE700006D1D9F810008047200000F019F916E01B
:10CE8000D9F818008047050020682818206020681D
:10CE9000DAF800100968884203D2200000F008F98F
:10CEA00005E0200000F0EDF801E00120804640465A
:10CEB000C0B2BDE8F0872DE9F04105000026002D45
:10CEC00040D0DFF80882D8F80070D8F80040012080
:10CED000A872D8F80000002836D000206872D8F870
:10CEE0000000A8421AD10020D8F800100872D8F823
:10CEF00000004069002809D0D8F800004069C8F84F
:10CF00000000D8F8000000F0A6F818E0DFF8C00133
:10CF1000C06880470020C8F8000010E0002C0ED048
:10CF2000AC4209D16069002802D064697C6102E0EA
:10CF3000002004007C6102E027006469EEE7002025
:10CF4000060001E0012006003000C0B2BDE8F0811B
:10CF500070B504000D000026002C02D1012006004F
:10CF600010E028005A49496A88476060200000F0B4
:10CF700065F8002806D02000FFF79DFF2000FFF78E
:10CF800051FF06003000C0B270BD2DE9F843504D8E
:10CF9000686980470600286980470700B7EB0608E4
:10CFA000DFF82891D9F8000000280FD0D9F8000048
:10CFB00004002068804504D22068B0EB080020609F
:10CFC00001E0002020606469002CF2D1D9F8000053
:10CFD000002824D0D9F800000068002806D0A869ED
:10CFE0008047D9F800100968814218D2D9F80000AA
:10CFF0000400D9F800004069C9F800000020207240
:10D00000002060722069E1688847E07A0128DDD15C
:10D01000A07A0028DAD12000FFF704FFD6E7D9F87C
:10D020000000002808D0D9F80000007A002803D1B9
:10D03000D9F8000000F00FF8BDE8F18302002348A2
:10D040000168002905D0914201D1012002E049691F
:10D05000F7E70020704770B504001D4D286A80472F
:10D06000060001202072A86980472168301881429B
:10D0700003D2A8698047301820602068A9688847D3
:10D0800070BD10B411490A6809684B6951690029DB
:10D0900009D019680468A14202D21A005B69F5E759
:10D0A0005061436102E050610021416110BC704752
:10D0B00038B5050005480468002C01D00021217214
:10D0C0006C6105600068FFF7C6FF31BD18280020BD
:10D0D00020EC00082DE9FC4704000D005FF0FF364E
:10D0E00000226E4BD3E90001CDE900015FF0000999
:10D0F0004846A18880B2884224D22068494689B235
:10D10000405C3D2805D02068494689B2405C3F28F4
:10D1100000D117E02068494689B2405C41280EDB07
:10D120002068494689B2405C5B2808DA2068494695
:10D1300089B2405C203021684A4692B2885419F185
:10D140000109D5E700273800C0B2412880F2A2804B
:10D15000DFF84C8121003800C0B2000140440830A3
:10D1600000F019FD0600002E00F192803800C0B2D8
:10D17000000140444068002800F08A803800C0B2B6
:10D18000000140444068002808D14FF47A73A28817
:10D1900021004448F9F7BFF901207CE0DFF808A13D
:10D1A0005046F4F76BFE0020010089B2A288921B62
:10D1B000914223DA21683144020092B2895C3F290E
:10D1C0000AD021683144020092B2895C3D2903D023
:10D1D000BAF80410802900DB10E021683144020015
:10D1E00092B2895CDAF80020BAF80430D154BAF867
:10D1F0000410491CAAF80410401CD5E73900C9B234
:10D2000009014144898916FA81F6B1464846A18848
:10D2100080B2884226D22068494689B2405C0D28F7
:10D220000CD1484680B2A188491E884206DA20689F
:10D23000494689B2084440780A2813D0BDF8040052
:10D2400080280CD22068494689B2405C0099BDF81C
:10D2500004208854BDF80400401CADF8040019F106
:10D260000109D3E7114805702800C0B2401E01280B
:10D2700002D9801E09D009E0002168463A00D2B2E6
:10D28000120142445268904700E0FFE7012002E0AB
:10D290007F1C58E70020BDE8F68700BFE8F30008D0
:10D2A000480700204C20002040070020472800208D
:10D2B00010B586B0DFF84840002201A92000FFF732
:10D2C00099FA002269462000FFF72DFBDFF83400B1
:10D2D0009DF8061081709DF8051041709DF80410AE
:10D2E00001709DF80010C1709DF8021001719DF849
:10D2F000011041719DF80310817106B010BD00004E
:10D30000FC260020D827002010B50400012210219F
:10D310005448F4F74AFD012010BD70B50400524D89
:10D32000524E30786978884207D05148697850F871
:10D33000210000F02BF8687830702100C9B24D4808
:10D34000F8F791F8012070BD10B504004A48C07884
:10D35000012802D14948F7F7F0F803214548F8F7CA
:10D3600082F84648F4F78AFD012010BD10B504008C
:10D370003F483D49497850F8210000F007F8210066
:10D38000C9B23C48F8F76FF8012010BD10B5040091
:10D390003B483C4901604460002181600021C1603C
:10D3A000002101610C214161002181610021C161E5
:10D3B0000021016200214162F9F770F8002801D0D4
:10D3C000FCF776FAFEF790FF10BD80B5F7F79DF8F1
:10D3D00027482549497850F82100FFF7D7FF01BDBC
:10D3E00070B50020002400252800C0B2042836DAD9
:10D3F000204E2800C0B200013044407801282CD1D2
:10D40000012004002800C0B2000130444068002818
:10D410000ED0F7F7CBFE2900C9B2090131444968A3
:10D42000401A2900C9B2090131448968884214D3DD
:10D4300000202900C9B2090131444870F7F7B6FE4F
:10D440002900C9B20901314448602800C0B229004E
:10D45000C9B209013144C96888476D1CC4E720007E
:10D46000C0B270BD00040048A80B00204328002073
:10D47000400600207406002008280020600B0020D1
:10D48000D4200020003801400200002011680978F3
:10D4900030290CDB116809783A2908DA11684B1C2D
:10D4A00013600A23097803FB00103038EEE7704759
:10D4B0002DE9F04F91B00400DDF868801B9D1C9EA3
:10D4C000DFF808030768700603D5DFF80403006877
:10D4D0000700022B01DB252B01DB002088E0F00791
:10D4E00002D55FF0300C01E05FF0200C5FF0000E21
:10D4F000B00706D5002A04D52D2086465242B8F141
:10D5000001085FF00009002A06D13020EA460AF837
:10D51000090019F1010910E0002A0ED010009A4606
:10D52000B0FBFAFB0AFB1B00385CEA460AF809006C
:10D5300019F10109B2FBF3F2EEE74D4500DA4D4671
:10D54000B8EB0508F0070DD44046B0F101080128FA
:10D5500008DB20202070641C491E002901D1200016
:10D5600046E0F1E77046C0B2002807D084F800E03A
:10D57000641C491E002901D1200039E04046B0F169
:10D580000108012808DB84F800C0641C491E00293A
:10D5900001D120002CE0F1E72800451E814508DA82
:10D5A00030202070641C491E002901D120001FE09A
:10D5B000F2E74846B0F1010901280ADB684610F895
:10D5C00009002070641C491E002901D120000FE0D1
:10D5D000EFE74046B0F10108012808DB2020207069
:10D5E000641C491E002901D1200001E0F1E7200060
:10D5F00011B0BDE8F08F2DE9F74F88B005001E008F
:10D600000998012801DA0020DDE0AA460A9800788E
:10D61000002806D1BAEB05000999491E8842C0F2DC
:10D62000CC80BAEB05000999491E884280F2C5807A
:10D630000A980078252806D00A9800788AF8000011
:10D640001AF1010AB5E0002080460A98401C0A90B1
:10D650000A980078302801D158F001085FF0FF3BAC
:10D66000D9460A980078302807DB0A9800783A28CB
:10D6700003DA0AA8FFF708FF8146CDF81CB0CDF801
:10D6800018B00A2005900A980078582843D06328DB
:10D690000AD0642844D0692842D0732816D075284F
:10D6A00040D0782839D03EE0B9F10109B9F1010F35
:10D6B00005DB20208AF800001AF1010AF4E730683F
:10D6C000361D8AF800001AF1010A72E03068361D32
:10D6D0000400002C01D13F4804002000F7F70AFBAA
:10D6E00004904846B0F101090499814205DA2020EE
:10D6F0008AF800001AF1010AF3E7002007000498F5
:10D70000874207DA20788AF80000641C1AF1010ABF
:10D710007F1CF4E74DE058F040081020059026E00B
:10D7200058F0020823E00A980078252804D0252024
:10D730008AF800001AF1010ABAEB05000999491E9E
:10D74000884214DA0A980078002806D00A980078EF
:10D750008AF800001AF1010A02E00A98401E0A90B5
:10D76000BAEB05000999491E884200DA21E00698C3
:10D770006C2803D13068361D039009E05FEA887099
:10D7800003D53068361D039002E03068361D0390E3
:10D79000CDF8088007980190CDF80090059B039A7A
:10D7A0000999491EBAEB0500091A5046FFF780FE99
:10D7B00082460A98401C0A9028E700208AF8000058
:10D7C000BAEB050528000BB0BDE8F08F680B002010
:10D7D0006C0B0020F0F3000880B5AFF30080024A24
:10D7E00011001820ABBEFBE72600020080B5DFF871
:10D7F0007003DFF870130160002141601F21816018
:10D8000040F2FF31C160002101610021416100212E
:10D8100081610021C161FEF70DFF002801D0FCF7F6
:10D8200047F801BD38B5DFF84043207800280FD114
:10D83000FFF7DCFFDFF828534FF480712800FFF773
:10D840008EF9280000F09AFA00F01CF801202070F0
:10D85000002032BD10B50400200000F055F8002073
:10D8600010BD80B5DFF8F8020168C96811F08001C9
:10D8700071F4C0710268D1604FF48071FFF76FF9E5
:10D88000002002BD10B5DFF8E442211D14F118009C
:10D8900000F01DF92060206810BDDFF8D00200689C
:10D8A000704780B586B001A9684600F010F9AF490D
:10D8B0000968401A07B000BD10B586B00024AA4818
:10D8C0000078012804D101A9684600F000F904009D
:10D8D000200006B010BD0320704700B58021A1FBD9
:10D8E00000017D220023F9F7CBFE00BD7D21A1FBC5
:10D8F0000001C00940EA4160C909704710B5040041
:10D900009B480068804710BD2DE9F04F99B0040096
:10D910004021002209AD2800F7F700FF5FF0000862
:10D920005FF0000A002600275FF0000B8F4D04A86F
:10D93000291D1422F9F760FEA8690390FFF791FFF3
:10D9400040F2FF30059D451B20008005800D4519E4
:10D95000A40A9DF80E908748844204D3864804198F
:10D9600019F10109F7E79DF81080B4F5616F04D350
:10D97000B4F5616418F10108F7E79DF811703C2CCB
:10D9800002D33C3C7F1CFAE79DF81200210051FABB
:10D9900080F6280080B2B0F5806F03DBB5F58065B6
:10D9A000761CF6E7300080B23C2802D33C3E7F1C58
:10D9B000F8E7380080B23C2803D33C3F18F1010857
:10D9C000F7E7404680B2182804D3B8F1180819F1D7
:10D9D0000109F6E79DF80F00042190FBF1F201FB2D
:10D9E0001200002817D165499DF80D00084410F871
:10D9F000010C4A4680B292B2904223D21FFA89F9B2
:10DA000048469DF80D20114411F8011C90FBF1F9D6
:10DA100001FB190916E05A499DF80D00084410F859
:10DA2000010C4A4680B292B290420BD21FFA89F999
:10DA300048469DF80D20114411F8011C90FBF1F9A6
:10DA400001FB1909DFF83CA140F2FF31280080B248
:10DA5000091ACAF804105FF02060CAF81C008AF89E
:10DA600002608AF801708AF800808AF824909DF894
:10DA700013008AF803000020CAF820005FF000407D
:10DA8000CAF814004FF48070CAF828000020CAF8C1
:10DA90000C000020CAF81000002251463048FEF762
:10DAA0006BFF002810D0DAF8040002909AF8020008
:10DAB00001909AF8010000909AF800309AF824201A
:10DAC000314909A8F7F7FAFA19B0BDE8F08FF8B5AF
:10DAD00004000D000026224F002221003800FEF72E
:10DAE00022FF002229003800FEF784FEE17840F290
:10DAF000B5504143C91C8908E078042290FBF2F339
:10DB000002FB1300002801D1204A00E0204A63787C
:10DB10003D2043433C3B022093FBF0F041186078EA
:10DB2000401EC0B240001300C34013F00303C91AE3
:10DB3000A078401E41180F484143AB786E783C20D6
:10DB40004643F3182E784FF4616000FB06335918F2
:10DB5000890201F2FF316868091A0800F2BD00006D
:10DB6000FC260020002800404C2800203C270020F4
:10DB7000142800208051010080AEFEFF30F3000821
:10DB800024F300088026002008ED000850554400CA
:10DB9000A0AA990070472DE9FE4F04000D00002057
:10DBA000002600270021ADF804105FF001085FF0A7
:10DBB00000095FF0000A21680978212901D10121BB
:10DBC0008A465FF0000B584600B2A988884272DA94
:10DBD00020685146C9B2405C29685A4612B2895C35
:10DBE000884265D1012080465046C0B2401C0600E4
:10DBF000002081460020ADF80400300000B2A1886A
:10DC000088424ADA2068310009B2405C7C281ED183
:10DC1000BDF90400002804D10120814616EB0B0059
:10DC2000070001A800903B001BB22A002100701CD5
:10DC300000B200F059F880464046C0B2012806D133
:10DC40005146C9B2584600B200F03DF839E04846A6
:10DC5000C0B200280FD12068310009B2405C2968A9
:10DC60005A4612B21144320012B2895C884202D084
:10DC70000020804611E04846C0B2002801D1761C41
:10DC8000BBE73000BDF9041000B2884203DABDF9E9
:10DC900004000600B1E7761CAFE74046C0B2012899
:10DCA00006D15146C9B2584600B200F00CF808E05F
:10DCB0001BF1010B87E75146C9B25FF0FF3000F05E
:10DCC00002F8BDE8FE8F02000800C0B2002802D1B1
:10DCD000100000B207E0100000B2002802D45FF08C
:10DCE000FF3000E000207047F0B50400059D0120E2
:10DCF000002637003FB207FA84F7B1F804C0674541
:10DD00003ADA0F68A4460FFA8CFC6744B4460FFA5F
:10DD10008CFC17F80C707C2F03D137192F8000B2C0
:10DD20002BE09788B4460FFA8CFC0CFA83FC67450D
:10DD300006DAB2F904707F1C2F805FF0FF373800DD
:10DD40000F68A4460FFA8CFC6744B4460FFA8CFCAB
:10DD500017F80C70D2F800C09E460FFA8EFEF444FD
:10DD6000B6460FFA8EFE1CF80EC0674502D05FF073
:10DD7000FF373800761CBCE700B2F0BD010091F817
:10DD80002000012801D102201BE0012081F82000A1
:10DD9000022081F82100CA200A68506253200A68D4
:10DDA00050620868806850F020000A689060FF2088
:10DDB0000A685062012081F82100002081F82000CB
:10DDC0000020704700000000000000000000F0BFCD
:10DDD0000000000000000080000000000000008043
:10DDE0000000000000000000000000C05294EEBFE0
:10DDF00000000048204E51BE000000F86467BCBC23
:10DE00000000000000000000000000208133EDBF92
:10DE100000000080B3DB14BE000000506706A3BC06
:10DE20000000000000000000000000D0E9DCEBBFB3
:10DE300000000008C39259BE00000080B0D3B8BCF7
:10DE4000000000000000000000000070F98FEABF31
:10DE5000000000C0A51028BE000000E8BFC0B0BC94
:10DE6000000000000000000000000070284CE9BF26
:10DE700000000060134B42BE000000C03D20B8BC53
:10DE8000000000000000000000000050FA10E8BF91
:10DE9000000000C05FF62BBE000000905C71A7BCC4
:10DEA000000000000000000000000020FCDDE6BFD4
:10DEB000000000C0F8F154BE00000018E9F6B9BC3B
:10DEC0000000000000000000000000D0C3B2E5BF69
:10DED00000000070E43254BE00000050DB06B4BC09
:10DEE000000000000000000000000010EF8EE4BF02
:10DEF00000000020F36252BE000000C02A879ABCD6
:10DF00000000000000000000000000B02272E3BF2B
:10DF1000000000F0E8E056BE00000028352DBDBC32
:10DF20000000000000000000000000000A5CE2BFEA
:10DF3000000000B0FA8E41BE00000040AE6FBDBCD4
:10DF4000000000000000000000000000564CE1BF8F
:10DF5000000000F015CD5FBE00000000141C90BC56
:10DF6000000000000000000000000040BD42E0BFD3
:10DF700000000030F93457BE000000E06C1E93BC76
:10DF80000000000000000000000000E0F57DDEBFA2
:10DF9000000000B08A535EBE00000080DA77AABCA1
:10DFA0000000000000000000000000C09D81DCBFF8
:10DFB00000000000FFA226BE0000006057E2B0BCD7
:10DFC000000000000000000000000060F98FDABFD0
:10DFD000000000580A8151BE000000F05F60B8BC2C
:10DFE00000000000000000000000000098A8D8BF5A
:10DFF000000000607A7F45BE000000D05433A3BC0F
:10E000000000000000000000000000600FCBD6BF41
:10E01000000000D091CB40BE000000406D1BA0BCB2
:10E020000000000000000000000000A0FBF6D4BFCC
:10E0300000000098C5CE52BE000000003A397EBCF8
:10E040000000000000000000000000E0FE2BD3BF35
:10E050000000004073872BBE00000000926879BC6E
:10E06000000000000000000000000040C069D1BFB7
:10E0700000000058F16353BE00000080438D7CBC5B
:10E08000000000000000000000000080D85FCFBF4B
:10E09000000000181F8354BE000000B03F42A2BC25
:10E0A00000000000000000000000008067FCCBBF03
:10E0B00000000060FAFF53BE00000050E00DB8BC45
:10E0C00000000000000000000000000098A8C8BF89
:10E0D000000000607A7F35BE000000C0543393BC5E
:10E0E000000000000000000000000000DC63C5BF6D
:10E0F00000000058D6FF54BE00000000396490BCF8
:10E100000000000000000000000000C0AD2DC2BFF4
:10E1100000000080A45915BE000000E0484BABBCD5
:10E120000000000000000000000000801A0BBEBFCD
:10E1300000000050BF3C5ABE000000A0B364B6BC53
:10E1400000000000000000000000008004D6B7BFFF
:10E1500000000040BBCF36BE0000008076CEA8BCD9
:10E1600000000000000000000000008032BBB1BFD2
:10E17000000000402A0043BE00000028C60CBDBCC1
:10E180000000000000000000000000009473A7BF22
:10E19000000000182B3B59BE000000C0E55DA5BC87
:10E1A000000000000000000000000000EE4397BFE8
:10E1B000000000A0E6C340BE00000020958DB5BC65
:10E1C00000000000000000000000000000000080CF
:10E1D000000000000000008000000000000000803F
:10E1E000000000000000000000000000000000002F
:10E1F000000000000000000000000000000000001F
:10E20000000000000000000000000000000000000E
:10E2100000000000000000000000000000000000FE
:10E2200000000000000000000000000000000000EE
:10E2300000000000000000000000000000000000DE
:10E2400000000000000000000000000000000000CE
:10E2500000000000000000000000000000000000BE
:10E2600000000000000000000000000000000000AE
:10E2700000000000000000000000000000C0F0FCF2
:10E28000FFFEF8C0000000000000000000000000D9
:10E29000000000000000000000000000000000007E
:10E2A000000000000000000000000000000000006E
:10E2B000000000000000000000000000000000005E
:10E2C000000000000000000000000000000000004E
:10E2D000000000000000000000000000000000003E
:10E2E000000000000000000000000000000000002E
:10E2F000000000000000000000C0F0FCFFFFFFFF76
:10E30000FFFFFFFFFFFCF0C0000000000000000066
:10E310000000000080C0C0C0C0E0F0F0F0F0703835
:10E320003C3C3C3C3F3F0F0300000000000000006D
:10E3300000000000000000000000000000000000DD
:10E3400000000000000000000000000000000000CD
:10E3500000000000000000000000000000000000BD
:10E3600000000000000000000000000000000000AD
:10E370000000000000C0F0FCFFFFFFFFFF3F0F0F99
:10E3800003070F3FFFFFFFFFFFFC30383C3C1C0E34
:10E390008FCFC7C3C3C3E37371303030383C0C0038
:10E3A00000000070F8CCCC0C0C0000C0F03C0CFC61
:10E3B000FC000000C0F01C0C0C8CFCF00000000005
:10E3C00000000CFCFC0000C03C0C00C0FCFC0C007D
:10E3D00000FCFCCCCCCCCC0C000C8CFCFC1C0C0C45
:10E3E0000C00000000000000000000000000000021
:10E3F00000C0F0FCFFFF7F3F0F07C3C04030301864
:10E40000CCCCC7C3033330100C8CCCC4C3C3E3F3F0
:10E410003130303038380C000000000000000000BF
:10E4200000000C0C0C0C0F03030C0F030303030F71
:10E430000F000000030F0C0C0C0F03010000000084
:10E440000000000F0F0C030000000C0F0F00000075
:10E450000F0F0F0C0C0C000000000F0F000000004D
:10E4600000000000000000000000000000C0F0FC00
:10E470003F3F0F0703000C00C3C13030CCCC033347
:10E480003300000C0C0003030300000001030F0F16
:10E490003C78C00000000000000000000000000008
:10E4A000000000000000000000000000000000006C
:10E4B000000000000000000000000000000000005C
:10E4C000000000000000000000000000000000004C
:10E4D000000000000000000000000000000000003C
:10E4E00000000000000000000000C0300F03030027
:10E4F0000000000000000000000000030000000019
:10E50000000000000000000000000000000000000B
:10E51000000000030C30C0000000000000000000FC
:10E5200000000000000000000000000000000000EB
:10E5300000000000000000000000000000000000DB
:10E5400000000000000000000000000000000000CB
:10E5500000000000000000000000000000000000BB
:10E5600000000000000000000000000000000000AB
:10E57000000000000000000000000000000000009B
:10E58000000000000000000000000000000000008B
:10E59000000000000000000000000000000000007B
:10E5A000000000000000000000000000000000006B
:10E5B000000000000000000000000000000000005B
:10E5C000000000000000000000000000000000004B
:10E5D000000000000000000000000000000000003B
:10E5E0000000000000000000060000000000000025
:10E5F000000F00000F00000F00000F0000000000DF
:10E60000000000000000000000000000000000000A
:10E610000000000000000700001E00E01F00FF1FB8
:10E62000F8FF03FF1F00FF01000F000000000000C3
:10E6300000000000000000000000000000000000DA
:10E64000000000000E000000C07F00F8FF01FCFF8A
:10E6500007FCFF073E800F0E000E0E000E0E000E90
:10E660001E800FFCFF07FCFF07F8FF01C07F0000C2
:10E6700000000E00000070000E38000E38000E1C66
:10E68000000E0E000EFEFF0FFEFF0FFEFF0FFEFF3F
:10E690000F00000E00000E00000E00000E00000033
:10E6A0000E00000060000F78800F7CC00F7CE00F30
:10E6B0001EF00F0EF80E0E7C0E0E3E0E1E1F0EFEEE
:10E6C0000F0EFC070EF8030EF0010E0000000E0006
:10E6D00000003080013880033C80073C800F1E0022
:10E6E0000F0E0E0E0E0E0E0E0E0E1E1F0FFEFF0F45
:10E6F000FCFB07FCF903F0E0010000000F00000044
:10E7000000F00000F80000FE0080EF00C0E700F01D
:10E71000E1007CE0003EE000FEFF0FFEFF0FFEFF89
:10E720000FFEFF0F00E00000E0000E000000008080
:10E7300001F88703FE8707FE870FFE070F0E030E03
:10E740008E030E8E030E8E070F8EFF070EFF070E31
:10E75000FE0300FC000000000E000000C07F00F07F
:10E76000FF01F8FF07FCFF073E0E0F0E070E0E0716
:10E770000E0E070E1E0F0F3EFF0F3CFE0738FE0366
:10E7800030F8010000000E0000000E00000E000036
:10E790000E00000E000F0EE00F0EF80F0EFE0F8E93
:10E7A000FF00CE0F00FE0300FE00003E00001E0032
:10E7B000000000000E000000F0E001F8FB03FCFB8D
:10E7C00007FEFF0F1E1F0F0E0E0E0E0E0E0E0E0E6C
:10E7D0001E1F0FFEFF0FFCFB07FCFB03F0E0010018
:10E7E00000000E000000F08301F88703FC8F07FE95
:10E7F0009F0F1E1E0F0E1C0E0E1C0E0E1C0E1E8ECC
:10E800000FFCFF07FCFF03F8FF01C07F00000000C2
:10E81000000000000000005F000000070007001477
:10E820007F147F14242A7F2A122313086462364936
:10E830005522500005030000001C22410000412227
:10E840001C00082A1C2A0808083E0808005030004E
:10E850000008080808080060600000201008040292
:10E860003E5149453E00427F4000426151494621A8
:10E8700041454B311814127F1027454545393C4A14
:10E880004949300171090503364949493606494964
:10E89000291E0036360000005636000000081422FB
:10E8A00041141414141441221408000201510906E1
:10E8B000324979413E7E1111117E7F494949363EE8
:10E8C000414141227F4141221C7F494949417F0901
:10E8D0000901013E414151327F0808087F00417F14
:10E8E00041002040413F017F081422417F404040C9
:10E8F000407F0204027F7F0408107F3E4141413E79
:10E900007F090909063E4151215E7F0919294646C2
:10E910004949493101017F01013F4040403F1F20EB
:10E9200040201F7F2018207F63140814630304789D
:10E930000403615149454300007F4141020408102E
:10E940002041417F00000402010204404040404059
:10E95000000102040020545454787F48444438385D
:10E9600044444420384444487F3854545418087E62
:10E97000090102081454543C7F0804047800447DC3
:10E9800040002040443D00007F10284400417F406B
:10E99000007C041804787C08040478384444443823
:10E9A0007C14141408081414187C7C080404084807
:10E9B00054545420043F4440203C4040207C1C20C0
:10E9C00040201C3C4030403C44281028440C50500F
:10E9D000503C4464544C44000836410000007F0021
:10E9E00000004136080008082A1C08081C2A0808EC
:10E9F0006070787C7E1C362A361C303E3F3E3007E5
:10EA0000087F09077C444444387C7C4444387C7C3F
:10EA10007C44387C7C7C7C381E3276321E000002BE
:10EA200005020000FEE7FEE7FEE7FEE7FEE77047AF
:10EA30007047704780B500F05FF824480168491CB2
:10EA4000016023480168491C01600168C92918D385
:10EA5000002101601F490878002802D101200870B8
:10EA600001E0002008700878012805D10122012169
:10EA70001948F3F79AF904E0002201211648F3F748
:10EA800094F901BD80B51548FBF711FB01BD80B5B8
:10EA90001348FBF70CFB01BD80B51248F7F7D0FD1A
:10EAA00001BD80B51048F7F7CBFD01BD80B50F481B
:10EAB000FEF7C2F801BD80B50D48FBF7F8FA01BDBD
:10EAC00080B50C48F7F7BCFD01BD00001C280020F4
:10EAD000FC2700204028002000080048382600209D
:10EAE000F0250020D42000205C210020FC260020FE
:10EAF000A82500204C20002003480168034A127812
:10EB000089180160704700BFF8270020AB0B002078
:10EB1000F0B40246106895681318506803EB50046F
:10EB2000C0071CD54D441AE013F8017B05F8017BA2
:10EB3000491EF9D198B113F8011BC6F38106032EC3
:10EB400008BF13F8016B01EB06214942801C2944E0
:10EB500005D011F8016B05F8016B401EF9D1A342F5
:10EB60000ED013F8016B16F0030104BF13F8011B5C
:10EB7000C91C30090F28DBD113F8010B0F30D7E780
:10EB8000F0BC02F10C007047494420536C6176657B
:10EB90003A2000000000000000000000000000001B
:10EBA0000000000000000000000000000000000065
:10EBB000000000000000000000000000425220534E
:10EBC0006C6176653A200000000000000000000043
:10EBD0000000000000000000000000000000000035
:10EBE0000000000000000000000000000000000025
:10EBF000A0860100400D0300801A060000350C00BD
:10EC000040420F0080841E0000093D0000127A007F
:10EC10000024F40000366E010048E801006CDC02BC
:10EC200025D800080000000055D8000863D8000867
:10EC300085D800089BD80008A3D80008B9D80008D8
:10EC4000D7D80008DBD80008EDD8000830313233BF
:10EC50003435363738396162636465666768696A76
:10EC60006B6C6D6E6F707172737475767778797A7C
:10EC70000000000030313233343536373839414204
:10EC8000434445464748494A4B4C4D4E4F505152DC
:10EC9000535455565758595A0000000010B50749AB
:10ECA00079441831064C7C44163404E00A68081D87
:10ECB000114488470146A142F8D110BD2C00000044
:10ECC000480000004EF68851CEF20001086840F47A
:10ECD00070000860BFF34F8FBFF36F8F4FF000706D
:10ECE000E1EE100A704700004360FFFFA01C000027
:10ECF000B00B00200000000019FEFFFF100800000C
:10ED0000200A000000000020616C61726D206661C5
:10ED1000696C3A2025642D25643A25643A25643AC5
:10ED200025640D0A0000000000F00DF8002801D055
:10ED3000FFF7B4FFAFF300800020AFF30080FAF7D5
:10ED400058FD00F002F80120704700F001B8000003
:10ED500007463846FEF740FDFBE70000755F61702F
:10ED6000705F636F6D6D3A2074782074696D6572A1
:10ED70002063620D0A000000755F6170705F636F51
:10ED80006D3A2075617274202564206572726F720D
:10ED9000210D0A00755F6170705F636F6D6D3A20C1
:10EDA00073657420727463210D0A000073616F76BD
:10EDB00069657467726F75702E636F6D2E766E0065
:10EDC000535654485F53564D5F444C535F56315F22
:10EDD000315F310061742B72646C617374666F72A1
:10EDE0006C6F673D0000000061742B72646C61738E
:10EDF00074666F726F706572613D000061742B7292
:10EE0000646C617374666F726576656E743D000044
:10EE100061742B72646C617374666F726770733D9A
:10EE20000000000061742B726573746F7265736CFF
:10EE30006176653F0000000053565F454E56495FBE
:10EE4000434D5F5048000000456E7465722050616C
:10EE50007373776F72640000312E4D6F6462757347
:10EE60002052545500000000362E496E666F726DB8
:10EE70006174696F6E000000534554204D4F444249
:10EE80005553205254550000312E49442020202053
:10EE900020203A2000000000322E42617564726129
:10EEA00074653A200000000043414C49422053451C
:10EEB0004E534F5200000000312E43616C696220B6
:10EEC000362E383600000000322E43616C69622015
:10EED000392E313800000000332E43616C69622006
:10EEE000342E30300000000052414E47452053453B
:10EEF0005454494E4700000053756363657373664D
:10EF0000756C6C792100000000000000000000001A
:10EF10000102030406070809526573746F726520C5
:10EF20004F4B210D0A00000061742B6D7174746DDC
:10EF300061696E3D0000000061742B6D7174746D29
:10EF400061696E3F0000000061742B6D7174746222
:10EF500061636B75703D000061742B6D7174746238
:10EF600061636B75703F000061742B72657365742B
:10EF700070756C73653F000061742B666C6F7774FD
:10EF800068726573683D000061742B666C6F7774FE
:10EF900068726573683F000061742B7175616E74EF
:10EFA00068726573683D000061742B7175616E74E1
:10EFB00068726573683F000061742B6261747468E5
:10EFC000726573683D00000061742B62617474683F
:10EFD000726573683F00000061742B657261736530
:10EFE0006D656D3F0000000061742B667776657279
:10EFF00073696F6E3F00000061742B6C6F67696E00
:10F000006465783F0000000061742B72646C61736A
:10F01000746C6F673F00000061742B6C6576656CE3
:10F0200063616C69623D000061742B6C6576656C90
:10F0300063616C69623F000061742B6C6576656C7E
:10F040007468726573683D0061742B6C6576656CDD
:10F050007468726573683F0061742B6578626174CF
:10F060007468726573683D0061742B6578626174C1
:10F070007468726573683F0061742B776D636861B3
:10F080006E6E656C3D00000061742B776D63686186
:10F090006E6E656C3F00000061742B6D6F64696E6D
:10F0A000666F723D0000000061742B6D6F64696EC5
:10F0B000666F723F0000000061742B70726573739D
:10F0C000696E666F723D000061742B7072657373B8
:10F0D000696E666F723F000061742B7265736574B0
:10F0E000736C6176653F0000014880470148004726
:10F0F000F9F000083DF300080248016851F470017E
:10F100000160704788ED00E054656D7020203A2062
:10F1100000000000332E4F66667365740000000027
:10F12000342E5761726E696E67000000312E704890
:10F130002020203A20000000322E54656D70203AC5
:10F14000200000005741524E494E472050480000D1
:10F15000312E4D6F6465203A20000000322E55702C
:10F160007065723A20000000332E4C6F7765723A5A
:10F1700020000000312E555F704820203A2000000A
:10F18000322E4C5F704820203A200000332E555F0D
:10F1900054656D703A200000342E4C5F54656D70DC
:10F1A0003A2000002A56657273696F6E00000000F5
:10F1B000576562736974653A00000000C1C10008B8
:10F1C000CBC10008E9C100085265736574204F4B3C
:10F1D000210D0A0061742B736572693D0000000007
:10F1E00061742B736572693F0000000061742B73BA
:10F1F000696D736572693F0061742B737773657213
:10F200007665720061742B647574793D00000000AE
:10F2100061742B647574793F0000000061742B6683
:10F220007265716D696E3D0061742B667265716DFA
:10F23000696E3F0061742B73617665626F783F0081
:10F2400061742B6E756D77616B653D0061742B7217
:10F250006561646C6F673D0061742B70756C7365DC
:10F260003D00000061742B70756C73653F000000F9
:10F2700061742B64656275673D00000061742B64E6
:10F28000656275673F00000061742B6D7265736580
:10F29000743F000061742B7573657275726C3D006C
:10F2A00061742B757365726674703D0061742B74A4
:10F2B0006573746C6F673F0061742B726561646C79
:10F2C0006F673F0061742B736C6176653D000000D1
:10F2D00061742B736C6176653F00000061742B6F65
:10F2E0006E74656D683F000061742B6F66667465AF
:10F2F0006D683F0061742B6964736C6176653F00D3
:10F3000061742B6964736C6176653D0061742B6276
:10F3100072736C6176653F0061742B6272736C610D
:10F3200076653D001F1C1F1E1F1E1F1F1E1F1E1F58
:10F330001F1D1F1E1F1E1F1F1E1F1E1FAFF300803D
:10F34000FFF7C0FCFFF7F0FC4C6F6767696E0000C9
:10F3500053455454494E4700322E43616C69620054
:10F36000352E52616E67650050483A20000000005B
:10F37000342E5265736574004F4646534554000061
:10F38000496E666F722E00002A4D6F64656C000036
:10F390000000000001020304E4210020000000003E
:10F3A000E4220020000000004552524F52000000AD
:10F3B0000000000000000000000000000C00000041
:10F3C000000000000C00000061742B7274633D00AB
:10F3D00061742B7274633F0061742B6770733F001C
:10F3E00061742B656E64000064230020000000003F
:10F3F0003C4E554C4C3E0000252E2A660000000075
:10F40000686A6C747A4C00004F4646004F4E00000C
:10F4100070482E007048000020894300207048008A
:10F42000FFF7FEBFFFF7FEBFFFF7FEBFFFF7FEBF10
:10F43000FFF7FEBFFFF7FEBFFFF7FEBFFFF7FEBF00
:10F44000FFF7FEBFFFF7FEBFFFF7FEBFFFF7FEBFF0
:10F45000FFF7FEBFFFF7FEBFFFF7FEBFFFF7FEBFE0
:10F46000FFF7FEBFFFF7FEBFFFF7FEBFFFF7FEBFD0
:10F47000FFF7FEBFFFF7FEBFFFF7FEBFFFF7FEBFC0
:10F48000FFF7FEBFFFF7FEBFFFF7FEBFFFF7FEBFB0
:10F49000FFF7FEBFFFF7FEBFFFF7FEBFFFF7FEBFA0
:10F4A000FFF7FEBFFFF7FEBFFFF7FEBFFFF7FEBF90
:10F4B000FFF7FEBFFFF7FEBFFFF7FEBFFFF7FEBF80
:10F4C000FFF7FEBFFFF7FEBFFFF7FEBFFFF7FEBF70
:10F4D000FFF7FEBFFFF7FEBFFFF7FEBFFFF7FEBF60
:10F4E000FFF7FEBFFFF7FEBFFFF7FEBFFFF7FEBF50
:10F4F000FFF7FEBFFFF7FEBFFFF7FEBFFFF7FEBF40
:10F50000FFF7FEBFFFF7FEBFFFF7FEBFD0033132AC
:10F51000333400014008F40100006F2100080101AC
:10F520001A1003D0070000C11052022912640850BB
:10F5300003692200080310100388130000E510522D
:10F54000041021285003632300080510120A081232
:10F55000971012060852050412AF10617812FE01CE
:10F56000F2220001100338EE00080D39123101B209
:10F57000200120100000456E74657220746F2053C6
:10F5800065747570000020100557616974696E67B5
:10F590000B4110200320446F6E65095200103003A8
:10F5A0004572726F721F40050008F400080CF4A445
:10F5B0005210089207A592010C25084714F4002167
:10F5C000FC4308F13021181218182138210CF300DF
:10F5D00048F348220134C348EE1890030218000192
:10F5E0000560611824020330000144F201504822F2
:10F5F000020CE25848200112000211D258301203C6
:10F600001812090CC314F11812041825ACD22018D2
:10F61000120518120B0CD26048120618120C0CD2EC
:10F6200068781207182598D27818110113030E0C68
:10F630008788EEFC21011003020400030F11529889
:10F6400018694812031812100CF201A8482304117B
:10F65000785190652C230205C3D0010000B8301505
:10F660007C1A04A3D300C81811681304140CD2D850
:10F670001811501304150CE270F0111812160CF644
:10F680000178801305170C832CF190161CF8190CC7
:10F690001305180C923818291011901305190CD65F
:10F6A0004468110113061A0CD25018114813061B96
:10F6B0000CD25C60114813061C0CD2681811D813C8
:10F6C000061D0CF601E83813071E0CD774F138112B
:10F6D00018121F0CD2801811602E070C03D28CC098
:10F6E000520430D29818110823072248F50120133C
:10F6F00008230CE2A4D880031C000824000175B084
:10F700001002040008250CD28848120430F20226A8
:10F7100030120530F20327481002180009280CEABD
:10F72000F810F0030118020A100001E20114B309F5
:10F730003D126002A5BD00082429388FB1BD140513
:10F7400021108F27BE1405210112331052043112EB
:10F75000E8198F4FBE140521014F55BE14056101F4
:10F76000125B102802C0ED0008ACE002B00B0020D4
:10F770008F8004B53F0008B53F84210812BB1043B9
:10F78000E93F885201044004614000088F408C52D8
:10F79000020443FD403C2D5C036DA8044357411413
:10F7A0002194520D3C12B11443DF4198520E28139C
:10F7B0005B42284E42C804521014100375430008DF
:10F7C000CF0412B04D1E604D041EC079031680B5E3
:10F7D0001340381D124B0C1D74051300961812DAD5
:10F7E0000812E1045003C201006422D47F01000822
:10F7F000064F09D368066110431BD3CC210C255456
:10F800001249105203201003E09304006D10614070
:10F810001610F5470D2C10211012DC05831F2C400B
:10F82000210447832C08210C2DD80647C32C042122
:10F83000102DB80617792D005150100360EA000012
:10F840008D109206101293105607712D0807134160
:10F850002E4066289CC402803FE423A81AD4E48B7F
:10F8600008004C52E010692812EC102D4C05692854
:10F870001F28EF68068E00F404523810520510124B
:10F8800048102588692852581069CC52F8505208FF
:10F89000104304F270520910521010520A10431C07
:10F8A000F230620B805110520C10526860520D10F1
:10F8B000523420520E10524010520F10524C106D04
:10F8C0005003527840521110528810521210529820
:10F8D0001052131052A8105214104FB8EFD4075200
:10F8E000151052C81052161012587021DC52171001
:10F8F0005264106218304AF3A852191052D01052B4
:10F900001A10527030521B10527C10521C10128868
:10F9100010252C521D1056D890521E1052E89052AD
:10F920001F10569400690552A01052211052F84041
:10F9300052221052AC2052231052B8106D080543C9
:10F9400008F0605225101ED41004255C6DF80412D6
:10F95000E810254C6DF00452FC105228104718F0A6
:10F9600050522910522810522A1012381025BC5219
:10F970002B10524810522C1056D830522D104310D4
:10F98000EE80522E1056C430522F1052D0105230EA
:10F990001052585052311052681052321056DC60DA
:10F9A00052331056E8006D850A56780052351052D1
:10F9B00088105236104798F05052371052A8105203
:10F9C000381052B8F052391052C810523A1052D86A
:10F9D00010523B105224E0523C1052F4907DFA0534
:10F9E00042F310523E10520C10523F105218105257
:10F9F00041104FE0F33C054B601A1343601C0810A4
:10FA0000034CEC00087404F309EE4F0452FF01E3C9
:0CFA1000A64D141D50040002032D01033C
:040000050800F33DBF
:00000001FF
