:020000040800F2
:10000000D82C0020A1F500080DEF00080FEF000824
:1000100011EF000813EF000815EF000800000000C2
:1000200000000000000000000000000017EF0008C2
:1000300019EF0008000000001BEF00081DEF00088A
:10004000FDF8000801F9000805F9000809F90008A1
:100050000DF9000811F9000815F9000819F9000850
:100060001DF9000821F9000825F9000829F9000800
:100070002DF900086DEF000831F9000877EF00084E
:1000800035F9000839F900083DF9000841F9000880
:1000900045F9000849F900084DF9000851F9000830
:1000A00055F9000859F900085DF9000861F90008E0
:1000B00065F90008000000000000000069F9000870
:1000C0006DF9000871F9000875F9000879F9000860
:1000D0007DF9000881EF000881F900088BEF000826
:1000E00085F9000895EF00080000000000000000FE
:1000F0000000000000000000000000000000000000
:100100000000000089F90008000000008DF90008D7
:10011000000000000000000091F9000895F90008B7
:1001200099F900089DF90008A1F90008A5F900084F
:10013000A9F9000800000000000000000000000015
:10014000ADF90008B1F90008B5F90008B9F90008DF
:10015000BDF900089FEF0008A9EF0008C1F90008E9
:10016000C5F90008C9F90008CDF900080000000031
:10017000D1F90008D5F90008D9F9000800000000FD
:10018000DDF90008E1F90008E5F9000880B55448F8
:100190000078012806D0022807D0042808D00828B3
:1001A00009D00BE000F0A0F808E000F089FE05E0BF
:1001B00001F052F802E001F015FAFFE701BD2DE968
:1001C000F0470024474D2888002804D02888401E86
:1001D0002880002081E0424E307A00287CD1202106
:1001E000DFF8BC0C01F0F0FE002801D1012700E08F
:1001F0000027DFF8B08C0421404601F0E5FE00281E
:1002000002D15FF0010901E05FF0000902214046E0
:1002100001F0DAFE002802D15FF0010A01E05FF090
:10022000000A0121404601F0CFFE002801D1012043
:1002300000E0002057EA490757EA8A073C0054EAE1
:10024000C0042000C0B2012805D0022803D0042831
:1002500001D0082836D17068401C70607068502842
:100260002FD3347001203072DFF83C1C086814284A
:1002700001D219202880DFF8340C22000378D2B292
:100280009A4219D10A68521C0A600A681E2A02D2D0
:100290000021716014E00A68B42A02D24121716021
:1002A0000EE00A68F02A02D24621716008E04E2270
:1002B0007260F0220A6003E00022726000220A608D
:1002C000047009E00020DFF8E41B0870282070604B
:1002D0000020DFF8D41B08603078BDE8F08700000C
:1002E000E0270020B4280020F8B584B0DFF8C04B28
:1002F000A078002817D001283AD002286AD0032815
:1003000000F0FB80042800F07F81052800F0308297
:10031000062800F0B482072800F07F83092800F047
:10032000868400F0BBBDDFF88C5B0020E860DFF85E
:10033000886B0A220021300001F0CCFE30203070A2
:10034000302070703020B0703020F070E86800010C
:10035000801CC0B2039002960520019004200090FA
:10036000052300220121A01C02F0AAFC00F096BD8A
:10037000DFF8400BC168491CC160C16804291EDB5D
:10038000DFF8340B02F0B7FC012815D1A51C0622BA
:10039000290014F1080001F0EBFEF1200390002089
:1003A00002900C20019007200090072300220221D8
:1003B000280002F085FC0BE00020A07008E0C06877
:1003C0000001801C0200D2B20021A01C02F055FCEA
:1003D00000F064BD207907280AD0C0F08C8009287D
:1003E00032D01BD30B285BD044D30C286ED082E0D4
:1003F000A51C0622290014F1080001F0B9FEF12025
:100400000390002002900F2001900E2000900E23F8
:1004100000220321280002F053FC6CE0A51C0622F8
:10042000290014F1080001F0A3FEF1200390002040
:100430000290142001901220009012230022042127
:10044000280002F03DFC56E0A51C0622290014F10C
:10045000080001F08DFEF12003900020029017208B
:10046000019016200090162300220521280002F09A
:1004700027FC40E0A51C0622290014F1080001F029
:1004800077FEF1200390002002901B20019019209C
:100490000090192300220621280002F011FC2AE016
:1004A000A51C0622290014F1080001F061FEF120CC
:1004B000039000200290202001901D2000901D2319
:1004C00000220721280002F0FBFB14E0A51C0622F5
:1004D000290014F1080001F04BFE002003900020D9
:1004E0000290232001902320009023230022082142
:1004F000280002F0E5FB00F0D1BC20790E2802D0E4
:100500000F2840D07EE0E078002802D001281FD0DC
:1005100038E0A61C0622310014F1080001F028FE84
:10052000DFF89059F220039015F10C0002900F2093
:1005300001900E2000900E23E278521CD2B20321CB
:10054000300002F0BDFBDFF874094078E86019E084
:10055000A51C0622290014F1080001F009FEF02074
:100560000390002002902620019026200090262350
:1005700000220921280002F0A3FB0120DFF83C192A
:100580000870FFE73EE0E078002802D001281FD085
:1005900038E0A61C0622310014F1080001F0E8FD45
:1005A000DFF81059F220039015F10C0002900F2093
:1005B00001900F2000900F23E278521CD2B2032149
:1005C000300002F07DFBDFF8F4084068E86019E0D5
:1005D000A51C0622290014F1080001F0C9FDF02035
:1005E00003900020029026200190262000902623D0
:1005F00000220921280002F063FB0120DFF8BC186B
:100600000870FFE700F04ABC2079122806D0C0F03D
:10061000AE80142800F08E8046D3A8E0E078002851
:1006200002D001281FD03EE0A61C0622310014F1A2
:10063000080001F09DFDDFF87C58F220039015F1D1
:100640000C00029014200190122000901223E278F6
:10065000521CD2B20421300002F032FBDFF85C08F9
:10066000406AE8601FE0A51C0622290014F108007A
:1006700001F07EFDF02003900020029026200190E2
:1006800026200090262300220921280002F018FBD2
:10069000DFF8BC1BDFF81C08C068088002220320BA
:1006A00003F0ABF8FFE762E0E078002802D0012811
:1006B0001FD03EE0A61C0622310014F1080001F014
:1006C00057FDDFF8F057F220039015F10C0002906F
:1006D00014200190122000901323E278521CD2B211
:1006E0000421300002F0ECFADFF8D007806AE860FD
:1006F0001FE0A51C0622290014F1080001F038FDB6
:10070000F0200390002002902620019026200090E7
:10071000262300220921280002F0D2FADFF8301B3C
:10072000DFF89007C06808800222042003F065F813
:10073000FFE71CE0A51C0622290014F1080001F0C7
:1007400017FDF02003900020029026200190262023
:100750000090262300220921280002F0B1FADFF8D8
:10076000F01A002008800222052003F046F895E3E5
:100770002079162802D0172840D07FE0E0780028A2
:1007800002D001281FD038E0A61C0622310014F147
:10079000080001F0EDFCDFF81C57F220039015F182
:1007A0000C00029017200190162000901623E2788A
:1007B000521CD2B20521300002F082FADFF8FC06AA
:1007C000C069E86019E0A51C0622290014F10800A0
:1007D00001F0CEFCF0200390002002902620019032
:1007E00026200090262300220921280002F068FA22
:1007F0000120DFF8C8160870FFE73FE0E078002826
:1008000002D001281FD038E0A61C0622310014F1C6
:10081000080001F0ADFCDFF89C56F220039015F1C2
:100820000C00029017200190162000901723E27808
:10083000521CD2B20521300002F042FADFF87C06E9
:10084000006AE86019E0A51C0622290014F10800DE
:1008500001F08EFCF02003900020029026200190F1
:1008600026200090262300220921280002F028FAE1
:100870000120DFF848160870FFE7FFE70EE3207954
:10088000192806D0C0F0C8801B2800F0858043D30B
:10089000C2E0E078002802D0012822D03BE0A71C6B
:1008A0000622390014F1080001F062FCDFF804565A
:1008B00015F10C06F220039002961B2001901920DE
:1008C00000901923E278521CD2B20621380002F0BF
:1008D000F7F9DFF880090078E860DFF8E0054663A3
:1008E00019E0A51C0622290014F1080001F040FCC3
:1008F000F0200390002002902620019026200090F6
:10090000262300220921280002F0DAF90120DFF86D
:10091000AC150870FFE77FE0E078002802D00128DE
:100920001FD038E0A61C0622310014F1080001F0A7
:100930001FFCDFF88055F220039015F10C000290A7
:100940001B200190192000901A23E278521CD2B289
:100950000621300002F0B4F9DFF86005C06AE860F3
:1009600019E0A51C0622290014F1080001F000FC82
:10097000F020039000200290262001902620009075
:10098000262300220921280002F09AF90120DFF82D
:100990002C150870FFE73FE0E078002802D001281E
:1009A0001FD038E0A61C0622310014F1080001F027
:1009B000DFFBDFF80055F220039015F10C000290E8
:1009C0001B200190192000901B23E278521CD2B208
:1009D0000621300002F074F9DFF8E004006BE860F3
:1009E00019E0A51C0622290014F1080001F0C0FB43
:1009F000F0200390002002902620019026200090F5
:100A0000262300220921280002F05AF90120DFF8EC
:100A1000AC140870FFE7FFE740E220791D2809D0F9
:100A2000C0F004811F2800F0858043D3202800F007
:100A3000C080FBE0E078002802D001281FD038E019
:100A4000A61C0622310014F1080001F091FBDFF82A
:100A50006454F220039015F10C00029020200190C4
:100A60001D2000901D23E278521CD2B207213000D5
:100A700002F026F9DFF84404806BE86019E0A51C59
:100A80000622290014F1080001F072FBF020039007
:100A9000002002902620019026200090262300228C
:100AA0000921280002F00CF90120DFF81014087069
:100AB000FFE7BBE0E078002802D001281FD038E033
:100AC000A61C0622310014F1080001F051FBDFF8EA
:100AD000E453F220039015F10C00029020200190C5
:100AE0001D2000901E23E278521CD2B20721300054
:100AF00002F0E6F8DFF8C403C06BE86019E0A51C5B
:100B00000622290014F1080001F032FBF0200390C6
:100B1000002002902620019026200090262300220B
:100B20000921280002F0CCF80120DFF890130870AA
:100B3000FFE77BE0E078002802D001281FD037E0F3
:100B4000A61C0622310014F1080001F011FBDFF8A9
:100B50006453F220039015F10C00029020200190C4
:100B60001D2000901F23E278521CD2B207213000D2
:100B700002F0A6F8DFF84403006CE86018E0A51C5A
:100B80000622290014F1080001F0F2FAF020039087
:100B9000002002902620019026200090262300228B
:100BA0000921280002F08CF80120C4490870FFE7F1
:100BB0003CE0E078002802D001281DD035E0A61CDA
:100BC0000622310014F1080001F0D2FAB94DF220EA
:100BD000039015F10C000290202001901D20009040
:100BE0002023E278521CD2B20721300002F068F8CC
:100BF000B248406CE86018E0A51C0622290014F1F8
:100C0000080001F0B5FAF0200390002002902620A1
:100C1000019026200090262300220921280002F0BE
:100C20004FF80120A5490870FFE7FFE736E1207A79
:100C300003280AD0C0F03181052838D0C0F02A81BD
:100C4000072800F0B28069D327E1322001F0E2FCEE
:100C500003209A490870A07A0E2802D00F2809D0E4
:100C600024E0DFF8600941789248C068C0B203F020
:100C70009AFE1BE000200100C9B20B290FDADFF851
:100C800048190200D2B251F822108A4AD268914221
:100C900003D1DFF83019487001E0401CEBE7DFF8C2
:100CA00024094178007803F07EFEFFE7F5E0834DEC
:100CB00003202870322001F0ADFCA07A162802D063
:100CC000172815D029E0287A04F082F800EE100ADF
:100CD000DFF8F808D0ED060A764890ED031AB8EE72
:100CE000C11AB8EE400A81EE000A02F018FE14E0C4
:100CF000687A04F06DF800EE100A6E48D0ED030A31
:100D0000F8EEE00AB8EE400AC0EE800ADFF8BC0850
:100D100090ED050A02F003FEFFE7BEE0674D0320F9
:100D20002870322001F076FCA07A192804D03BD339
:100D30001B2823D00CD337E0DFF81805D0ED020ACA
:100D400090ED010A5B48C068C0B202F0A1FE2BE042
:100D5000A87A04F03DF800EE100ADFF8F8045549CF
:100D6000D1ED030AF8EEE00AB8EE400AC0EE800AC0
:100D700090ED010A007802F08BFE15E0A87A04F0ED
:100D800027F800EE100ADFF8CC04D0ED020A49493A
:100D900091ED031AB8EEC11AB8EE400A81EE000ACE
:100DA000007802F075FEFFE777E0444D03202870DD
:100DB000322001F02FFCA07A1D2806D069D31F280D
:100DC00035D01BD320284BD063E0E87A04F000F83C
:100DD00000EE100ADFF8F807D0ED031A90ED021AC2
:100DE000D0ED010A334890ED032AB8EEC22AB8EEDE
:100DF000400A82EE000A02F013FF4AE0E87A03F0AC
:100E0000E7FF00EE100ADFF8C807D0ED031A90EDF7
:100E1000021A2849D1ED030AF8EEE00AB8EE400ABA
:100E2000C0EE800A90ED000A02F0FAFE31E0E87AA6
:100E300003F0CEFF00EE100ADFF89407D0ED031A9E
:100E40001C49D1ED030AF8EEE00AB8EE400A80EE44
:100E5000801AD0ED010A90ED000A02F0E1FE18E0E0
:100E6000E87A03F0B5FF00EE100ADFF864071149D5
:100E7000D1ED030AF8EEE00AB8EE400AC0EE801A9F
:100E800090ED021AD0ED010A90ED000A02F0C8FEC2
:100E9000FFE702E002F0A2FCFFE7FFE705B0F0BDCC
:100EA00000080048000400486C280020C4280020E6
:100EB00028280020E0270020000000207C000020DF
:100EC00010B5DFF81037987800280ED002281ED011
:100ED0000CD3042876D027D3062800F0EB80C0F08E
:100EE000B680072800F03F81B1E1B0E1DFF8E80605
:100EF000DFF8E816CA68825C521CCB68C254CA6824
:100F0000825C3A2A02DB3022C96842549FE1587958
:100F10001979884202D21879401E1871F1220021F5
:100F2000981C01F0AAFE92E1D87800280CD15879DB
:100F30001979884202D21879401E1871F1220021D5
:100F4000981C01F09AFE3CE018790E2802D00F2878
:100F500012D036E0D878002802D0012801D00AE06B
:100F600009E0DFF87806C168B1F5807F02DAC16870
:100F7000491CC160FFE724E0D878002802D001288E
:100F800001D01EE01DE000210800C0B20B2817DAD6
:100F9000DFF83426DFF844060B00DBB252F82330CA
:100FA000C468A3420AD10B00DBB20A2B06DA0B009D
:100FB000DBB202EB83025268C26001E0491CE3E746
:100FC000FFE744E1D87800280CD158791979884294
:100FD00002D21879401E1871F1220021981C01F0EC
:100FE0004CFE33E01879122804D02FD314282DD0CA
:100FF00013D32BE0D878002802D0012801D00BE0D1
:101000000AE0DFF8D805C16844F62062914202DAAE
:10101000C1686431C160FFE718E0D878002802D0C9
:10102000012801D011E010E0DFF8B405007A03F0E8
:10103000CFFEDFF8A825D3684FF4FA614843834216
:1010400002D2D0686430D060FFE7FFE7FFE0D878D5
:1010500000280CD158791979884202D21879401E9B
:101060001871F1220021981C01F007FE21E0187987
:10107000162802D017280ED01BE0D878002802D0FE
:10108000012801D006E005E0DFF85005C168491CE1
:10109000C160FFE70DE0D878002802D0012801D018
:1010A00006E005E0DFF83405C168491CC160FFE7D0
:1010B000FFE7CCE0D87800280CD15879197988421C
:1010C00002D21879401E1871F1220021981C01F0FB
:1010D000D4FD47E01879192804D043D31B282DD01C
:1010E00013D33FE0D878002802D0012801D00BE0CC
:1010F0000AE0DFF8E814C868002802D10120C860BF
:1011000001E00020C860FFE72CE0D878002802D07A
:10111000012801D011E010E0DFF8C404807A03F068
:1011200057FEDFF8B824D3684FF4FA61484383428E
:1011300002D2D068401CD060FFE713E0D8780028C6
:1011400002D0012801D00CE00BE0DFF89004C16868
:10115000DFF88C24D26A914202DAC168491CC1606E
:10116000FFE7FFE773E0D87800280CD158791979A8
:10117000884202D21879401E1871F1220021981C71
:1011800001F07BFD62E018791D2806D05ED31F2890
:1011900030D01BD3202845D058E0D878002802D082
:1011A000012801D011E010E0DFF83404C07A03F028
:1011B0000FFEDFF82824D3684FF4FA6148438342D6
:1011C00002D2D068401CD060FFE73FE0D87800280A
:1011D00002D0012801D00CE00BE0DFF80004C16868
:1011E000DFF8FC23926B914202DAC168491CC160AE
:1011F000FFE72BE0D878002802D0012801D010E0CA
:101200000FE0DFF8DC03C07A03F0E2FDDFF8CC2367
:10121000D36850214843834202D2D068401CD0603A
:10122000FFE713E0D878002802D0012801D00CE0B5
:101230000BE0DFF8A803C168DFF8A423126C914229
:1012400002DAC168491CC160FFE7FFE7FFE710BD94
:10125000B62800205428002010B5DFF8783398789D
:1012600000280ED002281ED00CD3042876D027D315
:10127000062800F0E180C0F0AC80072800F0328141
:101280009FE19EE1DFF85003DFF8DC19CA68825C59
:10129000521ECB68C254CA68825C302A02DA3922F4
:1012A000C96842548DE118799979884202D2187937
:1012B000401C1871F1220021981C01F0DEFC80E135
:1012C000D87800280CD118799979884202D21879F7
:1012D000401C1871F1220021981C01F0CEFC3CE06A
:1012E00018790E2802D00F2811D036E0D8780028BF
:1012F00002D0012801D009E008E0DFF86C09C168DC
:10130000012902DBC168491EC160FFE725E0D878EA
:10131000002802D0012801D01FE01EE00A221000A0
:10132000C0B2002818D0DFF8A032DFF83C19100056
:10133000C0B253F82000CC68A0420BD11000C0B25C
:10134000002807D01000C0B203EB800050F8040C56
:10135000C86001E0521EE2E7FFE732E1D8780028DA
:101360000CD118799979884202D21879401C1871E9
:10137000F1220021981C01F080FC29E01879122844
:1013800004D025D3142823D011D321E0D878002805
:1013900002D0012801D009E008E0DFF8CC08C168DC
:1013A000012902DBC1686439C160FFE710E0D87829
:1013B000002802D0012801D009E008E0DFF8A808E1
:1013C000C168012902DBC1686439C160FFE7FFE73A
:1013D000F7E0D87800280CD118799979884202D2A0
:1013E0001879401C1871F1220021981C01F045FC6D
:1013F00021E01879162802D017280ED01BE0D878E3
:10140000002802D0012801D006E005E0DFF85808E6
:10141000C168491EC160FFE70DE0D878002802D0FE
:10142000012801D006E005E0DFF83C08C168491E4C
:10143000C160FFE7FFE7C4E0D87800280CD1187935
:101440009979884202D21879401C1871F122002142
:10145000981C01F012FC44E01879192804D040D3FC
:101460001B2827D013D33CE0D878002802D00128CD
:1014700001D00BE00AE0DFF8F017C868002802D1BD
:101480000120C86001E00020C860FFE729E0D878AB
:10149000002802D0012801D00BE00AE0DFF8C807DD
:1014A0004F49096BC268914202DAC168491EC160A6
:1014B000FFE716E0D878002802D0012801D00FE01D
:1014C0000EE04748807A03F083FCDFF89C27002178
:1014D0004843D168884202D2D068401ED060FFE7FE
:1014E000FFE76EE0D87800280CD118799979884206
:1014F00002D21879401C1871F1220021981C01F0C9
:10150000BCFB5DE018791D2806D059D31F282DD0CB
:1015100015D320283DD053E0D878002802D00128E8
:1015200001D00BE00AE0DFF840072D49C96BC26823
:10153000914202DAC168491EC160FFE740E0D878F5
:10154000002802D0012801D00FE00EE02448C07A24
:1015500003F03EFCDFF8102700214843D1688842A1
:1015600002D2D068401ED060FFE729E0D87800287A
:1015700002D0012801D00BE00AE0DFF8EC061849A0
:10158000496CC268914202DAC168491EC160FFE736
:1015900016E0D878002802D0012801D00FE00EE034
:1015A0000F48C07A03F014FCDFF8BC260021484342
:1015B000D168884202D2D068401ED060FFE7FFE7C2
:1015C000FFE710BD340C0020BC0600207827002067
:1015D000382800202828002000000020E0270020D4
:1015E0007C0000207FB5DFF88446A078002814D066
:1015F000022816D012D3042800F0898014D30628BC
:1016000000F09081C0F01B81082800F01783C0F023
:101610003482092800F0198324E323E30020A0701A
:1016200020E30020A0701DE320790E2802D00F28AF
:1016300036D06BE0E078002802D0012816D02EE0EA
:10164000A51CF1200390002002900C20019007209F
:101650000090072300220221280001F031FB06221E
:10166000290014F1080000F083FD18E0A51C0622F3
:10167000290014F1080000F07BFDF1200390DFF851
:10168000F00502900F2001900E2000900E23E078CC
:10169000421ED2B20321280001F012FBFFE735E021
:1016A000E078002802D0012816D02EE0A51CF120F9
:1016B0000390002002900C20019007200090072347
:1016C00000220221280001F0FBFA0622290014F171
:1016D000080000F04DFD18E0A51C0622290014F1B9
:1016E000080000F045FDF1200390DFF88805029026
:1016F0000F2001900E2000900F23E078421ED2B2FE
:101700000321280001F0DCFAFFE7FFE7AAE22079D5
:10171000122805D0C0F09280142879D03CD38DE0F7
:10172000E078002802D0012816D034E0A51CF12072
:101730000390002002900C200190072000900823C5
:1017400000220221280001F0BBFA0622290014F130
:10175000080000F00DFD1EE0A61C0622310014F169
:10176000080000F005FDDFF81055F120039015F199
:101770002400029014200190122000901223E0789F
:10178000421ED2B20421300001F09AFADFF8D804E8
:10179000C0686862FFE751E0E078002802D00128C5
:1017A00016D034E0A51CF1200390002002900C20FC
:1017B000019007200090082300220221280001F058
:1017C0007FFA0622290014F1080000F0D1FC1EE087
:1017D000A61C0622310014F1080000F0C9FCDFF855
:1017E0009854F120039015F12800029014200190E4
:1017F000122000901323E078421ED2B20421300060
:1018000001F05EFADFF86004C068A862FFE715E047
:10181000A51CF1200390002002900C2001900720CD
:101820000090082300220221280001F049FA062234
:10183000290014F1080000F09BFCFFE712E2207978
:10184000162802D0172836D06BE0E078002802D0A6
:10185000012816D02EE0A51CF12003900020029054
:101860000C2001900720009009230022022128006B
:1018700001F026FA0622290014F1080000F078FC95
:1018800018E0A51C0622290014F1080000F070FCE5
:10189000F1200390DFF8E403029017200190162056
:1018A00000901623E078421ED2B20521280001F0F4
:1018B00007FAFFE735E0E078002802D0012816D0CB
:1018C0002EE0A51CF1200390002002900C20019036
:1018D00007200090092300220221280001F0F0F9DE
:1018E0000622290014F1080000F042FC18E0A51CB3
:1018F0000622290014F1080000F03AFCF1200390C0
:10190000DFF87C0302901720019016200090172327
:10191000E078421ED2B20521280001F0D1F9FFE79C
:10192000FFE79FE12079192805D0C0F0A5801B288A
:101930006DD037D3A0E0E078002802D0012816D07F
:101940002FE0A51CF1200390002002900C200190B4
:10195000072000900A2300220221280001F0B0F99C
:101960000622290014F1080000F002FC19E0A51C71
:101970000622290014F1080000F0FAFBC14EF12004
:10198000039002961B200190192000901923E07803
:10199000421ED2B20621280001F092F9B6484663F1
:1019A000FFE769E0E078002802D0012816D02DE09A
:1019B000A51CF1200390002002900C20019007202C
:1019C00000900A2300220221280001F079F9062262
:1019D000290014F1080000F0CBFB17E0A51C06223B
:1019E000290014F1080000F0C3FBF1200390A64881
:1019F00002901B200190192000901A23E078421ECB
:101A0000D2B20621280001F05BF9FFE734E0E0786C
:101A1000002802D0012816D02DE0A51CF12003904B
:101A2000002002900C200190072000900A23002241
:101A30000221280001F044F90622290014F10800CF
:101A400000F096FB17E0A51C0622290014F10800FF
:101A500000F08EFBF12003908C4802901B20019037
:101A6000192000901B23E078421ED2B206212800E4
:101A700001F026F9FFE7FFE7F4E020791D2808D000
:101A8000C0F0DB801F286ED038D3202800F0A08063
:101A9000D3E0E078002802D0012816D02DE0A51C64
:101AA000F1200390002002900C200190072000906C
:101AB0000B2300220221280001F002F9062229004E
:101AC00014F1080000F054FB17E0A51C06222900C1
:101AD00014F1080000F04CFBF12003906C480290D8
:101AE000202001901D2000901D23E078421ED2B2DC
:101AF0000721280001F0E4F8FFE79EE0E0780028E5
:101B000002D0012816D02DE0A51CF1200390002062
:101B100002900C200190072000900B23002202214C
:101B2000280001F0CDF80622290014F1080000F089
:101B30001FFB17E0A51C0622290014F1080000F085
:101B400017FBF120039053480290202001901D20A4
:101B500000901E23E078421ED2B20721280001F037
:101B6000AFF8FFE769E0E078002802D0012816D03E
:101B70002DE0A51CF1200390002002900C20019084
:101B8000072000900B2300220221280001F098F882
:101B90000622290014F1080000F0EAFA17E0A51C5B
:101BA0000622290014F1080000F0E2FAF120039067
:101BB00039480290202001901D2000901F23E078DA
:101BC000421ED2B20721280001F07AF8FFE734E084
:101BD000E078002802D0012816D02DE0A51CF120C5
:101BE0000390002002900C200190072000900B230E
:101BF00000220221280001F063F80622290014F1D6
:101C0000080000F0B5FA17E0A51C0622290014F11F
:101C1000080000F0ADFAF120039020480290202047
:101C200001901D2000902023E078421ED2B20721AF
:101C3000280001F045F8FFE7FFE713E0062214F162
:101C40000801A01C00F094FA0CE00B4D2878022843
:101C500007D0062214F10801A01C00F089FA002028
:101C60002870FFE77FBD0000E02700202828002023
:101C70007D000020800000207C00002098000020D3
:101C80009C00002054280020A8000020AC00002068
:101C9000B4000020B8000020BC000020C0000020DC
:101CA000F8B4030000250868E840002800F0D78059
:101CB00001260F6816FA05F007403A00002A00F0E6
:101CC000CC80087910F00300012804D0087910F0C6
:101CD000030002281DD19F685FF0030C2800C0B2EA
:101CE00040001CFA00FC37EA0C07D1F80CC02800B1
:101CF000C0B240001CFA00FC5CEA07079F6058680D
:101D0000AE40B0434E68C6F30016AE403043040008
:101D10005C60087910F0030003280ED0DE6803270A
:101D20002800C0B240008740BE438F682800C0B280
:101D3000400087403E433400DC60087910F0030027
:101D4000022818D12800C00803EB8000066A0F277C
:101D500015F00700C0B280008740BE430F6915F040
:101D60000700C0B2800087403E4334002800C0080E
:101D700003EB800004621E6803272800C0B2400005
:101D80008740BE430F7917F003072800C0B2400018
:101D900087403E4334001C60486810F4403F5CD0EC
:101DA0009548066856F001060660006810F00100CC
:101DB00000900098914F2800800857F820605FF04D
:101DC0000F0C15F00300C0B280001CFA00FC36EACC
:101DD0000C06B3F1904F01D1002414E088488342EF
:101DE00001D101240FE08748834201D102240AE097
:101DF0008548834201D1032405E08448834201D110
:101E0000042400E0072415F00300C0B280008440E1
:101E100026432800800847F820607D4C20689043C6
:101E20004F68FF0200D5104320607A4E3468944317
:101E30004F68BF0200D514433460774E306890433A
:101E40004F68BF0300D510433060744E346894432C
:101E50004F68FF0300D5144334606D1C23E7F1BCC9
:101E600070472DE9F041030000250800E8400028F4
:101E700000F0A880012616FA05F008400200002AAA
:101E800000F09E80DFF874C1280080085CF8200014
:101E90000F2715F0030E5FFA8EFE5FEA8E0E17FA1B
:101EA0000EFE1EEA00000400B3F1904F02D15FF075
:101EB000000E19E05248834202D15FF0010E13E098
:101EC0005048834202D15FF0020E0DE04E4883423B
:101ED00002D15FF0030E07E04C48834202D15FF06D
:101EE000040E01E05FF0070E15F00300C0B28000A1
:101EF0001EFA00FE74452CD14848D0F800E03EEAB6
:101F0000020EC0F800E04448D0F800E03EEA020EBD
:101F1000C0F800E03F48D0F800E03EEA020EC0F80A
:101F200000E03B48D0F800E03EEA020EC0F800E0D6
:101F300015F00300C0B2800017FA00F0040028007A
:101F400080085CF82000A043AE465FEA9E0E4CF885
:101F50002E005FF0030C1868AE465FFA8EFE5FEA53
:101F60004E0E1CFA0EFE5EEA000018602800C00843
:101F700003EB800E2800C00803EB8000D0F820801F
:101F800015F00700C0B28000874038EA0707CEF896
:101F9000207098682F00FFB27F001CFA07F7B84343
:101FA00098605868AE4030EA06065E60DE68280039
:101FB000C0B240001CFA00FC36EA0C0CC3F80CC09E
:101FC0006D1C52E7BDE8F081020010690B009BB266
:101FD000184201D0012000E00020C0B27047130079
:101FE000DBB2002B03D00B009BB2836102E00B003D
:101FF0009BB28362704700006010024008000140FD
:102000000004004800080048000C00480010004888
:10201000080401400C040140040401400004014094
:1020200038B504000D00DFF8FC010168200000F065
:1020300006F8A84201D3012000E0002032BD814211
:1020400004D25FF0FF32101A081800E0081A704737
:1020500038B52DED048B08EE100A0C001500DFEDED
:10206000438A2800C0B2FB2810DBB8EEC89A2800CB
:10207000C0B24042C0B200F08BF829EE009A0021B5
:102080002000B0EE490A00F0B1F80EE0B8EEC89AB0
:102090002800C0B200F07CF889EE009A2900C9B28D
:1020A0002000B0EE490A00F0A1F8BDEC048B31BD70
:1020B00010B400210A00838892B29A4206D200220C
:1020C00003680C00A4B21A55491CF3E70022828071
:1020D00010BC704710B4040013005A1E9BB2002BB2
:1020E00002D02170641CF7E710BC704770B5040083
:1020F0000D001600DFF8240100782100C9B28842E3
:1021000009D3DFF824211068002804D0310089B2F7
:1021100028001268904770BD38B504000D002800F3
:1021200003F05CF8020092B229002000C0B2FFF771
:10213000DDFF31BD70B504000D00280003F04EF83E
:10214000020092B229002000C0B2FFF7CFFFDFF8F3
:10215000DC603068002807D0280003F03FF8010059
:1021600089B228003268904770BD0000000000006E
:1021700030B404000D0013005A1E9BB2002B04D093
:102180002B7823706D1C641CF5E730BC7047000091
:1021900010B504002000C0B2FB2816DB2000C0B23E
:1021A000D0F5807003F052F841EC110B9FED200B3D
:1021B00003F065F853EC102B0020194903F068F880
:1021C00003F08AF900EE100A0FE02000C0B203F01D
:1021D000B7F941EC110B9FED160B03F050F851ECE1
:1021E000100B03F079F900EE100A10BD38B52DED93
:1021F000028B82B0B0EE408A04000D0018EE100A87
:1022000003F0ACF9CDE900012A000B49200003F0EE
:10221000C9F902B0BDEC028B31BD0000380C0020C2
:102220000000F03FA4280020AC280020A8280020AF
:102230000000000000002440E0F8000880B5002203
:102240004FF40071DFF8800BFFF7C9FE00224FF456
:1022500000715FF09040FFF7C2FE03F0C3F9DFF8B2
:102260006C0BDFF86C1B4163DFF8681B421CC1F884
:102270005821021DC1F8702110F114020A62027A7D
:1022800081F8252010F118028A63427A81F83D20F6
:1022900010F10C02C1F8A021027A81F8A52110F1F9
:1022A0002402C1F8B821027A81F8BD2110F1280278
:1022B000C1F8D021027A81F8D52110F11C02C1F8B1
:1022C0001822027A81F81D2210F12002C1F8302272
:1022D000427A81F8352210F12C02C1F87822827AF4
:1022E00081F87D2210F13002C1F89022827A81F8C3
:1022F000952210F13802C1F8C022C27A81F8C522B5
:1023000010F13C02C1F8D822C27A81F8DD2210F126
:102310004002C1F8F022C27A81F8F52210F144029D
:10232000C1F80823C07A81F80D03DFF8B40A006809
:10233000C1F85003DFF8AC0A0068C1F8800301BDA2
:1023400038B5002000242000C0B2072835DADFF8B5
:10235000985A2000C0B200012844407801282AD1B0
:102360002000C0B200012844406800280ED003F0CD
:1023700091F92100C9B2090129444968401A210094
:10238000C9B2090129448968884214D30020210078
:10239000C9B209012944487003F07CF92100C9B28F
:1023A0000901294448602000C0B22100C9B20901D6
:1023B0002944C9688847641CC5E7002032BD38B588
:1023C0000400DFF8285A687800281FD100224FF453
:1023D0000071DFF8F409FFF702FE00224FF40071EC
:1023E0005FF09040FFF7FBFD03F0FCF889200090C0
:1023F000202307220521DFF8F80903F051F9012015
:1024000068700221DFF8E00903F092FA012032BD82
:102410007CB50400DFF8DC592878002803D00228B6
:1024200023D003D33DE003F0ADFA3AE003F020FB04
:1024300089200090202307220521DFF8B40903F04A
:102440002FF9DFF8B42903212C2003F043FADFF839
:10245000AC290421082003F03DFA03F066FB41F2A9
:102460008830DFF8841988611BE00120DFF87C19CF
:10247000487089200090202307220521DFF8700989
:1024800003F00EF9DFF860690221300003F050FA22
:102490000321300003F04CFA0421300003F048FA25
:1024A000FFE72878401C28702100C9B2DFF83809FE
:1024B00003F04DFA012076BD70B5040000F0BCF8C1
:1024C000DFF828596878012803D1A87800F0ACFB20
:1024D00004E00021DFF8100903F02AFADFF82009F0
:1024E000A9780278914207D0A9780170DFF8140921
:1024F0000068DFF814190860A8780A2812D1DFF8FC
:1025000008694FF4FA613068FFF78AFD012809D1A4
:10251000DFF8F00800683060062215F10801A81CF9
:10252000FFF726FE2100C9B2DFF8BC0803F00FFA5E
:10253000012070BD10B50400DFF8D018DFF8D00816
:102540000069FFF76DFD012827D1DFF8C808017881
:10255000012905D1002101700020DFF89018887052
:10256000DFF8B4080188491C018042F21071DFF8DD
:1025700078282300DBB21B011A449268B1FBF2F108
:1025800002888A420DD300210180DFF86018887824
:10259000002806D00020887003E00120DFF87418BE
:1025A00008702100C9B2DFF8400803F0D0F901201B
:1025B00010BD38B50400FDF702FEDFF85458287A44
:1025C000012808D10521DFF8200803F0B1F9DFF870
:1025D0003408006828612100C9B2DFF80C0803F054
:1025E000B6F9012032BD10B50400FDF7CFFDDFF8CC
:1025F00020080021017000210172012010BD10B5DA
:10260000040000224FF40051DFF8BC07FFF7E7FC9D
:10261000012010BD10B5040001224FF40051DFF875
:10262000A807FFF7DCFCDFF8C007210089B281664C
:10263000062103F08CF910BD38B5DFF89047DFF8BC
:10264000DC07616B097850F82100DFF88817C1F8C2
:102650006002DFF8CC0701786170DFF8C8174078B6
:1026600051F820006060207A02F0B2FB00EE100A00
:10267000DFF8B457B8EE400AD5ED010A20EE200A83
:10268000BDEEC00A84ED030A607A02F0A1FB00EE01
:10269000100AB8EE400AD5ED020A20EE200ABDEE7F
:1026A000C00A84ED040A207A02F092FB00EE100AC0
:1026B000B8EE400AD5ED030A20EE200ABDEEC00AAE
:1026C00084ED050A607A02F083FB00EE100AB8EE92
:1026D000400AD5ED040A20EE200ABDEEC00A84EDC2
:1026E000060A207A02F074FB00EE100AB8EE400AE7
:1026F000D5ED050A20EE200ABDEEC00A84ED070ADA
:10270000607A02F065FB00EE100AB8EE400AD5EDE3
:10271000060A20EE200ABDEEC00A84ED080AA07A5F
:1027200002F056FB00EE100ADFF8A456B8EE400A9D
:10273000D5ED020A20EE200ABDEEC00A84ED0B0A98
:10274000A07A02F045FB00EE100AB8EE400AD5ED83
:10275000010A20EE200ABDEEC00A84ED0C0AE07AE0
:1027600002F036FB00EE100ADFF8C056B8EE400A61
:10277000D5ED000A20EE200ABDEEC00A84ED0E0A57
:10278000E07A02F025FB00EE100AB8EE400AD5ED23
:10279000010A20EE200ABDEEC00A84ED0F0AE07A9D
:1027A00002F016FB00EE100AB8EE400AD5ED020A60
:1027B00020EE200ABDEEC00A84ED100AE07A02F095
:1027C00007FB00EE100AB8EE400AD5ED030A20EE32
:1027D000200ABDEEC00A84ED110A31BD2DE9F84F83
:1027E0008AB006002021002202AC200003F00AFA81
:1027F0000024002500208DF8050000208DF806003B
:102800001827DFF8D0853000C0B27843404490F8F4
:1028100015903000C0B2784340444068002842D050
:1028200001213000C0B200F0A9F900280ED130001B
:10283000C0B27843404442683000C0B2784340445C
:10284000017D4846C0B203F045F81EE05FF0000A83
:102850003000C0B278434044406802F0BFFC5146AB
:10286000C9B2814207D2202002A95246D2B288546E
:102870001AF1010AECE702AA3000C0B278434044E2
:10288000017D4846C0B203F025F83000C0B278435D
:102890004044406802F0A2FCDFF894150979491C15
:1028A000484310FA89F93000C0B278434044806848
:1028B000002800F03A813000C0B278434044007BE9
:1028C00000280BD002281ED012D3042830D024D3E5
:1028D000062845D036D307283ED044E03000C0B2A9
:1028E0007843404480680078002104000D003AE0FD
:1028F0003000C0B278434044806890F90000C117AE
:1029000004000D002FE03000C0B2784340448068DE
:102910000088002104000D0025E03000C0B278439B
:1029200040448068B0F90000C11704000D001AE0AF
:102930003000C0B278434044806800680021040041
:102940000D0010E03000C0B2784340448068006859
:10295000C11704000D0006E001208DF8050002E01B
:1029600002208DF805009DF8050000280CD13000EC
:10297000C0B278434044407B40420200D2B202A938
:102980002000FFF765FB26E09DF8050001281AD11D
:102990003000C0B278434044806802F01FFC202819
:1029A00019D23000C0B278434044806802F016FC6F
:1029B000020092B23000C0B278434044816802A85D
:1029C000FFF7D6FB07E03000C0B278434044806890
:1029D00000788DF8080002213000C0B200F0CEF877
:1029E000012823D13000C0B278434044807DC0B27A
:1029F00000098DF806009DF806000F2805D020205C
:102A000002A99DF80620885410E05FF0000A02A891
:102A100002F0E4FB5146C9B2814207D2202002A94C
:102A20005246D2B288541AF1010AF0E73000C0B21F
:102A300001285ED15FF0000A00208DF8040030000C
:102A4000C0B278434044407B002802D009208DF872
:102A50000400392000902E2315220F21DFF8D40323
:102A600003F004F902A802F0B9FB8346DFF8C003C3
:102A70000079401C00FB0BFB5846C0B2022190FBC2
:102A8000F1F01F280BDA5846C0B2022190FBF1F09A
:102A9000D0F140009DF8041050FA81FA07E0584642
:102AA000C0B2D0F15F009DF8041050FA81FA02AA7A
:102AB0003000C0B278434044007D401CC0B2DFF813
:102AC00070134979D1EBC001491EC9B25046C0B25A
:102AD00003F076FA5AFA8BF09DF80490B0EB0909EE
:102AE00089200090202307220521C14802F0D8FD4B
:102AF0001BE089200090202307220521BC4802F01A
:102B0000CFFD02AA3000C0B278434044017D484660
:102B1000C0B202F0DFFE02A802F060FBC4490979EE
:102B2000491C484310FA89F081463000C0B278430E
:102B30004044006900281ED03000C0B278434044B1
:102B40008068002817D03000C0B2784340448068C5
:102B5000B94988420FD03000C0B27843404402697E
:102B60003000C0B207FB00F708EB0700017D4846C4
:102B7000C0B202F0AFFE0BB0BDE8F08FF8B50400B4
:102B80000D0094492200D2B21820424301EB02000A
:102B9000817D2800C0B201402800C0B281422FD1FF
:102BA000A026A64F4FF496712800C0B27043384457
:102BB0002200D2B250F82200FFF732FA01282AD1BF
:102BC0002800C0B206FB00F607EB06002100C9B2E0
:102BD0008C4A126840F82120282099492A00D2B254
:102BE00042430A442300DBB22E00F6B200FB06F09B
:102BF00008442100C9B2405CD0F10100D0540AE081
:102C00008F492A00D2B22820424301EB0200210062
:102C1000C9B2002242548A49EDB22820454301EB53
:102C20000500E4B2005DF2BD70B50400002602F0BC
:102C30001FFF00F077F82000C0B200F07DF8200000
:102C4000C0B200F093F80025280080B2282811DADD
:102C500060492A0092B21820424301EB0200C07D75
:102C60002100C9B2884203D12800C0B2FFF7B6FDE7
:102C70006D1CE9E702F059FF70BDF0B44271C478F1
:102C800003792500EDB2AB420AD3F025514E27005F
:102C9000FFB218235F4306EB07039D75641CEFE743
:102CA00018234C4C85785D4325444679AE75002940
:102CB00004D0857803FB05F323449960F0BC70478A
:102CC0002DE9F84F0700884691469A460A9E0B9DCB
:102CD000DDF830B00D9C87F8008087F8019087F808
:102CE00002A0FE703D712200D2B259463800FFF7B3
:102CF000C4FFBDE8F18F10B4010000221000C0B283
:102D000004280CD21000C0B2085C4E4B1400E4B290
:102D10001B5D984201D0002002E0521CEEE701202A
:102D200010BC704780B50120009008237F22082145
:102D3000002003F0C9F901BD10B504002000C0B2A5
:102D4000002812D138480078002807D122A2214853
:102D500090F84410782002F0BDFD06E01FA21D4847
:102D600090F84410782002F0B5FD10BD0100C9B202
:102D7000092924D115490978002906D002290ED045
:102D800008D3042915D00FD318E02F49114AC2F8EF
:102D9000981318E02D490F4AC2F8981313E02C49F4
:102DA0000C4AC2F898130EE02A490A4AC2F898134E
:102DB00009E02949074AC2F8981304E003E02249D0
:102DC000044AC2F898137047000800487C000020AD
:102DD0005428002028010020200000004E000000A0
:102DE00080050020C40000200C00002028280020BE
:102DF000F8EC0008C528002080F6000894F20008CE
:102E0000C6280020A42800207C28002080EE360060
:102E1000E0270020C7280020B8280020200100203B
:102E2000340C0020BC060020782700203828002021
:102E300048280020D0EA0008360C0020EC1E0020B4
:102E4000E4240020CC000020D0000020E00000207E
:102E5000F0000020000100201001002010B5040047
:102E60000121DFF8FC0C02F072FD012010BD30B52D
:102E700087B004001421002202AD280002F0C2FE37
:102E8000DFF8FC0BD0E90023CDE9002302A8009075
:102E9000DFF8F05B2978684600F0FAF92878687066
:102EA000BDF80410009800F01AFD00202870DFF82B
:102EB000B05C0221280002F03BFD0321280002F053
:102EC00046FD2100C9B2280002F041FD012007B0F3
:102ED00030BD10B50400DFF8B01B8888002810D082
:102EE000DFF8A80B02888B889A4208D10021018064
:102EF0000321DFF86C0C02F01BFD012008E089883B
:102F000001802100C9B2DFF8580C02F020FD012039
:102F100010BD2DE9F041040000250026DFF8687B94
:102F2000B88803283DDB3868B988084410F8010CDC
:102F30003968BA88114411F8021C51EA00210E00C8
:102F4000B988891E386803F059F905002800310056
:102F500080B289B288421DD10721DFF8040C02F04B
:102F6000F6FC386800780E280DD1DFF8188B0121A7
:102F700098F8010000F0A5F998F80120D7E90001C0
:102F800000F08FF913E00021DFF8F80A407800F034
:102F900098F90CE00021DFF8EC0A407800F091F994
:102FA00005E00021DFF8DC0A407800F08AF9DFF85C
:102FB000D40A407800F0ECF80221DFF8A40B02F00C
:102FC000D8FC0120BDE8F0810100DFF8B80D0278DF
:102FD000032A01D0042202700120704710B50400BA
:102FE0002100C9B2DFF8780B02F0B1FC012010BD5E
:102FF00010B50400DFF86C0B0178012936D1DFF839
:103000000C1CC978012931D1DFF8041C91ED030AA9
:10301000D0ED020AB4EE600AF1EE10FA08DA91ED92
:10302000030AD0ED010AB4EE600AF1EE10FA0ED5F3
:1030300001224FF400615FF09040FEF7D0FF0122C3
:103040004FF480515FF09040FEF7C9FF1CE0002272
:103050004FF400615FF09040FEF7C1FF00224FF493
:1030600080515FF09040FEF7BAFF0DE000224FF470
:1030700000615FF09040FEF7B2FF00224FF48051F4
:103080005FF09040FEF7ABFFDFF8D40A4FF47A719F
:1030900081662100C9B202F05AFC012010BD38B58A
:1030A0000400DFF8701B087800281FD10120087089
:1030B000DFF8645B012210212800FEF790FF002258
:1030C00008212800FEF78BFF00220421DFF84C0BBB
:1030D000FEF785FF4FF4FA60DFF8841A886703F083
:1030E0006FFA03F018FC03F007FC12E000200870F0
:1030F00001220821DFF8200BFEF771FF01220421D5
:10310000DFF8180BFEF76BFF4EF66020DFF8501A61
:1031100088672100C9B2DFF8480A02F018FC0120D4
:1031200032BD10B50400DFF8E81A0878002803D192
:10313000002081F8240011E0DFF84C0C8278042A8A
:1031400005D08278092A06D1007A042803D1032009
:1031500081F8240002E0022081F82400DFF8AC0AA4
:10316000C078012806D1012081F82500012081F8CE
:10317000260005E0002081F82500002081F82600C7
:103180002100C9B2DFF8D80902F0E1FB012010BD2F
:1031900038B52DED028B04009FED858A2000C0B26A
:1031A00000285AD1DFF8685A95ED010ADFED810A4F
:1031B00020EE200ABDEEC00A10EE100A00F02EFA32
:1031C00085ED010A95ED010A00F09AFA85ED030AF2
:1031D00095ED020A00F0F4FA85ED040A95ED040A73
:1031E000D5ED060A30EE200ADFF8A00BD0ED020A7A
:1031F000F4EE400AF1EE10FA02D5D0ED020A0BE02F
:10320000D0ED030AB4EE600AF1EE10FA02D5D0ED6B
:10321000030A01E0F0EE400AC5ED040AD5ED030A09
:1032200095ED051A30EE818AD0ED000AF4EE480AD9
:10323000F1EE10FA02D590ED000A0BE090ED010AD4
:10324000B4EE408AF1EE10FA02D590ED010A01E0E9
:10325000B0EE480A85ED030AFFE7DFF8B459287895
:10326000002807D10020686095ED010A00F048FAB7
:1032700085ED030A2878002807D10020A86095ED85
:10328000020A00F09DFA85ED040ABDEC028B31BD07
:1032900038B504000D002900C9B2200000F01BF869
:1032A00031BD70B504000D00160020000078C0B2DA
:1032B0000E2805D13200D2B22000290000F07CF89F
:1032C00070BD38B504000D002900C9B22000C0B29D
:1032D00000F01CF931BD3EB504000D002800C0B25D
:1032E000002808D0022819D00ED3042835D01FD3C7
:1032F000052847D05BE004200090002303220E2124
:10330000200002F099FF52E0012000904FF480531A
:1033100003220E21200002F08FFF48E001200090E0
:1033200041F2040303220E21200002F085FF3EE05B
:10333000DFF8580D818802290ED10168019180883B
:10334000022190FBF1F080B200904FF480530622EE
:103350000E21200002F0BEFF29E0DFF8300D818849
:1033600002290ED1016801918088022190FBF1F0C1
:1033700080B2009041F2040306220E21200002F0E8
:10338000A9FF14E0DFF8040D818802290ED101683D
:1033900001918088022190FBF1F080B2009042F20E
:1033A000200306220E21200002F094FFFFE737BD24
:1033B000000000000000C8422DE9F84F2DED028BFF
:1033C00082B004000D0091460020ADF800009FED92
:1033D0006B8A00264846C0B200280BD0022876D05F
:1033E0005ED3042800F08A80C0F08880052800F0B1
:1033F000858086E00320ADF80000022269462000A7
:1034000000F03AFA08EE900A02226946200000F025
:1034100033FA8046DFF8F877B8EE680A10EE100A43
:1034200002F09CF882468B46404602F089F841EC57
:10343000110B9FEDB10B01F022FF53EC102B504606
:10344000594601F025FF02F047F8786002226946EC
:10345000200000F011FA00EE100AB0EE408A0222BD
:103460006946200000F008FA0600B8EE480A10EE9F
:10347000100A02F073F882468B46300002F060F8C2
:1034800041EC110B9FED9C0B01F0F9FE53EC102B5E
:103490005046594601F0FCFE02F01EF8B86030E0DC
:1034A0000320ADF8000002226946200000F0E4F994
:1034B00000EE100AB0EE408AB8EE480AF2EE040AB6
:1034C00080EE200ADFF8480780ED070A19E00320A4
:1034D000ADF8000002226946200000F0CDF900EEB0
:1034E000100AB0EE408AB8EE480AF2EE040A80EE06
:1034F000200ADFF81C0780ED080A02E000F061F9FD
:10350000FFE702B0BDEC028BBDE8F18F0200D2B242
:10351000002A052A1BD80A00D2B2012A0ED1DFF8F0
:10352000F02600235370012313700200D2B2002A48
:103530000CD10122DFF8D436DA7007E0DFF8D026AC
:103540005378032B02DA53785B1C5370FFE7DFF8E4
:10355000C0365A78002A10D05A78032A0DDB002290
:103560001A7000225A6000229A600022DA6100225A
:103570001A620022DFF89436DA707047000000000B
:103580002DE9F04100242500EDB20A2D43DA002593
:103590002E00F6B2092E3CDA2E00F6B201EB8606BA
:1035A00076682F00FFB251F82770BE422FDA00264E
:1035B0002F00FFB251F82770AC465FFA8CFC01EB8C
:1035C0008C0CDCF804C0AE465FFA8EFE41F82EC0CB
:1035D000AC465FFA8CFC01EB8C0CCCF80470AC466A
:1035E0005FFA8CFC50F82CC0AE465FFA8EFE00EB02
:1035F0008E0EDEF804E0A8465FFA88F840F828E06E
:10360000AE465FFA8EFE00EB8E0ECEF804C06D1C47
:10361000BEE7641CB7E7BDE8F081000038B52DEDCA
:10362000028B04009FED938ADFF8F81A08780028CF
:103630002AD10120087000210800C0B20A2815DA3A
:103640000800C0B2DFF8E02A0B00DBB242F823002A
:10365000DFF81C2B0800C0B252F82000002803D16C
:103660000800C0B242F82040491CE5E7DFF8005BE3
:10367000092300222900DFF8B00AFFF781FF95ED4A
:10368000050AB8EEC00A30E000200100C9B20A29DC
:103690001EDADFF8941A0200D2B251F82220092A69
:1036A0000BD100220300DBB241F82320DFF8C01A5F
:1036B0000200D2B241F8224008E00200D2B251F832
:1036C0002220521C0300DBB241F82320401CDCE71F
:1036D000DFF89C5A092300222900DFF84C0AFFF783
:1036E0004FFF95ED050AB8EEC00ADFEDBB0A80EE8C
:1036F000200ABDEC028B31BD000000000000244018
:10370000F0EE400A9FEDB51A9FEDB53ADFED593A5C
:10371000F5EE400AF1EE10FA40D0F0EE603A9FED7F
:10372000B10ADFF8D80A90ED004A34EE634AB4EEED
:10373000404AF1EE10FA08DA90ED004A33EEC44A3E
:10374000B4EE404AF1EE10FA03DB9FEDA70A21EE3A
:10375000001ADFF8AC0A90ED000AF0EE401ADFF82C
:10376000A41A91ED000A30EE010AB0EE402A32EEC2
:10377000030A82EE000AF0EE402A33EEE10AB0EED0
:10378000614A00EE224A80ED004AB7EE000A30EEB0
:10379000620A20EE020A81ED000A08E0DFF8640AFE
:1037A0005FF07E510160DFF8580A00210160DFF808
:1037B000500ADFF8481A02680A6090ED000A704764
:1037C000704780B50320DFF8BC1508700421E44879
:1037D00002F0CFF83220FEF71DFF01BD80B5DFF803
:1037E000280A0078A74908700220DFF898150870A9
:1037F0000421DB4802F0ABF801BD2DE9F0410400E3
:103800000D0016002F00DFF884884046FEF750FCBC
:10381000300080B2022802D004280BD01DE0787856
:10382000D8F8001008703878D8F800104870A8F858
:10383000046015E07878D8F8001008703878D8F867
:1038400000104870F878D8F800108870B878D8F868
:103850000010C870A8F8046002E00020A8F8040076
:10386000DFF8A40904700120DFF8A0190870BDE892
:10387000F081000000000000F0B4030000200C887C
:103880001500EDB2042D16D12500ADB21D44AE7861
:103890002500ADB21D44ED7855EA06252600B6B2E6
:1038A0009E5D2700BFB21F447F7857EA062757EA7C
:1038B000054738000DE01500EDB2022D09D12500B5
:1038C000ADB25D5D2600B6B21E44767856EA052696
:1038D00030000D8855FA82F50D80F0BC704770B548
:1038E00004000D00DFF8286901224FF480513000F8
:1038F000FEF775FB0A2003F031F802F0F5FF4FF4F4
:103900007A732A0092B22100DFF8080903F077F8F1
:1039100000224FF480513000FEF761FB70BD2DE9AD
:10392000F0412DED028B8EB0F0EE408AB0EE608A51
:10393000322100226C46200002F064F900270024A6
:103940000025DFF8CC82C8ED058A88ED068A98ED5F
:10395000050A01F031FC060098ED060A01F02CFC86
:10396000804668463100090E3A00D2B281547F1C6D
:103970003100090C3A00D2B281547F1C3100090A8F
:103980003A00D2B281547F1C3900C9B246547F1C20
:103990004146090E3A00D2B281547F1C4146090CBF
:1039A0003A00D2B281547F1C4146090A3A00D2B291
:1039B00081547F1C3900C9B200F801807F1C3A0095
:1039C000D2B292B26946DFF8500804F035F80EB072
:1039D000BDEC028BBDE8F0810000C84295BFD63334
:1039E00017B7D1380100A04100007A4470B5002417
:1039F0000025DFF824080078C0B2FF2839D0DFF8AE
:103A00001C080178C9B20906DFF814080078C0B2B2
:103A100051EA0041DFF80C080078C0B251EA0021F9
:103A2000DFF804080078C0B201430C00DFF8FC079F
:103A30000178C9B20906DFF8F8070078C0B251EA88
:103A40000041DFF8F0070078C0B251EA0021DFF84A
:103A5000E8070078C0B201430D006D4E16F1140165
:103A6000200001F0D1FA16F11801280001F0CCFA7B
:103A700004E06748002141610021816170BD0000C0
:103A800098F80008C0280020E40B0020BE28002081
:103A90002DE9F0472DED028B8EB00400F0EE408A48
:103AA000B0EE608A322100226D46280002F0AAF8AA
:103AB000002500260027DFF8ACA08AF800408AED38
:103AC000028ACAED018A9AED020A01F075FB80466E
:103AD0009AED010A01F070FB814668469AF80010E1
:103AE0002A00D2B281546D1C4146090E2A00D2B27E
:103AF00081546D1C4146090C2A00D2B281546D1CC0
:103B00004146090A2A00D2B281546D1C2900C9B26B
:103B100000F801806D1C4946090E2A00D2B281547A
:103B20006D1C4946090C2A00D2B281546D1C4946CD
:103B3000090A2A00D2B281546D1C2900C9B200F8CA
:103B400001906D1C2A00D2B292B26946DFF8EC06F1
:103B500003F072FF0EB0BDEC028BBDE8F0870000F1
:103B6000300700205428002070B500240025DFF81D
:103B7000CC060078C0B2FF283DD0DFF8C466DFF87D
:103B8000C40600783070DFF8C0060178C9B20906B3
:103B9000DFF8B8060078C0B251EA0041DFF8B0069D
:103BA0000078C0B251EA0021DFF8A8060078C0B260
:103BB00001430C00DFF8A0060178C9B20906DFF85E
:103BC0009C060078C0B251EA0041DFF89406007804
:103BD000C0B251EA0021DFF88C060078C0B2014380
:103BE0000D0016F10801200001F00EFA311D280029
:103BF00001F00AFA08E0DFF8480600210170DFF85A
:103C0000681681600021416070BD0000902800208E
:103C100078270020CD28002000040048000C004830
:103C20002DE9F84F2DED048B8EB0F0EE409AB0EEFA
:103C3000608AF0EE418AB0EE619A3221002201AC36
:103C4000200001F0DFFF5FF0000B00200090002457
:103C500000250026DFF834A1CAED009A8AED018A1A
:103C6000CAED028A8AED039A9AED000A01F0A4FADD
:103C700007009AED010A01F09FFA80469AED020AC8
:103C800001F09AFA81469AED030A01F095FA82460C
:103C900001A83900090E5A46D2B281541BF1010B1A
:103CA0003900090C5A46D2B281541BF1010B39007C
:103CB000090A5A46D2B281541BF1010B5946C9B2C6
:103CC00047541BF1010B4146090E5A46D2B28154AA
:103CD0001BF1010B4146090C5A46D2B281541BF12B
:103CE000010B4146090A5A46D2B281541BF1010B1D
:103CF0005946C9B200F801801BF1010B4946090E73
:103D00005A46D2B281541BF1010B4946090C5A465E
:103D1000D2B281541BF1010B4946090A5A46D2B26C
:103D200081541BF1010B5946C9B200F801901BF1F7
:103D3000010B5146090E5A46D2B281541BF1010BB8
:103D40005146090C5A46D2B281541BF1010B51461F
:103D5000090A5A46D2B281541BF1010B5946C9B225
:103D600000F801A01BF1010B5A46D2B292B201A990
:103D7000DFF8F80403F060FE0EB0BDEC048BBDE884
:103D8000F18F00007C000020282800203828002027
:103D90002DE9F0410024002500260027DFF8CC049F
:103DA0000078C0B2FF2871D0DFF8C4040178C9B22E
:103DB0000906DFF8C0040078C0B251EA0041DFF81C
:103DC000B8040078C0B251EA0021DFF8B0040078EE
:103DD000C0B201430C00DFF8A8040178C9B209069B
:103DE000DFF8A0040078C0B251EA0041DFF898047F
:103DF0000078C0B251EA0021DFF890040078C0B228
:103E000001430D00DFF888040178C9B20906DFF824
:103E100084040078C0B251EA0041DFF87C040078E5
:103E2000C0B251EA0021DFF874040078C0B2014347
:103E30000E00DFF86C040178C9B20906DFF86404EB
:103E40000078C0B251EA0041DFF85C040078C0B2EB
:103E500051EA0021DFF854040078C0B201430F009A
:103E6000DFF84C844146200001F0CEF818F104013F
:103E7000280001F0C9F818F10801300001F0C4F879
:103E800018F10C01380001F0BFF80BE0DFF8200456
:103E9000DFF8D413016000214160DFF8181481605D
:103EA0000021C160BDE8F08178B591B004000D003B
:103EB0003C21002202AE300001F0A4FE0020ADF84B
:103EC00004000321062000F06EFD0B20009000236B
:103ED000DFF8E42301A902A801F080F84FF47A7317
:103EE000BDF8042002A9DFF8D40302F088FD12B067
:103EF00070BD78B591B004000D003C21002202AEE7
:103F0000300001F07FFE0020ADF80400C24803F04D
:103F100063FDCA4803F060FDC94800210170D24921
:103F20008160002141600D2000900023DFF8902384
:103F300001A902A801F052F84FF47A73BDF80420E9
:103F400002A9DFF8780302F05AFD12B070BD38B54F
:103F500090B004000D0003A8DFF86813322203F0CC
:103F6000AFFDDFF86403D0E90023CDE9012303A806
:103F700001900023D548027802A903A800F0B9FFF8
:103F800002200090002379A202A903A801F026F8DC
:103F90004FF47A73BDF808200199C84802F02FFD4C
:103FA00011B030BDF8B504000D000026206800787F
:103FB00030283ADB206800783A2836DA00270020DB
:103FC0000100C9B2A28889B291420FD221680200D1
:103FD000D2B2895C302905DB21680200D2B2895C4B
:103FE0003A2900DB02E07F1C401CE9E73900C9B236
:103FF000206801F0ABF80600B6F5807F0DD2B3481B
:1040000041783000C0B200F0CEFC4FF47A73022247
:1040100079A1AA4802F0F3FC0EE04FF47A7305226E
:10402000AB49A64802F0EBFC06E04FF47A73052298
:10403000A749A24802F0E3FCF1BD38B590B00400F6
:104040000D0003A8A349322203F03AFDA248D0E9AB
:104050000023CDE9012303A8019000239B48427867
:1040600002A903A800F045FF0220009000233FA210
:1040700002A903A800F0B2FF4FF47A73BDF808203C
:1040800001998E4802F0BBFC11B030BDC007002082
:10409000F8B504000D00002620680078302839DBD0
:1040A000206800783A2835DA002700200100C9B2DC
:1040B000A28889B291420FD221680200D2B2895CF3
:1040C000302905DB21680200D2B2895C3A2900DB85
:1040D00002E07F1C401CE9E73900C9B2206801F00A
:1040E00035F806000C2E0DD23100C9B277480078A1
:1040F00000F059FC4FF47A7302223FA16F4802F09E
:104100007EFC0EE04FF47A73052271496B4802F091
:1041100076FC06E04FF47A7305226D49674802F099
:104120006EFCF1BDCE2800202827002080B5FFF7C7
:104130005DFCFFF719FDFFF72BFE68486849C0F8E2
:10414000A4136849C0F8B4136749C0F8C413674999
:10415000C0F8D4136649C0F8E4136649C0F8F413F4
:1041600002F0D9FB02F0C8FB01BD00000D0A0000FF
:104170005027002070B50020002400252800C0B280
:10418000092836DA5C4E2800C0B20001304440787D
:1041900001282CD1012004002800C0B200013044C5
:1041A000406800280ED001F075FA2900C9B2090153
:1041B00031444968401A2900C9B20901314489686B
:1041C000884214D300202900C9B209013144487043
:1041D00001F060FA2900C9B20901314448602800A1
:1041E000C0B22900C9B209013144C96888476D1CB1
:1041F000C4E72000C0B270BD4F4B000098280020DB
:1042000094280020C8070020CC2800207C00002033
:1042100000080048DC21002000080208020802080B
:104220000308020804080208050802080608020834
:104230000708020808080208090802080010020816
:10424000542800200210020803100208041002087B
:1042500005100208061002080710020808100208DC
:10426000091002080A1002080000FA44002002089F
:104270000220020803200208042002080520020888
:104280000620020807200208082002080920020868
:104290000A2002080B2002080C2002080D20020848
:1042A0000E2002080F200208102002081120020828
:1042B000382800200000A04298F60008CC200020FA
:1042C000D0F3000870F00008A0F80008340C0020BB
:1042D00090F80008A4F00008A8F80008D40700200F
:1042E000A93E0008F33E00084F3F0008A53F000824
:1042F0003B400008914000083007002002000020E9
:10430000704730B40200DFF8980A002304688588FB
:10431000635583885B1C8380DFF8883A1B780468C8
:104320008588635583885B1C8380012030BC70477F
:10433000F8B504000D00002000212E002268330093
:10434000DBB2D25C23683700FFB23B445F7857EAA8
:1043500002273A0092B2B2F5807F23DA380080B2A9
:1043600000281FD0DFF8380A21683200D2B2895CF9
:1043700002688388D1548188491C81802168320079
:10438000D2B21144497802688388D1548188491C8B
:104390008180DFF8100A41783800C0B200F003FBDA
:1043A000012000E00020F2BD30B40200DFF8F00987
:1043B000002304688588635583885B1C8380DFF84D
:1043C000E4395B7804688588635583885B1C838047
:1043D000012030BC7047F8B504000D00002000211A
:1043E0002E0022683300DBB2D25C23683700FFB2B4
:1043F0003B445F7857EA02273A0092B20B2A1FDA51
:10440000DFF89C0921683200D2B2895C0268838897
:10441000D1548188491C818021683200D2B2114474
:10442000497802688388D1548188491C8180390089
:10443000C9B2DFF87009007800F0B5FA012000E099
:104440000020F2BDF8B504000D000026DFF8580981
:1044500090ED030A00F0B0FE0100DFF844090A0005
:10446000120A03688788DA558288521C82800268A3
:104470008388D1548288521C82800A00120E0368FD
:104480008788DA558288521C82800A00120C0368E1
:104490008788DA558288521C82800120F2BDF8B5E7
:1044A00004000D000026DFF8000990ED040A00F07A
:1044B00083FE0100DFF8E8080A00120A0368878813
:1044C000DA558288521C828002688388D15482889F
:1044D000521C82800A00120E03688788DA5582888F
:1044E000521C82800A00120C03688788DA55828881
:1044F000521C82800120F2BDF8B504000D00002698
:104500009FEDA30A00F058FE0100DFF894080A00AE
:10451000120A03688788DA558288521C82800268F2
:104520008388D1548288521C82800A00120E03684C
:104530008788DA558288521C82800A00120C036830
:104540008788DA558288521C82800120F2BD0000E3
:10455000F8B504000D0000269FED8D0A00F02CFE3A
:104560000100DFF83C080A00120A03688788DA5560
:104570008288521C828002688388D1548288521CAF
:1045800082800A00120E03688788DA558288521CDE
:1045900082800A00120C03688788DA558288521CD0
:1045A00082800120F2BD30B40200DFF8F40700235E
:1045B00004688588635583885B1C8380DFF8E8374F
:1045C00093F8243004688588635583885B1C838056
:1045D000012030BC704730B40200DFF8C40700236C
:1045E00004688588635583885B1C8380DFF8B8374F
:1045F00093F8253004688588635583885B1C838025
:10460000012030BC704730B40200DFF8940700236B
:1046100004688588635583885B1C8380DFF888374E
:1046200093F8263004688588635583885B1C8380F3
:10463000012030BC704730B40200DFF8640700236B
:1046400004688588635583885B1C83800023046825
:104650008588635583885B1C8380012030BC70474C
:1046600030B40200DFF838070023046885886355FA
:1046700083885B1C83800023046885886355838856
:104680005B1C8380012030BC704730B40200DFF82F
:104690001007002304688588635583885B1C83802A
:1046A000DFF808371B7804688588635583885B1CAE
:1046B0008380012030BC7047F8B504000D00002055
:1046C00000212E0022683300DBB2D25C2368370061
:1046D000FFB23B445F7857EA02273A0092B2012AC0
:1046E00003D0380080B2002822D1DFF8B406216858
:1046F0003200D2B2895C02688388D1548188491C17
:10470000818021683200D2B21144497802688388DE
:10471000D1548188491C8180DFF89006D0ED020ACF
:1047200090ED010A3800C0B2FFF7B2F9012000E0B5
:104730000020F2BDF8B504000D000026DFF86C067D
:1047400090ED020A00F038FD0100DFF854060A007F
:10475000120A03688788DA558288521C82800268B0
:104760008388D1548288521C82800A00120E03680A
:104770008788DA558288521C82800A00120C0368EE
:104780008788DA558288521C82800120F2BD0000A1
:10479000000000002DE9F84304000D000026002071
:1047A00000900027A84620684146C9B20844817895
:1047B00020684246D2B21044C07850EA01202168F5
:1047C0004246D2B2895C22684346DBB21A4492F870
:1047D000019059EA012959EA0049DFF8C405216826
:1047E0004246D2B2895C02688388D1548188491CD0
:1047F000818021684246D2B2114449780268838898
:10480000D1548188491C818021684246D2B211442A
:10481000897802688388D1548188491C8180216805
:104820004246D2B21144C97802688388D154818843
:10483000491C81806946484600F0E6FBDFF86C05BC
:10484000DDED000A90ED010A0078FFF721F9012063
:10485000BDE8F283F8B504000D000026DFF84C0532
:1048600090ED010A00F0A8FC0100DFF834050A0011
:10487000120A03688788DA558288521C828002688F
:104880008388D1548288521C82800A00120E0368E9
:104890008788DA558288521C82800A00120C0368CD
:1048A0008788DA558288521C82800120F2BD2DE96A
:1048B000F84304000D000026002000900027A846C1
:1048C00020684146C9B20844817820684246D2B285
:1048D0001044C07850EA012021684246D2B2895C77
:1048E00022684346DBB21A4492F8019059EA012942
:1048F00059EA0049DFF8A80421684246D2B2895C2F
:1049000002688388D1548188491C8180216842468D
:10491000D2B21144497802688388D1548188491CF5
:10492000818021684246D2B2114489780268838826
:10493000D1548188491C818021684246D2B21144F9
:10494000C97802688388D1548188491C818069466E
:10495000484600F059FBDFF85404D0ED020A9DED03
:10496000000A0078FFF794F80120BDE8F28370B5E3
:1049700004000D00DFF83864012220213000FDF72B
:104980002EFB0A2001F0EAFF4FF47A732A0092B25C
:104990002100DFF8200402F032F80022202130004C
:1049A000FDF71DFB70BD7CB504000D000821002241
:1049B0006E46300001F026F90026DFF8E8030470A7
:1049C0004570694602783300DBB2CA54761C4078E1
:1049D0003200D2B28854761C3200D2B292B269460A
:1049E000DFF8D40303F028F873BDDFF8CC030078B8
:1049F000C0B2FF280AD0DFF8AC03DFF8C013097893
:104A00000170DFF8BC130978417005E0DFF894030A
:104A1000062101700321417070472DE9F04F87B0E6
:104A2000040000275FF000085FF000090025DFF8B0
:104A30009423D2E90001CDE902010026DFF88823A2
:104A4000D2E90001CDE90401DFF854A35046FDF797
:104A50002FFBA0880828C0F29E812068A188084406
:104A600010F8010C2168A288114411F8021C51EAC7
:104A70000021ADF81810A188891E206801F0BEFB46
:104A8000ADF81A00BDF81A00BDF81810884240F0C1
:104A9000808120680078C3490978884240F0798194
:104AA000206880782168CF7857EA0027206840780E
:104AB000032807D0042805D006286DD0102800F060
:104AC000C48062E1206800792168497951EA0021B7
:104AD0000D005FF001084046C0B20F2836DA5FF0E3
:104AE0001409DFF8E8B24046C0B209FB00F05844B0
:104AF0004068390089B2884225D1280080B24146F9
:104B0000C9B209FB01F15944896888421BDB0021C5
:104B100000204246D2B209FB02F25A44D2689047C2
:104B200001280FD14046C0B209FB00F0584480680C
:104B30002D1A4046C0B209FB00F90BEB0900806852
:104B4000C71900E002E018F10108C4E7BAF8040050
:104B5000002820D0BAF80400022190FBF1F201FBFA
:104B60001200002817D1DAF800000190BAF804000A
:104B7000022190FBF1F080B200903B009BB22068D4
:104B800042782068017804A801F018FCBDF81410E0
:104B90000498FFF7ECFEFAE004200100C9B2A288F5
:104BA000921E91420EDA21680200D2B2895C029A0A
:104BB000BDF80C30D154BDF80C10491CADF80C10E8
:104BC000401CEAE75FF001084046C0B20F2817DA40
:104BD00014227E4B4046C0B250431844406839000E
:104BE00089B2884209D1002102A8C4465FFA8CFC30
:104BF00002FB0CF21A441269904718F10108E3E72E
:104C0000BAF8040000281FD0BAF80400022190FB73
:104C1000F1F201FB1200002816D1DAF80000019031
:104C2000BAF80400022190FBF1F080B200903B0042
:104C30009BB206222068017804A801F010FCBDF8A0
:104C400014100498FFF793FEA1E0002006002068EE
:104C500000792168497951EA00210D0007200100FF
:104C6000C9B2A288921E91420EDA21680200D2B225
:104C7000895C029ABDF80C30D154BDF80C10491C67
:104C8000ADF80C10401CEAE7280080B24000216813
:104C9000897988424DD1BDF80C002168897989B2A3
:104CA000884246D15FF001084046C0B20F2840DA82
:104CB0005FF01409DFF814B14046C0B209FB00F000
:104CC00058444068390089B288422FD1280080B208
:104CD0004146C9B209FB01F159448968884225DB84
:104CE000310089B202A84246D2B209FB02F25A440C
:104CF00012699047012818D14046C0B209FB00F064
:104D000058448068400010FA86F64046C0B209FB5D
:104D100000F0584480682D1A4046C0B209FB00F9E3
:104D20000BEB09008068C71900E002E018F10108E8
:104D3000BAE7BAF80400002826D0BAF80400022125
:104D400090FBF1F201FB120000281DD12068807851
:104D50002168C97851EA00210F00DAF800000190BB
:104D6000BAF80400022190FBF1F080B200903B0001
:104D70009BB210222068017804A801F070FBBDF8F6
:104D800014100498FFF7F3FD01E0002004E0012077
:104D900002E0002000E0002007B0BDE8F08F000036
:104DA000E8060020340C002078270020542800203A
:104DB00000040048542100200000020802000208FC
:104DC0000300020880F8000888F800089005002019
:104DD00001000800C0B2002801D1012021E0080034
:104DE000C0B2FF2801D10A201BE00800C0B2FE2893
:104DF00001D1642015E00800C0B2FD2802D14FF4B3
:104E00007A700EE00800C0B2FC2802D142F21070A5
:104E100007E00800C0B2FB2802D1DFF8980300E0E9
:104E2000012070472DE9F24F824693460020002171
:104E30000A260027B046B946009A1588BBF1000F34
:104E400008D5DBF100042D202A0092B20AF80200F6
:104E50006D1C00E05C462000002142464B4602F0FB
:104E600083FE002901D1002808D0A6FB080106FB1B
:104E7000091107FB081180468946ECE74046494680
:104E80000A22002302F070FE06000F00002F01D15D
:104E9000002E28D02000002132003B0002F064FEEA
:104EA0003030290089B20AF801006D1CA0465FF07D
:104EB00000092000002132003B0002F055FEA6FB55
:104EC000002306FB013307FB0033B8EB020079EB4C
:104ED00003010400300039000A22002302F044FEDE
:104EE00006000F00D2E7009805802800C0B2BDE898
:104EF000F28F2DE9FE4F06000F0090460020ADF81E
:104F000000000020002400215FF0000BB7F80090A3
:104F1000B8F1000F02D5D8F1000500E04546424641
:104F200039003000FFF77EFFB7F800A0002D4FD00A
:104F30009DF80800FFF74CFF01008D4205D20A20C2
:104F400045431BF1010B002DF7D15846C0B2002894
:104F500021D050460200D2B2324412F8012C2D2A40
:104F600006D00200D2B24B4692B29BB29A4208D10E
:104F700030220300DBB2F2541AF1010ABBF1010B3B
:104F8000E3E70200D2B2324412F8012C0300DBB294
:104F9000F254401EDEE70A20B1FBF0F4504683468F
:104FA000002C15D00A20B4FBF0F45846C0B23044AF
:104FB00010F8010C5946C9B27054BBF1010B002C1A
:104FC000EED12E205946C9B270541AF1010AE7E712
:104FD000A7F800A05046C0B2BDE8FE8FF0B4049C14
:104FE00000252E00B6B2A6420BD20E88771C0F8089
:104FF0002F00BFB217FA83F7D75DB6B287556D1C85
:10500000EFE7F0BC704700002DE9F34F81B02DEDC4
:10501000028B9FED658A002401250026F7EE008AA9
:1050200000273800C0B2202864DA0398F84010F056
:10503000010004003800C0B2172829DA18EE900ADF
:1050400000F08CFA82468B462000C0B200F078FA5D
:10505000804689463800C0B2D0F117005FF0FF31BA
:10506000484300F0F3F841EC110B9FED500B00F0BA
:1050700006F951EC100B42464B4602F08DFE5246AB
:105080005B4602F05BFF00F027FA08EE900A2FE083
:105090003800C0B21F2824DA3000C0B200F050FA45
:1050A00082468B462000C0B200F04AFA804689460C
:1050B0003800C0B2173800F0C9F841EC110B9FED71
:1050C0003B0B00F0DCF851EC100B42464B4602F073
:1050D00063FE52465B4602F031FF02F0EDFF060030
:1050E00006E02000C0B2012802D15FF0FF300500C9
:1050F0007F1C96E7280040B200F0A8F88046894659
:105100003000C0B27F3800F0A1F841EC110B9FEDE8
:10511000270B00F0B4F851EC100B42464B4602F05E
:105120003BFE8046894618EE900A00F017FA424688
:105130004B4602F031FE00F0CFF900EE100A049861
:1051400080ED000ABDEC028BBDE8F78F70B4030060
:1051500000220024002000252A000E00D2B2F6B260
:10516000B2421FD22A00D2B29A5C302A0ADB2A004D
:10517000D2B29A5C3A2A05DA2A00D2B29A5C303A64
:10518000140001E0002214002A00D2B2002A03D148
:105190002200D2B2100003E00A22504350FA84F0F9
:1051A0006D1CD9E770BC70470000000000000000D3
:1051B00000000040A086010010B42DED010A00207F
:1051C0006A460023042B07D2D45C1900C9B2C90077
:1051D0008C4020435B1CF5E712BC704700F10103D3
:1051E000810704D010F8011B820781B1FAD102684F
:1051F000A2F10131914311F0803104BF50F8042F26
:10520000F6E709BAB1FA81F100EBD100401CC01AEF
:10521000704730B4002513E050F8042BD30744BF87
:10522000A9F101039A18091F042942F8045BFAD274
:1052300013468C0744BF15809B1CC90748BF1D70CF
:1052400050F8041B0029E7D130BC7047C11768B182
:105250004840401AB0FA80F29040D21CC907C2F50B
:10526000846241EA025202EBD02140057047026895
:10527000531C03601170704741EC100B01BD80B5E9
:1052800053EC112B51EC100B02F034FFF4E72E001D
:10529000F0B540F2FF7581EA030C0CF0004C15EA02
:1052A00011541DBF15EA1357AC42AF42E5E0BC41B3
:1052B000C1F31301C3F31303801A994143F480131C
:1052C00004D2641E4000494180185941C90241EA94
:1052D0005051B1FBF3F603FB1611A2FB0675D7EB99
:1052E000C020A94102D2761E80185941C90241EA64
:1052F0005051B1FBF3FE03FB1E11A2FB0E75D7EB61
:10530000C020A94103D2AEF1010E80185941890293
:1053100041EA9051760546EA8E2EB1FBF3F603FB87
:105320001611A2FB0675D7EB8020A94102D2761E8A
:1053300080185941C90241EA50514EEA060EB1FBAC
:10534000F3F603FB1611A2FB0675D7EBC020A941AB
:1053500002D2761E80185941C90241EA5051B1FB70
:10536000F3F703FB1711A2FB0735D3EBC020A941CC
:1053700067F100070CBF004247F0010766F3D5272D
:105380004FEA1E31B80814F5806412DDBD0775F1CF
:10539000004250EB0E5051EB045111F5801F5CBFE1
:1053A00041EA0C01F0BD4CF07F6141F0E04100208A
:1053B000F0BDBD076D0840EA0E5041F48011D4F1F4
:1053C0000104B4F120060ADAC4F120060200E0402C
:1053D00001FA06F3E1401843B24015430EE0342CC5
:1053E00013DCC6F1200445EA40056D0820FA06F2F8
:1053F000154321FA06F0A1400D43002175F100424A
:1054000050F1000051EB0C01F0BD00205FEA0C01EF
:10541000F0BDCFB992185B41B3FA83F704BFB2FA7B
:1054200082F6BF190B3FB7F120062FBF02FA06F331
:10543000BB40C7F1200622FA06F638BF3343BA4014
:105440001CB1E419641E33E77F4231F00041B1FA28
:1054500081F404BFB0FA80F6A4190B3CB4F1200625
:105460002FBF00FA06F1A140C4F1200620FA06F68B
:1054700038BF3143A0403C1B1AE7AC421ABF05EAD3
:105480001357AF4212E050EA41061CBF52EA4306EE
:10549000BFE750EA4107304661461CBF41EA05516B
:1054A000F0BD52EA430C08BFC143F0BD00204FF4E9
:1054B000001616EB410F98BF16EB430F08BF16EB13
:1054C000410F24BFC14305E016EB430F0CBF6146FB
:1054D0004CEA0551F0BD000001F000428B1AA3F127
:1054E0006051B1F5801F0ADBB1F17F6F1FD242EA34
:1054F000C102C10071F1004142EB507070470B15C1
:10550000C3F10903212B10D2890241EA9051800294
:105510000128494141F0004121FA03F0C3F1200381
:10552000994071F1004150417047100070476FF091
:10553000000013EB103F5CBF000E42EAC050704702
:10554000014648B1B0FA80F18840C91CC1F58461B8
:10555000090501EBD021400570470000C0F3C75199
:1055600081B1FF2906D0C110400721F0E04101F1CF
:105570006051704741020CBF40F4E0016FF0004100
:105580000020704700F0004100020AD0B0FA80FC11
:1055900000FA0CF001F16051A1EB0C5101EBD021AC
:1055A000400570470CB430B583B00A4606A9029195
:1055B000044600250194009502AB01A908487844EF
:1055C0001E3003F00DF9019A157000284EBF0446F5
:1055D0000198041B204603B030BC5DF80CFB00BFF3
:1055E0008FFCFFFF80B5012240212348FCF7F7FC28
:1055F0002249234800F04EFA00F01EF8012000F086
:1056000005F800F0D1FA00F01FFA01BD704711B59E
:1056100081B0194C002240212000FCF7E0FC4FF43F
:105620007A73012201A9174804F03AF901224021B6
:105630002000FCF7D4FC13BD10B50F4C0022402114
:105640002000FCF7CCFC002280212000FCF7C7FCE6
:10565000012000F019F8052000F016F80122802141
:105660002000FCF7BCFC052000F00EF801224021D0
:105670002000FCF7B4FC10BD000800487028002092
:10568000EC1000205C25002010B50400200001F083
:1056900065F910BD01480068704700BF80280020F0
:1056A00070B4039CDFF88052286029716A71AB7175
:1056B000EC7100262E7270BC70472DE9F84F040083
:1056C0000D00160000275FF00008DFF85C9299F8E3
:1056D0000500082880F2FC80300099F80610C0B25E
:1056E000884205D399F807003100C9B2884201D237
:1056F0002E200600402099F80510491C90FBF1F07F
:105700002900C9B2814280F2E38099F8040050FA7E
:1057100084F0802880F2DC8099F805305B1C99F8D1
:10572000050003FB05035B1CDBB299F8042012198A
:10573000D2B299F80500401C15FB00F1C9B2200057
:10574000C0B200F029F90021080099F80420C0B285
:10575000904280F0BD80002015FB00F00200D2B224
:10576000082392FBF3F21700C0B2082290FBF2F379
:1057700002FB13008046FF226C4BD3F800C03800B8
:10578000C0B250FA85FE802000FB0EFE5EFA84FE59
:10579000D3F800A03800C0B250FA85FB802000FB8F
:1057A0000BFB5BFA84F01AF800A0D8F1080B10008C
:1057B00050FA0BF010EA0A0A0CF80EA0D3F800C059
:1057C0003800C0B250FA85FE802000FB0EFE5EFA63
:1057D00084F00090D3F800E03800C0B250FA85FAA7
:1057E000802000FB0AFA5AFA84F01EF800E0D9F88B
:1057F00000A0B3465FFA8BFB99F80600BBEB0000F4
:1058000099F804B00BFB00FB0AEB0B008A465FFA29
:105810008AFA10F80A0010FA08F050EA0E00DDF8D3
:1058200000E00CF80E00D3F800C03800C0B250FA07
:1058300085FE802000FB0EFE5EFA84F08444D3F8DF
:1058400000E03800C0B250FA85FA802000FB0AFA66
:105850005AFA84F0704490F8800012FA08F202407C
:105860008CF880201A683800C0B250FA85FC80207D
:1058700000FB0CFC5CFA84F002441B683800C0B2E8
:1058800050FA85FC802000FB0CFC5CFA84F0184484
:1058900090F88030D9F800C0B6465FFA8EFE99F8CD
:1058A0000600BEEB000E99F8040000FB0EFE0CEBA8
:1058B0000E008C465FFA8CFC10F80C00D8F1080C36
:1058C00050FA0CF0034382F88030641C491C3BE71B
:1058D000BDE8F18FF8B507000C001600124D68798D
:1058E000082820DA307800281DD032782100C9B28B
:1058F0003800C0B2FFF7E1FE761C2879401CC719BA
:10590000287950FA87F0401C812802DB002007002C
:10591000641C40206979491C90FBF1F02100C9B258
:105920008142DFDBFFE7F1BD48280020742800201A
:10593000020001200B00DBB21B0113445870002051
:105940000B00DBB21B01134458600120704738B5CF
:1059500004000D0001202900C9B20901214448704A
:10596000FFF798FE2900C9B20901214448600120CF
:1059700032BD020000200B00DBB21B011344587043
:105980000120704780B5034800F024FC00F0CDF8FA
:1059900001BD0000D0E6000870B40400E4B2802C21
:1059A00001DB7F2420001400E4B2802C01DB7F2483
:1059B00022000C00E4B2402C01DB3F2421001C003B
:1059C000E4B2402C01DB3F242300354C050026685F
:1059D0003678EDB2B54201D2256828702568AD78D9
:1059E0001600F6B2B54201D22568AA700D002668ED
:1059F0007678EDB2B54201D2256869702568ED78F8
:105A00001E00F6B2B54201D22468E37070BC704744
:105A100023487F21026811700021026891703F21A4
:105A20000268517000210068C17070471C48002155
:105A3000026811707F210268917000210268517024
:105A40003F210068C170704770B54FF48064002535
:105A5000144806682A002100300000F0D3F83F23E4
:105A60007F2200210020FFF797FF00F05EF870BD55
:105A700070B54FF4806400250A4806682A002100AA
:105A8000300000F0BFF83F237F2200210020FFF705
:105A900083FF70BD034A1060014A11607047000027
:105AA000782800207428002010B5040000224FF44C
:105AB00080713A48FCF793FA2000C0B2FFF7A7FDC7
:105AC00010BD10B5040001224FF480713348FCF77B
:105AD00086FA2000C0B2FFF79AFD10BD10B5040091
:105AE00014F00F0050F0B000C0B2FFF7DDFF10BDA2
:105AF00010B504002000C0B200F005F82000C0B2CC
:105B000000F00CF810BD10B504002000C0B2000970
:105B100050F01000C0B2FFF7C7FF10BD10B5040071
:105B200014F00F00FFF7C0FF10BD70B50024200077
:105B3000C0B210282EDA1A4D286840782100C9B268
:105B4000491CB0EBC10F23DA2868C0782100C9B224
:105B5000B0EBC10F1EDB2000C0B2FFF7BFFF28680B
:105B60000078FFF7C5FF286806782868807831003C
:105B7000C9B288420CD30B4801682200D2B28020FF
:105B8000424352FA86F0085CFFF79BFF761CECE775
:105B9000641CCCE7FFF73CFF70BD00000008004824
:105BA000782800207428002080B5AE20FFF77CFF05
:105BB000A220FFF779FFA020FFF776FFC820FFF7AC
:105BC00073FF2F20FFF770FF322000F0C7FEA420E4
:105BD000FFF76AFF4020FFF767FF2520FFF764FF0C
:105BE0000A2000F0BBFE8120FFF75EFF1220FFF7C6
:105BF0005BFFFFF729FFAF20FFF756FF052000F0FE
:105C0000ADFE01BD62F30F2262F31F42401810F097
:105C1000030308D0C91A1FD3DB0748BF00F8012DC2
:105C200028BF20F8022D130030B414461546103951
:105C300028BF20E93C00FAD8490728BF20E90C001A
:105C400048BF40F8042D890028BF20F8022D48BF26
:105C500000F8012D30BC7047C91818BF00F8012D9D
:105C6000CB0728BF00F8012D7047000070B4039CDB
:105C7000DFF88453286029716A71AB71EC710126D9
:105C80002E7270BC70472DE9F74F04000D00DFF84D
:105C900068639DF80800B179884204D3F0799DF8D3
:105CA0000810884202D22E208DF80800307A002891
:105CB00045D1002738003179C0B288423DD23168E1
:105CC0009DF80820B079121A3079424301EB0200A6
:105CD0003900C9B210F80190002080464046C0B299
:105CE000082828DA3800C0B250FA84F0802805DA93
:105CF0004046C0B250FA85F0402801DB00205DE14B
:105D0000012010FA08F04946C9B2014208D0012228
:105D100018EB0501C9B23819C0B200F06FF907E0FD
:105D2000002218EB0501C9B23819C0B200F066F9BB
:105D300018F10108D2E77F1CBCE730793EE1307AE8
:105D4000012840F08E807079082190FBF1F201FB70
:105D50001200012806DB7079082190FBF1FB1BF192
:105D6000010B03E07079082190FBF1FB3179584673
:105D7000C0B24143491C8DF8011031689DF80820DC
:105D8000B079121A9DF80100424301EB020001783C
:105D90008DF80010401C01905FF0000840469DF80F
:105DA0000010C0B2884259D25FF0000948465946F7
:105DB000C0B2C9B288424ED201994246D2B25846C8
:105DC000C0B2424301EB02004946C9B210F801A03B
:105DD000002007003800C0B2082839DA4046C0B2B7
:105DE00050FA84F0802808DA4846C0B2C00050FA61
:105DF00085F050FA87F0402801DB0020DEE04846BD
:105E0000C0B2C00050FA87F0717988421EDA0121D1
:105E1000B9405046C0B208420CD001225FFA89F95D
:105E200015EBC9017918C9B218EB0400C0B200F033
:105E3000E5F80BE000225FFA89F915EBC901791842
:105E4000C9B218EB0400C0B200F0D8F87F1CC1E75B
:105E500019F10109AAE718F101089FE79DF8000070
:105E6000ACE0307A022840F0A8807079082190FBDD
:105E7000F1F0401C8DF8000030799DF8001010FB07
:105E800001F08DF8020031689DF80820B079121AEF
:105E90009DF80200424301EB0200019096F804B025
:105EA00000208DF8010000210020002210009DF844
:105EB0000030C0B298420CD23079431E9DF80100E8
:105EC0001B1A13FB02F0019BC0B2185C0100521CAC
:105ED000ECE70800C0B200280BD1BBF1010B58461B
:105EE000C0B2002805D09DF80100401C8DF80100CB
:105EF000D9E7002738009DF80010C0B2884259D277
:105F00005FF0000840465946C0B2C9B288424FD23D
:105F100001993A00D2B23079424301EB0200414686
:105F2000C9B210F801905FF0000A5046C0B20828CC
:105F30003BDA4046C0B250FA84F0802808DA3800D4
:105F4000C0B2C00050FA85F050FA8AF0402801DB58
:105F5000002033E03800C0B2C00050FA8AF07179F6
:105F600088421FDA012111FA0AF14846C0B20842FC
:105F70000CD00122FFB215EBC7011AEB0101C9B227
:105F800018EB0400C0B200F039F80BE00022FFB2B9
:105F900015EBC7011AEB0101C9B218EB0400C0B23E
:105FA00000F02CF81AF1010ABFE718F10108A9E77F
:105FB0007F1C9FE75846C0B200E00020BDE8FE8F7E
:105FC000F8B504000F0015000B484079D0F13F00F0
:105FD0003900C9B288420EDB287800280BD02A7815
:105FE0003900C9B22000C0B2FFF74DFE0600701C98
:105FF00004196D1CF0E7F1BD48280020F8B5040035
:106000000D0016002000C0B2802803DA2800C0B2BC
:10601000402800DB57E03000C0B2002824D029001F
:10602000C9B20822DFF8CC312800C0B2082790FBA3
:10603000F7F78020474357FA84F72800C0B25FF093
:10604000080C90FBFCFC802000FB0CFC5CFA84F04C
:10605000185C5FF0010C91FBF2FE02FB1E111CFAB2
:1060600001F10143D95524E02900C9B20822DFF823
:1060700084312800C0B2082790FBF7F780204743FF
:1060800057FA84F72800C0B25FF0080C90FBFCFCC4
:10609000802000FB0CFC5CFA84F0185C5FF0010CC3
:1060A00091FBF2FE02FB1E111CFA01F130EA010124
:1060B000D9552B00DBB22200D2B22900C9B2200090
:1060C000C0B2FFF769FCF1BD2DE9F84F05000E00E5
:1060D000170098460A9C3800C0B22900C9B2401A7D
:1060E00003F0F7FD81464046C0B23100C9B2401A04
:1060F00003F0EFFD814502DA5FF0010B01E05FF094
:10610000000B5846C0B2002805D028003500060014
:1061100038004746804638002900C0B2C9B28842DC
:1061200005D228003D000700300046468046434621
:10613000DBB23A00D2B23100C9B22800C0B2FFF7D8
:106140002BFC781B8DF800004046C0B23100C9B26C
:10615000401A03F0BEFD8DF801009DF800000221F9
:1061600090FBF1F930004146C0B2C9B2884202D278
:106170005FF0010A01E05FF0FF3A38002900C0B289
:10618000C9B2884224D35846C0B2002808D02200A1
:10619000D2B22900C9B23000C0B2FFF72FFF07E02A
:1061A0002200D2B23100C9B22800C0B2FFF726FFE8
:1061B0009DF80100B9EB0009484640B2002805D51A
:1061C0001AEB06069DF8000010EB09096D1CD4E7D8
:1061D000BDE8F18FF8B504004FF48065260006484D
:1061E00007682A003100380001F06AFCFFF71EFC46
:1061F000F1BD0000EC1000207428002030B4030032
:106200004FF6FF7000248C4213DA1A5D50400822CA
:10621000002A0CD0C50706D580B2400880F4204083
:1062200090F0010001E080B24008521EF0E7641CCB
:10623000E9E780B230BC70472DE9F84305000E0055
:1062400017009846089C5FF000092868494689B203
:10625000465419F101092868494689B2475419F191
:106260000109404680B2000A29684A4692B2885421
:1062700019F101092868494689B200F8018019F12D
:106280000109200080B2000A29684A4692B2885467
:1062900019F101092868494689B2445419F10109E4
:1062A000494689B22868FFF7A9FF010028684A46D5
:1062B00092B2815419F10109080080B2000A2A68DB
:1062C0004B469BB2D05419F10109A5F80490012066
:1062D000BDE8F2832DE9F84F06000F00904699467D
:1062E0000A9DDDF82CA0002400213068220092B223
:1062F0008754641C3068220092B200F80280641C4B
:10630000484680B2000A326823009BB2D054641C15
:106310003068220092B200F80290641C4046C0B27D
:10632000062802D0102807D01CE0280080B20128DF
:1063300001D0002040E015E0280080B2000A326859
:1063400023009BB2D054641C3068220092B2855462
:10635000641C2800C0B24000326823009BB2D054B5
:10636000641CFFE75FF0000B584680B2290089B239
:10637000B0EB410F0BDA584680B21AF800003168D2
:10638000220092B28854641C1BF1010BECE721003F
:1063900089B23068FFF732FF01003068220092B204
:1063A0008154641C080080B2000A326823009BB24A
:1063B000D054641CB4800120BDE8F28F2DE9F84F61
:1063C00005000E00170098460A9CDDF82C905FF03F
:1063D000000B002029685A4692B28E541BF1010B23
:1063E00029685A4692B28F541BF1010B2100C9B2A1
:1063F00049002A685B469BB2D1541BF1010B5FF048
:10640000000A504680B2210089B2B0EB410F0CDA8D
:10641000504680B219F8000029685A4692B2885452
:106420001BF1010B1AF1010AEBE7594689B2286802
:10643000FFF7E4FE010028685A4692B281541BF12E
:10644000010B080080B2000A2A685B469BB2D05458
:106450001BF1010BA5F804B00120BDE8F28F2DE976
:10646000F84F05000E00170098460A9CDDF82C90A6
:106470005FF0000B5FF0000A2868594689B2465465
:106480001BF1010B2868594689B247541BF1010BD7
:10649000404680B2000A29685A4692B288541BF1DD
:1064A000010B2868594689B200F801801BF1010BE5
:1064B0003800C0B2062802D010281DD02CE02000E1
:1064C00080B2012801D000203EE0002082465046E4
:1064D00080B2210089B2B0EB410F0CDA504680B295
:1064E00019F8000029685A4692B288541BF1010B32
:1064F0001AF1010AEBE70FE0200080B2000A2968D8
:106500005A4692B288541BF1010B2868594689B249
:1065100044541BF1010BFFE7594689B22868FFF785
:106520006DFE010028685A4692B281541BF1010B9E
:10653000080080B2000A2A685B469BB2D0541BF167
:10654000010BA5F804B00120BDE8F28F80B5D44856
:10655000D44901605FF4E131416000218160002194
:10656000C160002101610C21416100218161002194
:1065700001620021416200F005FA002801D003F019
:106580000BFC01BD80B5C848C84901604FF41651E5
:106590004160002181600021C160002101610C2166
:1065A0004161002181610021C1610021016200215E
:1065B000416200F0E7F9002801D003F0EDFB01BDD6
:1065C00080B5BB48BB4901604FF4165141600021C2
:1065D00081600021C160002101610C214161002125
:1065E00081610021C161002101620021416200F04E
:1065F000C9F9002801D003F0CFFB01BD38B59EB02A
:10660000040014220021684603F0C8FB6022002128
:1066100006A803F0C3FB2068A249884252D120207B
:1066200006900020119006A803F0C2FB002801D0BC
:1066300003F0B2FBA048016851F00101016000685D
:1066400010F00100059005989C48016851F0020186
:106650000160006810F00200059005984FF440605A
:106660000090022001900120029003200390082056
:10667000049069469248FBF713FB924D92482860BC
:10668000042068600020A8600020E8608020286165
:10669000002068610020A8610020E86100202862D5
:1066A000280003F0F9FD002801D003F075FB6567B1
:1066B000AC6200220021462004F08FF8462004F04E
:1066C000A1F8ABE020687949884251D101200690B9
:1066D00000200E9006A803F06BFB002801D003F009
:1066E0005BFB7A48016851F480410160006810F456
:1066F0008040059005987148016851F002010160E1
:10670000006810F0020005900598C020009002205B
:106710000190002002900320039007200490694616
:106720006748FBF7BDFA6A4D6A4828600220686036
:106730000020A8600020E8608020286100206861B7
:106740000020A8610020E86100202862280003F0F2
:10675000A3FD002801D003F01FFB6567AC62002297
:106760000021252004F039F8252004F04BF855E0ED
:1067700020685049884251D1042006900020109092
:1067800006A803F015FB002801D003F005FB5248D2
:10679000016851F480210160006810F480200590A8
:1067A00005984648016851F004010160006810F046
:1067B0000400059005984FF440600090022001907D
:1067C000002002900320039007200490694643486C
:1067D000FBF766FA424D43482860022068600020BB
:1067E000A8600020E8608020286100206861002007
:1067F000A8610020E86100202862280003F04CFD19
:10680000002801D003F0C8FA6567AC6200220021BD
:10681000272003F0E2FF272003F0F4FF1FB030BD74
:1068200010B5040020681F49884210D12248016831
:106830004908490001604FF440612148FBF711FB12
:10684000606F03F099FD462003F0E3FF27E0206826
:10685000164988420FD11D48016831F4804101601A
:10686000C0211748FBF7FDFA606F03F085FD252076
:1068700003F0CFFF13E020680E4988420FD116487D
:10688000016831F4802101604FF440611348FBF747
:10689000E8FA606F03F070FD272003F0BAFF10BD27
:1068A000CC2000200080004054210020003801400E
:1068B000DC210020004800405C1002404C100240E7
:1068C000000400482426002080040240601002409A
:1068D0006C26002058000240581002400008004872
:1068E000B42600203000024080B51848FBF7E0FBDA
:1068F00002201749087001BD80B5012215491648CC
:1069000000F0E3F800220121272003F066FF272092
:1069100003F078FF01BD704738B504000B480D49FE
:106920000A78036885885A558288521C828082883A
:1069300040F2FF139A4201D30022828001220648CE
:1069400000F0C3F801200249087031BDE40B0020BB
:10695000D1280020D0280020DC21002070B50400C0
:10696000FEF798FE0500260016F1010F02D004483C
:1069700000783618FEF78EFE401BB042FAD370BD89
:10698000370C002010B50400002C01D1012035E0A7
:10699000A0690028FFD1E06F002805D1002084F80D
:1069A00078002000FFF72AFE2420E06720680068B6
:1069B0004008400021680860606A002802D020007A
:1069C00000F0DEFB200000F05FFA012801D1012079
:1069D00014E02068406830F49040216848602068E6
:1069E000806830F02A00216888602068006850F0D4
:1069F000010021680860200000F02FFC10BD2DE987
:106A0000FC4706000D0017009846F06F202859D16A
:106A1000002D03D0380080B2002801D1012052E0BF
:106A20000020C6F884002120F067FEF733FE81467F
:106A3000A6F85070A6F85270B068B0F5805F05D126
:106A40003069002802D10024AA4602E02C005FF041
:106A5000000AB6F85200002822D0CDF800804B463C
:106A600000228021300000F061FC002803D02020AB
:106A7000F067032027E0002C08D1BAF80000C00519
:106A8000C00D316808851AF1020A03E020783168E8
:106A90000885641CB6F85200401EA6F85200D8E7DC
:106AA000CDF800804B4600224021300000F03EFC33
:106AB000002803D02020F067032004E02020F067A6
:106AC000002000E00220BDE8F68770B505000C004C
:106AD0001600D5F88000202824D1002C03D03000E7
:106AE00080B2002801D101201DE00020286628681E
:106AF000DFF8901388420ED02868406800020AD55B
:106B0000286850E8000F50F0806001002A6842E8D1
:106B100000100028F4D1320092B22100280000F0C9
:106B200054FC00E0022070BD2DE9F04706003068FB
:106B3000C7693068D0F800803068D0F8089040F617
:106B40000F043C40002C0BD1B80609D55FEA8860E1
:106B500006D5B06E002802D03000B16E88478FE1B4
:106B6000002C00F0AA805FEAC97005D4DFF808069F
:106B700018EA000F00F0A18017F00100C0B2002851
:106B80000BD05FEAC85008D5012031680862D6F8FA
:106B9000840050F00100C6F88400B8070DD519F044
:106BA0000100C0B2002808D0022031680862D6F87F
:106BB000840050F00400C6F8840078070DD519F061
:106BC0000100C0B2002808D0042031680862D6F85D
:106BD000840050F00200C6F88400380710D55FEA40
:106BE000886004D419F00100C0B2002808D0082041
:106BF00031680862D6F8840050F00800C6F88400B6
:106C000038050CD55FEA481009D54FF400603168AB
:106C10000862D6F8840050F02000C6F88400D6F848
:106C20008400002848D0B80608D55FEA886005D5FA
:106C3000B06E002802D03000B16E8847D6F88400CC
:106C4000050030688068400602D415F0280F2DD06A
:106C5000300000F09EFC30688068400622D5306825
:106C6000083050E8000F30F040000100306810F1AB
:106C7000080242E800100028F1D1706F00280DD002
:106C8000DFF8F804716F8863706F03F055FC00281B
:106C900012D0706F716F896B88470DE0300003F080
:106CA00011FE09E0300003F00DFE05E0300003F0B6
:106CB00009FE0020C6F88400E2E0306E012840F0B2
:106CC000BD80F80640F1BA805FEAC86040F1B68046
:106CD0001020316808623068806840066DD5706F9A
:106CE0000068D0F804A0504680B2002852D0504628
:106CF000B6F8581080B288424CD2A6F85AA0706FED
:106D000000680068800639D4306850E8000F30F41D
:106D100080700100326842E800100028F4D1306829
:106D2000083050E8000F400840000100306810F1C2
:106D3000080242E800100028F1D13068083050E81D
:106D4000000F30F040000100306810F1080242E806
:106D500000100028F1D12020C6F880000020306605
:106D6000306850E8000F30F010000100326842E84F
:106D700000100028F4D1706F03F0B4FB022070669D
:106D8000B6F85810B6F85A00091A89B2300003F064
:106D90007AFD11E05046B6F8581080B288420BD107
:106DA000706F00680068800606D502207066B6F82D
:106DB0005810300003F067FD62E0B6F85800B6F8EE
:106DC0005AA0B0EB0A0AB6F85A00002835D050464F
:106DD00080B2002831D0306850E8000F30F4907055
:106DE0000100326842E800100028F4D13068083011
:106DF00050E8000F400840000100306810F1080220
:106E000042E800100028F1D12020C6F880000020C0
:106E100030660020B066306850E8000F30F0100097
:106E20000100326842E800100028F4D102207066A8
:106E3000514689B2300003F026FD21E0F8020AD560
:106E40005FEA492007D55FF480103168086230009E
:106E500003F0CAFD14E0380609D55FEA086006D5DC
:106E6000F06E002802D03000F16E884708E0780606
:106E700006D55FEA486003D5300000F054FCFFE718
:106E8000BDE8F087008000402DE9F04704000026AF
:106E9000DFF8A81920688842FFD0A2682069024361
:106EA00060690243E069024320680368DFF89009E3
:106EB00003401343206803602068436833F4405361
:106EC000E068034320684360D4F818802068884253
:106ED00002D0206A50EA08082068806830F43060E8
:106EE00058EA0000226890602068DFF8482A904243
:106EF00016D1DFF8440A006810F00300002805D01E
:106F0000022805D006D3032806D007E0012760E059
:106F100002275EE004275CE008275AE0102758E0CB
:106F20002068DFF8182A904217D1DFF80C0A0068B1
:106F300010F00C00002806D0042808D0082804D03F
:106F40000C2806D007E0002743E0022741E0042791
:106F50003FE008273DE010273BE02068DFF8E0290C
:106F6000904217D1DFF8D009006810F030000028F7
:106F700006D0102808D0202804D0302806D007E0FA
:106F8000002726E0022724E0042722E0082720E04B
:106F900010271EE0206888421AD1DFF89C0900689B
:106FA00010F44060002809D0B0F5806F0AD0B0F529
:106FB000006F05D0B0F5406F06D007E0002708E06D
:106FC000022706E0042704E0082702E0102700E07B
:106FD00010272068884246D13800C0B2002806D069
:106FE000022808D0042809D008280BD00DE004F0AE
:106FF0006BF981460DE0DFF84C990AE004F0F7F8F0
:10700000814606E04FF4004903E05FF000090120EB
:107010000600B9F1000F00F0A5806168032041432C
:10702000894505D361684FF480504143494502D2F8
:107030000120060096E04FF480726068400800214D
:10704000E2FB09016268002300F08EFD0500B5F542
:10705000407F05D3B5F5801F02D22068C56081E06E
:10706000012006007EE0E069B0F5004F41D1380014
:10707000C0B2002808D001280AD002280CD0042869
:107080000DD008280FD011E004F01EF9814611E060
:1070900004F027F981460DE0DFF8A8980AE004F033
:1070A000A6F8814606E04FF4004903E05FF00009CE
:1070B00001200600B9F1000F54D06068400810EBC1
:1070C00049006168B0FBF1F00500102D0ED3B5F555
:1070D000803F0BD24FF6F0712940C5F342000143C7
:1070E0008A46504680B22168C8603BE00120060015
:1070F00038E03800C0B2002808D001280AD00228A1
:107100000CD004280DD008280FD011E004F0DCF8D2
:10711000814611E004F0E5F881460DE0DFF824989F
:107120000AE004F064F8814606E04FF4004903E009
:107130005FF0000901200600B9F1000F12D060686D
:1071400019EB50006168B0FBF1F00500102D07D37A
:10715000B5F5803F04D2280080B22168C86001E004
:10716000012006000020A0660020E0663000C0B2CA
:10717000BDE8F08700000000200100040D77000842
:1071800090F82410090707D501684A6832F40042D4
:10719000416B0A4301684A6090F82410C90707D57B
:1071A00001684A6832F40032816A0A4301684A6021
:1071B00090F82410890707D501684A6832F48032B4
:1071C000C16A0A4301684A6090F82410490707D54C
:1071D00001684A6832F48022016B0A4301684A6000
:1071E00090F82410C90607D501688A6832F48052E5
:1071F000816B0A4301688A6090F82410890607D5DC
:1072000001688A6832F40052C16B0A4301688A60DF
:1072100090F82410490613D501684A6832F48012A8
:10722000016C0A4301684A60016CB1F5801F07D107
:1072300001684A6832F4C002416C0A4301684A603E
:1072400090F82410090607D501684A6832F4002234
:10725000816C0A4301684A60704738B50400002019
:10726000C4F88400FEF716FA0500206800680007DD
:107270001DD57FF07E4000902B0000225FF40011AE
:10728000200000F053F8002811D0206850E8000FCB
:1072900030F080000100226842E800100028F4D19C
:1072A0002020E067002084F8780003203DE020687B
:1072B000006840072CD57FF07E4000902B00002214
:1072C0005FF48001200000F031F8002820D0206811
:1072D00050E8000F30F490700100226842E800107E
:1072E0000028F4D12068083050E8000F4008400022
:1072F0000100206810F1080242E800100028F1D1D6
:107300002020C4F88000002084F8780003200CE0DE
:107310002020E0672020C4F88000002020660020A4
:107320006066002084F87800002032BD2DE9F0412D
:1073300005000E0090461F00069C2868C06930407A
:10734000B04201D1012000E000204146C9B288428C
:1073500038D114F1010FF0D0FEF79CF9C01B844224
:1073600001D3002C01D103202DE0286800684007DC
:10737000E3D5802EE1D0402EDFD02868C069000719
:107380000DD5082029680862280000F002F90820BD
:10739000C5F88400002085F87800012013E02868F3
:1073A000C0690005C9D54FF400602968086228004B
:1073B00000F0EFF82020C5F88400002085F8780060
:1073C000032000E00020BDE8F08130B403005965DF
:1073D000A3F85820A3F85A20002098669868B0F5C2
:1073E000805F0BD11869002804D140F2FF10A3F888
:1073F0005C0023E0FF20A3F85C001FE098680028F1
:107400000AD11869002803D1FF20A3F85C0015E019
:107410007F20A3F85C0011E09868B0F1805F0AD18A
:107420001869002803D17F20A3F85C0006E03F2004
:10743000A3F85C0002E00020A3F85C000020C3F881
:1074400084002220C3F880001868083050E8000F3C
:1074500050F001000400186810F1080545E80040EC
:107460000028F1D19868B0F5805F06D1186900282E
:1074700003D10FF2D130986602E00FF2D520986662
:10748000186900280BD0186850E8000F50F490706D
:1074900004001D6845E800400028F4D10AE018689F
:1074A00050E8000F50F0200004001D6845E800403F
:1074B0000028F4D1002030BC704770B504000D00E6
:1074C00016006565A4F858600020C4F884002220E6
:1074D000C4F88000606F002821D00FF21510616F92
:1074E000C8620FF2B110616F08630FF2D110616FC3
:1074F00048630020616F886333009BB2626D20682F
:1075000010F12401606F02F0A1FF002807D01020C5
:10751000C4F884002020C4F8800001202AE02069FB
:1075200000280AD0206850E8000F50F48070010055
:10753000226842E800100028F4D12068083050E8A2
:10754000000F50F001000100206810F1080242E82D
:1075500000100028F1D12068083050E8000F50F0EA
:1075600040000100206810F1080242E800100028E5
:10757000F1D1002070BD016851E8001F31F0C00159
:107580000A00036843E800210029F4D12021C167E3
:107590007047016851E8001F31F490710A000368D8
:1075A00043E800210029F4D10168083151E8001FA7
:1075B000490849000A00016811F1080343E8002165
:1075C0000029F1D1016E01290AD1016851E8001F9B
:1075D00031F010010A00036843E800210029F4D1CA
:1075E0002021C0F8801000210166002181667047CB
:1075F00038B50400A56A2068006880063AD40020E7
:10760000A5F85A00286850E8000F30F48070010097
:107610002A6842E800100028F4D12868083050E8B1
:10762000000F400840000100286810F1080242E8FD
:1076300000100028F1D12868083050E8000F30F021
:1076400040000100286810F1080242E800100028FC
:10765000F1D12020C5F88000286E01280AD12868C1
:1076600050E8000F30F0100001002A6842E80010D6
:107670000028F4D100206866286E012805D1B5F8ED
:107680005810280003F0FFF802E0280003F0E0F8AB
:1076900031BD000038B50400A56A01206866286E77
:1076A000012807D1B5F85810490889B2280003F01D
:1076B000EAF802E0280003F097FE31BDF8B50400B7
:1076C000A56AEE6FD5F8807028688068000607D537
:1076D000212E05D10020A5F852002800FFF74BFF0E
:1076E00028688068400607D5222F05D10020A5F81C
:1076F0005A002800FFF74DFFD5F8840050F0100025
:10770000C5F88400280003F0DDF8F1BD38B50400A9
:10771000A56A0020A5F85A000020A5F8520028000C
:1077200003F0D0F831BD10B50400206850E8000F18
:1077300030F040000100226842E800100028F4D137
:107740002020E0670020E066200003F04EFE10BD20
:1077500070B50500B5F85C60D5F88000222866D1C8
:107760002868808C040016EA0400696D0870686D52
:10777000401C6865B5F85A00401EA5F85A00B5F8D7
:107780005A00002859D1286850E8000F30F4907052
:1077900001002A6842E800100028F4D12868083067
:1077A00050E8000F400840000100286810F108026E
:1077B00042E800100028F1D12020C5F88000002008
:1077C000A8660020686628681C4988420ED0286890
:1077D000406800020AD5286850E8000F30F0806049
:1077E00001002A6842E800100028F4D1286E012820
:1077F00019D100202866286850E8000F30F01000EA
:1078000001002A6842E800100028F4D12868C06905
:10781000C00602D5102029680862B5F85810280063
:1078200003F031F809E0280003F012F805E02868B9
:10783000008B50F008002968088370BD008000406C
:10784000F369FFEFF8B50500B5F85C70D5F8800076
:10785000222867D12868808C0400686D060017EA2A
:1078600004003080686D801C6865B5F85A00401EC1
:10787000A5F85A00B5F85A00002859D1286850E8F0
:10788000000F30F4907001002A6842E800100028D0
:10789000F4D12868083050E8000F4008400001008B
:1078A000286810F1080242E800100028F1D12020D9
:1078B000C5F880000020A866002068662868224974
:1078C00088420ED02868406800020AD5286850E82F
:1078D000000F30F0806001002A6842E800100028A4
:1078E000F4D1286E012819D100202866286850E8B4
:1078F000000F30F0100001002A6842E80010002854
:10790000F4D12868C069C00602D510202968086231
:10791000B5F85810280002F0B6FF09E0280002F080
:1079200097FF05E02868008B50F00800296808835D
:10793000F1BD0000003801408810024000440040C2
:10794000004800400024F400008000402DE9F74F7B
:1079500082B000265FF0000A5FF0000B54465D46DF
:10796000002000900127DDF80C80DDF808900498D5
:1079700010F0070F2BD10498C008002182468B46D7
:1079800003F08CFD4FF47A7003F0A0FD0020060098
:10799000300080B20021594517D801D3504514D288
:1079A000D8E9000104000D0022002B004946002008
:1079B00003F01CFD07003800C0B2012805D019F102
:1079C000080918F10808761CE2E703F078FD380092
:1079D000C0B205B0BDE8F08F70B50400012503F01A
:1079E0005DFD06004FF47A7003F070FD3000C0B208
:1079F00000280FD1C4F3CC20B0F5807F05D201213F
:107A0000C4F3CC2003F0CEFD04E00121C4F3CC206C
:107A100003F0C8FD4FF47A7003F058FD05000548E7
:107A2000016831F00201016003F049FD2800C0B295
:107A300070BD0000142002402DE9F041C0B00400E8
:107A40000D00160000274FF480710022E8464046E2
:107A5000FEF7D8F82000FFF7BFFFA5208DF8000043
:107A600030008DF801005FF000084046310080B220
:107A700089B288420AD2404680B2285C69464246B2
:107A800092B21144887018F10108EEE7B61C30007C
:107A900080B20821B6B20836361A90FBF1F001FB2D
:107AA0000066320092B269462000FFF74FFF0028BF
:107AB00001D0002000E0012040B0BDE8F0810000CE
:107AC00062B38B0708D0521E11F8013B00F8013B4E
:107AD00000F024808B07F6D1830740F0208000BFA0
:107AE000103A07D330B4B1E83810103AA0E8381093
:107AF000F9D230BC530724BFB1E80810A0E8081041
:107B000044BF51F8043B40F8043BD20724BF31F88E
:107B1000022B20F8022B44BF0B7803707047121F12
:107B200017D35B0009D151F8043B20F8023B1B0C32
:107B3000121F20F8023BF6D20BE051F8043B00F88C
:107B4000013B1B0A20F8023B1B0C121F00F8013BF3
:107B5000F3D238BF121D521E24BF11F8013B00F8AA
:107B6000013BF8D870470000BBBBE1B1B2F5803FE4
:107B700080F07E80022A1ED98C46B1FBF2F102FB16
:107B800011C31B0443EA1043B3FBF2FC02FB1C339A
:107B900080B240EA0343B3FBF2F002FB103240EA4A
:107BA0000C4000237047022A05D98446B0FBF2F04E
:107BB00002FB10C270474AB105D100F0010249082A
:107BC0005FEA3000704700220023704703F03ABD9F
:107BD0000B000200002100207047904271EB030C63
:107BE000F6D3B3F5803F2FD2F0B5B3FA83F7B1FAED
:107BF00081F4A7F10F0E3D1B5340CEF1200602FA8F
:107C00000EF2F3415340B5F10F0746D80F3C2C4418
:107C10004140C4F12006A040F1414140B1FBF3F6E0
:107C200003FB1611A2FB0645001BA94102D2761EDA
:107C30008018594180EA010221FA0EF362FA0EF22D
:107C400000215A403046F0BD30B4B1FBF3FC03FBD9
:107C50001C11A2FB0C45001BA94103D2ACF1010C85
:107C60008018594130BC02460B46604600217047DF
:107C7000B2F1807F65D3F0B5B2FA82F7B1FA81F440
:107C8000C7F10F063D1B22FA06F307F1110EF24170
:107C900020355A40B5F10F07B8D94140C4F120064C
:107CA000A040F1414140B1FBF3FC03FB1C11A2FBDE
:107CB0000C45001BA94103D2BCF1010C80185941AD
:107CC0000F2F12D30F3FC90341EA5041B1FBF3F626
:107CD00003FB1611A2FB0645D4EBC030A94102D22A
:107CE000761E8018594146EACC3C07B34140C7F1A3
:107CF0002006B840F1414140B1FBF3F603FB1611F9
:107D0000A2FB0645001BA94102D2761E80185941EC
:107D100080EA010221FA0EF3C7F1200462FA0EF2A2
:107D20000CFA07F05A402CFA04F13043F0BD80EA17
:107D3000010221FA0EF3002162FA0EF260465A4067
:107D4000F0BD8C46B1FBF2F102FB11C31B0243EA0A
:107D50001063B3FBF2FC02FB1C331B024CEA002055
:107D600043EA1063B3FBF2FC02FB1C331B024CEA38
:107D7000002043EA1063B3FBF2FC02FB1C331B023E
:107D80004CEA002043EA1063B3FBF2FC02FB1C3216
:107D90004CEA002000237047B0B581EA030C0CF0D8
:107DA000004C40F2FF7515EA11541DBF15EA135738
:107DB000AC42AF4239E0E41923EA455343F480135F
:107DC000C90241F0004141EA505EC7021100A7FB21
:107DD000020200284FF00000EEFB01204FF00001EE
:107DE000E3FB072118BF42F001024018002149417E
:107DF000E3FB0E01A4F580640F0302D25200404160
:107E0000494154F101046CDD470872F1004250F120
:107E1000000051EB0451A1F580115CBF41EA0C0157
:107E2000B0BD4CEA05510020B0BD05EA1357AC4285
:107E300014BFAF4241E050EA410E1CBF52EA430E6C
:107E400002E061460020B0BD24423C441BD15FEA01
:107E5000070EF6D0090302BF01460020AEF1140E52
:107E6000B1FA81F7AEEB070401FA07FE0C37C7F150
:107E7000200100FA07F7C8404EEA000E23EA4553F6
:107E800043F48013A2E733F00043B3FA83F704BF4F
:107E9000B2FA82FE77440B3FE41BB7F1200E2FBFEE
:107EA00002FA0EF3BB40C7F1200E22FA0EFE38BFD5
:107EB00043EA0E03BA40641C82E750EA410E14BF45
:107EC00052EA430E6FF000014FF4001717EB430F17
:107ED0008ABF194617EB410FB5E74CEA0551002060
:107EE000B0BDD4F10104B4F120070FDAC4F12007CA
:107EF000520828BF42F0010210FA07F501FA07F70D
:107F0000E1BF2A43E0403843E1400FE0352C98DCE4
:107F1000C7F1200452EA400220FA07F218BF42F0EB
:107F2000010231FA07F0A1400A43002172F1004238
:107F300050F1000051EB0C01B0BD000070B44FF0E7
:107F4000004591EA030F43F187836B40841A71EB7C
:107F5000030604D26E40001BB141121973414FF465
:107F6000001C1CEB410F34BF7CEB430683E00C0D7F
:107F7000A4EB1356362E00F37C80012E45EAC32372
:107F800041DC43EA525312BFD20292025B0824053D
:107F900045EAC12141EA5051D2EBC020994125D494
:107FA00007D1B0FA80F610FA06F162D00020203630
:107FB00008E0B1FA81F6B140C6F1200220FA02F2DF
:107FC0001143B0404FEAF474B4EB465434F0010668
:107FD0004FEA74040AD8D6F50016760D04F0004472
:107FE000F04061FA06F25040F1404840C00A40EAD1
:107FF000415021F0004128BF5FEA500550F10000D8
:1080000044EBD12135E0DB0A45EAC121C90AB6F1CA
:1080100020050EDD42EA0242120CC5F1200603FAE9
:1080200006F6EB4042EA06056D42984161F1000117
:108030000DE062FA06F5F240554063FA06FC82EA6A
:108040000C02F3405A406D42904161EB030111F480
:10805000801F05D1641E620502D06D004041494178
:1080600021F48011430875F1004350F1000041EB09
:10807000045170BC70471CEB410F15D223F0004334
:1080800052EA43060BD04FEA4C0CBCEB410F04D82C
:108090000C0D661E342EB7DDEBE7801A994150EACD
:1080A000410608BF0021E4E708BF1CEB430F28BFCF
:1080B0006FF00001DDE70000C1F30A5340F2FE3229
:1080C0009B1A14DDD3F120034FEAE17208DDC902E7
:1080D00041EA505141F00040D8408018504070476C
:1080E00003F2E13010B1D24382F00040704700202B
:1080F000704700002DE9F04D2DED0A8B41EC190B76
:1081000043EC182B51EC180B20F0000431F0004523
:1081100008BF002C84B000F0088353EC192B00201A
:10812000DFF88C1603F002FB00F0FF82DFF8141674
:1081300003F0FCFA08D151EC180B48004015401C24
:1081400002D1090300F0F18251EC190B48004015EF
:10815000401C00F00E8251EC190B31F0004108BFB9
:10816000002800F0068251EC180B48004015401C16
:1081700000F0FF8151EC180B4B0043EAD073420032
:10818000002B08BF002A04D1B0EE48AAF0EE68AA7E
:1081900019E040F23344A4EB5352352A04DB00F0DB
:1081A000000001F000410CE0202A03DD203AD1401C
:1081B000914000E001D1002003E0002AC4BFD0407C
:1081C000904041EC1A0B51EC190BC80F0BD053EC3B
:1081D000182B51EC1A0B03F0A9FA04D0AFF300806E
:1081E0009FED3F9BA3E253EC192B23F00041B1F527
:1081F000801F22F000000DD20022002908BF0028B5
:10820000009216D06A4651EC190B03F09FFA41EC2C
:10821000190B0EE0DFF8AC45DFF82C7504EB1150BC
:1082200000903B40DFF82405924643EA000B4BECFC
:1082300019AB51EC190BC80F36D021F0004053ECAC
:10824000192B034643EC192B51EC1A0B4B0043EA54
:10825000D0734200002B08BF002A04D1B0EE4A0AB6
:10826000F0EE6A0A19E040F23444A4EB5352352A86
:1082700004DB00F0000001F000410CE0202A03DDE7
:10828000203AD140914000E001D1002003E0002AD3
:10829000C4BFD040904041EC100B53EC1A2B51EC72
:1082A000100B03F043FA01D1002600E001260098EC
:1082B00001281DD151EC190BDFF89424DFF8943418
:1082C00003F07CFA14D253EC192B00204FF08041BC
:1082D000FFF762FD00279FED04BB41EC190B27E07F
:1082E000FFFFFFFFFFFFFF7F000000000000F03FE7
:1082F00053EC192B0020DFF86014FFF74DFD9FEDC4
:1083000078AB53EC1A2BFFF719FEFFF7D5FEA0F15F
:1083100020042046FCF79AFF0022DFF84034FFF7E4
:108320003BFD53EC1A2BFFF709FE41EC1B0B6701D9
:1083300051EC190B53EC1B2B03F086F941EC1A0B93
:1083400053EC192B51EC1B0BFFF7F8FD02460B46C3
:1083500051EC1A0BFCF79CFF41EC190B53EC192B59
:10836000FFF71AFD41EC1C0B53EC1C2BDFF8F0035C
:10837000DFF8F013FFF710FDDFF8EC23DFF8EC3344
:10838000FFF7DCFD53EC1C2BFFF706FDDFF8E023C5
:10839000DFF8E033FFF7D2FD53EC1C2BFFF7FCFCBA
:1083A000DFF8D423DFF8D433FFF7C8FD53EC1C2BE0
:1083B000FFF7F2FCDFF8C823DFF8C833FFF7BEFD94
:1083C00053EC1C2BFFF7E8FCDFF8BC23DFF8BC33D1
:1083D000FFF7B4FD53EC1C2BFFF7DEFCDFF8B023F6
:1083E000DFF8B033FFF7AAFD53EC1C2BFFF7D4FCEA
:1083F00053EC1A2B03F028F904460D460020DFF851
:10840000B01353EC1B2B03F01FF900224FF08043F5
:10841000FFF7C2FC22462B46FFF790FD53EC192BC9
:10842000FFF7BAFC41EC100BDFF86C03784400F561
:108430005A70074453EC1A2B51EC100BFFF77EFDDA
:1084400041EC190B0098FCF701FFD7E90023FFF777
:1084500075FD41EC1A0B53EC192BDFF84003DFF8E4
:108460004013FFF799FC53EC1A2BFFF767FD53EC11
:10847000182BFFF791FC0022DFF8283303F09EF958
:1084800041EC1B0B69D30122C74B03F0AFF961D953
:10849000C80F53EC1B2B1ABF0020C449AB49FFF790
:1084A0004DFDFFF709FE0022C14BCDE901238046B7
:1084B000CDF8008053EC192B51EC180BFFF76CFC36
:1084C00004460D46D7E90201D7E90423FFF736FD3C
:1084D00053EC182BFFF760FC9FEDB6BB04E000BF28
:1084E000000000000000E03F53EC1B2BFFF754FCA2
:1084F00022462B46FFF722FD07468B4653EC1A2BEC
:1085000051EC180BFFF748FC04460D464046FCF7BB
:108510009DFE02460B462046294603F095F853EC93
:108520001B2BFFF739FC3A465B46FFF707FDDDE9F9
:10853000012303F073F941EC190B31F0004108BF3E
:1085400000280AD051EC190B48004015401C06D1F8
:10855000090304D19FEDA09B01E09FED9B9B002EA2
:1085600000F0E58051EC190B81F0004141EC190B52
:10857000DDE051EC190B48004015401C02D1090305
:1085800040F0D58051EC180B48004015401C06D136
:10859000090304D0B0EE489AF0EE689AC7E051ECB7
:1085A000180B480001244015401C61D051EC180BF9
:1085B0004B0043EAD0734200002B08BF002A04D1CD
:1085C000B0EE48AAF0EE68AA19E040F23345A5EBF8
:1085D0005352352A04DB00F0000001F000410CE0AA
:1085E000202A03DD203AD140914000E001D1002053
:1085F00003E0002AC4BFD040904041EC1A0B53EC7A
:10860000182B51EC1A0B03F091F818BF00244B0003
:1086100043EAD0734200002B08BF002A04D1B0EE19
:108620004A0AF0EE6A0A19E040F23445A5EB5352CB
:10863000352A04DB00F0000001F000410CE0202AA4
:1086400003DD203AD140914000E001D1002003E059
:10865000002AC4BFD040904041EC100B44B153EC11
:108660001A2B51EC100B03F061F80CBF002401240D
:1086700051EC190B48004015401C0AD1090308D1E0
:1086800051EC190BC80F21D153EC182BDA0F49D03C
:1086900040E051EC180B48004015401C1ED1090366
:1086A0001CD153EC192B23F00041B1F5801F22F0AF
:1086B000000021D20022002908BF002800921FD00C
:1086C0006A4651EC190B03F041F819E051EC180B14
:1086D000C80F01D1002C21E0E4B10AE0002C1ABF40
:1086E00051EC190BC80F002053EC182BDA0F14D1E2
:1086F00080B19FED329B1AE0324C04EB1150009098
:1087000051EC180BC80F009802D100280ADC01E0D8
:10871000002807DD9FED2C9B09E0002818BF9FED86
:108720002C9B04D19FED2C9B01E09FED049B04B09A
:1087300051EC190BBDEC0A8BBDE8F08D0000000078
:108740000000F03F0000F0BFFFFF0F800000E03F9F
:10875000CD3B7F669EA0E63F000050400000903F6A
:10876000F7DE29BFD8F8C23FF4B3FECC1A99C33F55
:1087700062CB68D96F46C73FC6C912DAC471CC3F15
:108780004AE98A942449D23FF75F97999999D93F4A
:10879000BC5555555555E53F185B0000FE822B65CD
:1087A0004715F73F0000E0C00000E0400000E0BFD8
:1087B0000000F03FEF39FAFE422EE63F00000000D5
:1087C0000000008002FCFFFF00000000000000002D
:1087D000000000000000F0FF000000000000F07F3B
:1087E0002DE9F14FB0B0924604910DF142013A9A51
:1087F0002B9199464A7000200AE01AF8011B049850
:10880000309A90470028049000F0B6860D98401CDE
:108810000D909AF8000050B12528EED100210022D9
:108820000791089209910A920B910C9204E00D981D
:1088300000F0A4BE41F001011AF8010F2028F9D080
:1088400023280CD02B2804D02D2805D0302809D07F
:108850000BE041F00201EFE741F00401ECE741F0E9
:108860000801E9E741F01001E6E72A280FD1D9F81D
:10887000002052F8040BC9F8002000280F9003D5FF
:1088800040420F9041F004010AF1010A14E00F92F6
:10889000DFF828380AE00F98984205DA00EB8004E8
:1088A00002EB4402303A0F920AF1010A9AF80020D2
:1088B000A2F130000A28EED39AF800002E2803D047
:1088C0004FF0FF320E9229E01AF8010F2A2809D141
:1088D000D9F8000050F8042BC9F800000E920AF1F4
:1088E000010A1BE02D280CBF0AF1010A002000221A
:1088F0000E92DFF8C8470BE040B90E9AA24205DAA3
:1089000002EB820503EB4503303B0E930AF1010AAB
:108910009AF80030A3F130020A2AEDD3ADF84010E6
:10892000DFF89C07784400F5F3609AF8001003F034
:1089300069F908B11AF8010B8DF842009DF8420060
:10894000682805D19AF8000068280CD1622106E059
:108950006C2804BF9AF800006C2804D171218DF8AE
:1089600042100AF1010A12A806901AF801BBBBF1E5
:1089700025012CD01C3900F0D081091F022940F2BA
:10898000CC81133900F02385093900F0C681891E96
:1089900000F0B885491E00F06585491E022940F2A5
:1089A000BC81091F00F05E85491F00F02881491E27
:1089B00000F00D85491E00F0D080C91E0DD0891E23
:1089C00000F00585C91E00F0028500F0A6BD252334
:1089D0008DF84830012100F0ABBDD9F8000050F807
:1089E000044BC9F80000002C059440F0A3802B999B
:1089F0004878002800F099804FF0FF340FF684305B
:108A000003F00CF9201A40F0B78500F092BD6D1EFE
:108A100040F0A9853096079D12AF75B1309E17F8CA
:108A2000012B02A9304600F073FE002801D46D1E10
:108A3000F5D10028309640F09F850A9D3020002D0A
:108A40008DF804000CDD309E012301AA02A93046F6
:108A500000F06EFE002840F08F856D1EF4D1309638
:108A6000059F089D75B1309E17F8012B02A930466D
:108A700000F04EFE002801D46D1EF5D1002830967E
:108A800040F07A850B9D3020002D8DF804000CDD20
:108A9000309E012301AA02A9304600F049FE0028B9
:108AA00040F06A856D1EF4D1309605980899099DAD
:108AB000471875B1309E17F8012B02A9304600F017
:108AC00027FE002801D46D1EF5D10028309640F015
:108AD00053850C9D3020002D8DF804000CDD309E58
:108AE000012301AA02A9304600F022FE002840F02E
:108AF00043856D1EF4D130969DF8400041077FF507
:108B000088AE2020002C8DF804007FF782AE309DC7
:108B1000012301AA02A9284600F00AFE002840F01D
:108B20002B85641EF4D1309573E60FF664400590F2
:108B300000F0FFBC0E9D002D04D52046FCF74EFB37
:108B4000044607E02A46204603F088F8002814BFB0
:108B5000041B2C46089400F0ECBCD9F8001051F826
:108B6000040BC9F8001020F00004002121F0FF35AB
:108B700012ABCDE902450593DDE9022306993C24B9
:108B800013B90AB90E9898B102F00F053035641E7A
:108B9000EEB23A2EA8BF2735120942EA03721B092A
:108BA0000D5508BF002A03D005980D19A842EBD334
:108BB00008190590C4F13C020E98089282420ADA24
:108BC000BDF84010821A4FF6EF7001400A92ADF8DE
:108BD000401000F0AEBC002840F1AB849DF840008E
:108BE00000F01400102840F0A4840F9B07990A9805
:108BF0005B1A1B1A9A1A002A40F39B84E5E32B990F
:108C0000487820B14FF0FF340FF65430F8E69DF865
:108C10004200622861D0682817D06A283FD06C28AB
:108C200006D0712847D074282CD07A281DD064E053
:108C3000D9F8001051F8040BC9F80010002868D1C9
:108C40004FF0FF340FF63030DAE6D9F8001051F863
:108C5000040BC9F8001020B94FF0FF340FF618309C
:108C6000CEE60D99018000F064BCD9F8001051F8EF
:108C7000040BC9F8001000284BD14FF0FF340FF659
:108C8000F820BDE6D9F8001051F8040BC9F800101F
:108C900000283ED14FF0FF340FF6DC20B0E6D9F8C3
:108CA000001051F8040BC9F8001080B94FF0FF34E0
:108CB0000FF6C420A4E6D9F8001051F8040BC9F847
:108CC000001020B94FF0FF340FF6AC2098E60D9A53
:108CD000D317C0E9002300F02CBCD9F8001051F8DC
:108CE000040BC9F8001020B94FF0FF340FF68820AC
:108CF00086E60D99017000F01CBCD9F8001051F8FF
:108D0000040BC9F8001020B94FF0FF340FF66820AB
:108D100076E60D99016000F00CBCD9F80020D21D58
:108D200022F00702C9F80020D2E900010832C9F890
:108D30000020CDE90201C80F02D007982D210AE0DA
:108D4000BDF84000810702D507982B2103E0C0073A
:108D500005D50798202112AA1154401C0790DDE97F
:108D60000223079912A8CDE92C2308444BF02001D7
:108D70006129059021AC0BD00E99002902D506215E
:108D80000E9105E001BF4BF02001672901220E92F0
:108D9000DDE9022359004915491C0DD11A030BD0F6
:108DA000ABF1610503211A2D089102D20FF6E411EF
:108DB00010E00FF6E4110DE059004915491C0DD1E2
:108DC0001A030BD1ABF1610503211A2D089119D3B8
:108DD0000FF6CC110322FEF773FEAAE3DDE90201D0
:108DE000CDE92E01DDE92E2323F00047B7F5801FE2
:108DF00022F000060DD20022002F08BF002E0092A4
:108E000003D116E00FF69411E4E76A4602F09EFCE7
:108E10000FE0DFF8DC08DFF8DC1800EB17500090FB
:108E2000DDE92E234FF0FF301940DFF8CC781040F9
:108E30003943CDE902014BF0200061280DD105989E
:108E400030210170821CBBF1610F05920CBF7821AB
:108E5000582141700798801C0790DDE9020120F03D
:108E6000000231F0004308BF002A02D1002600258D
:108E700068E14BF02008B8F1610F40F0B4800E9823
:108E8000002847BF21210191401C0190019FDDE98D
:108E90002C017F1C00220023DDE9024502F08EFC3C
:108EA00000998DF8842038BF85F00045091F002FF8
:108EB00000910DF1850653DD20462946002200234E
:108EC00002F094FC4CD24800400D00F11C0212D07C
:108ED000002A10DD40F2FF739A4206DBDFF81C180F
:108EE00005F000400143002011E06FF31E5141EAFC
:108EF000025120460BE024F0000035F0004108BF8D
:108F000000280FBF29461C22294602F0D3FE044642
:108F10000D46FFF7D1F8FF1F002F804609DDFCF753
:108F200095F902460B462046294602F08DFB044681
:108F30000D46F01D0721B8F1000F0CDD491E5EBF84
:108F400008F00F0200F8012D4FEA2818F3D502E0CF
:108F5000002200F8012D491EFAD5C61D002FABDCFA
:108F60000DF18500361A01988642D8BF3046002898
:108F70000DF1850430D4B04206DA0DF185010A5CAA
:108F8000082AA8BF0F2100DA0021024621AB1344B2
:108F900000E0401E13F80159521E8D42F9D00F29EE
:108FA00004D10DF185018B5C5B1C8B54002A04D528
:108FB0000099091D21AC401C0091411E0CD462187F
:108FC000ABF13A0613783033DDB23A2DA8BFF3186F
:108FD000491E02F80139F5D50E99002940F1B080FB
:108FE000421E0E92ACE00099DFF8142747F297502A
:108FF000414391FBF2F2DDE92C45009225F000455A
:10900000D2F1070204DD2046294600F04EFB0BE0BA
:1090100052420020DFF8EC1600F047FB02460B46F8
:1090200020462946FCF734F90446B8F1660F0E983D
:1090300006BF009F0A3706273F18142FC8BF142702
:1090400030200D468DF884000DF18506002F39DDA6
:109050002046294602F0CCFE01460A4606F10803E6
:1090600004200A26B2FBF6F606EB860EA2EB4E02B1
:10907000303203F8012C0A22B6FBF2F202EB820E28
:10908000A6EB4E063036401E03F8026DE9D1083FCC
:10909000002F03F10806D9DD0846FCF751FA024615
:1090A0000B462046294602F0CFFA0022DFF8583658
:1090B000FEF772FE04460D46CAE700BFCBCCCC0CCF
:1090C000286800000DF18500361A0DF1850404E0D2
:1090D0000098401E761E0090641C20783028F7D03F
:1090E000B8F1660F02D10099491C04E0B8F1650F90
:1090F0000CBF012100210E9808188642B8BF701ECF
:1091000000281DD4B04204DA215C3429C8BF3921BB
:1091100000DC30210246631E9D1800E0401E15F859
:109120000169521E8E42F9D0392902D1A15C491C35
:10913000A154002A04D50099491C1C46401C0091EA
:109140000646009D02F068FE406A0778DDF8388028
:1091500030B2002802DC01260FF248644BF02000F8
:10916000662808BF6D1C16D0672846D128B210F1BA
:10917000040F48DB404546DA9DF840006D1C0107AE
:1091800003D430B24045B8BF804628B2B8EB0008DF
:1091900048BF4FF000080FFA85FBBBF1000F00F34A
:1091A000B5800898411C0891302205990A54B8F1FD
:1091B000000F03DC9DF84000010704D50898411C0E
:1091C000089105990F5418EB0B0FB8BFC8F10005B3
:1091D0002DB268420B90A84432B29045B8BF4646C3
:1091E000059B089836B20996324621461844FEF788
:1091F00067FCA8EB06000C90D2E0BBF1610F17D121
:109200004FF0700B19E030B2404504DA9DF8401081
:109210000A0758BF8046B8F1010848BF4FF0000860
:10922000BBF1670F14BF4FF0450B4FF0650B04E027
:10923000BBF1410F08BF4FF0500B0898411C08913B
:10924000B8F1000F059914F8012B0A5403DC9DF8BE
:10925000400001071AD50898411C0891B8F1000F89
:1092600005990F5412DD761E30B280450598089B93
:10927000B8BF464632B221461844FEF721FC089991
:1092800036B271180891A8EB06000B900598089962
:10929000084429B2002980F800B003D42B22427080
:1092A000821C04E02D2242700D46821C6D4200217A
:1092B0002CAB28460AE004460A2094FBF0F000EBB1
:1092C0008005A4EB450403F8014B491C00B20028BB
:1092D000F1DC012906DC4BF02000652804BF3020BA
:1092E00002F8010B00292CAB08D1302002F8010B49
:1092F00006E0491E585C303002F8010B0029F8DC0A
:10930000059908980844121A099249E030B229B226
:1093100088421CDA0598089B32B221461844FEF7B1
:10932000CFFB089936B27118ABEB0606B8F1000F07
:1093300008910B9603DC9DF84000020704D50598C0
:1093400047540999491C0991CDF8308028E00598C7
:10935000089B2AB221461844FEF7B2FB0898761BF8
:109360005844B8F1000F089003DC9DF840100A073C
:1093700003D5411C089105990F5430B280450598DA
:10938000089BB8BF464632B204EB0B011844FEF707
:1093900097FB089836B230180890A8EB06000B909F
:1093A0009DF8400000F01400102840F0C280079A99
:1093B00008990B988A18099982180C988A188218AB
:1093C0000F98824280F2B580821A0A92B1E09DF82D
:1093D0004200622808D068280ED06A2814D06C2871
:1093E0001FD0712810D01CE0D9F8001051F8040BE0
:1093F000C9F80010C0B21AE0D9F8001051F8040BF7
:10940000C9F8001080B212E0D9F80020D21D22F075
:109410000702C9F80020D2E900010832C9F800208B
:1094200006E0D9F8001051F8040BC9F8001000212B
:10943000CDE902019DF8400001075AD5DDE902237C
:10944000002B08BF002A54D04BF02000782850D1C0
:10945000079812A930220A54401C431C079301F8B4
:1094600000B046E09DF84200622808D068280ED07F
:109470006A2814D06C281FD0712810D01CE0D9F8AD
:10948000001051F8040BC9F8001040B21AE0D9F8E6
:10949000001051F8040BC9F8001000B212E0D9F81E
:1094A0000020D21D22F00702C9F80020D2E90001F5
:1094B0000832C9F8002006E0D9F8001051F8040B72
:1094C000C9F80010C117CDE90201002902D507989B
:1094D0002D210AE0BDF84000810702D507982B2115
:1094E00003E0C00705D50798202112AA1154401C9B
:1094F000079012A807990144059102A8594600F067
:109500004FF816E001200790D9F8000050F8041B2E
:10951000C9F800008DF848100BE025210122BBF1AD
:10952000000F8DF84810079203D08DF849B0022142
:1095300007910F9A07980A990C9C121A0898521AC8
:109540000B99121A0998521A121A9DF84000141B0E
:1095500041073FF560AA2020002C8DF804007FF71A
:109560005AAA309E2546012301AA02A9304600F0DE
:10957000DFF800283FF44BAA4FF0FF3031B0BDE8D0
:10958000F08F00007072696E74665F733A206261DA
:109590006420257320617267756D656E740000002C
:1095A0002DE9FC4307466F293E6908BF082405D012
:1095B00041F02000782814BF0A2410243C25D7E964
:1095C0000023642918BF69299046994605D1002BCC
:1095D00003D5D8F1000869EB4909B9F1000F08BFBC
:1095E000B8F1000F0CD1386B50B9082C39D197F86D
:1095F0003800010735D530203B2586F83B0030E0A8
:109600008DF80010404649462246E317FEF7ACFAB3
:109610003032D0B26D1E3A28019504DB9DF800006F
:10962000A0F151018A187255404649462246E31777
:10963000FEF79AFA80465FEA010908BFB8F1000F09
:1096400003D0F86871198842DCD3082C09D197F847
:109650003800010705D5705D302802D06D1E30201E
:109660007055C5F13C02BA617119F960386B8242DC
:1096700008DA821A3A624FF6EF70398F0140398763
:10968000BDE8F38300280ED597F8380000F01400E9
:10969000102808D17B6B7969386A5B1A1B1A9A1AF1
:1096A000002AC8BF3A62BDE8F3832DE9D0430646DD
:1096B0000F4614464FF00008DFF8509012E0E00724
:1096C00007D542464B4630463946FEF765FB06460F
:1096D0000F464046494642464B46FEF75DFB641046
:1096E00080468946002CEAD130463946BDE8D08311
:1096F00002FCFFFFFFFF0F800000E03F0000F07F53
:10970000A08601000000F03F84D79741000024406C
:1097100010B503460C461146A0689847A06020B1DA
:10972000E06A401CE062002010BD4FF0FF3010BD29
:10973000F8B505460E4617461C4600205CB117F8E2
:10974000011BB068A847B06030B1F06A401CF062FD
:109750000020641EF3D1F2BD4FF0FF30F2BD0000D7
:109760007072696E74665F733A20256E2064697347
:10977000616C6C6F776564007072696E74663A2014
:1097800062616420256E20617267756D656E74007C
:10979000000000006E616E004E414E00696E660072
:1097A000494E46003000000010B50400002C01D1E5
:1097B000012074E0606A002806D16068B0F5827FFD
:1097C00006D00020E06103E00020206100206061FD
:1097D0000020A06294F85D00002805D1002084F8E4
:1097E0005C00200002F044FB022084F85D00206849
:1097F000006830F0400021680860E06840F20171C4
:10980000884201D3002101E04FF48051E068B0F5B7
:10981000706F05D0E068B0F5E06F01D00020A06265
:10982000606810F48270A26812F404421043227C33
:1098300012F002021043227D12F001021043A269CD
:1098400012F400721043227F12F03802104394F891
:10985000202012F080021043A26A12F4005210433A
:1098600022681060A269120C12F0040294F824001D
:1098700010F01000024394F8340010F00800024386
:10988000E06810F47060024311F4805002432068D5
:10989000426000202066012084F85D00002010BD99
:1098A0002DE9F84306000D0017001C00FBF7F2FE3F
:1098B0008046B94696F85D00012801D00220ECE010
:1098C000002D03D0380080B2002801D10120E4E04F
:1098D00096F85C00012801D10220DEE0012086F824
:1098E0005C00032086F85D0000203066B563B78712
:1098F000F787002030640020A6F844000020A6F876
:109900004600002030650020F064B068B0F5004FDC
:109910000BD13068006830F0400031680860306872
:10992000006850F480403168086030680068400684
:1099300005D43068006850F0400031680860F06875
:1099400040F20171884235D37068002803D0484640
:1099500080B2012809D1B06B00883168C860B06B53
:10996000801CB063F08F401EF087F08F002873D00A
:109970003068806880070AD5B06B00883168C8609D
:10998000B06B801CB063F08F401EF087EDE7FBF7F3
:1099900081FEB0EB0800A04202D314F1010F01D107
:1099A000002CE2D1012086F85D00002086F85C00E2
:1099B000032072E07068002803D0484680B2012876
:1099C00017D1F08F02280AD3B06B00883168C860C5
:1099D000B06B801CB063F08F801EF08709E0B06B25
:1099E000007831680873B06B401CB063F08F401E84
:1099F000F087F08F00282FD030688068800718D556
:109A0000F08F02280AD3B06B00883168C860B06B51
:109A1000801CB063F08F801EF087EAE7B06B00789F
:109A200031680873B06B401CB063F08F401EF08744
:109A3000DFE7FBF72FFEB0EB0800A04202D314F1E2
:109A4000010F01D1002CD4D1012086F85D00002047
:109A500086F85C00032020E042462100300000F040
:109A600003F9002801D020203066B068002808D112
:109A7000002000903068C0680090306880680090D6
:109A80000098012086F85D00002086F85C00306EAA
:109A9000002801D0012000E00020BDE8F2832DE97C
:109AA000FC4705000E0017009846DDF82890FBF7EC
:109AB000F1FD0400B8EB040419EB0404FBF7EAFD24
:109AC0008246684800684001000D00FB04F00090E9
:109AD000286880683040B04201D1012000E00020B9
:109AE0003900C9B2884243D018F1010FF0D0FBF71A
:109AF000D1FDB0EB0A00A04201D2002C2FD1286882
:109B0000406830F0E000296848606868B0F5827FFE
:109B10000DD1A868B0F5004F03D0A868B0F5806FEC
:109B200005D12868006830F0400029680860A86AFC
:109B3000B0F5005F0BD12868006830F40050296848
:109B400008602868006850F4005029680860012007
:109B500085F85D00002085F85C00032009E000988E
:109B6000002801D1002004000098401E0090AFE7BB
:109B70000020BDE8F6872DE9FE4F06000F00140017
:109B80009846DDF8309000208DF80000FBF782FD4C
:109B90000500B8EB050519EB0505FBF77BFD8246D3
:109BA000306810F10C0B2F48016823204143090D48
:109BB00001FB05F10191306880683840A0424ED029
:109BC000B7F5C06F07D1002C05D19BF800008DF8C8
:109BD00000009DF8000018F1010FECD0FBF75AFDD2
:109BE000B0EB0A00A84201D2002D2FD130684068A6
:109BF00030F0E000316848607068B0F5827F0DD1C8
:109C0000B068B0F5004F03D0B068B0F5806F05D1F3
:109C10003068006830F0400031680860B06AB0F524
:109C2000005F0BD13068006830F400503168086084
:109C30003068006850F4005031680860012086F8F0
:109C40005D00002086F85C00032009E001980028F0
:109C500001D1002005000198401E0190ABE70020D3
:109C6000BDE8FE8F0C0500207CB504000D00160039
:109C700000962B0000224FF4C0512000FFF77BFF1D
:109C8000002805D0206E50F02000206603201FE041
:109C900000962B00002280212000FFF700FF002803
:109CA00005D0206E50F020002066032010E00096C2
:109CB0002B0000224FF4C0612000FFF75CFF00285A
:109CC00005D0206E50F020002066032000E0002028
:109CD00076BD002848BF4042704780B502F004F9C5
:109CE00000F011F802F012F902F0F8F9FCF72EFC7E
:109CF00002F024FA02F094F8FCF744FCFCF760FC54
:109D000002F046FBFEE710B596B04421002205ACF8
:109D10002000FBF777FF142100226C462000FBF7A0
:109D200071FF4FF4007002F00FFD002801D000F029
:109D300033F81820059001200A9001200B90002094
:109D40000C9060200D9002200F90012010900120B7
:109D500011902820129007201390022014900220C6
:109D6000159005A800F042FE002801D000F014F87C
:109D70000F2000900320019000200290002003900B
:109D8000002004900421684601F074F9002801D0F5
:109D900000F002F816B010BD72B6FEE710B504462A
:109DA00010460A4601462046FBF72CFF204610BD10
:109DB0002DE9F84F05005FF000080027286800052E
:109DC00027D5686C00280DD0B0F5000F03D0B0F592
:109DD000400F0DD00DE0DFF82403016851F480310D
:109DE000016008E00021281D00F092F9804602E0A1
:109DF00001E0012080464046C0B2002808D1DFF8CB
:109E00000C130A6832F44002686C02430A6000E0F6
:109E10004746286880037AD55FF00009DFF8E0A2A2
:109E2000DAF80000C0000DD4DAF8000050F08050DD
:109E3000CAF80000DAF8000010F080500090009896
:109E400001208146DFF8BCB2DBF8000050F48070DE
:109E5000CBF80000FBF71EFC0600DBF80000C00595
:109E600006D4FBF717FC801B0328F6D3032080469B
:109E70004046C0B200283FD1DFF88CB2DBF80000CA
:109E800010F440700400002C15D0E86D844212D00C
:109E9000DBF8000030F440700400DBF8000050F400
:109EA0008030CBF80000DBF8000030F48030CBF8D5
:109EB0000000CBF80040E0070FD5FBF7EBFB0600F6
:109EC000DBF80000800708D4FBF7E4FB801B41F2BD
:109ED00089318842F4D3032080464046C0B200282E
:109EE00008D1DBF8001031F44071E86D0143CBF884
:109EF000001002E0474600E047464846C0B201284D
:109F000005D1DAF8000030F08050CAF80000287857
:109F1000C00707D5DFF8F4110A6892089200286A92
:109F200002430A602878800707D5DFF8E0110A6845
:109F300032F00C02686A02430A602878400707D5AD
:109F4000DFF8C8110A6832F03002A86A02430A60DA
:109F50002878800607D5DFF8B4110A6832F4406229
:109F6000E86A02430A602868800507D5DFF89C117B
:109F70000A6832F44022E86B02430A602868400510
:109F800007D5DFF888110A6832F44012286C0243C2
:109F90000A602878400607D5DFF870110A6832F4A5
:109FA0004052286B02430A602878000607D5DFF884
:109FB0005C110A6832F44042686B02430A60286808
:109FC000C00507D5DFF844110A6832F44032A86BA7
:109FD00002430A602868800420D5DFF830110A683F
:109FE00032F04062A86C02430A60A86CB0F1006FC6
:109FF00006D1DFF80801016851F4801101600DE01D
:10A00000A86CB0F1806F09D10121281D00F080F803
:10A0100080464046C0B2002800D04746286800036A
:10A0200020D5DFF8E8100A6832F04062E86C02439D
:10A030000A60E86CB0F1006F06D1DFF8C00001687B
:10A0400051F4801101600DE0E86CB0F1806F09D12E
:10A050000121281D00F05CF880464046C0B200286F
:10A0600000D047462868400320D5DFF8A0100A68D2
:10A0700032F04062286D02430A60286DB0F1006F33
:10A0800006D1DFF87800016851F4801101600DE01D
:10A09000286DB0F1806F09D10121281D00F038F83A
:10A0A00080464046C0B2002800D047462868400499
:10A0B00015D5DFF858100A6832F04052686D024337
:10A0C0000A60686DB0F1805F09D10221281D00F09F
:10A0D0001FF880464046C0B2002800D04746286896
:10A0E000000407D5DFF824100A6832F08042A86D1A
:10A0F00002430A603800C0B2BDE8F28F0C10024083
:10A100005810024000700040901002408810024039
:10A110002DE9F04105000C0000275949086810F0AE
:10A12000030F12D0086810F003002A68904209D18A
:10A130002868002806D00868C0F30210401C69682F
:10A14000884232D0012007002FE02868012804D07F
:10A150001BD303280FD007D317E04A4800688007B5
:10A1600001D40120070012E046480068400501D4F0
:10A17000012007000BE043480268920304D4006802
:10A18000400301D40120070001E00120070038004E
:10A19000C0B2002809D10A6832F07302286802436D
:10A1A0006868401E52EA00120A603800C0B20028F7
:10A1B00061D1DFF8D080D8F8000030F08060C8F8B6
:10A1C0000000FBF767FA0600D8F80000000106D58A
:10A1D000FBF760FA801B0328F6D303200700380042
:10A1E000C0B2002847D1002C0BD127490A68274864
:10A1F0000240A86852EA0022E86852EAC0620A6097
:10A200001CE0012C0DD120490A6821480240A868B1
:10A2100052EA002228694008401E52EA40520A6071
:10A220000CE019490A681B480240A86852EA00225B
:10A2300068694008401E52EA40620A60D8F800008F
:10A2400050F08060C8F80000FBF724FA0600D8F848
:10A250000000000106D4FBF71DFA801B0328F6D38B
:10A26000032007003800C0B2002804D106490A685C
:10A27000A86902430A603800C0B2BDE8F08100005E
:10A280000C1002400010024010100240FF80FF0737
:10A29000FF809FFFFF80FFF930B40100002901D14A
:10A2A000012067E00868624A90420AD20A68614861
:10A2B00082181420B2FBF0F0800048645E48086405
:10A2C00009E00A685D4882181420B2FBF0F08000B3
:10A2D00048645B480864022081F825000868026829
:10A2E0006FF30E128B68C86803430869034348691B
:10A2F000034388690343C8690343086A03431A4355
:10A30000086802608868B0F5804F2AD0086C4A4B14
:10A31000984213D14B4803680F2491F8445015F02C
:10A320001C05AC40A343036003684C6891F844509B
:10A3300015F01C05AC402343036012E0424803685B
:10A340000F2491F8445015F01C05AC40A343036062
:10A3500003684C6891F8445015F01C05AC40234349
:10A3600003600020C863012081F82500002081F8E7
:10A370002400002030BC704710B40100002901D136
:10A38000012053E008680068400840000A68106037
:10A390000868274A90420AD20A6826488218142080
:10A3A000B2FBF0F0800048642348086409E00A68C2
:10A3B000224882181420B2FBF0F080004864204844
:10A3C000086400200A681060012091F8442012F00F
:10A3D0001C0290400A6C5060086C174A90420AD1E7
:10A3E000184802680F2391F8444014F01C04A3405D
:10A3F0009A43026009E0144802680F2391F8444030
:10A4000014F01C04A3409A4302600020C86200209C
:10A41000086300204863002088630020C863002090
:10A4200081F82500002081F82400002010BC70472E
:10A4300008040240F8FFFDBF00000240F8FBFDBF2A
:10A4400000040240A8000240A80402402DE9F041A7
:10A4500004000D0016001F005FF0000894F82400AF
:10A46000012801D102203BE0012084F8240094F867
:10A47000250001282DD1022084F825000020E0636A
:10A480002068006840084000216808603B003200F6
:10A490002900200000F0F8F8206B002806D0206882
:10A4A000006850F00E00216808600BE0206800682A
:10A4B00030F00400216808602068006850F00A004D
:10A4C000216808602068006850F001002168086079
:10A4D00004E0002084F82400022080464046C0B2F8
:10A4E000BDE8F0810100002291F82500022806D085
:10A4F0000420C863002081F8240001201BE00868C4
:10A50000006830F00E000B681860086800684008AA
:10A5100040000B681860012091F8443013F01C03D0
:10A5200098400B6C5860012081F82500002081F8CC
:10A5300024001000C0B2704738B50400002594F81C
:10A540002500022804D00420E063012005001FE05C
:10A550002068006830F00E002168086020680068FC
:10A560004008400021680860012094F8441011F070
:10A570001C018840216C4860012084F825000020DF
:10A5800084F82400A06B002802D02000A16B88472B
:10A590002800C0B232BD70B50400206C0568206888
:10A5A0000668042094F8441011F01C0110FA01F11F
:10A5B0000D4219D0710717D521680968890605D49D
:10A5C0002168096831F004012268116094F8441090
:10A5D00011F01C018840216C4860206B002852D08B
:10A5E0002000216B88474EE0022094F8441011F0BF
:10A5F0001C0110FA01F10D421FD0B1071DD52168D1
:10A600000968890608D42168096831F00A012268BE
:10A610001160012184F8251094F8441011F01C01F8
:10A620008840216C4860002084F82400E06A0028FB
:10A6300029D02000E16A884725E0082094F84410DA
:10A6400011F01C01884005421DD030071BD5206841
:10A65000006830F00E0021680860012094F8441072
:10A6600011F01C018840216C48600120E06301204A
:10A6700084F82500002084F82400606B002802D0B4
:10A680002000616B884770BD30B4012490F84450BD
:10A6900015F01C05AC40056C6C6004686360846850
:10A6A000102C04D10468A2600468E16003E004682F
:10A6B000A1600468E26030BC7047000010B410F084
:10A6C0000703DFF8684122684FF6FF010A40DFF810
:10A6D000601151EA03210A43226010BC7047DFF881
:10A6E0004C010068C0F3022070470000010049B22D
:10A6F00000290AD4012210F01F018A40DFF834112A
:10A7000003005BB25B0941F823207047010049B2A6
:10A7100000290DD4012210F01F018A404649030090
:10A720005BB25B0941F82320BFF34F8FBFF36F8FFC
:10A73000704710B4020052B2002A05D40A013F4B00
:10A74000040064B21A5508E00A013D4B040064B2EB
:10A7500014F00F04234403F8042C10BC704770B4A9
:10A76000030013F00704D4F10700052801D30420E7
:10A7700001E0D4F10700251D072D01D2002500E0DE
:10A78000E51E012616FA00F0401E0140A94016FA07
:10A7900005F56D1E2A401143080070BC704710B5C6
:10A7A0000400601EB0F1807F01D301200EE0601E26
:10A7B000244908600F215FF0FF30FFF7BAFF002047
:10A7C00021490860072021490860002010BD10B50C
:10A7D00004002000FFF772FF10BD2DE9F0410400D6
:10A7E0000D0016000027FFF77AFF8046320029008F
:10A7F0004046FFF7B4FF0100200040B2FFF799FF89
:10A80000BDE8F08110B50400200040B2FFF76EFFF4
:10A8100010BD10B50400200040B2FFF777FF10BD57
:10A8200010B504002000FFF7BAFF10BD0CED00E0EA
:10A830000000FA0500E100E080E100E000E400E053
:10A8400018ED00E014E000E018E000E010E000E0A7
:10A8500010B50400206841490968884202D10120EE
:10A8600001F067FE20683E490968884202D1012054
:10A8700001F0BEFF20683B490968884202D10120EF
:10A88000FCF74AF810BD38B504000D0020683349C4
:10A890000968884203D1280080B201F04AFE20688E
:10A8A0002F490968884203D1280080B201F0A0FF37
:10A8B00020682C490968884203D1280080B2FCF73F
:10A8C0002BF831BD10B5040020682449096888427E
:10A8D00002D1002024490870206821490968884273
:10A8E00002D102202049087020681E490968884268
:10A8F00002D104201C49087002211C48FBF718F8FB
:10A9000010BD1CB5184C20780090194B0022002176
:10A91000032001F095FF207800280ED101F008FEF9
:10A9200014480188491C01800188142903DB002197
:10A93000018001F0E7FD01F0E9FD20782078022890
:10A9400003D101F054FF01F043FF20782078042860
:10A9500003D1FBF7E0FFFBF7CFFF13BDCC200020B6
:10A9600054210020DC210020D528002010050020E3
:10A9700060F20008C228002070B505000C00160027
:10A98000D5F8800020282DD1002C03D0300080B2D3
:10A99000002801D1012026E00120286600206866F9
:10A9A000320092B221002800FCF787FD0100080068
:10A9B000C0B2002813D1286E01280ED110202A68B9
:10A9C0001062286850E8000F50F0100002002B6859
:10A9D00043E800200028F4D101E001200100080034
:10A9E000C0B200E0022070BD704700002DE9FE4FAC
:10A9F0000500002D01D101203AE3DFF80499D9F8D0
:10AA0000004014F00C04DFF81889D8F8007017F033
:10AA100003072878C00640F1C680002C03D00C2C18
:10AA20007AD1012F78D1DFF8D4A8DAF800008007B6
:10AA300004D5A869002801D1012019E3DAF8000043
:10AA4000000704D5DAF8000010F0F00005E0DFF8A8
:10AA500060090068000910F0F000296A88421ED2DF
:10AA6000286A00F05FFC002801D0012000E3DAF83A
:10AA7000000050F00800CAF80000DAF8001031F0C9
:10AA8000F001286A0143CAF80010DFF828090168BC
:10AA900031F47F41EA6951EA022101601FE0DAF8EE
:10AAA000000050F00800CAF80000DAF8001031F099
:10AAB000F001286A0143CAF80010DFF8F8080168BD
:10AAC00031F47F41EA6951EA02210160002C06D18C
:10AAD000286A00F027FC002801D00120C8E200F01D
:10AAE00086FBDFF8D418D9F80020C2F30312895C82
:10AAF00011F01F01C840DFF80C180860DFF80808E3
:10AB0000006801F0BBFF8DF800009DF800000028F0
:10AB100049D09DF80000ABE2A86900282DD0DFF8ED
:10AB2000DC97D9F8000050F00100C9F80000FAF7EE
:10AB3000B1FD0600D9F80000800706D4FAF7AAFD97
:10AB4000801B0328F6D3032092E2D9F8000050F0CE
:10AB50000800C9F80000D9F8001031F0F001286AA7
:10AB60000143C9F80010DFF84C08016831F47F4157
:10AB7000EA6951EA0221016015E0DFF88097D9F80F
:10AB8000000040084000C9F80000FAF783FD060005
:10AB9000D9F80000800706D5FAF77CFD801B032852
:10ABA000F6D3032064E22878C00754D5082C03D0DC
:10ABB0000C2C0BD1032F09D1DFF84007006880036C
:10ABC00049D56868002846D1012051E26868B0F58F
:10ABD000803F06D1DFF82407016851F4803101601D
:10ABE00018E06868B0F5A02F0AD1DFF810070168F7
:10ABF00051F480210160016851F48031016009E065
:10AC0000DFF8F806016831F480310160016831F441
:10AC100080210160686800280ED0FAF73BFD06002D
:10AC2000DFF8D8060068800315D4FAF733FD801BDF
:10AC30006528F5D303201BE2FAF72CFD0600DFF8A8
:10AC4000BC060068800306D5FAF724FD801B652842
:10AC5000F5D303200CE22878800752D5042C03D0CA
:10AC60000C2C15D1022F13D1DFF890060068400597
:10AC700004D5E868002801D10120F9E1DFF83407A4
:10AC8000016831F0F8512A6951EA0261016038E047
:10AC9000E86800281FD0DFF86496D9F8000050F467
:10ACA0008070C9F80000FAF7F5FC0600D9F800003A
:10ACB000400506D4FAF7EEFC801B0328F6D30320E8
:10ACC000D6E1DFF8F006016831F0F8512A6951EA5F
:10ACD0000261016015E0DFF82496D9F8000030F435
:10ACE0008070C9F80000FAF7D5FC0600D9F800001A
:10ACF000400506D5FAF7CEFC801B0328F6D30320C7
:10AD0000B6E1287800072ED56869002815D0DFF84D
:10AD1000A096D9F8000050F00100C9F80000FAF739
:10AD2000B9FC0600D9F8000080071CD4FAF7B2FC81
:10AD3000801B0328F6D303209AE1DFF87496D9F834
:10AD4000000040084000C9F80000FAF7A3FC060024
:10AD5000D9F80000800706D5FAF79CFC801B032871
:10AD6000F6D3032084E12878400740F181805FF02A
:10AD70000009DFF848A6DAF80000C0000DD4DAF8C0
:10AD8000000050F08050CAF80000DAF8000010F01F
:10AD900080500190019801208146DFF824B6DBF84D
:10ADA0000000C00513D4DBF8000050F48070CBF82D
:10ADB0000000FAF76FFC0600DBF80000C00506D4BF
:10ADC000FAF768FC801B0328F6D3032050E1A8683B
:10ADD000012806D1DFF8EC05016851F0010101609E
:10ADE00017E0A86805280AD1DFF8D805016851F0F6
:10ADF00004010160016851F00101016009E0DFF820
:10AE0000C4050168490849000160016831F0040186
:10AE10000160A868002810D0FAF73CFC0600DFF8B3
:10AE2000A4050068800719D4FAF734FC801B41F2AE
:10AE300089318842F3D303201AE1FAF72BFC06008C
:10AE4000DFF880050068800708D5FAF723FC801B2F
:10AE500041F289318842F3D3032009E14846C0B268
:10AE6000012805D1DAF8000030F08050CAF800005F
:10AE7000287880062ED5686A002815D0DFF8489516
:10AE8000D9F8000050F00100C9F80000FAF702FC00
:10AE90000600D9F8000080071CD4FAF7FBFB801BE2
:10AEA0000328F6D30320E3E0DFF81C95D9F800006F
:10AEB00040084000C9F80000FAF7ECFB0600D9F89A
:10AEC0000000800706D5FAF7E5FB801B0328F6D3C0
:10AED0000320CDE0A86A002800F0C980A86A0228F3
:10AEE00040F0A380D8F80000070017F00300E96ADB
:10AEF000884222D117F07000296B491EB0EB011F68
:10AF00001BD117F4FE40696BB0EB012F15D117F080
:10AF10007840A96BB0EBC16F0FD117F4C000E96B9B
:10AF20004908491EB0EB415F07D117F0C060296C9A
:10AF30004908491EB0EB416F57D00C2C53D0DFF8B5
:10AF4000BCA3DAF80000400101D5012090E0DAF856
:10AF5000000030F08070CAF80000FAF79BFB8146D1
:10AF6000DAF80000800107D5FAF794FBB0EB09008E
:10AF70000328F5D303207BE0D8F80010DFF84C0459
:10AF80000140E86A0143286B401E51EA0011686BDA
:10AF900051EA0021E86B4008401E51EA4051286CFC
:10AFA0004008401E51EA4061A86B51EAC061C8F8F0
:10AFB0000010DAF8000050F08070CAF80000D8F8ED
:10AFC000000050F08070C8F80000FAF763FB06003C
:10AFD000DAF8000080014AD4FAF75CFB801B0328F2
:10AFE000F6D3032044E0012042E0DFF81093D9F8C3
:10AFF000000080013BD4D9F8000050F08070C9F8FF
:10B000000000D8F8000050F08070C8F80000FAF78F
:10B0100041FB0600D9F80000800128D4FAF73AFB7A
:10B02000801B0328F6D3032022E00C2C1DD0DFF870
:10B03000CC92D9F8000030F08070C9F80000FAF71F
:10B0400029FB0600D9F80000800106D5FAF722FB9B
:10B05000801B0328F6D303200AE0D8F80010DFF89D
:10B0600070030140C8F8001001E0012000E000205A
:10B07000BDE8FE8F2DE9F04104000D00002C01D148
:10B080000120B2E0DFF84C73386810F00700A842E6
:10B090000BD23868C008C00028433860386810F008
:10B0A0000700A84201D001209FE0207880070DD53D
:10B0B000DFF84C12086810F0F000A268904205D248
:10B0C0000A6832F0F002A06802430A602078C007E4
:10B0D00042D56068032806D1DFF8200200688001AD
:10B0E0001CD4012081E06068022806D1DFF80C0240
:10B0F0000068800312D4012077E06068002806D140
:10B10000DFF8F8010068800708D401206DE0DFF85F
:10B11000EC010068400501D4012066E0DFF8E08121
:10B12000D8F800108908890060680143C8F8001049
:10B13000FAF7B0FA0600D8F8000010F00C006168C9
:10B14000B0EB810F08D0FAF7A5FA801B41F28931E4
:10B150008842F0D3032048E0207880070CD5684966
:10B16000A0680A6812F0F002904205D20A6832F034
:10B17000F002A06802430A60386810F007008542B8
:10B180000BD23868C008C00028433860386810F017
:10B190000700A84201D0012027E02078400706D50B
:10B1A00057490A6832F4E062E06802430A60207896
:10B1B000000707D55248016831F46051226951EA0D
:10B1C000C201016000F013F8DFF8EC114C4A12687C
:10B1D000C2F30312895C11F01F01C840494908609D
:10B1E0004948006801F04AFCC0B2BDE8F0812DE991
:10B1F000F041002600204249096811F00C01DFF8F7
:10B2000020C1DCF8007017F00307002903D00C29D7
:10B210001AD1012F18D1DFF8E4E0DEF800805FEAF0
:10B22000087806D4DFF888E1DEF800E0CEF3032EDC
:10B2300003E0DEF800E0CEF3031E674E56F82E6002
:10B2400000290CD130000AE0042903D1DFF88CE199
:10B25000704604E0082902D1DFF884E170460C2929
:10B260002DD1DCF800E01EF0030E73469E46BEF1C1
:10B27000020F03D0BEF1030F03D005E0DFF85CE15D
:10B2800003E0DFF85CE100E0B646DCF80020C2F342
:10B290000212521C1500DCF80020C2F3062202FB49
:10B2A0000EFEBEFBF5F2DCF800C0CCF3416C1CF1E5
:10B2B000010C5FEA4C0C6446B2FBF4FC6046BDE84E
:10B2C000F08110480068704780B5FFF7FAFF4549E4
:10B2D0000B4A1268C2F30222895C11F01F01C840B8
:10B2E00002BD80B5FFF7EDFF3E49054A1268C2F383
:10B2F000C222895C11F01F01C84002BD001002404B
:10B30000081002400C050020E804002028490868C5
:10B3100010F07E400A6852F400020A607047000094
:10B320000C1002407CB504000025244E3068C0009B
:10B3300003D501F003FA01000FE0306850F08050AF
:10B340003060306810F080500090009801F0F6F9FD
:10B350000100306830F080503060B1F5007F09D1D5
:10B36000812C15D3A12C02D30220050010E001206E
:10B3700005000DE0812C02D30320050008E0802C9D
:10B3800002D10220050003E0702C01D1012005004C
:10B3900010480268D208D2002A430260006810F008
:10B3A0000700A84201D0012000E0002076BD000087
:10B3B0009410024004100240C0F3000858100240EC
:10B3C0000070004090100240981002408C809D0157
:10B3D000FCFFEEFE00200240D8F000080024F4003C
:10B3E00000127A0078F80008704770472DE9F84F8E
:10B3F00082468B4614001D000026DFF884713878E1
:10B40000012801D1022047E0012038704CF2503869
:10B41000404600F05BF881464846C0B2002837D16C
:10B4200000207860DFF85C010168490506D50168F5
:10B4300031F4806101600220387701E00020387724
:10B44000BAF1000F07D122002B00584600F071F826
:10B45000012006000FE0BAF1010F02D0BAF1020F8D
:10B4600009D12100584600F071F8BAF1020F02D15B
:10B470005FF480200600404600F028F88146002E48
:10B4800004D0DFF804010168B143016000F09FF8C7
:10B49000002038704846C0B2BDE8F28F00203A491B
:10B4A0000A68002A09D53C4A3C4B13603C4B1360A8
:10B4B0000968002901D501210800C0B2704732484F
:10B4C000016851F0004101600020704770B5040030
:10B4D000FAF7E0F805002D4A1068C00309D514F109
:10B4E000010FF8D0FAF7D6F8401BA042F3D303209F
:10B4F0001EE0116826480140002913D02048436807
:10B500000B43436011F0404F05D0224B1E6811F0F1
:10B51000404006431E60880002D021F04040106089
:10B52000012005E01068C00701D50120106000204F
:10B5300070BD10B414490C6854F001040C60026032
:10B54000BFF36F8F011D0B6010BC704770B44023B8
:10B5500004000D000C4A166856F480261660EFF3BE
:10B56000108272B62E682660241D2D1D5B1E1E00E3
:10B57000F6B2002EF6D182F3108870BC704700003E
:10B58000EC04002000200240142002401020024061
:10B59000FAC3020018200240082002402301674538
:10B5A000AB89EFCD10B4DFF89820136833F47E73C5
:10B5B000C40014F4FF6423431360136853F00203C0
:10B5C0001360136853F48033136010BC7047DFF8C6
:10B5D0006800017F0A00D2B2012A03D00A00D2B269
:10B5E000032A11D1DFF85420136833F40073136079
:10B5F000136853F400631360136833F4006313603B
:10B60000136853F4007313600A00D2B2022A03D005
:10B610000A00D2B2032A0CD1084A136853F48053AB
:10B620001360136833F480531360136853F480631A
:10B630001360002202777047EC04002000200240D3
:10B64000142002407047000070B44FF0004591EAAA
:10B65000030F7CF57BAC6B40841A71EB030603D2BD
:10B66000001BB141121973414FF4001C1CEB410F38
:10B6700034BF7CEB430442E00C0DA4EB1356352E93
:10B680004FDC45EAC323DB0A45EAC121C912B6F102
:10B6900020050DDD63FA05F6EB4086EA030512424C
:10B6A00018BF45F00105C01851F100010CD213E09C
:10B6B00062FA06F5F2405540F3415A40B340F34078
:10B6C0005A408018594107D349085FEA30005FEAC1
:10B6D000350528BF45F0010501F58011420875F1D7
:10B6E000004250F1000041EB04514E0016F5001FDE
:10B6F00070BC38BF70470020090D090570471CEB6E
:10B70000410F10D252EA43060BD0BCEB410F05D8D3
:10B710000C0DAB43661E342EB6DD02E0AB43801841
:10B72000594170BC704770BC7047000090420CD10A
:10B7300041EA030C50EA4C0C07D0994205D14FF472
:10B74000001C1CEB410F38BF8942704710B51446EE
:10B7500000F002F8226010BDC1F30A5343B14A0061
:10B7600012F5001F28D2A3F2FE32A1EB025170475E
:10B7700050EA410C20D001F0004C31EA0C01B1FA42
:10B7800081F204BFB0FA80F3D2180B3AB2F1200371
:10B790002CBF00FA03F1914041EA0C013EBFC2F117
:10B7A000200C20FA0CF319439040524240F2FD3332
:10B7B000D21A01EB03517047002270474FF4001C6E
:10B7C0001CEB410F94BF1CEB430F09E041EA030C53
:10B7D00050EA4C0C52EA0C0C03D2994208BF90423A
:10B7E000704714BF8B428242704700004FF4001C28
:10B7F0001CEB410F94BF1CEB430F09E041EA030C23
:10B8000050EA4C0C52EA0C0C03D28B4208BF824225
:10B81000704714BF9942904270470000F8B52DED73
:10B820000A8B41EC1A0B48004015109D401C43EC5C
:10B83000182B23D051EC1A0B31F0004108BF00281F
:10B840001CD051EC180B48004015401C16D051EC90
:10B85000180B31F0004108BF00280FD051EC1A0B33
:10B860000022DFF84833FFF7A9FF80F0A38055ECF2
:10B87000184B9FED800B05F00042ACE051EC1A0B29
:10B8800048004015401C02D1090340F0898151EC69
:10B89000180B48004015401C01D1090353D151EC4D
:10B8A000180B31F0004308BF002A08D151EC1A0BE5
:10B8B00048004015401C46D1090344D10DE0480022
:10B8C0004015401C12D1090310D151EC1A0B48004D
:10B8D0004015401C37D1090335D1AFF30080BDECD2
:10B8E0000A8B4FF0FF306FF00041F4BD51EC1A0BA2
:10B8F00031F0004108BF002828D151EC180B480056
:10B90000400D05EB000234D151EC180B31F0004131
:10B9100008BF002806D02A4651EC180B00F0CAF9DF
:10B9200041EC180B51EC180B20F0000231F00043F1
:10B9300008BF002A05D048004015401C03D1090368
:10B9400001D1AFF3008051EC180B2BE151EC1A0B35
:10B9500048004015401C26D1090324D153EC1A2B72
:10B9600051EC180BBDEC0A8B01B0BDE8F040FCF7C0
:10B9700013BA002AC8DD40F2FF70824209DB9FED56
:10B980009F0B53EC102B01F000410B4343EC182BA1
:10B99000C8E76FF31E5141EA025155EC184B0D46B2
:10B9A00045EC184BBEE755EC184B9FED320B05F0FC
:10B9B000004210E001227E4BFFF718FF11D89FEDE7
:10B9C0008F0B51EC100B55EC184BAFF3008005F0CA
:10B9D000004040EA010251EC100BBDEC0A8B11460D
:10B9E000F4BD53EC1A2B73487349FCF7D5F941ECBD
:10B9F000100B53EC102B9FED719B03F0004251ECA8
:10BA0000190B0C46144353EC192B51EC100B234625
:10BA1000FCF794FAFCF750FB0446F9F717FC41ECED
:10BA20001B0B53EC1B2B4FF078406649FCF7B4F925
:10BA300002460B4651EC1A0BFFF706FE06460F4670
:10BA400053EC1B2B60486149FCF7A6F902460B46F4
:10BA500030463946FFF7F8FD41EC1A0B21F0004162
:10BA600000225B4BFFF7AAFE08D2B0EE48AAF0EE28
:10BA700068AA55E0000000000000000053EC1A2BFB
:10BA800051EC1A0BFCF788F941EC1B0B53EC1B2B08
:10BA900050485149FCF780F9504A514BFCF74EFA97
:10BAA00053EC1B2BFCF778F941EC1C0B53EC1B2BD4
:10BAB0004C484D49FCF770F94C4A4D4BFCF73EFAA7
:10BAC00053EC1B2BFCF768F953EC192BFCF736FAF7
:10BAD00053EC1A2BFCF760F941EC190B53EC1C2BBF
:10BAE000FCF72CFA9FED43AB53EC1A2BFCF726FA2C
:10BAF00006460F4651EC1C0B53EC192BFFF7A4FD27
:10BB000053EC1A2BFCF71AFA02460B46304639461C
:10BB1000F9F7BEFB53EC182BFCF73EF941EC1A0B7E
:10BB200051EC1A0B2A194800400D02EB000319D002
:10BB3000002B17DD40F2FF70834209DB9FED2F0BD6
:10BB400053EC102B01F000410B4343EC1A2B16E091
:10BB50006FF31E5141EA035155EC1A4B0D4645EC6B
:10BB60001A4B0CE051EC1A0B31F0004108BF0028D1
:10BB700005D051EC1A0B00F09DF841EC1A0B51EC7A
:10BB80001A0B20F0000231F0004308BF002A05D054
:10BB900048004015401C03D1090301D1AFF30080D8
:10BBA00051EC1A0BBDEC0A8BF4BD000000C89CC020
:10BBB00000C89C40FE822B654715F73F000000003F
:10BBC0000000E03F422EE63FF2E4D5BCE7E84B3E02
:10BBD0000000903C112E5781A03F503F5843128CDB
:10BBE0008F71BC3F4BE8A541B752013F0BBDF3DA63
:10BBF000E8708C3F000000000000F03F00000000F3
:10BC00000000F07FC9B202788A421AB11CBF10F856
:10BC1000012FF9E718BF00207047000080B500B978
:10BC200006A005490B681BB122220021984701E0BC
:10BC300000F054FF222002BDB0280020636F6E7315
:10BC4000747261696E742068616E646C65723A200A
:10BC5000626164206D65737361676500C9B28307B3
:10BC600006D0521E22D310F8013B9942F7D11FE0B3
:10BC7000083A13D302F1040241EA012141EA0141E9
:10BC800050F8043B121F21BF4B40A3F1013C2CEAAA
:10BC9000030C1CF0803FF3D0C9B2001F083210F82B
:10BCA000013B521E28BF91EA030FF8D818BF0120AC
:10BCB000401E7047124254D440F2FF7C1CEA1153DC
:10BCC0000FD0634531D09B1863453CBF01EB025157
:10BCD000704701F0004141EA0C510020AFF30080B1
:10BCE000704750EA410320D001F0004C91EA0C016A
:10BCF0001CD0B1FA81F30B3B9A420DD9D21A99406C
:10BD000051EA0C01C3F1200C20FA0CFC614498406C
:10BD1000531C40F2FF7CD7E7914041EA0C01C2F18D
:10BD2000200C20FA0CF3194390407047B0FA80F3CE
:10BD30001533202BE0D3202AEED3203A203B9A4221
:10BD400009D9D21A00FA03F141EA0C010020531C70
:10BD500040F2FF7CB8E700FA02F141EA0C01002052
:10BD60007047524240F2FF7C1CEA11530DD06345EC
:10BD7000DBD0B2EB030C3CBFA1EB025170470CF1DE
:10BD8000010221EA035141F4801150EA410CCCD068
:10BD900001F0004C352A27DC30B481EA0C01B2F105
:10BDA000200309DAC2F12003044601FA03F5D0406A
:10BDB0002843D1409C400CE0C3F12002450020FA0A
:10BDC00003F418BF44F0010421FA03F091400C433E
:10BDD000002174F1004550F1000051EB0C012442A8
:10BDE00030BC7FF47BAF70476146002076E70000EF
:10BDF000400D491840EA81200CD2490DA1F580611F
:10BE0000491C40F0004005DBD1F11F0154BFC84080
:10BE1000C01770470020704700487047FC0B002097
:10BE200080B52C482C4901604FF48271416000219B
:10BE300081604FF4E061C160002101610021416136
:10BE40004FF4007181610021C16100210162002174
:10BE50004162002181620721C16200210163082142
:10BE60004163FDF7A1FC002801D0FDF795FF01BD5E
:10BE700010B586B004001422002101A8FDF78EFF42
:10BE800020681549884222D11448016851F4804144
:10BE90000160006810F4804000900098104801682C
:10BEA00051F002010160006810F00200009000985B
:10BEB0004FF42040019002200290002003900320C4
:10BEC00004900520059001A90648F5F7E9FE06B0A3
:10BED00010BD00005C2500200038004058100240D2
:10BEE0004C1002400004004810B500240320FEF767
:10BEF0006EFC0F2000F0C2FD002802D001200400DB
:10BF000001E000F0EFFD2000C0B210BD70B586B0BA
:10BF1000142200216846FDF741FF6B48016851F08B
:10BF200004010160016811F004010591059901689F
:10BF300051F080010160016811F0800105910599BF
:10BF4000016851F001010160016811F001010591E2
:10BF50000599016851F002010160016811F00201C8
:10BF600005910599016851F008010160006810F021
:10BF7000080005900598554C002243F2C13120007D
:10BF8000F6F72DF800224FF4F8515FF09040F6F7E5
:10BF900026F84F4D002204212800F6F720F84D4ED8
:10BFA000002238213000F6F71AF842F2C130009032
:10BFB000012001900020029000200390694620009B
:10BFC000F5F76EFE4CF21E00009003200190002059
:10BFD000029069462000F5F763FE0B2000900320D5
:10BFE00001900020029069463B48F5F759FE48F25F
:10BFF000FF000090032001900020029069465FF04E
:10C000009040F5F74DFE2020009000200190012087
:10C01000029069462000F5F743FE072000900020BB
:10C0200001900120029069463000F5F739FE4FF487
:10C03000A640009003200190002002906946300045
:10C04000F5F72EFE4FF4F8500090012001900020EB
:10C0500002900020039069465FF09040F5F720FEC3
:10C060004FF48050009001200190002002900320A6
:10C07000039069462000F5F713FE0420009001208C
:10C080000190002002900020039069462800F5F7F7
:10C0900007FE18200090012001900020029000204F
:10C0A000039069463000F5F7FBFD20200090012049
:10C0B0000190002002900320039069463000F5F7BC
:10C0C000EFFD06B070BD00BF4C10024000080048F4
:10C0D000000C004800040048001C004880B51648C9
:10C0E000016851F002010160016811F00201009144
:10C0F0000099016851F001010160006810F0010031
:10C1000000900098002200210D20FEF766FB0D2014
:10C11000FEF778FB002200210F20FEF75EFB0F20C8
:10C12000FEF770FB002200214520FEF756FB45205C
:10C13000FEF768FB01BD00BF4810024018B591B082
:10C140001422002101A8FDF729FE042200216846DF
:10C15000FDF724FE2C22002106A8FDF71FFE484C07
:10C1600048482060002060607F20A060FF20E060E1
:10C1700000202061002060610020A0610020E061BB
:10C18000200000F0CBFC002801D0FDF705FE0020C8
:10C190008DF8040000208DF8050000208DF80600C1
:10C1A0000020049000200590012201A9200000F049
:10C1B0001AFD002801D0FDF7EFFD01208DF80000E9
:10C1C00001208DF8010001208DF8020000208DF87B
:10C1D000030001226946200000F0B3FD002801D0D1
:10C1E000FDF7DAFD00208DF8180000208DF8190009
:10C1F00000208DF81A0000200790002009900020F0
:10C200000A9000200B9000200D9000200E9001203D
:10C210008DF83C004FF480701090012206A9200098
:10C2200000F01EFE002801D0FDF7B6FD12B010BDD3
:10C2300010B598B00400602200216846FDF7AEFDFD
:10C2400020681049884219D15FF4003000904FF403
:10C25000007017906846FDF7ABFD002801D0FDF790
:10C260009BFD0948016851F4004101600022002152
:10C270002920FEF7B2FA2920FEF7C4FA18B010BD43
:10C28000A0270020002800409010024010B50400B4
:10C2900001F0EFF8012010BD38B50400DFF85814A4
:10C2A000087800280ED101200870DFF8500480883B
:10C2B000DFF84C1408802100C9B2DFF84804F9F710
:10C2C00046FB22E0DFF83804DFF83054AA88038800
:10C2D0009A4212D100200870AA8829680220F5F736
:10C2E00005FF92A10220F5F717FF0121280001F0B8
:10C2F00065F92800F5F7DCFE07E0A9880180210038
:10C30000C9B2DFF80004F9F722FB012032BD10B5F5
:10C310000400FEF7F6FA012010BD10B50400DFF8A6
:10C32000E8130320F5F706FF0421DFF8D803F9F737
:10C330000EFB012010BD010001207047010001200B
:10C34000704701000120704780B500F0AFFF01F099
:10C3500023FA01BD1CB500F039F801F0AAFAF5F78F
:10C360006DFFF7F7E3FEDFF8A443002000900FF223
:10C37000291300225FF0FF31200000F0A1FFDFF859
:10C380009013200001F058F8200000F0BFFF13BD0B
:10C39000F8B50024FFF7D8FFFFF7DCFF00F096F8B0
:10C3A000012803D14FF4FA60FAF7D8FA002500F01B
:10C3B0001DF806002E4301F087FA07003743F7F710
:10C3C000D9FE38430400F5F7BBFFEFE780B500F076
:10C3D00099F800F09BF80FF2B500DFF83813086009
:10C3E0000FF2D100DFF83013086001BD70B50020F6
:10C3F000002400252800C0B207283ADAC14E2800E0
:10C40000C0B2000130444078012830D12800C0B2C9
:10C41000042801D0012004002800C0B200013044EB
:10C42000406800280ED0F9F735F92900C9B2090192
:10C4300031444968401A2900C9B209013144896868
:10C44000884214D300202900C9B209013144487040
:10C45000F9F720F92900C9B20901314448602800E0
:10C46000C0B22900C9B209013144C96888476D1CAE
:10C47000C0E7A44A92F84100002803D1042110002B
:10C48000F9F765FA2000C0B270BD000080B5002148
:10C490009C48F9F74DFA01BD10B504009F490320EF
:10C4A000F5F73AFE05219748F9F742FA00F001F84E
:10C4B00010BD704738B504000D004FF47A732A00A0
:10C4C00092B221009648FAF79AFA31BD38B50025A4
:10C4D0000024FEF71BFF0100880110D4C8000ED411
:10C4E00088000CD448000AD4002908D4480102D599
:10C4F0000120040003E0080101D501200400200010
:10C50000C0B232BD80B5FAF721F801BD80B5012275
:10C5100084498348FAF7D9FA002201214620FEF720
:10C520005CF94620FEF76EF901BD00000D0A00001F
:10C5300070472DE9F0410400002500217A4A168851
:10C540007A4FF869002823D16C48828812FA84F265
:10C55000B2F5966F01D3002282805FF00008414659
:10C56000220089B292B291420ED2016882881144AF
:10C57000424692B26E4BC4461FFA8CFC13F80C3044
:10C580008B5418F10108EAE781886118818077E00F
:10C590003000230080B29BB2984229D2A01B050034
:10C5A0005648838813FA85F3B3F5966F01D30023B9
:10C5B00083805FF0000841462B0089B29BB299420C
:10C5C00012D201688388194443469BB2DFF860C1E8
:10C5D000C6461FFA8EFE1EFA86FE1CF80EC001F833
:10C5E00003C018F10108E6E781886918818046E0F8
:10C5F000D6F164000500414B988810FA84F010FAD7
:10C6000085F0B0F5966F01D30020988000200100DE
:10C61000AC4689B21FFA8CFC614513D21968B3F895
:10C6200004C0614484461FFA8CFCDFF804E18046B4
:10C630001FFA88F818FA86F81EF808E001F80CE0EE
:10C64000401CE4E75FF000084046210080B289B258
:10C65000884210D2186899880844414689B2DFF8A8
:10C66000D0C0C6461FFA8EFE1CF80EC000F801C0EE
:10C6700018F10108E8E79988281941189980148071
:10C68000F86900280AD1642229492548FEF774F97F
:10C690003868006830F004003968086001211948E2
:10C6A000F9F746F9BDE8F081010022480160002059
:10C6B000704780B52048016851F4804101600168ED
:10C6C00031F4804101601648FAF7AAF8002002BD53
:10C6D00038B504000D00104A1068002804D0290065
:10C6E00089B22000126890470020124909688847E3
:10C6F000002032BD00000000CA280020880500206C
:10C70000BC280020100500207CF200081028002022
:10C7100080A903009C280020AC28002044F20008D7
:10C72000CC200020C9280020BA2800202426002080
:10C73000C02500208828002040100240DFF880003B
:10C74000006810F4C06070470200B2F5007F26D187
:10C75000DFF86C00036813F4C063B3F5007F2CD0DE
:10C76000036833F4C06353F400730360DFF85400CC
:10C77000036832204343DFF85000B3FBF0F0401C65
:10C780000100DFF8480003685B0503D5002901D0EC
:10C79000491EF6E7006840050FD503200EE0DFF8DC
:10C7A0002000036813F4C063B3F5806F05D00368FD
:10C7B00033F4C06353F480630360002070470000CB
:10C7C000007000400C05002040420F001470004033
:10C7D00080B5012217491848FAF777F9002201219C
:10C7E0002520FDF7FAFF2520FEF70CF801BD704764
:10C7F00038B504000D480F490A78036885885A55F2
:10C800008288521C8280828840F2FF139A4201D3B0
:10C810000022828001220848FAF757F901200449D2
:10C82000087002210548F9F792F831BDEC0B0020A1
:10C83000D3280020D228002054210020F006002018
:10C840002DE9F84785B005000E0014001F000020F8
:10C85000ADF802005FF0000ADFF80C22107AA8425F
:10C8600002D27FF0040055E0D0683040B04202D0E0
:10C870007FF005004EE05068002806D0002C04D060
:10C880000DF1020101A8526890470DF138084346A6
:10C890003A004FF40071DFF8DC0101F020F9814625
:10C8A00000F0CFF86946BDF8020010EB090080B235
:10C8B00000F076F810F1010F28D05FF0000A504622
:10C8C000BDF8021080B2884210D201A8514689B248
:10C8D000405CDFF89811BDF800208854BDF80000D6
:10C8E000401CADF800001AF1010AE8E743463A009F
:10C8F0004FF40071DFF87401BDF800C0604401F02E
:10C90000EEF800F0A3F800F008F803E000F09EF85D
:10C910007FF0020006B0BDE8F08770B50024002566
:10C9200000F099F8002837D100F08BF84E4E308A8D
:10C93000718A88422ED0B07801280ED13188308A91
:10C94000091AB1820220B07000203080B08A00281D
:10C9500003D10020B07000203082B07800280CD1C4
:10C96000308A718A884204D2718A308A091AB18267
:10C9700003E0308AD0F58060B0823C48318A0844B8
:10C98000050000F079F8B18A2800394A926890478A
:10C99000040001E000F05AF8200040B270BD000031
:10C9A00070B402005FF0FF302F4B5C8A1D8AAC42EE
:10C9B00016D15C8AD4F5806415002600ADB2B6B2FB
:10C9C000B5422BD315001E8AADB2B54226D2012541
:10C9D0009D705D8A1D801D8A2C0000255D821DE0F2
:10C9E0001C8A5D8AAC4216D25C8AD4F5806415003C
:10C9F0002600ADB2B6B2B54210D315001E8AADB254
:10CA0000B5420BD201259D705D8A1D801D8A2C00C8
:10CA100000255D8202E01D8A5C8A2C1B1500260021
:10CA2000ADB2B6B2B54209D25D8A0D805D8A15FA03
:10CA300082F5AD05AD0D5D820023180000B270BC1B
:10CA400070470948C18A491CC18270470648C18A9B
:10CA5000491EC18270470448C08A002801D10020C5
:10CA600000E0012070470000F8270020EC140020AF
:10CA70008CF60008EC1800207047000038B5040060
:10CA800000251349087800281DD04FF47A700978E2
:10CA9000B0FBF1F00F490968B1FBF0F0FDF7C0FE03
:10CAA00000280DD1102C08D2002221005FF0FF30A9
:10CAB000FDF793FE0848046007E00120050004E04C
:10CAC0000120050001E0012005002800C0B232BDB0
:10CAD000370C00200C050020E8040020012001F0A4
:10CAE000EFB8000081B00B48016851F0010101600E
:10CAF000006810F00100009000980748016851F0AC
:10CB000080510160006810F080500090009801B0E2
:10CB1000704700BF601002405810024070B504001A
:10CB20000125002C5CD094F82100002805D10020BC
:10CB300084F820002000FFF77BFB022084F821000E
:10CB40002068C068C00642D4CA20216848625320C9
:10CB500021684862200000F02AFB06003000C0B2C5
:10CB600000281AD120688168DFF8E80601402068B3
:10CB7000816020688168626820690243A06902437D
:10CB8000114320688160E0682168086120680069BD
:10CB9000A16850EA014021680861200000F02DFBE7
:10CBA00005002800C0B200280DD12068C06C8008A4
:10CBB00080002168C8642068C16CE2696069024332
:10CBC00011432068C164FF202168486201E0002011
:10CBD00005002800C0B2002802D1012084F82100FD
:10CBE0002800C0B270BD2DE9F04705000E0014000A
:10CBF00095F82000012801D102206DE0012085F880
:10CC00002000022085F82100CA20296848625320AC
:10CC100029684862280000F0CAFA80464046C0B23F
:10CC200000284AD1002C20D128688068400601D411
:10CC30000020F070307800F01FFB8246707800F022
:10CC40001BFB8146B07800F017FB5FFA8AFA5FFAA7
:10CC500089F95FEA092959EA0A49C0B250EA090983
:10CC6000F07859EA80594F4610E0286880684006FD
:10CC700001D40020F07030787178090251EA004147
:10CC8000B0780143F07851EA80510F00DFF8C80511
:10CC90003840296808602868806830F48020296856
:10CCA000886028688168F268306902431143286807
:10CCB0008160280000F0A1FA8046FF2029684862C0
:10CCC0004046C0B2002802D1012085F82100002092
:10CCD00085F820004046C0B2BDE8F087F8B50500F1
:10CCE0000E0014002868806A70602868006940049B
:10CCF000400CB06028680768DFF85C050740380022
:10CD0000000C10F03F0030703800000A10F07F0077
:10CD1000707017F07F00B0703800800D10F00100C7
:10CD2000F070002C0BD1307800F0B4FA30707078CD
:10CD300000F0B0FA7070B07800F0ACFAB07000207B
:10CD4000F2BD2DE9F04105000E00140095F8200019
:10CD5000012801D1022058E0012085F8200002209E
:10CD600085F82100002C07D17078C00604D57078B2
:10CD700010F0EF000A307070002C16D1F07800F03F
:10CD80007BFA8046707800F077FA0700B07800F000
:10CD900073FA5FFA88F8FFB23F0257EA0847C0B259
:10CDA0000743307857EA403709E0F07877783F0258
:10CDB00057EA0047B0780743307857EA4037CA202F
:10CDC00029684862532029684862280000F0EFF97A
:10CDD00080464046C0B2002808D1DFF880043840C1
:10CDE00029684860280000F008FA8046FF2029687A
:10CDF00048624046C0B2002802D1012085F82100D7
:10CE0000002085F820004046C0B2BDE8F081F8B5AA
:10CE100005000E00140028684768DFF8400407404A
:10CE20003800000CF0703800000A10F01F0070701D
:10CE300017F03F00B0703800400B10F00700307062
:10CE4000002C0BD1F07800F025FAF070707800F02B
:10CE500021FA7070B07800F01DFAB0700020F2BDB9
:10CE60002DE9F84305000E00140095F82000012874
:10CE700001D10220E5E0012085F82000022085F89C
:10CE80002100002C2DD128688068400601D40020A4
:10CE9000F070306A0028FFD0307800F0EDF980465D
:10CEA000707800F0E9F90700B07800F0E5F9814604
:10CEB00096F8240000F0E0F95FFA88F8FFB23F022C
:10CEC00057EA08475FFA89F959EA0707F17857EAFC
:10CED0008157C0B257EA0067306A07437069074359
:10CEE00017E028688068400601D40020F070307890
:10CEF00077783F0257EA0047B0780743F07857EA5F
:10CF0000805796F8240057EA0067306A0743706933
:10CF10000743D6F80480F06950EA0808CA20296857
:10CF20004862532029684862B06AB0F5807F39D1E1
:10CF30002868806830F48070296888602868C06834
:10CF400010F0800070F4C0702968C860F8F7A2FB88
:10CF500081462868C068C00712D4F8F79BFBB0EB85
:10CF6000090040F2E9318842F3D3FF202968486282
:10CF7000032085F82100002085F82000032060E0D0
:10CF80002868C7612868C0F844802868806850F421
:10CF90008070296888602868806850F4805029680B
:10CFA000886038E02868806830F4007029688860FC
:10CFB0002868C06810F0800070F420702968C8608C
:10CFC000F8F768FB81462868C068800712D4F8F734
:10CFD00061FBB0EB090040F2E9318842F3D3FF2056
:10CFE00029684862032085F82100002085F8200088
:10CFF000032026E0286807622868C0F8488028686F
:10D00000806850F40070296888602868806850F44F
:10D01000005029688860DFF84802016851F48021D7
:10D020000160DFF84002016851F480210160FF20B7
:10D0300029684862012085F82100002085F8200039
:10D040000020BDE8F28370B504000D0094F82000C4
:10D05000012801D1022062E0012084F82000022092
:10D0600084F82100CA202168486253202168486260
:10D07000B5F5807F24D12068806830F48070216805
:10D0800088602068806830F4805021688860F8F7F4
:10D0900001FB06002068C068C00736D4F8F7FAFA2A
:10D0A000801B40F2E9318842F4D3FF2021684862B6
:10D0B000032084F82100002084F8200003202EE0C3
:10D0C0002068806830F4007021688860206880687B
:10D0D00030F4005021688860F8F7DCFA0600206818
:10D0E000C068800711D4F8F7D5FA801B40F2E93107
:10D0F0008842F4D3FF2021684862032084F821008D
:10D10000002084F82000032009E0FF202168486205
:10D11000012084F82100002084F82000002070BD48
:10D1200010B504005FF480204F49086020688068D3
:10D13000C0040ED52068C068C0050AD52068C06844
:10D1400010F0800070F4C0702168C860200000F00A
:10D1500049FE2068806880040ED52068C06880057C
:10D160000AD52068C06810F0800070F42070216833
:10D17000C860200000F082FF012084F8210010BD6B
:10D1800038B5040039482168C860F8F783FA05000B
:10D190002068C068800608D4F8F77CFA401B40F28B
:10D1A000E9318842F4D3032000E0002032BD70B59D
:10D1B000040000262068C06840061BD45FF0FF30E2
:10D1C0002168C860F8F766FA05002068C068400664
:10D1D00010D43000C0B203280CD0F8F75BFA401B23
:10D1E00040F2E9318842F0D303200600032084F89E
:10D1F0002100EAE73000C0B270BD70B50400002520
:10D200001B48016831F0800101601A4E30688006C9
:10D210000AD42000FFF7B4FF002817D0032084F8B9
:10D2200021000320050011E0306830F0200030605C
:10D230002000FFF7A5FF002804D0032084F8210078
:10D2400003200500306850F0200030602800C0B294
:10D2500070BD0000BFFF8FFF7F7F7F003FFFFF009B
:10D260000004014008040140140401405FFF030072
:10D270000C2800400828004001000022080003009C
:10D28000DBB20A2B02D3521C0A38F8E750EA02102C
:10D29000C0B270470100C9B209090A2211FB02F1AC
:10D2A00010F00F004018C0B27047000080B5002099
:10D2B000DFF800130860DFF800030068804702BD54
:10D2C0002DE9F04104000D0016001F00DDF8188064
:10D2D000002C18D03800002815D00020206028002D
:10D2E000DFF8D412496A884760600020207200206D
:10D2F00060720020A072E760C4F81080E67200201F
:10D300006061002000E00120BDE8F0812DE9F047D8
:10D3100004005FF00008002C3BD0200000F002F970
:10D32000002836D1607A002833D160680700DFF822
:10D330008892D9F8200080470600B74200D2370013
:10D34000276000202072012060720020A072DFF8A8
:10D3500064A2DAF80000002806D1D9F8100080474E
:10D36000200000F019F916E0D9F8180080470500F0
:10D370002068281820602068DAF8001009688842C0
:10D3800003D2200000F008F905E0200000F0EDF8DD
:10D3900001E0012080464046C0B2BDE8F0872DE99B
:10D3A000F04105000026002D40D0DFF80882D8F8B3
:10D3B0000070D8F800400120A872D8F800000028BA
:10D3C00036D000206872D8F80000A8421AD1002098
:10D3D000D8F800100872D8F800004069002809D079
:10D3E000D8F800004069C8F80000D8F8000000F044
:10D3F000A6F818E0DFF8C001C06880470020C8F830
:10D40000000010E0002C0ED0AC4209D16069002869
:10D4100002D064697C6102E0002004007C6102E0CB
:10D4200027006469EEE70020060001E00120060005
:10D430003000C0B2BDE8F08170B504000D000026D8
:10D44000002C02D10120060010E028005A49496A48
:10D4500088476060200000F065F8002806D02000B2
:10D46000FFF79DFF2000FFF751FF06003000C0B21C
:10D4700070BD2DE9F843504D686980470600286962
:10D4800080470700B7EB0608DFF82891D9F80000BD
:10D4900000280FD0D9F8000004002068804504D28D
:10D4A0002068B0EB0800206001E000202060646983
:10D4B000002CF2D1D9F80000002824D0D9F80000BF
:10D4C0000068002806D0A8698047D9F800100968CC
:10D4D000814218D2D9F800000400D9F80000406950
:10D4E000C9F8000000202072002060722069E16805
:10D4F0008847E07A0128DDD1A07A0028DAD120001F
:10D50000FFF704FFD6E7D9F80000002808D0D9F8C3
:10D510000000007A002803D1D9F8000000F00FF8CD
:10D52000BDE8F183020023480168002905D091423B
:10D5300001D1012002E04969F7E70020704770B58A
:10D5400004001D4D286A8047060001202072A8694A
:10D55000804721683018814203D2A869804730187B
:10D5600020602068A968884770BD10B411490A6816
:10D5700009684B695169002909D019680468A142FA
:10D5800002D21A005B69F5E75061436102E0506125
:10D590000021416110BC704738B50500054804689A
:10D5A000002C01D0002121726C6105600068FFF73A
:10D5B000C6FF31BDA028002008F100082DE9FC4776
:10D5C00004000D005FF0FF3600226E4BD3E900012E
:10D5D000CDE900015FF000094846A18880B2884289
:10D5E00024D22068494689B2405C3D2805D0206895
:10D5F000494689B2405C3F2800D117E0206849467F
:10D6000089B2405C41280EDB2068494689B2405C03
:10D610005B2808DA2068494689B2405C20302168DE
:10D620004A4692B2885419F10109D5E7002738001B
:10D63000C0B2412880F2A280DFF84C81210038007E
:10D64000C0B200014044083000F019FD0600002E71
:10D6500000F192803800C0B20001404440680028C8
:10D6600000F08A803800C0B20001404440680028C1
:10D6700008D14FF47A73A28821004448F9F7BFF922
:10D6800001207CE0DFF808A15046F4F711FD0020EE
:10D69000010089B2A288921B914223DA21683144A9
:10D6A000020092B2895C3F290AD02168314402000D
:10D6B00092B2895C3D2903D0BAF80410802900DBBE
:10D6C00010E021683144020092B2895CDAF800204F
:10D6D000BAF80430D154BAF80410491CAAF804105E
:10D6E000401CD5E73900C9B209014144898916FABD
:10D6F00081F6B1464846A18880B2884226D2206889
:10D70000494689B2405C0D280CD1484680B2A188B8
:10D71000491E884206DA2068494689B208444078A2
:10D720000A2813D0BDF8040080280CD2206849468E
:10D7300089B2405C0099BDF804208854BDF804000B
:10D74000401CADF8040019F10109D3E71148057038
:10D750002800C0B2401E012802D9801E09D009E06D
:10D76000002168463A00D2B2120142445268904702
:10D7700000E0FFE7012002E07F1C58E70020BDE841
:10D78000F68700BFD0F80008D4070020CC20002086
:10D79000CC070020CF28002010B586B0DFF8484025
:10D7A000002201A92000FFF799FA00226946200013
:10D7B000FFF72DFBDFF834009DF8061081709DF80F
:10D7C000051041709DF8041001709DF80010C170A3
:10D7D0009DF8021001719DF8011041719DF8031030
:10D7E000817106B010BD0000A02700206028002035
:10D7F00010B50400012210215448F4F7F0FB012079
:10D8000010BD70B50400524D524E30786978884290
:10D8100007D05148697850F8210000F02BF868785B
:10D8200030702100C9B24D48F8F791F8012070BD61
:10D8300010B504004A48C078012802D14948F7F7DA
:10D84000ECF803214548F8F782F84648F4F730FC35
:10D85000012010BD10B504003F483D49497850F8FB
:10D86000210000F007F82100C9B23C48F8F76FF832
:10D87000012010BD10B504003B483C4901604460E4
:10D88000002181600021C160002101610C21416102
:10D89000002181610021C1610021016200214162FA
:10D8A000F9F770F8002801D0FCF776FAFEF790FF40
:10D8B00010BD80B5F7F799F827482549497850F801
:10D8C0002100FFF7D7FF01BD70B50020002400251F
:10D8D0002800C0B2042836DA204E2800C0B2000169
:10D8E0003044407801282CD1012004002800C0B227
:10D8F00000013044406800280ED0F7F7CBFE290025
:10D90000C9B2090131444968401A2900C9B2090164
:10D9100031448968884214D300202900C9B2090122
:10D9200031444870F7F7B6FE2900C9B20901314405
:10D9300048602800C0B22900C9B209013144C96851
:10D9400088476D1CC4E72000C0B270BD00040048C9
:10D95000340C0020CB280020BC060020F00600205C
:10D9600090280020EC0B00205421002000380140BA
:10D97000020000201168097830290CDB1168097851
:10D980003A2908DA11684B1C13600A23097803FB53
:10D9900000103038EEE770472DE9F04F91B00400E9
:10D9A000DDF868801B9D1C9EDFF808030768700681
:10D9B00003D5DFF8040300680700022B01DB252BE9
:10D9C00001DB002088E0F00702D55FF0300C01E0B9
:10D9D0005FF0200C5FF0000EB00706D5002A04D5DA
:10D9E0002D2086465242B8F101085FF00009002A56
:10D9F00006D13020EA460AF8090019F1010910E0C1
:10DA0000002A0ED010009A46B0FBFAFB0AFB1B005E
:10DA1000385CEA460AF8090019F10109B2FBF3F291
:10DA2000EEE74D4500DA4D46B8EB0508F0070DD49A
:10DA30004046B0F10108012808DB20202070641C5A
:10DA4000491E002901D1200046E0F1E77046C0B22E
:10DA5000002807D084F800E0641C491E002901D189
:10DA6000200039E04046B0F10108012808DB84F8C5
:10DA700000C0641C491E002901D120002CE0F1E700
:10DA80002800451E814508DA30202070641C491E9C
:10DA9000002901D120001FE0F2E74846B0F101095A
:10DAA00001280ADB684610F809002070641C491E32
:10DAB000002901D120000FE0EFE74046B0F1010856
:10DAC000012808DB20202070641C491E002901D198
:10DAD000200001E0F1E7200011B0BDE8F08F2DE952
:10DAE000F74F88B005001E000998012801DA0020D0
:10DAF000DDE0AA460A980078002806D1BAEB0500B6
:10DB00000999491E8842C0F2CC80BAEB05000999F8
:10DB1000491E884280F2C5800A980078252806D0E0
:10DB20000A9800788AF800001AF1010AB5E000208E
:10DB300080460A98401C0A900A980078302801D143
:10DB400058F001085FF0FF3BD9460A98007830286A
:10DB500007DB0A9800783A2803DA0AA8FFF708FFDB
:10DB60008146CDF81CB0CDF818B00A2005900A986F
:10DB70000078582843D063280AD0642844D0692804
:10DB800042D0732816D0752840D0782839D03EE08E
:10DB9000B9F10109B9F1010F05DB20208AF8000075
:10DBA0001AF1010AF4E73068361D8AF800001AF10C
:10DBB000010A72E03068361D0400002C01D13F4894
:10DBC00004002000F7F70AFB04904846B0F1010971
:10DBD0000499814205DA20208AF800001AF1010A2E
:10DBE000F3E7002007000498874207DA20788AF8D4
:10DBF0000000641C1AF1010A7F1CF4E74DE058F0A4
:10DC000040081020059026E058F0020823E00A980A
:10DC10000078252804D025208AF800001AF1010A8E
:10DC2000BAEB05000999491E884214DA0A9800786F
:10DC3000002806D00A9800788AF800001AF1010A34
:10DC400002E00A98401E0A90BAEB05000999491EA5
:10DC5000884200DA21E006986C2803D13068361D2E
:10DC6000039009E05FEA887003D53068361D0390A1
:10DC700002E03068361D0390CDF8088007980190C7
:10DC8000CDF80090059B039A0999491EBAEB05004F
:10DC9000091A5046FFF780FE82460A98401C0A90F7
:10DCA00028E700208AF80000BAEB050528000BB031
:10DCB000BDE8F08FF40B0020F80B0020D8F8000826
:10DCC00080B5AFF30080024A11001820ABBEFBE71D
:10DCD0002600020080B5DFF87003DFF870130160E2
:10DCE000002141601F21816040F2FF31C1600021AD
:10DCF000016100214161002181610021C161FEF7C4
:10DD00000DFF002801D0FCF747F801BD38B5DFF85A
:10DD10004043207800280FD1FFF7DCFFDFF82853BD
:10DD20004FF480712800FFF78EF9280000F09AFA6E
:10DD300000F01CF801202070002032BD10B5040056
:10DD4000200000F055F8002010BD80B5DFF8F80283
:10DD50000168C96811F0800171F4C0710268D16076
:10DD60004FF48071FFF76FF9002002BD10B5DFF8A6
:10DD7000E442211D14F1180000F01DF92060206814
:10DD800010BDDFF8D0020068704780B586B001A9E9
:10DD9000684600F010F9AF490968401A07B000BDA5
:10DDA00010B586B00024AA480078012804D101A942
:10DDB000684600F000F90400200006B010BD032002
:10DDC000704700B58021A1FB00017D220023F9F7F7
:10DDD000CBFE00BD7D21A1FB0001C00940EA4160EE
:10DDE000C909704710B504009B480068804710BD02
:10DDF0002DE9F04F99B004004021002209AD280020
:10DE0000F7F700FF5FF000085FF0000A0026002728
:10DE10005FF0000B8F4D04A8291D1422F9F760FE56
:10DE2000A8690390FFF791FF40F2FF30059D451B65
:10DE300020008005800D4519A40A9DF80E908748A2
:10DE4000844204D38648041919F10109F7E79DF8C3
:10DE50001080B4F5616F04D3B4F5616418F1010862
:10DE6000F7E79DF811703C2C02D33C3C7F1CFAE78D
:10DE70009DF81200210051FA80F6280080B2B0F51A
:10DE8000806F03DBB5F58065761CF6E7300080B265
:10DE90003C2802D33C3E7F1CF8E7380080B23C2887
:10DEA00003D33C3F18F10108F7E7404680B2182839
:10DEB00004D3B8F1180819F10109F6E79DF80F002D
:10DEC000042190FBF1F201FB1200002817D16549F3
:10DED0009DF80D00084410F8010C4A4680B292B239
:10DEE000904223D21FFA89F948469DF80D2011442B
:10DEF00011F8011C90FBF1F901FB190916E05A49D0
:10DF00009DF80D00084410F8010C4A4680B292B208
:10DF100090420BD21FFA89F948469DF80D20114412
:10DF200011F8011C90FBF1F901FB1909DFF83CA184
:10DF300040F2FF31280080B2091ACAF804105FF0DD
:10DF40002060CAF81C008AF802608AF801708AF81A
:10DF500000808AF824909DF813008AF803000020BE
:10DF6000CAF820005FF00040CAF814004FF4807037
:10DF7000CAF828000020CAF80C000020CAF81000D7
:10DF8000002251463048FEF76BFF002810D0DAF827
:10DF9000040002909AF8020001909AF801000090A3
:10DFA0009AF800309AF82420314909A8F7F7FAFACC
:10DFB00019B0BDE8F08FF8B504000D000026224F1F
:10DFC000002221003800FEF722FF0022290038003D
:10DFD000FEF784FEE17840F2B5504143C91C890840
:10DFE000E078042290FBF2F302FB1300002801D139
:10DFF000204A00E0204A63783D2043433C3B022016
:10E0000093FBF0F041186078401EC0B2400013004E
:10E01000C34013F00303C91AA078401E41180F48EB
:10E020004143AB786E783C204643F3182E784FF48A
:10E03000616000FB06335918890201F2FF316868FC
:10E04000091A0800F2BD0000A027002000280040A7
:10E05000D4280020C42700209C28002080510100E3
:10E0600080AEFEFF00F80008F4F70008FC26002050
:10E07000F0F1000850554400A0AA990070472DE91E
:10E08000FE4F04000D000020002600270021ADF8FF
:10E0900004105FF001085FF000095FF0000A2168DA
:10E0A0000978212901D101218A465FF0000B5846E9
:10E0B00000B2A988884272DA20685146C9B2405C31
:10E0C00029685A4612B2895C884265D1012080468F
:10E0D0005046C0B2401C0600002081460020ADF82A
:10E0E0000400300000B2A18888424ADA206831007A
:10E0F00009B2405C7C281ED1BDF90400002804D17F
:10E100000120814616EB0B00070001A800903B00A0
:10E110001BB22A002100701C00B200F059F88046A2
:10E120004046C0B2012806D15146C9B2584600B295
:10E1300000F03DF839E04846C0B200280FD1206811
:10E14000310009B2405C29685A4612B211443200CB
:10E1500012B2895C884202D00020804611E0484615
:10E16000C0B2002801D1761CBBE73000BDF9041015
:10E1700000B2884203DABDF904000600B1E7761C5C
:10E18000AFE74046C0B2012806D15146C9B2584651
:10E1900000B200F00CF808E01BF1010B87E75146D4
:10E1A000C9B25FF0FF3000F002F8BDE8FE8F020058
:10E1B0000800C0B2002802D1100000B207E0100031
:10E1C00000B2002802D45FF0FF3000E0002070476A
:10E1D000F0B50400059D0120002637003FB207FA84
:10E1E00084F7B1F804C067453ADA0F68A4460FFA1D
:10E1F0008CFC6744B4460FFA8CFC17F80C707C2F2B
:10E2000003D137192F8000B22BE09788B4460FFA5C
:10E210008CFC0CFA83FC674506DAB2F904707F1CAB
:10E220002F805FF0FF3738000F68A4460FFA8CFC90
:10E230006744B4460FFA8CFC17F80C70D2F800C093
:10E240009E460FFA8EFEF444B6460FFA8EFE1CF878
:10E250000EC0674502D05FF0FF373800761CBCE780
:10E2600000B2F0BD010091F82000012801D1022088
:10E270001BE0012081F82000022081F82100CA2043
:10E280000A68506253200A6850620868806850F03B
:10E2900020000A689060FF200A685062012081F81F
:10E2A0002100002081F820000020704700000000BD
:10E2B000000000000000F0BF00000000000000802F
:10E2C00000000000000000800000000000000000CE
:10E2D000000000C05294EEBF00000048204E51BE26
:10E2E000000000F86467BCBC0000000000000000F3
:10E2F000000000208133EDBF00000080B3DB14BEBE
:10E30000000000506706A3BC0000000000000000F1
:10E31000000000D0E9DCEBBF00000008C39259BE4A
:10E3200000000080B0D3B8BC000000000000000076
:10E3300000000070F98FEABF000000C0A51028BEE1
:10E34000000000E8BFC0B0BC0000000000000000FA
:10E3500000000070284CE9BF00000060134B42BE73
:10E36000000000C03D20B8BC00000000000000001C
:10E3700000000050FA10E8BF000000C05FF62BBE9E
:10E38000000000905C71A7BC0000000000000000CD
:10E3900000000020FCDDE6BF000000C0F8F154BE24
:10E3A00000000018E9F6B9BC000000000000000001
:10E3B000000000D0C3B2E5BF00000070E43254BEDC
:10E3C00000000050DB06B4BC0000000000000000AC
:10E3D00000000010EF8EE4BF00000020F36252BE88
:10E3E000000000C02A879ABC000000000000000066
:10E3F000000000B02272E3BF000000F0E8E056BE6B
:10E4000000000028352DBDBC000000000000000009
:10E41000000000000A5CE2BF000000B0FA8E41BEBE
:10E4200000000040AE6FBDBC000000000000000016
:10E4300000000000564CE1BF000000F015CD5FBEAB
:10E4400000000000141C90BC000000000000000050
:10E4500000000040BD42E0BF00000030F93457BE6C
:10E46000000000E06C1E93BC0000000000000000F3
:10E47000000000E0F57DDEBF000000B08A535EBE04
:10E4800000000080DA77AABC000000000000000055
:10E49000000000C09D81DCBF00000000FFA226BE7E
:10E4A0000000006057E2B0BC000000000000000067
:10E4B00000000060F98FDABF000000580A8151BEE9
:10E4C000000000F05F60B8BC000000000000000029
:10E4D0000000000098A8D8BF000000607A7F45BE09
:10E4E000000000D05433A3BC000000000000000076
:10E4F000000000600FCBD6BF000000D091CB40BE23
:10E50000000000406D1BA0BC0000000000000000E7
:10E51000000000A0FBF6D4BF00000098C5CE52BE9C
:10E52000000000003A397EBC00000000000000003E
:10E53000000000E0FE2BD3BF0000004073872BBE1D
:10E5400000000000926879BC00000000000000009C
:10E5500000000040C069D1BF00000058F16353BE05
:10E5600000000080438D7CBC000000000000000023
:10E5700000000080D85FCFBF000000181F8354BE8A
:10E58000000000B03F42A2BC0000000000000000FC
:10E590000000008067FCCBBF00000060FAFF53BEA4
:10E5A00000000050E00DB8BC0000000000000000BA
:10E5B0000000000098A8C8BF000000607A7F35BE48
:10E5C000000000C0543393BC0000000000000000B5
:10E5D00000000000DC63C5BF00000058D6FF54BE39
:10E5E00000000000396490BC000000000000000042
:10E5F000000000C0AD2DC2BF00000080A45915BEB0
:10E60000000000E0484BABBC000000000000000030
:10E61000000000801A0BBEBF00000050BF3C5ABE75
:10E62000000000A0B364B6BC0000000000000000C1
:10E630000000008004D6B7BF00000040BBCF36BE4C
:10E640000000008076CEA8BC0000000000000000A2
:10E650000000008032BBB1BF000000402A0043BE72
:10E6600000000028C60CBDBC000000000000000037
:10E67000000000009473A7BF000000182B3B59BE98
:10E68000000000C0E55DA5BC000000000000000027
:10E6900000000000EE4397BF000000A0E6C340BEAC
:10E6A00000000020958DB5BC0000000000000000B7
:10E6B000000000000000008000000000000000805A
:10E6C00000000000000000800000000000000000CA
:10E6D000000000000000000000000000000000003A
:10E6E000000000000000000000000000000000002A
:10E6F000000000000000000000000000000000001A
:10E700000000000000000000000000000000000009
:10E7100000000000000000000000000000000000F9
:10E7200000000000000000000000000000000000E9
:10E7300000000000000000000000000000000000D9
:10E7400000000000000000000000000000000000C9
:10E7500000000000000000000000000000000000B9
:10E760000000000000C0F0FCFFFEF8C00000000048
:10E770000000000000000000000000000000000099
:10E780000000000000000000000000000000000089
:10E790000000000000000000000000000000000079
:10E7A0000000000000000000000000000000000069
:10E7B0000000000000000000000000000000000059
:10E7C0000000000000000000000000000000000049
:10E7D0000000000000000000000000000000000039
:10E7E00000C0F0FCFFFFFFFFFFFFFFFFFFFCF0C0DA
:10E7F00000000000000000000000000080C0C0C059
:10E80000C0E0F0F0F0F070383C3C3C3C3F3F0F0380
:10E8100000000000000000000000000000000000F8
:10E8200000000000000000000000000000000000E8
:10E8300000000000000000000000000000000000D8
:10E8400000000000000000000000000000000000C8
:10E8500000000000000000000000000000C0F0FC0C
:10E86000FFFFFFFFFF3F0F0F03070F3FFFFFFFFFFC
:10E87000FFFC30383C3C1C0E8FCFC7C3C3C3E373CF
:10E8800071303030383C0C0000000070F8CCCC0CFB
:10E890000C0000C0F03C0CFCFC000000C0F01C0CA4
:10E8A0000C8CFCF00000000000000CFCFC0000C020
:10E8B0003C0C00C0FCFC0C0000FCFCCCCCCCCC0C18
:10E8C000000C8CFCFC1C0C0C0C0000000000000078
:10E8D000000000000000000000C0F0FCFFFF7F3FD0
:10E8E0000F07C3C040303018CCCCC7C3033330103F
:10E8F0000C8CCCC4C3C3E3F33130303038380C0057
:10E90000000000000000000000000C0C0C0C0F03C5
:10E91000030C0F030303030F0F000000030F0C0C85
:10E920000C0F0301000000000000000F0F0C03009B
:10E9300000000C0F0F0000000F0F0F0C0C0C00005C
:10E9400000000F0F000000000000000000000000A9
:10E950000000000000C0F0FC3F3F0F0703000C0068
:10E96000C3C13030CCCC03333300000C0C000303A4
:10E970000300000001030F0F3C78C00000000000FE
:10E980000000000000000000000000000000000087
:10E990000000000000000000000000000000000077
:10E9A0000000000000000000000000000000000067
:10E9B0000000000000000000000000000000000057
:10E9C0000000000000000000000000000000000047
:10E9D0000000C0300F030300000000000000000032
:10E9E0000000000300000000000000000000000024
:10E9F0000000000000000000000000030C30C00018
:10EA00000000000000000000000000000000000006
:10EA100000000000000000000000000000000000F6
:10EA200000000000000000000000000000000000E6
:10EA300000000000000000000000000000000000D6
:10EA400000000000000000000000000000000000C6
:10EA500000000000000000000000000000000000B6
:10EA600000000000000000000000000000000000A6
:10EA70000000000000000000000000000000000096
:10EA80000000000000000000000000000000000086
:10EA90000000000000000000000000000000000076
:10EAA0000000000000000000000000000000000066
:10EAB0000000000000000000000000000000000056
:10EAC0000000000000000000000000000000000046
:10EAD0000600000000000000000F00000F00000F03
:10EAE00000000F0000000000000000000000000017
:10EAF000000000000000000000000000000007000F
:10EB0000001E00E01F00FF1FF8FF03FF1F00FF01B2
:10EB1000000F0000000000000000000000000000E6
:10EB20000000000000000000000000000E000000D7
:10EB3000C07F00F8FF01FCFF07FCFF073E800F0EBF
:10EB4000000E0E000E0E000E1E800FFCFF07FCFFD5
:10EB500007F8FF01C07F000000000E0000007000F9
:10EB60000E38000E38000E1C000E0E000EFEFF0FB9
:10EB7000FEFF0FFEFF0FFEFF0F00000E00000E0055
:10EB8000000E00000E0000000E00000060000F7874
:10EB9000800F7CC00F7CE00F1EF00F0EF80E0E7C75
:10EBA0000E0E3E0E1E1F0EFE0F0EFC070EF8030E7D
:10EBB000F0010E0000000E000000308001388003DC
:10EBC0003C80073C800F1E000F0E0E0E0E0E0E0E28
:10EBD0000E0E1E1F0FFEFF0FFCFB07FCF903F0E0FB
:10EBE000010000000F00000000F00000F80000FE2F
:10EBF0000080EF00C0E700F0E1007CE0003EE000B4
:10EC0000FEFF0FFEFF0FFEFF0FFEFF0F00E00000F4
:10EC1000E0000E000000008001F88703FE8707FE79
:10EC2000870FFE070F0E030E8E030E8E030E8E0748
:10EC30000F8EFF070EFF070EFE0300FC0000000012
:10EC40000E000000C07F00F0FF01F8FF07FCFF0787
:10EC50003E0E0F0E070E0E070E0E070E1E0F0F3E76
:10EC6000FF0F3CFE0738FE0330F8010000000E00E5
:10EC700000000E00000E00000E00000E000F0EE05F
:10EC80000F0EF80F0EFE0F8EFF00CE0F00FE0300DA
:10EC9000FE00003E00001E00000000000E0000000C
:10ECA000F0E001F8FB03FCFB07FEFF0F1E1F0F0E39
:10ECB0000E0E0E0E0E0E0E0E1E1F0FFEFF0FFCFB95
:10ECC00007FCFB03F0E0010000000E000000F083F1
:10ECD00001F88703FC8F07FE9F0F1E1E0F0E1C0EF0
:10ECE0000E1C0E0E1C0E1E8E0FFCFF07FCFF03F801
:10ECF000FF01C07F00000000000000000000005F76
:10ED000000000007000700147F147F14242A7F2AC4
:10ED1000122313086462364955225000050300008F
:10ED2000001C2241000041221C00082A1C2A08085D
:10ED3000083E080800503000000808080808006075
:10ED400060000020100804023E5149453E00427F09
:10ED5000400042615149462141454B311814127F10
:10ED60001027454545393C4A494930017109050399
:10ED70003649494936064949291E00363600000001
:10ED800056360000000814224114141414144122B1
:10ED90001408000201510906324979413E7E1111E1
:10EDA000117E7F494949363E414141227F414122FE
:10EDB0001C7F494949417F090901013E41415132C6
:10EDC0007F0808087F00417F41002040413F017FCC
:10EDD000081422417F404040407F0204027F7F04AC
:10EDE00008107F3E4141413E7F090909063E4151DD
:10EDF000215E7F09192946464949493101017F01B0
:10EE0000013F4040403F1F2040201F7F2018207FAF
:10EE100063140814630304780403615149454300F3
:10EE2000007F4141020408102041417F000004029C
:10EE300001020440404040400001020400205454BC
:10EE400054787F4844443838444444203844444843
:10EE50007F3854545418087E090102081454543C55
:10EE60007F0804047800447D40002040443D0000B9
:10EE70007F10284400417F40007C041804787C08FF
:10EE800004047838444444387C14141408081414D6
:10EE9000187C7C080404084854545420043F44401F
:10EEA000203C4040207C1C2040201C3C4030403C0A
:10EEB00044281028440C5050503C4464544C4400A6
:10EEC0000836410000007F000000413608000808B5
:10EED0002A1C08081C2A08086070787C7E1C362AC8
:10EEE000361C303E3F3E3007087F09077C444444CF
:10EEF000387C7C4444387C7C7C44387C7C7C7C380A
:10EF00001E3276321E00000205020000FEE7FEE718
:10EF1000FEE7FEE7FEE770477047704780B500F0F8
:10EF20005FF824480168491C016023480168491CB6
:10EF300001600168C92918D3002101601F490878C0
:10EF4000002802D10120087001E000200870087834
:10EF5000012805D1012201211948F3F740F804E006
:10EF6000002201211648F3F73AF801BD80B5154893
:10EF7000FBF711FB01BD80B51348FBF70CFB01BD8E
:10EF800080B51248F7F7D0FD01BD80B51048F7F7FE
:10EF9000CBFD01BD80B50F48FEF7C2F801BD80B5BD
:10EFA0000D48FBF7F8FA01BD80B50C48F7F7BCFD3A
:10EFB00001BD0000A428002084280020C8280020CB
:10EFC00000080048B42600206C26002054210020B0
:10EFD000DC210020A027002024260020CC200020B7
:10EFE00003480168034A127889180160704700BF1E
:10EFF00080280020370C0020F0B402461068956885
:10F000001318506803EB5004C0071CD54D441AE098
:10F0100013F8017B05F8017B491EF9D198B113F86B
:10F02000011BC6F38106032E08BF13F8016B01EB29
:10F0300006214942801C294405D011F8016B05F8CE
:10F04000016B401EF9D1A3420ED013F8016B16F0EC
:10F05000030104BF13F8011BC91C30090F28DBD1C1
:10F0600013F8010B0F30D7E7F0BC02F10C0070472A
:10F07000494420536C6176653A200000000000008E
:10F080000000000000000000000000000000000080
:10F090000000000000000000000000000000000070
:10F0A00000000000425220536C6176653A20000057
:10F0B0000000000000000000000000000000000050
:10F0C0000000000000000000000000000000000040
:10F0D0000000000000000000A0860100400D0300B9
:10F0E000801A060000350C0040420F0080841E008C
:10F0F00000093D0000127A000024F40000366E0181
:10F100000048E801006CDC020DDD00080000000092
:10F110003DDD00084BDD00086DDD000883DD0008E3
:10F120008BDD0008A1DD0008BFDD0008C3DD00089D
:10F13000D5DD000830313233343536373839616245
:10F14000636465666768696A6B6C6D6E6F70717217
:10F15000737475767778797A000000003031323335
:10F160003435363738394142434445464748494AA1
:10F170004B4C4D4E4F505152535455565758595A67
:10F180000000000010B5074979441831064C7C4452
:10F19000163404E00A68081D114488470146A1425C
:10F1A000F8D110BD2C000000480000004EF6885138
:10F1B000CEF20001086840F470000860BFF34F8F82
:10F1C000BFF36F8F4FF00070E1EE100A7047000040
:10F1D0004360FFFF9C1C00003C0C0020000000006E
:10F1E00019FEFFFF04080000960A0000000000203E
:10F1F000616C61726D206661696C3A2025642D2511
:10F20000643A25643A25643A25640D0A000000003A
:10F2100000F00DF8002801D0FFF7B4FFAFF3008035
:10F220000020AFF30080FAF758FD00F002F801204B
:10F23000704700F001B8000007463846FEF740FD71
:10F24000FBE70000755F6170705F636F6D6D3A2062
:10F2500074782074696D65722063620D0A00000085
:10F26000755F6170705F636F6D3A207561727420B5
:10F270002564206572726F72210D0A00755F6170DE
:10F28000705F636F6D6D3A207365742072746321D3
:10F290000D0A000073616F7669657467726F75702F
:10F2A0002E636F6D2E766E00535654485F53564D45
:10F2B0005F444C535F56315F315F310061742B7294
:10F2C000646C617374666F726C6F673D0000000060
:10F2D00061742B72646C617374666F726F706572A7
:10F2E000613D000061742B72646C617374666F72AF
:10F2F0006576656E743D000061742B72646C617399
:10F3000074666F726770733D0000000061742B7249
:10F310006573746F7265736C6176653F0000000001
:10F3200053565F454E56495F434D5F54535300005B
:10F33000456E7465722050617373776F726400005C
:10F34000312E4D6F646275732052545500000000D9
:10F35000362E496E666F726D6174696F6E000000C3
:10F36000534554204D4F44425553205254550000AC
:10F37000312E49442020202020203A200000000087
:10F38000322E42617564726174653A20000000009B
:10F3900043414C49422053454E534F520000000018
:10F3A00052414E47452053455454494E47000000B2
:10F3B0005375636365737366756C6C792100000027
:10F3C0000000000000000000010203040607080915
:10F3D000526573746F7265204F4B210D0A00000057
:10F3E00061742B6D7174746D61696E3D0000000075
:10F3F00061742B6D7174746D61696E3F0000000063
:10F4000061742B6D7174746261636B75703D000083
:10F4100061742B6D7174746261636B75703F000071
:10F4200061742B726573657470756C73653F000051
:10F4300061742B666C6F777468726573683D000049
:10F4400061742B666C6F777468726573683F000037
:10F4500061742B7175616E7468726573683D00002C
:10F4600061742B7175616E7468726573683F00001A
:10F4700061742B6261747468726573683D0000008A
:10F4800061742B6261747468726573683F00000078
:10F4900061742B65726173656D656D3F00000000DE
:10F4A00061742B667776657273696F6E3F0000003A
:10F4B00061742B6C6F67696E6465783F00000000B3
:10F4C00061742B72646C6173746C6F673F00000031
:10F4D00061742B6C6576656C63616C69623D0000DC
:10F4E00061742B6C6576656C63616C69623F0000CA
:10F4F00061742B6C6576656C7468726573683D0029
:10F5000061742B6C6576656C7468726573683F0016
:10F5100061742B65786261747468726573683D000C
:10F5200061742B65786261747468726573683F00FA
:10F5300061742B776D6368616E6E656C3D000000D1
:10F5400061742B776D6368616E6E656C3F000000BF
:10F5500061742B6D6F64696E666F723D0000000010
:10F5600061742B6D6F64696E666F723F00000000FE
:10F5700061742B7072657373696E666F723D000003
:10F5800061742B7072657373696E666F723F0000F1
:10F5900061742B7265736574736C6176653F0000EE
:10F5A0000148804701480047B1F500080DF8000800
:10F5B0000248016851F470010160704788ED00E075
:10F5C00054656D7020203A2000000000332E4F66F5
:10F5D0006673657400000000342E5761726E696EA8
:10F5E00067000000312E5A65726F203A200000003B
:10F5F000322E536C6F70653A20000000312E545348
:10F600005320203A20000000322E54656D70203ABD
:10F61000200000005741524E494E4720545353009A
:10F62000312E4D6F6465203A20000000322E557057
:10F630007065723A20000000332E4C6F7765723A85
:10F6400020000000312E555F545353203A20000013
:10F65000322E4C5F545353203A200000332E555F16
:10F6600054656D703A200000342E4C5F54656D7007
:10F670003A2000002A56657273696F6E0000000020
:10F68000576562736974653A00000000A9C60008F6
:10F69000B3C60008D1C600085265736574204F4B8D
:10F6A000210D0A0061742B736572693D0000000032
:10F6B00061742B736572693F0000000061742B73E5
:10F6C000696D736572693F0061742B73777365723E
:10F6D0007665720061742B647574793D00000000DA
:10F6E00061742B647574793F0000000061742B66AF
:10F6F0007265716D696E3D0061742B667265716D26
:10F70000696E3F0061742B73617665626F783F00AC
:10F7100061742B6E756D77616B653D0061742B7242
:10F720006561646C6F673D0061742B70756C736507
:10F730003D00000061742B70756C73653F00000024
:10F7400061742B64656275673D00000061742B6411
:10F75000656275673F00000061742B6D72657365AB
:10F76000743F000061742B7573657275726C3D0097
:10F7700061742B757365726674703D0061742B74CF
:10F780006573746C6F673F0061742B726561646CA4
:10F790006F673F0061742B736C6176653D000000FC
:10F7A00061742B736C6176653F00000061742B6F90
:10F7B0006E74656D683F000061742B6F66667465DA
:10F7C0006D683F0061742B6964736C6176653F00FE
:10F7D00061742B6964736C6176653D0061742B62A2
:10F7E00072736C6176653F0061742B6272736C6139
:10F7F00076653D001F1C1F1E1F1E1F1F1E1F1E1F84
:10F800001F1D1F1E1F1E1F1F1E1F1E1FAFF3008068
:10F81000FFF7CCFCFFF7FCFC5453532E0000000014
:10F820006D672F4C000000004C6F6767696E000029
:10F8300053455454494E4700322E43616C6962006F
:10F84000352E52616E6765005453533A2000000014
:10F85000206D672F4C000000332E526573657400D5
:10F860004F46465345540000496E666F722E0000A5
:10F870002A4D6F64656C0000000000000102030463
:10F88000642200200000000064230020000000002B
:10F890004552524F520000000000000000000000DE
:10F8A000000000000C000000000000000C00000040
:10F8B00061742B7274633D0061742B7274633F003A
:10F8C00061742B6770733F0061742B656E64000078
:10F8D000E4230020000000003C4E554C4C3E00004C
:10F8E000252E2A6600000000686A6C747A4C0000BD
:10F8F0004F4646004F4E000020894300FFF7FEBFF1
:10F90000FFF7FEBFFFF7FEBFFFF7FEBFFFF7FEBF2B
:10F91000FFF7FEBFFFF7FEBFFFF7FEBFFFF7FEBF1B
:10F92000FFF7FEBFFFF7FEBFFFF7FEBFFFF7FEBF0B
:10F93000FFF7FEBFFFF7FEBFFFF7FEBFFFF7FEBFFB
:10F94000FFF7FEBFFFF7FEBFFFF7FEBFFFF7FEBFEB
:10F95000FFF7FEBFFFF7FEBFFFF7FEBFFFF7FEBFDB
:10F96000FFF7FEBFFFF7FEBFFFF7FEBFFFF7FEBFCB
:10F97000FFF7FEBFFFF7FEBFFFF7FEBFFFF7FEBFBB
:10F98000FFF7FEBFFFF7FEBFFFF7FEBFFFF7FEBFAB
:10F99000FFF7FEBFFFF7FEBFFFF7FEBFFFF7FEBF9B
:10F9A000FFF7FEBFFFF7FEBFFFF7FEBFFFF7FEBF8B
:10F9B000FFF7FEBFFFF7FEBFFFF7FEBFFFF7FEBF7B
:10F9C000FFF7FEBFFFF7FEBFFFF7FEBFFFF7FEBF6B
:10F9D000FFF7FEBFFFF7FEBFFFF7FEBFFFF7FEBF5B
:10F9E000FFF7FEBFFFF7FEBFD00331323334000113
:10F9F0004008F4010000BF23000801011A5007D09D
:10FA000007000011240008022912640812B91052DC
:10FA10000310500788130000352500080410212822
:10FA200012B310520510120A0812E71012060852FB
:10FA3000050412FF106178F0032AFFFEFFFF0001AA
:10FA4000100320F300080E41123101B22001100E04
:10FA50000000456E74657220746F20536574757074
:10FA60002C1101100557616974696E670B411020F4
:10FA70000320446F6E650952001030034572726FA7
:10FA8000721F400500F0F80008F4F8AC5218089214
:10FA900007AD92010C25104720F808250443C0F556
:10FAA00030211812F8182138210CF20128482201BF
:10FAB00034C330F318900302180001056061182464
:10FAC00002033000014CF201304822020CE24048AF
:10FAD000200112000211D2383012031812090CC38F
:10FAE000CCF51812041825B4D2D818120518220B18
:10FAF00060D148120618120C0CD250781207181256
:10FB00000D0CD2601811012603B08B70F304210193
:10FB10001003020400030F115280186950120318D9
:10FB200012100CF20190481304110C524890652CED
:10FB3000230205C380020000E4F5183B50F8B01A18
:10FB400004ABD300F01811681304140CD258D81168
:10FB5000201304150CF60160681305160CD2FC483E
:10FB600015F41305170C8308F61842F878130518D6
:10FB70000CF30014F6481306190CD2201811481380
:10FB8000061A0CF3002CF6C013061B0CD238181101
:10FB9000C013061C0CF601A02013071D0CD2443024
:10FBA000116023071E0CF1016013071F0CD25CC00B
:10FBB00011602E070C03D26818110823072118F5CD
:10FBC00001201308220CE274D880031C00082300D3
:10FBD0000179881002040008240CD2704812043005
:10FBE000F2022530120530F20326481002180009EF
:10FBF000270CD6B008F004010318020A100001E235
:10FC00000114B3093D1260028DC200082429208F1F
:10FC100099C2040521108F0FC304052101121B1086
:10FC200052043112E8198F37C3040521014F3DC337
:10FC3000040561011243102802A8F2000894E002B2
:10FC40003C0C00208F8004FD420008FD4284210806
:10FC500040040343000831438852010412A91043B1
:10FC6000D7438C5202044345443C2D44036D900419
:10FC7000529F14219452061452F914211052081460
:10FC8000435145142540520A6452A7142124520BB3
:10FC90001452D7142D4404520C144307461421382F
:10FCA000520D145237142138520E14526114213857
:10FCB00043001014128B1412B904313842108C4CCA
:10FCC00004354700089547E00552031410035548D2
:10FCD0000008AF0412B0D912607D1EC0ED031A8077
:10FCE000291340381D124B0C1DE8051300961812FD
:10FCF000DA0812E1045403C20100E422607F01002B
:10FD000084064FF1D7E40661104703D858210C252B
:10FD1000E01231105203201003E0930400551061EB
:10FD2000404404983A00005D2E9C211012DC0583AB
:10FD30006F2E40210447D32E94210C2D54074713D6
:10FD40002F9021102D340712C91092055012DD108A
:10FD50005206101360EAA0111022076111012D84D0
:10FD600007179F308051202D840768042331000835
:10FD70008C2838C802803F64244447A4F6B051431D
:10FD80005300B01069C447BCF69469C447E0F390CF
:10FD90006D780552F01062055546F48869C452101A
:10FDA000106D680352C85052081052D47062096036
:10FDB0005110520A1052EC30520B1052F810520CE3
:10FDC00010522060520D108B04F744210152101084
:10FDD000520F10521C106DEC035230405211105251
:10FDE0004010521210525010521310526010521400
:10FDF000104B70F48C5215105280105216104B2874
:10FE0000F7FC5217105234105218104FB0F8440338
:10FE100052191052B810521A10524030521B105240
:10FE20004C10521C104F58F74803521D104790F4C5
:10FE300090521E1052A090521F1056640069055235
:10FE4000701052211052B040522210527C206D94FA
:10FE50000552881052241052C0606D84051EBCAC3F
:10FE600004255C6D7C0512D010254C52271052E4FD
:10FE700010622820555052291052E010522A1012B8
:10FE8000F01025BC532B000142F510622C80553038
:10FE9000522D1052F880522E10569430522F10527C
:10FEA000A0105230105210505231105220105232C5
:10FEB0001056AC6052331056B8006D110B4730F538
:10FEC000005235105240105236104750F5505237FC
:10FED000105260105238104370F5F05239105280B1
:10FEE00010523A10529010523B10430CF3E0523C27
:10FEF0001052C4906D960652D010523E1052DC1033
:10FF0000523F1052E8105241104FC8F8D8054BEC40
:10FF10001A1343EC1C08100334F100085C04F309C5
:10FF2000D6540452FF01E38E52141D500400020304
:03FF30002D01039D
:040000050800F80DEA
:00000001FF
