:020000040800F2
:10000000082D00209DF500083DEF00083FEF000897
:1000100041EF000843EF000845EF00080000000032
:1000200000000000000000000000000047EF000892
:1000300049EF0008000000004BEF00084DEF0008FA
:10004000FDF8000801F9000805F9000809F90008A1
:100050000DF9000811F9000815F9000819F9000850
:100060001DF9000821F9000825F9000829F9000800
:100070002DF900089DEF000831F90008A7EF0008EE
:1000800035F9000839F900083DF9000841F9000880
:1000900045F9000849F900084DF9000851F9000830
:1000A00055F9000859F900085DF9000861F90008E0
:1000B00065F90008000000000000000069F9000870
:1000C0006DF9000871F9000875F9000879F9000860
:1000D0007DF90008B1EF000881F90008BBEF0008C6
:1000E00085F90008C5EF00080000000000000000CE
:1000F0000000000000000000000000000000000000
:100100000000000089F90008000000008DF90008D7
:10011000000000000000000091F9000895F90008B7
:1001200099F900089DF90008A1F90008A5F900084F
:10013000A9F9000800000000000000000000000015
:10014000ADF90008B1F90008B5F90008B9F90008DF
:10015000BDF90008CFEF0008D9EF0008C1F9000889
:10016000C5F90008C9F90008CDF900080000000031
:10017000D1F90008D5F90008D9F9000800000000FD
:10018000DDF90008E1F90008E5F9000880B55448F8
:100190000078012806D0022807D0042808D00828B3
:1001A00009D00BE000F0A0F808E000F089FE05E0BF
:1001B00001F046F802E001F005FAFFE701BD2DE984
:1001C000F0470024474D2888002804D02888401E86
:1001D0002880002081E0424E307A00287CD1202106
:1001E000DFF8BC0C01F0E0FE002801D1012700E09F
:1001F0000027DFF8B08C0421404601F0D5FE00282E
:1002000002D15FF0010901E05FF0000902214046E0
:1002100001F0CAFE002802D15FF0010A01E05FF0A0
:10022000000A0121404601F0BFFE002801D1012053
:1002300000E0002057EA490757EA8A073C0054EAE1
:10024000C0042000C0B2012805D0022803D0042831
:1002500001D0082836D17068401C70607068502842
:100260002FD3347001203072DFF83C1C086814284A
:1002700001D219202880DFF8340C22000378D2B292
:100280009A4219D10A68521C0A600A681E2A02D2D0
:100290000021716014E00A68B42A02D24121716021
:1002A0000EE00A68F02A02D24621716008E04E2270
:1002B0007260F0220A6003E00022726000220A608D
:1002C000047009E00020DFF8E41B0870282070604B
:1002D0000020DFF8D41B08603078BDE8F08700000C
:1002E0000C280020E0280020F8B584B0DFF8C04BCF
:1002F000A078002817D001283AD002286AD0032815
:1003000000F0FB80042800F07F81052800F0308297
:10031000062800F0B482072800F07F83092800F047
:10032000868400F0BBBDDFF88C5B0020E860DFF85E
:10033000886B0A220021300001F0BCFE30203070B2
:10034000302070703020B0703020F070E86800010C
:10035000801CC0B2039002960620019005200090F8
:10036000062300220121A01C02F0A8FC00F096BD8B
:10037000DFF8400BC168491CC160C16804291EDB5D
:10038000DFF8340B02F0B5FC012815D1A51C0622BC
:10039000290014F1080001F0DBFEF1200390002099
:1003A00002900D20019008200090082300220221D5
:1003B000280002F083FC0BE00020A07008E0C06879
:1003C0000001801C0200D2B20021A01C02F053FCEC
:1003D00000F064BD207908280AD0C0F08C800A287B
:1003E00032D01BD30C285BD044D30D286ED082E0D2
:1003F000A51C0622290014F1080001F0A9FEF12035
:10040000039000200290102001900F2000900F23F5
:1004100000220321280002F051FC6CE0A51C0622FA
:10042000290014F1080001F093FEF1200390002050
:100430000290152001901320009013230022042124
:10044000280002F03BFC56E0A51C0622290014F10E
:10045000080001F07DFEF12003900020029018209A
:10046000019017200090172300220521280002F098
:1004700025FC40E0A51C0622290014F1080001F02B
:1004800067FEF1200390002002901C2001901A20AA
:1004900000901A2300220621280002F00FFC2AE017
:1004A000A51C0622290014F1080001F051FEF120DC
:1004B000039000200290212001901E2000901E2316
:1004C00000220721280002F0F9FB14E0A51C0622F7
:1004D000290014F1080001F03BFE002003900020E9
:1004E000029024200190242000902423002208213F
:1004F000280002F0E3FB00F0D1BC20790F2802D0E5
:10050000102840D07EE0E078002802D001281FD0DB
:1005100038E0A61C0622310014F1080001F018FE94
:10052000DFF89059F220039015F10C000290102092
:1005300001900F2000900F23E278521CD2B20321C9
:10054000300002F0BBFBDFF874094078E86019E086
:10055000A51C0622290014F1080001F0F9FDF02085
:10056000039000200290272001902720009027234D
:1005700000220921280002F0A1FB0120DFF83C192C
:100580000870FFE73EE0E078002802D001281FD085
:1005900038E0A61C0622310014F1080001F0D8FD55
:1005A000DFF81059F220039015F10C000290102092
:1005B0000190102000901023E278521CD2B2032147
:1005C000300002F07BFBDFF8F4084068E86019E0D7
:1005D000A51C0622290014F1080001F0B9FDF02045
:1005E00003900020029027200190272000902723CD
:1005F00000220921280002F061FB0120DFF8BC186D
:100600000870FFE700F04ABC2079132806D0C0F03C
:10061000AE80152800F08E8046D3A8E0E078002850
:1006200002D001281FD03EE0A61C0622310014F1A2
:10063000080001F08DFDDFF87C58F220039015F1E1
:100640000C00029015200190132000901323E278F3
:10065000521CD2B20421300002F030FBDFF85C08FB
:10066000406AE8601FE0A51C0622290014F108007A
:1006700001F06EFDF02003900020029027200190F1
:1006800027200090272300220921280002F016FBD2
:10069000DFF8A41BDFF81C08C068088002220120D4
:1006A00003F052F8FFE762E0E078002802D001286A
:1006B0001FD03EE0A61C0622310014F1080001F014
:1006C00047FDDFF8F057F220039015F10C0002907F
:1006D00015200190132000901423E278521CD2B20E
:1006E0000421300002F0EAFADFF8D007806AE860FF
:1006F0001FE0A51C0622290014F1080001F028FDC6
:10070000F0200390002002902720019027200090E5
:10071000272300220921280002F0D0FADFF8181B55
:10072000DFF89007C06808800222022003F00CF86E
:10073000FFE71CE0A51C0622290014F1080001F0C7
:1007400007FDF02003900020029027200190272031
:100750000090272300220921280002F0AFFADFF8D9
:10076000D81A002008800222032002F0EDFF95E352
:100770002079172802D0182840D07FE0E0780028A0
:1007800002D001281FD038E0A61C0622310014F147
:10079000080001F0DDFCDFF81C57F220039015F192
:1007A0000C00029018200190172000901723E27887
:1007B000521CD2B20521300002F080FADFF8FC06AC
:1007C000C069E86019E0A51C0622290014F10800A0
:1007D00001F0BEFCF0200390002002902720019041
:1007E00027200090272300220921280002F066FA22
:1007F0000120DFF8C8160870FFE73FE0E078002826
:1008000002D001281FD038E0A61C0622310014F1C6
:10081000080001F09DFCDFF89C56F220039015F1D2
:100820000C00029018200190172000901823E27805
:10083000521CD2B20521300002F040FADFF87C06EB
:10084000006AE86019E0A51C0622290014F10800DE
:1008500001F07EFCF0200390002002902720019000
:1008600027200090272300220921280002F026FAE1
:100870000120DFF848160870FFE7FFE70EE3207954
:100880001A2806D0C0F0C8801C2800F0858043D309
:10089000C2E0E078002802D0012822D03BE0A71C6B
:1008A0000622390014F1080001F052FCDFF804566A
:1008B00015F10C06F220039002961C2001901A20DC
:1008C00000901A23E278521CD2B20621380002F0BE
:1008D000F5F9DFF868090078E860DFF8E00586637D
:1008E00019E0A51C0622290014F1080001F030FCD3
:1008F000F0200390002002902720019027200090F4
:10090000272300220921280002F0D8F90120DFF86E
:10091000AC150870FFE77FE0E078002802D00128DE
:100920001FD038E0A61C0622310014F1080001F0A7
:100930000FFCDFF88055F220039015F10C000290B7
:100940001C2001901A2000901B23E278521CD2B286
:100950000621300002F0B2F9DFF86005006BE860B4
:1009600019E0A51C0622290014F1080001F0F0FB93
:10097000F020039000200290272001902720009073
:10098000272300220921280002F098F90120DFF82E
:100990002C150870FFE73FE0E078002802D001281E
:1009A0001FD038E0A61C0622310014F1080001F027
:1009B000CFFBDFF80055F220039015F10C000290F8
:1009C0001C2001901A2000901C23E278521CD2B205
:1009D0000621300002F072F9DFF8E004406BE860B5
:1009E00019E0A51C0622290014F1080001F0B0FB53
:1009F000F0200390002002902720019027200090F3
:100A0000272300220921280002F058F90120DFF8ED
:100A1000AC140870FFE7FFE740E220791E2809D0F8
:100A2000C0F00481202800F0858043D3212800F005
:100A3000C080FBE0E078002802D001281FD038E019
:100A4000A61C0622310014F1080001F081FBDFF83A
:100A50006454F220039015F10C00029021200190C3
:100A60001E2000901E23E278521CD2B207213000D3
:100A700002F024F9DFF84404C06BE86019E0A51C1B
:100A80000622290014F1080001F062FBF020039017
:100A90000020029027200190272000902723002289
:100AA0000921280002F00AF90120DFF8101408706B
:100AB000FFE7BBE0E078002802D001281FD038E033
:100AC000A61C0622310014F1080001F041FBDFF8FA
:100AD000E453F220039015F10C00029021200190C4
:100AE0001E2000901F23E278521CD2B20721300052
:100AF00002F0E4F8DFF8C403006CE86019E0A51C1C
:100B00000622290014F1080001F022FBF0200390D6
:100B10000020029027200190272000902723002208
:100B20000921280002F0CAF80120DFF890130870AC
:100B3000FFE77BE0E078002802D001281FD037E0F3
:100B4000A61C0622310014F1080001F001FBDFF8B9
:100B50006453F220039015F10C00029021200190C3
:100B60001E2000902023E278521CD2B207213000D0
:100B700002F0A4F8DFF84403406CE86018E0A51C1C
:100B80000622290014F1080001F0E2FAF020039097
:100B90000020029027200190272000902723002288
:100BA0000921280002F08AF80120C4490870FFE7F3
:100BB0003CE0E078002802D001281DD035E0A61CDA
:100BC0000622310014F1080001F0C2FAB94DF220FA
:100BD000039015F10C000290212001901E2000903E
:100BE0002123E278521CD2B20721300002F066F8CD
:100BF000B248806CE86018E0A51C0622290014F1B8
:100C0000080001F0A5FAF0200390002002902720B0
:100C1000019027200090272300220921280002F0BC
:100C20004DF80120A5490870FFE7FFE736E1207A7B
:100C300003280AD0C0F03181052838D0C0F02A81BD
:100C4000072800F0B28069D327E1322001F0D2FCFE
:100C500003209A490870A07A0F2802D0102809D0E2
:100C600024E0DFF8400941789248C068C0B203F040
:100C700096FE1BE000200100C9B20B290FDADFF855
:100C800028190200D2B251F822108A4AD268914241
:100C900003D1DFF81019487001E0401CEBE7DFF8E2
:100CA00004094178007803F07AFEFFE7F5E0834D10
:100CB00003202870322001F09DFCA07A172802D072
:100CC000182815D029E0287A04F080F800EE100AE0
:100CD000DFF8D808D0ED060A764890ED031AB8EE92
:100CE000C11AB8EE400A81EE000A02F0BEFD14E01F
:100CF000687A04F06BF800EE100A6E48D0ED030A33
:100D0000F8EEE00AB8EE400AC0EE800ADFF89C0870
:100D100090ED050A02F0A9FDFFE7BEE0674D032054
:100D20002870322001F066FCA07A1A2804D03BD348
:100D30001C2823D00CD337E0DFF80005D0ED020AE1
:100D400090ED010A5B48C068C0B202F03FFE2BE0A4
:100D5000A87A04F03BF800EE100ADFF8E0045549E9
:100D6000D1ED030AF8EEE00AB8EE400AC0EE800AC0
:100D700090ED010A007802F029FE15E0A87A04F04F
:100D800025F800EE100ADFF8B404D0ED020A494954
:100D900091ED031AB8EEC11AB8EE400A81EE000ACE
:100DA000007802F013FEFFE777E0444D032028703F
:100DB000322001F01FFCA07A1E2806D069D320281B
:100DC00035D01BD321284BD063E0E87A03F0FEFF37
:100DD00000EE100ADFF8D807D0ED031A90ED021AE2
:100DE000D0ED010A334890ED032AB8EEC22AB8EEDE
:100DF000400A82EE000A02F0B1FE4AE0E87A03F00F
:100E0000E5FF00EE100ADFF8A807D0ED031A90ED19
:100E1000021A2849D1ED030AF8EEE00AB8EE400ABA
:100E2000C0EE800A90ED000A02F098FE31E0E87A08
:100E300003F0CCFF00EE100ADFF87407D0ED031AC0
:100E40001C49D1ED030AF8EEE00AB8EE400A80EE44
:100E5000801AD0ED010A90ED000A02F07FFE18E042
:100E6000E87A03F0B3FF00EE100ADFF844071149F7
:100E7000D1ED030AF8EEE00AB8EE400AC0EE801A9F
:100E800090ED021AD0ED010A90ED000A02F066FE24
:100E9000FFE702E002F048FCFFE7FFE705B0F0BD26
:100EA000000800480004004898280020F02800208E
:100EB000542800200C280020000000207C00002086
:100EC00010B5DFF8F036987800280ED002281ED032
:100ED0000CD3042876D027D3062800F0E380C0F096
:100EE000AE80072800F03581A5E1A4E1DFF8C8064F
:100EF000DFF8C816CA68825C521CCB68C254CA6844
:100F0000825C3A2A02DB3022C968425493E1587964
:100F10001979884202D21879401E1871F1220021F5
:100F2000981C01F0A8FE86E1D87800280CD15879E9
:100F30001979884202D21879401E1871F1220021D5
:100F4000981C01F098FE3CE018790F2802D0102878
:100F500012D036E0D878002802D0012801D00AE06B
:100F600009E0DFF85806C168B1F5807F02DAC16890
:100F7000491CC160FFE724E0D878002802D001288E
:100F800001D01EE01DE000210800C0B20B2817DAD6
:100F9000DFF81426DFF824060B00DBB252F823300A
:100FA000C468A3420AD10B00DBB20A2B06DA0B009D
:100FB000DBB202EB83025268C26001E0491CE3E746
:100FC000FFE738E1D87800280CD1587919798842A0
:100FD00002D21879401E1871F1220021981C01F0EC
:100FE0004AFE2BE01879132804D027D3152825D0E2
:100FF0000DD323E0D878002802D0012801D005E0E5
:1010000004E00020DFF8B415C860FFE716E0D878E8
:10101000002802D0012801D00FE00EE0DFF8A00583
:10102000007A03F0D3FEDFF89415CA68B2EB400FE4
:1010300002D2C8680A30C860FFE7FFE7FBE0D87853
:1010400000280CD158791979884202D21879401EAB
:101050001871F1220021981C01F00DFE21E0187991
:10106000172802D018280ED01BE0D878002802D00C
:10107000012801D006E005E0DFF84005C168491C01
:10108000C160FFE70DE0D878002802D0012801D028
:1010900006E005E0DFF82405C168491CC160FFE7F0
:1010A000FFE7C8E0D87800280CD158791979884230
:1010B00002D21879401E1871F1220021981C01F00B
:1010C000DAFD45E018791A2804D041D31C282BD02A
:1010D00013D33DE0D878002802D0012801D00BE0DE
:1010E0000AE0DFF8D814C868002802D10120C860DF
:1010F00001E00020C860FFE72AE0D878002802D08D
:10110000012801D00FE00EE0DFF8B404807A03F08C
:101110005DFEDFF8A814CA68B2EB400F02D2C868BF
:10112000401CC860FFE713E0D878002802D00128EF
:1011300001D00CE00BE0DFF88404C168DFF8802404
:10114000126B914202DAC168491CC160FFE7FFE7F8
:1011500071E0D87800280CD158791979884202D2E8
:101160001879401E1871F1220021981C01F083FDAE
:1011700060E018791E2806D05CD320282ED019D321
:10118000212843D056E0D878002802D0012801D089
:101190000FE00EE0DFF82804C07A03F017FEDFF856
:1011A0001C14CA68B2EB400F02D2C868401CC86069
:1011B000FFE73FE0D878002802D0012801D00CE0FA
:1011C0000BE0DFF8F803C168DFF8F423D26B91423B
:1011D00002DAC168491CC160FFE72BE0D87800281B
:1011E00002D0012801D010E00FE0DFF8D403C07A6C
:1011F00003F0ECFDDFF8C423D36850214843834259
:1012000002D2D068401CD060FFE713E0D8780028F5
:1012100002D0012801D00CE00BE0DFF8A003C16888
:10122000DFF89C23526C914202DAC168491CC1600C
:10123000FFE7FFE7FFE710BDE2280020802800203D
:1012400010B5DFF87033987800280ED002281ED031
:101250000CD3042876D027D3062800F0DD80C0F018
:10126000A880072800F02E819BE19AE1DFF848036F
:10127000DFF8D419CA68825C521ECB68C254CA68AF
:10128000825C302A02DA3922C968425489E118792D
:101290009979884202D21879401C1871F1220021F4
:1012A000981C01F0E8FC7CE1D87800280CD1187972
:1012B0009979884202D21879401C1871F1220021D4
:1012C000981C01F0D8FC3CE018790F2802D01028B7
:1012D00011D036E0D878002802D0012801D009E0EA
:1012E00008E0DFF86409C168012902DBC168491E12
:1012F000C160FFE725E0D878002802D0012801D09E
:101300001FE01EE00A221000C0B2002818D0DFF84B
:101310009832DFF834191000C0B253F82000CC68BE
:10132000A0420BD11000C0B2002807D01000C0B2FC
:1013300003EB800050F8040CC86001E0521EE2E7A5
:10134000FFE72EE1D87800280CD1187999798842E6
:1013500002D21879401C1871F1220021981C01F06A
:101360008AFC25E01879132804D021D315281FD032
:101370000DD31DE0D878002802D0012801D005E067
:1013800004E00020DFF8C018C860FFE710E0D8785C
:10139000002802D0012801D009E008E0DFF8A80801
:1013A000C1680A2902DBC1680A39C160FFE7FFE7AB
:1013B000F7E0D87800280CD118799979884202D2C0
:1013C0001879401C1871F1220021981C01F053FC7F
:1013D00021E01879172802D018280ED01BE0D87801
:1013E000002802D0012801D006E005E0DFF8580807
:1013F000C168491EC160FFE70DE0D878002802D01F
:10140000012801D006E005E0DFF83C08C168491E6C
:10141000C160FFE7FFE7C4E0D87800280CD1187955
:101420009979884202D21879401C1871F122002162
:10143000981C01F020FC44E018791A2804D040D30D
:101440001C2827D013D33CE0D878002802D00128EC
:1014500001D00BE00AE0DFF8F017C868002802D1DD
:101460000120C86001E00020C860FFE729E0D878CB
:10147000002802D0012801D00BE00AE0DFF8C807FD
:101480004F49496BC268914202DAC168491EC16086
:10149000FFE716E0D878002802D0012801D00FE03D
:1014A0000EE04748807A03F091FCDFF89C2700218A
:1014B0004843D168884202D2D068401ED060FFE71E
:1014C000FFE76EE0D87800280CD118799979884226
:1014D00002D21879401C1871F1220021981C01F0E9
:1014E000CAFB5DE018791E2806D059D320282DD0DC
:1014F00015D321283DD053E0D878002802D0012808
:1015000001D00BE00AE0DFF840072D49096CC26802
:10151000914202DAC168491EC160FFE740E0D87815
:10152000002802D0012801D00FE00EE02448C07A44
:1015300003F04CFCDFF8102700214843D1688842B3
:1015400002D2D068401ED060FFE729E0D87800289A
:1015500002D0012801D00BE00AE0DFF8EC061849C0
:10156000896CC268914202DAC168491EC160FFE716
:1015700016E0D878002802D0012801D00FE00EE054
:101580000F48C07A03F022FCDFF8BC260021484354
:10159000D168884202D2D068401ED060FFE7FFE7E2
:1015A000FFE710BD580C0020D8060020D0270020EF
:1015B0006428002054280020000000200C2800206F
:1015C0007C0000207FB5DFF88446A078002814D086
:1015D000022816D012D3042800F0898014D30628DC
:1015E00000F09081C0F01B81082800F01783C0F044
:1015F0003482092800F0198324E323E30020A0703B
:1016000020E30020A0701DE320790F2802D01028CD
:1016100036D06BE0E078002802D0012816D02EE00A
:10162000A51CF1200390002002900D2001900820BD
:101630000090082300220221280001F03FFB06222F
:10164000290014F1080000F083FD18E0A51C062213
:10165000290014F1080000F07BFDF1200390DFF871
:10166000F0050290102001900F2000900F23E078E9
:10167000421ED2B20321280001F020FBFFE735E033
:10168000E078002802D0012816D02EE0A51CF12019
:101690000390002002900D20019008200090082364
:1016A00000220221280001F009FB0622290014F182
:1016B000080000F04DFD18E0A51C0622290014F1D9
:1016C000080000F045FDF1200390DFF88805029046
:1016D000102001900F2000901023E078421ED2B21B
:1016E0000321280001F0EAFAFFE7FFE7AAE22079E8
:1016F000132805D0C0F09280152879D03CD38DE016
:10170000E078002802D0012816D034E0A51CF12092
:101710000390002002900D200190082000900923E2
:1017200000220221280001F0C9FA0622290014F142
:10173000080000F00DFD1EE0A61C0622310014F189
:10174000080000F005FDDFF81055F120039015F1B9
:101750002400029015200190132000901323E078BC
:10176000421ED2B20421300001F0A8FADFF8D804FA
:10177000C0686862FFE751E0E078002802D00128E5
:1017800016D034E0A51CF1200390002002900D201B
:10179000019008200090092300220221280001F076
:1017A0008DFA0622290014F1080000F0D1FC1EE099
:1017B000A61C0622310014F1080000F0C9FCDFF875
:1017C0009854F120039015F1280002901520019003
:1017D000132000901423E078421ED2B2042130007E
:1017E00001F06CFADFF86004C068A862FFE715E05A
:1017F000A51CF1200390002002900D2001900820EC
:101800000090092300220221280001F057FA062245
:10181000290014F1080000F09BFCFFE712E2207998
:10182000172802D0182836D06BE0E078002802D0C4
:10183000012816D02EE0A51CF12003900020029074
:101840000D200190082000900A2300220221280088
:1018500001F034FA0622290014F1080000F078FCA7
:1018600018E0A51C0622290014F1080000F070FC05
:10187000F1200390DFF8E403029018200190172074
:1018800000901723E078421ED2B20521280001F013
:1018900015FAFFE735E0E078002802D0012816D0DD
:1018A0002EE0A51CF1200390002002900D20019055
:1018B000082000900A2300220221280001F0FEF9EE
:1018C0000622290014F1080000F042FC18E0A51CD3
:1018D0000622290014F1080000F03AFCF1200390E0
:1018E000DFF87C0302901820019017200090182345
:1018F000E078421ED2B20521280001F0DFF9FFE7AF
:10190000FFE79FE120791A2805D0C0F0A5801C28A8
:101910006DD037D3A0E0E078002802D0012816D09F
:101920002FE0A51CF1200390002002900D200190D3
:10193000082000900B2300220221280001F0BEF9AC
:101940000622290014F1080000F002FC19E0A51C91
:101950000622290014F1080000F0FAFBC14EF12024
:10196000039002961C2001901A2000901A23E07820
:10197000421ED2B20621280001F0A0F9B6488663C3
:10198000FFE769E0E078002802D0012816D02DE0BA
:10199000A51CF1200390002002900D20019008204A
:1019A00000900B2300220221280001F087F9062273
:1019B000290014F1080000F0CBFB17E0A51C06225B
:1019C000290014F1080000F0C3FBF1200390A648A1
:1019D00002901C2001901A2000901B23E078421EE8
:1019E000D2B20621280001F069F9FFE734E0E0787F
:1019F000002802D0012816D02DE0A51CF12003906C
:101A0000002002900D200190082000900B2300225E
:101A10000221280001F052F90622290014F10800E1
:101A200000F096FB17E0A51C0622290014F108001F
:101A300000F08EFBF12003908C4802901C20019056
:101A40001A2000901C23E078421ED2B20621280002
:101A500001F034F9FFE7FFE7F4E020791E2808D011
:101A6000C0F0DB8020286ED038D3212800F0A08081
:101A7000D3E0E078002802D0012816D02DE0A51C84
:101A8000F1200390002002900D200190082000908A
:101A90000C2300220221280001F010F9062229005F
:101AA00014F1080000F054FB17E0A51C06222900E1
:101AB00014F1080000F04CFBF12003906C480290F8
:101AC000212001901E2000901E23E078421ED2B2F9
:101AD0000721280001F0F2F8FFE79EE0E0780028F7
:101AE00002D0012816D02DE0A51CF1200390002083
:101AF00002900D200190082000900C23002202216A
:101B0000280001F0DBF80622290014F1080000F09B
:101B10001FFB17E0A51C0622290014F1080000F0A5
:101B200017FBF120039053480290212001901E20C2
:101B300000901F23E078421ED2B20721280001F056
:101B4000BDF8FFE769E0E078002802D0012816D050
:101B50002DE0A51CF1200390002002900D200190A3
:101B6000082000900C2300220221280001F0A6F892
:101B70000622290014F1080000F0EAFA17E0A51C7B
:101B80000622290014F1080000F0E2FAF120039087
:101B900039480290212001901E2000902023E078F7
:101BA000421ED2B20721280001F088F8FFE734E096
:101BB000E078002802D0012816D02DE0A51CF120E5
:101BC0000390002002900D200190082000900C232B
:101BD00000220221280001F071F80622290014F1E8
:101BE000080000F0B5FA17E0A51C0622290014F140
:101BF000080000F0ADFAF120039020480290212067
:101C000001901E2000902123E078421ED2B20721CD
:101C1000280001F053F8FFE7FFE713E0062214F174
:101C20000801A01C00F094FA0CE00B4D2878022863
:101C300007D0062214F10801A01C00F089FA002048
:101C40002870FFE77FBD00000C28002054280020EA
:101C50007D000020800000207C00002098000020F3
:101C60009C00002080280020AC000020B000002054
:101C7000B8000020BC000020C0000020C4000020EC
:101C8000F8B4030000250868E840002800F0D78079
:101C900001260F6816FA05F007403A00002A00F006
:101CA000CC80087910F00300012804D0087910F0E6
:101CB000030002281DD19F685FF0030C2800C0B20A
:101CC00040001CFA00FC37EA0C07D1F80CC02800D1
:101CD000C0B240001CFA00FC5CEA07079F6058682D
:101CE000AE40B0434E68C6F30016AE403043040029
:101CF0005C60087910F0030003280ED0DE6803272B
:101D00002800C0B240008740BE438F682800C0B2A0
:101D1000400087403E433400DC60087910F0030047
:101D2000022818D12800C00803EB8000066A0F279C
:101D300015F00700C0B280008740BE430F6915F060
:101D40000700C0B2800087403E4334002800C0082E
:101D500003EB800004621E6803272800C0B2400025
:101D60008740BE430F7917F003072800C0B2400038
:101D700087403E4334001C60486810F4403F5CD00C
:101D80009548066856F001060660006810F00100EC
:101D900000900098914F2800800857F820605FF06D
:101DA0000F0C15F00300C0B280001CFA00FC36EAEC
:101DB0000C06B3F1904F01D1002414E0884883420F
:101DC00001D101240FE08748834201D102240AE0B7
:101DD0008548834201D1032405E08448834201D130
:101DE000042400E0072415F00300C0B28000844002
:101DF00026432800800847F820607D4C20689043E7
:101E00004F68FF0200D5104320607A4E3468944337
:101E10004F68BF0200D514433460774E306890435A
:101E20004F68BF0300D510433060744E346894434C
:101E30004F68FF0300D5144334606D1C23E7F1BCE9
:101E400070472DE9F041030000250800E840002814
:101E500000F0A880012616FA05F008400200002ACA
:101E600000F09E80DFF874C1280080085CF8200034
:101E70000F2715F0030E5FFA8EFE5FEA8E0E17FA3B
:101E80000EFE1EEA00000400B3F1904F02D15FF095
:101E9000000E19E05248834202D15FF0010E13E0B8
:101EA0005048834202D15FF0020E0DE04E4883425B
:101EB00002D15FF0030E07E04C48834202D15FF08D
:101EC000040E01E05FF0070E15F00300C0B28000C1
:101ED0001EFA00FE74452CD14848D0F800E03EEAD6
:101EE000020EC0F800E04448D0F800E03EEA020EDE
:101EF000C0F800E03F48D0F800E03EEA020EC0F82B
:101F000000E03B48D0F800E03EEA020EC0F800E0F6
:101F100015F00300C0B2800017FA00F0040028009A
:101F200080085CF82000A043AE465FEA9E0E4CF8A5
:101F30002E005FF0030C1868AE465FFA8EFE5FEA73
:101F40004E0E1CFA0EFE5EEA000018602800C00863
:101F500003EB800E2800C00803EB8000D0F820803F
:101F600015F00700C0B28000874038EA0707CEF8B6
:101F7000207098682F00FFB27F001CFA07F7B84363
:101F800098605868AE4030EA06065E60DE68280059
:101F9000C0B240001CFA00FC36EA0C0CC3F80CC0BE
:101FA0006D1C52E7BDE8F081020010690B009BB286
:101FB000184201D0012000E00020C0B27047130099
:101FC000DBB2002B03D00B009BB2836102E00B005D
:101FD0009BB283627047000060100240080001401D
:101FE0000004004800080048000C004800100048A9
:101FF000080401400C0401400404014000040140B5
:1020000038B504000D00DFF8FC010168200000F085
:1020100006F8A84201D3012000E0002032BD814231
:1020200004D25FF0FF32101A081800E0081A704757
:1020300038B52DED048B08EE100A0C001500DFED0D
:10204000438A2800C0B2FB2810DBB8EEC89A2800EB
:10205000C0B24042C0B200F08BF829EE009A0021D5
:102060002000B0EE490A00F0B1F80EE0B8EEC89AD0
:102070002800C0B200F07CF889EE009A2900C9B2AD
:102080002000B0EE490A00F0A1F8BDEC048B31BD90
:1020900010B400210A00838892B29A4206D200222C
:1020A00003680C00A4B21A55491CF3E70022828091
:1020B00010BC704710B4040013005A1E9BB2002BD2
:1020C00002D02170641CF7E710BC704770B50400A3
:1020D0000D001600DFF8240100782100C9B2884203
:1020E00009D3DFF824211068002804D0310089B218
:1020F00028001268904770BD38B504000D00280014
:1021000003F06AF8020092B229002000C0B2FFF783
:10211000DDFF31BD70B504000D00280003F05CF850
:10212000020092B229002000C0B2FFF7CFFFDFF813
:10213000DC603068002807D0280003F04DF801006B
:1021400089B228003268904770BD0000000000008E
:1021500030B404000D0013005A1E9BB2002B04D0B3
:102160002B7823706D1C641CF5E730BC70470000B1
:1021700010B504002000C0B2FB2816DB2000C0B25E
:10218000D0F5807003F060F841EC110B9FED200B4F
:1021900003F073F853EC102B0020194903F076F884
:1021A00003F098F900EE100A0FE02000C0B203F02F
:1021B000C5F941EC110B9FED160B03F05EF851ECE5
:1021C000100B03F087F900EE100A10BD38B52DEDA5
:1021D000028B82B0B0EE408A04000D0018EE100AA7
:1021E00003F0BAF9CDE900012A000B49200003F001
:1021F000D7F902B0BDEC028B31BD00005C0C0020B1
:102200000000F03FD0280020D8280020D42800204B
:102210000000000000002440DCF8000880B5002227
:102220004FF40071DFF89C0BFFF7C9FE00224FF45A
:1022300000715FF09040FFF7C2FE03F0D1F9DFF8C4
:10224000880BDFF8881B8163DFF8841B421CC1F810
:102250007021021DC1F8882110F12C020A6210F1D0
:1022600014028A6310F118020A65427A81F8552037
:1022700010F10C02C1F8B821027A81F8BD2110F1E9
:102280002402C1F8D021027A81F8D52110F1280268
:10229000C1F8E821027A81F8ED2110F11C02C1F8A1
:1022A0003022027A81F8352210F12002C1F848224A
:1022B000427A81F84D2210F13002C1F89022827AE0
:1022C00081F8952210F13402C1F8A822827A81F8AF
:1022D000AD2210F13C02C1F8D822C27A81F8DD2289
:1022E00010F14002C1F8F022C27A81F8F52210F113
:1022F0004402C1F80823C27A81F80D2310F1480284
:10230000C1F82023C07A81F82503DFF8D00A0068DD
:10231000C1F86803DFF8C80A0068C1F8980301BD76
:1023200038B5002000242000C0B2072835DADFF8D5
:10233000B45A2000C0B200012844407801282AD1B4
:102340002000C0B200012844406800280ED003F0ED
:102350009FF92100C9B2090129444968401A2100A6
:10236000C9B2090129448968884214D30020210098
:10237000C9B209012944487003F08AF92100C9B2A1
:102380000901294448602000C0B22100C9B20901F6
:102390002944C9688847641CC5E7002032BD38B5A8
:1023A0000400DFF8445A687800281FD100224FF457
:1023B0000071DFF8100AFFF702FE00224FF40071EF
:1023C0005FF09040FFF7FBFD03F00AF989200090D1
:1023D000202307220521DFF8140A03F05FF901200A
:1023E00068700221DFF8FC0903F0A0FA012032BD79
:1023F0007CB50400DFF8F8592878002803D00228BB
:1024000023D003D33DE003F0BBFA3AE003F02EFB08
:1024100089200090202307220521DFF8D00903F04E
:102420003DF9DFF8D02903212C2003F051FADFF821
:10243000C8290421082003F04BFA03F074FB41F291
:102440008830DFF8A01988611BE00120DFF89819B7
:10245000487089200090202307220521DFF88C098D
:1024600003F01CF9DFF87C690221300003F05EFA0A
:102470000321300003F05AFA0421300003F056FA29
:10248000FFE72878401C28702100C9B2DFF8540902
:1024900003F05BFA012076BD70B5040000F0BCF8D3
:1024A000DFF844596878012803D1A87800F0BAFB16
:1024B00004E00021DFF82C0903F038FADFF83C09CA
:1024C000A9780278914207D0A9780170DFF8300925
:1024D0000068DFF830190860A8780A2812D1DFF800
:1024E00024694FF4FA613068FFF78AFD012809D1A9
:1024F000DFF80C0900683060062215F10801A81CFD
:10250000FFF726FE2100C9B2DFF8D80803F01DFA54
:10251000012070BD10B50400DFF8EC18DFF8EC08FE
:102520000069FFF76DFD012827D1DFF8E408017885
:10253000012905D1002101700020DFF8AC18887056
:10254000DFF8D0080188491C018042F21071DFF8E1
:1025500094282300DBB21B011A449268B1FBF2F10C
:1025600002888A420DD300210180DFF87C18887828
:10257000002806D00020887003E00120DFF89018C2
:1025800008702100C9B2DFF85C0803F0DEF9012011
:1025900010BD38B50400FDF712FEDFF87058287A38
:1025A000012808D10521DFF83C0803F0BFF9DFF866
:1025B0005008006828612100C9B2DFF8280803F03C
:1025C000C4F9012032BD10B50400FDF7DFFDDFF8CE
:1025D0003C080021017000210172012010BD10B5DE
:1025E000040000224FF40051DFF8D807FFF7E7FCA2
:1025F000012010BD10B5040001224FF40051DFF896
:10260000C407FFF7DCFCDFF8DC07210089B2816634
:10261000062103F09AF910BD38B5DFF8AC47DFF8B2
:10262000F807A16B097850F82100DFF8A417C1F86A
:102630007802DFF8E80701786170DFF8E417407886
:1026400051F820006060207A02F0C0FB00EE100A12
:10265000DFF8D057B8EE400AD5ED010A20EE200A87
:10266000BDEEC00A84ED030A607A02F0AFFB00EE13
:10267000100AB8EE400AD5ED020A20EE200ABDEE9F
:10268000C00A84ED040AFE2002F0A0FB00EE100A4E
:10269000B8EE400AD5ED030A20EE200ABDEEC00ACE
:1026A00084ED050A607A02F091FB00EE100AB8EEA4
:1026B000400AD5ED040A20EE200ABDEEC00A84EDE2
:1026C000060A207A02F082FB00EE100AB8EE400AF9
:1026D000D5ED050A20EE200ABDEEC00A84ED070AFA
:1026E000607A02F073FB00EE100AB8EE400AD5EDF6
:1026F000060A20EE200ABDEEC00A84ED080ADFF8C3
:10270000280790ED010ADFED330A20EE200ABDEE26
:10271000C00A84ED0B0AA07A02F058FB00EE100A02
:10272000DFF8A856B8EE400AD5ED020A20EE200ADE
:10273000BDEEC00A84ED0C0AA07A02F047FB00EE61
:10274000100AB8EE400AD5ED010A20EE200ABDEECF
:10275000C00A84ED0D0AE07A02F038FB00EE100AA0
:10276000DFF8C856B8EE400AD5ED000A20EE200A80
:10277000BDEEC00A84ED0F0AE07A02F027FB00EEFE
:10278000100AB8EE400AD5ED010A20EE200ABDEE8F
:10279000C00A84ED100AE07A02F018FB00EE100A7D
:1027A000B8EE400AD5ED020A20EE200ABDEEC00ABE
:1027B00084ED110AE07A02F009FB00EE100AB8EE8F
:1027C000400AD5ED030A20EE200ABDEEC00A84EDD2
:1027D000120A31BD0000C8422DE9F84F8AB0060048
:1027E0002021002202AC200003F00AFA0024002578
:1027F00000208DF8050000208DF806001827DFF86E
:10280000D0853000C0B27843404490F81590300035
:10281000C0B2784340444068002842D001213000D3
:10282000C0B200F0A9F900280ED13000C0B2784340
:10283000404442683000C0B278434044017D48467D
:10284000C0B203F045F81EE05FF0000A3000C0B2ED
:1028500078434044406802F0BFFC5146C9B281420F
:1028600007D2202002A95246D2B288541AF1010A96
:10287000ECE702AA3000C0B278434044017D4846EC
:10288000C0B203F025F83000C0B27843404440683D
:1028900002F0A2FCDFF898150979491C484310FAA8
:1028A00089F93000C0B2784340448068002800F0C5
:1028B0003A813000C0B278434044007B00280BD0FE
:1028C00002281ED012D3042830D024D3062845D0A5
:1028D00036D307283ED044E03000C0B278434044AD
:1028E00080680078002104000D003AE03000C0B29A
:1028F00078434044806890F90000C11704000D003F
:102900002FE03000C0B27843404480680088002146
:1029100004000D0025E03000C0B2784340448068D8
:10292000B0F90000C11704000D001AE03000C0B279
:102930007843404480680068002104000D0010E0E6
:102940003000C0B27843404480680068C11704007A
:102950000D0006E001208DF8050002E002208DF850
:1029600005009DF8050000280CD13000C0B2784366
:102970004044407B40420200D2B202A92000FFF74F
:1029800057FB26E09DF8050001281AD13000C0B29F
:1029900078434044806802F01FFC202819D23000A0
:1029A000C0B278434044806802F016FC020092B244
:1029B0003000C0B278434044816802A8FFF7C8FBEA
:1029C00007E03000C0B278434044806800788DF85A
:1029D000080002213000C0B200F0CEF8012823D157
:1029E0003000C0B278434044807DC0B200098DF809
:1029F00006009DF806000F2805D0202002A99DF8AA
:102A00000620885410E05FF0000A02A802F0E4FB00
:102A10005146C9B2814207D2202002A95246D2B201
:102A200088541AF1010AF0E73000C0B202285ED1E2
:102A30005FF0000A00208DF804003000C0B2784337
:102A40004044407B002802D009208DF80400392042
:102A500000902E2315220F21DFF8D80303F004F98C
:102A600002A802F0B9FB8346DFF8C4030079401CDA
:102A700000FB0BFB5846C0B2022190FBF1F01F286F
:102A80000BDA5846C0B2022190FBF1F0D0F14000C1
:102A90009DF8041050FA81FA07E05846C0B2D0F110
:102AA0005F009DF8041050FA81FA02AA3000C0B20B
:102AB00078434044007D401CC0B2DFF8741349796C
:102AC000D1EBC001491EC9B25046C0B203F076FA3C
:102AD0005AFA8BF09DF80490B0EB09098920009018
:102AE000202307220521C14802F0D8FD1BE08920E0
:102AF0000090202307220521BC4802F0CFFD02AA46
:102B00003000C0B278434044017D4846C0B202F074
:102B1000DFFE02A802F060FBC5490979491C484361
:102B200010FA89F081463000C0B278434044006911
:102B300000281ED03000C0B278434044806800288E
:102B400017D03000C0B2784340448068BA49884208
:102B50000FD03000C0B27843404402693000C0B2A8
:102B600007FB00F708EB0700017D4846C0B202F002
:102B7000AFFE0BB0BDE8F08FF8B504000D0094492E
:102B80002200D2B21820424301EB0200817D2800CE
:102B9000C0B201402800C0B281422FD1A426A74F65
:102BA0004FF496712800C0B2704338442200D2B26C
:102BB00050F82200FFF724FA01282AD12800C0B2D9
:102BC00006FB00F607EB06002100C9B28C4A12682A
:102BD00040F8212029209A492A00D2B242430A44CF
:102BE0002300DBB22E00F6B200FB06F00844210001
:102BF000C9B2405CD0F10100D0540AE090492A00EB
:102C0000D2B22920424301EB02002100C9B20022C6
:102C100042548B49EDB22920454301EB0500E4B253
:102C2000005DF2BD70B50400002602F01FFF00F049
:102C300077F82000C0B200F07DF82000C0B200F0AC
:102C400093F80025280080B2292811DA60492A006B
:102C500092B21820424301EB0200C07D2100C9B2AC
:102C6000884203D12800C0B2FFF7B6FD6D1CE9E72A
:102C700002F059FF70BDF0B44271C47803792500A9
:102C8000EDB2AB420AD3F025514E2700FFB2182314
:102C90005F4306EB07039D75641CEFE718234C4C5C
:102CA00085785D4325444679AE75002904D0857842
:102CB00003FB05F323449960F0BC70472DE9F84FFE
:102CC0000700884691469A460A9E0B9DDDF830B073
:102CD0000D9C87F8008087F8019087F802A0FE70AD
:102CE0003D712200D2B259463800FFF7C4FFBDE85B
:102CF000F18F10B4010000221000C0B204280CD2E1
:102D00001000C0B2085C4F4B1400E4B21B5D984247
:102D100001D0002002E0521CEEE7012010BC7047F9
:102D200080B50120009008237F220821002003F0B5
:102D3000C9F901BD10B504002000C0B2002812D1AD
:102D400038480078002807D122A2214890F85C106A
:102D5000782002F0BDFD06E01FA21D4890F85C102F
:102D6000782002F0B5FD10BD0100C9B2092924D1B7
:102D700015490978002906D002290ED008D3042964
:102D800015D00FD318E03049114AC2F8B01318E03B
:102D90002E490F4AC2F8B01313E02D490C4AC2F86D
:102DA000B0130EE02B490A4AC2F8B01309E02A49D1
:102DB000074AC2F8B01304E003E02349044AC2F80A
:102DC000B0137047000800487C00002080280020D5
:102DD0002C010020200000004E0000009C05002077
:102DE000C80000200C0000205428002028ED000816
:102DF000F12800207CF6000890F20008F22800205C
:102E0000D0280020A828002080EE36000C280020C2
:102E1000F3280020E428002024010020580C002082
:102E2000D8060020D0270020E407002064280020D6
:102E30007428002000EB00085A0C0020101F00200E
:102E400014250020D0000020D4000020E400002041
:102E5000F4000020040100201401002010B504003B
:102E60000121DFF8E80C02F070FD012010BD30B543
:102E700087B004001421002202AD280002F0C0FE39
:102E8000DFF8440BD0E90023CDE9002302A800902D
:102E9000DFF8085C2978684600F0F0F92878687057
:102EA000BDF80410009800F0C0FC2878002801D07C
:102EB00000202870DFF8945C0221280002F036FD23
:102EC0000321280002F041FD2100C9B2280002F0D0
:102ED0003CFD012007B030BD10B50400DFF8C01B79
:102EE0008888002810D0DFF8BC0B02888B889A42B3
:102EF00008D1002101800321DFF8500C02F016FDFB
:102F0000012008E0898801802100C9B2DFF83C0C6B
:102F100002F01BFD012010BD2DE9F0410400002549
:102F20000026DFF87C7BB88803283DDB3868B98849
:102F3000084410F8010C3968BA88114411F8021CD1
:102F400051EA00210E00B988891E386803F054F94F
:102F500005002800310080B289B288421DD10721C6
:102F6000DFF8E80B02F0F1FC386800780A280DD190
:102F7000DFF8288B012198F8010000F098F998F803
:102F80000120D7E9000100F082F913E00021DFF809
:102F90000C0B407800F08BF90CE00021DFF8FC0A04
:102FA000407800F084F905E00021DFF8F00A40786D
:102FB00000F07DF9DFF8E40A407800F0DFF8022144
:102FC000DFF8880B02F0D3FC0120BDE8F08101009E
:102FD000DFF8EC0C0278032A01D0042202700120F1
:102FE000704701000120704710B50400DFF8600B46
:102FF0000178012936D1DFF85C1BC978012931D16C
:10300000DFF8541B91ED030AD0ED020AB4EE600A1A
:10301000F1EE10FA08DA91ED030AD0ED010AB4EEF0
:10302000600AF1EE10FA0ED501224FF400615FF054
:103030009040FEF7C4FF01224FF480515FF09040B2
:10304000FEF7BDFF1CE000224FF400615FF09040EE
:10305000FEF7B5FF00224FF480515FF09040FEF77D
:10306000AEFF0DE000224FF400615FF09040FEF7EC
:10307000A6FF00224FF480515FF09040FEF79FFFC3
:10308000DFF8C80A4FF47A7181662100C9B202F0F4
:103090005CFC012010BD38B50400DFF8281C08785E
:1030A00000281FD101200870DFF81C5C01221021CC
:1030B0002800FEF784FF002208212800FEF77FFF8A
:1030C00000220421DFF8040CFEF779FF4FF4FA60C8
:1030D000DFF8781A886703F071FA03F01AFC03F03E
:1030E00009FC12E00020087001220821DFF8D80B4B
:1030F000FEF765FF01220421DFF8D00BFEF75FFF2A
:103100004EF66020DFF8441A88672100C9B2DFF864
:103110003C0A02F01AFC012032BD10B50400DFF8B1
:10312000381A0878002802D1002008770FE0DFF86D
:10313000A00B8278042A05D08278092A05D1007A6A
:10314000042802D10320087701E002200877DFF885
:10315000040AC078012804D101204877012088772B
:1031600003E000204877002088772100C9B2DFF80B
:10317000DC0902F0EAFB012010BD000038B52DED9E
:10318000028B04009FEDB48A2000C0B200285AD1FF
:10319000DFF8C45995ED010ADFEDB00A20EE200AF0
:1031A000BDEEC00A10EE100A00F0DCF985ED010A50
:1031B00095ED010A00F044FA85ED030A95ED020A47
:1031C00000F09EFA85ED040A95ED040AD5ED060A95
:1031D00030EE200ADFF8FC0AD0ED020AF4EE400AD5
:1031E000F1EE10FA02D5D0ED020A0BE0D0ED030AA1
:1031F000B4EE600AF1EE10FA02D5D0ED030A01E058
:10320000F0EE400AC5ED040AD5ED030A95ED051A66
:1032100030EE818AD0ED000AF4EE480AF1EE10FAA1
:1032200002D590ED000A0BE090ED010AB4EE408A61
:10323000F1EE10FA02D590ED010A01E0B0EE480A75
:1032400085ED030AFFE7DFF810592878002807D139
:103250000020686095ED010A00F0F2F985ED030A9F
:103260002878002807D10020A86095ED020A00F018
:1032700047FA85ED040ABDEC028B31BD38B5040078
:103280000D002900C9B2200000F01BF831BD70B557
:1032900004000D00160020000078C0B20A2805D1F5
:1032A0003200D2B22000290000F062F870BD38B5BB
:1032B00004000D002900C9B22000C0B200F0D0F80F
:1032C00031BD3EB504000D002800C0B2002805D075
:1032D000022821D00BD3032833D047E004200090EC
:1032E000002303220A21200002F0A4FF3EE0DFF8C1
:1032F000BC0D818802290ED10168019180880221CC
:1033000090FBF1F080B200904FF4805306220A2126
:10331000200002F0DDFF29E0DFF8900D818802290E
:103320000ED1016801918088022190FBF1F080B2FA
:10333000009041F2040306220A21200002F0C8FF97
:1033400014E0DFF8680D818802290ED1016801912F
:103350008088022190FBF1F080B2009042F22003BD
:1033600006220A21200002F0B3FFFFE737BD00006C
:103370002DE9F84F2DED028B82B004000D0091462F
:103380000020ADF800009FED348A00264846C0B208
:10339000002803D0401E022856D958E00320ADF87B
:1033A000000002226946200000F00CFA08EE900AA4
:1033B00002226946200000F005FA8046DFF898777F
:1033C000B8EE680A10EE100A02F0C6F882468B4684
:1033D000404602F0B3F841EC110B9FEDD10B01F028
:1033E0004CFF53EC102B5046594601F04FFF02F0B2
:1033F00071F8786002226946200000F0E3F900EEDF
:10340000100AB0EE408A02226946200000F0DAF984
:103410000600B8EE480A10EE100A02F09DF8824647
:103420008B46300002F08AF841EC110B9FEDBC0B8B
:1034300001F023FF53EC102B5046594601F026FFB4
:1034400002F048F8B86002E000F05BF9FFE702B074
:10345000BDEC028BBDE8F18F0000000000007A4453
:103460000200D2B2002A032A1BD80A00D2B2012AD3
:103470000ED1DFF8E42600235370012313700200FD
:10348000D2B2002A0CD10122DFF8C836DA7007E088
:10349000DFF8C4265378032B02DA53785B1C537091
:1034A000FFE7DFF8B4365A78002A0CD05A78032A9E
:1034B00009DB00221A7000225A6000229A60002262
:1034C000DFF89036DA7070472DE9F04100242500CE
:1034D000EDB20A2D43DA00252E00F6B2092E3CDAB1
:1034E0002E00F6B201EB860676682F00FFB251F887
:1034F0002770BE422FDA00262F00FFB251F8277046
:10350000AC465FFA8CFC01EB8C0CDCF804C0AE46D8
:103510005FFA8EFE41F82EC0AC465FFA8CFC01EBE0
:103520008C0CCCF80470AC465FFA8CFC50F82CC0C4
:10353000AE465FFA8EFE00EB8E0EDEF804E0A84683
:103540005FFA88F840F828E0AE465FFA8EFE00EB9E
:103550008E0ECEF804C06D1CBEE7641CB7E7BDE854
:10356000F081000038B52DED028B04009FED948AA8
:10357000DFF8F41A087800282AD101200870002109
:103580000800C0B20A2815DA0800C0B2DFF8242B00
:103590000B00DBB242F82300DFF81C2B0800C0B29E
:1035A00052F82000002803D10800C0B242F82040A1
:1035B000491CE5E7DFF8005B092300222900DFF85A
:1035C000F40AFFF781FF95ED050AB8EEC00A30E076
:1035D00000200100C9B20A291EDADFF8D81A020059
:1035E000D2B251F82220092A0BD100220300DBB20B
:1035F00041F82320DFF8C01A0200D2B241F822407D
:1036000008E00200D2B251F82220521C0300DBB2C3
:1036100041F82320401CDCE7DFF89C5A09230022F4
:103620002900DFF8900AFFF74FFF95ED050AB8EE85
:10363000C00ADFEDBC0A80EE200ABDEC028B31BD72
:10364000F0EE400A9FEDB81A9FEDB83ADFED5C3A14
:10365000F5EE400AF1EE10FA40D0F0EE603A9FED40
:10366000B40ADFF8E00A90ED004A34EE634AB4EEA3
:10367000404AF1EE10FA08DA90ED004A33EEC44AFF
:10368000B4EE404AF1EE10FA03DB9FEDA60A21EEFC
:10369000001ADFF8B40A90ED000AF0EE401ADFF8E5
:1036A000AC1A91ED000A30EE010AB0EE402A32EE7B
:1036B000030A82EE000AF0EE402A33EEE10AB0EE91
:1036C000614A00EE224A80ED004AB7EE000A30EE71
:1036D000620A20EE020A81ED000A08E0DFF86C0AB7
:1036E0005FF07E510160DFF8600A00210160DFF8C1
:1036F000580ADFF8501A02680A6090ED000A704715
:10370000704780B50320DFF8B81508700421DFF892
:103710003C0402F02CF93220FEF76CFF01BD0000E2
:10372000000000000000244080B5DFF8240A007883
:10373000DA4908700220DFF8881508700421DFF8E4
:103740000C0402F002F901BD2DE9F04104000D0066
:1037500016002F00DFF854894046FEF799FC300030
:1037600080B2022802D004280BD01DE07878D8F867
:10377000001008703878D8F800104870A8F8046075
:1037800015E07878D8F8001008703878D8F800106C
:103790004870F878D8F800108870B878D8F8001019
:1037A000C870A8F8046002E00020A8F80400DFF860
:1037B000A00904700120DFF89C190870BDE8F081B1
:1037C00000000000F0B4030000200C881500EDB2EA
:1037D000042D16D12500ADB21D44AE782500ADB242
:1037E0001D44ED7855EA06252600B6B29E5D2700F9
:1037F000BFB21F447F7857EA062757EA05473800CB
:103800000DE01500EDB2022D09D12500ADB25D5DD0
:103810002600B6B21E44767856EA052630000D889A
:1038200055FA82F50D80F0BC704770B504000D00AC
:10383000DFF8246901224FF480513000FEF7BFFB0E
:103840000A2003F089F803F04DF84FF47A732A0048
:1038500092B22100DFF8040903F0CFF800224FF400
:1038600080513000FEF7ABFB70BD2DE9F0412DED2E
:10387000028B8EB0F0EE408AB0EE608A32210022D8
:103880006C46200002F0BCF9002700240025DFF878
:10389000C882C8ED058A88ED068A98ED050A01F010
:1038A00089FC060098ED060A01F084FC8046684613
:1038B0003100090E3A00D2B281547F1C3100090C4C
:1038C0003A00D2B281547F1C3100090A3A00D2B2C8
:1038D00081547F1C3900C9B246547F1C4146090EF1
:1038E0003A00D2B281547F1C4146090C3A00D2B250
:1038F00081547F1C4146090A3A00D2B281547F1C90
:103900003900C9B200F801807F1C3A00D2B292B2ED
:103910006946DFF84C0804F08DF80EB0BDEC028B60
:10392000BDE8F08100007A4495BFD63317B7D1388F
:103930000100004070B500240025DFF8240800785D
:10394000C0B2FF2839D0DFF81C080178C9B20906D7
:10395000DFF814080078C0B251EA0041DFF80C0823
:103960000078C0B251EA0021DFF804080078C0B244
:1039700001430C00DFF8FC070178C9B20906DFF843
:10398000F8070078C0B251EA0041DFF8F00700788C
:10399000C0B251EA0021DFF8E8070078C0B2014365
:1039A0000D006D4E16F11401200001F02BFB16F1F5
:1039B0001801280001F026FB04E06748002141615E
:1039C0000021816170BD000094F800082DE9F047E6
:1039D0002DED028B8EB00400F0EE408AB0EE608ACE
:1039E000322100226D46280002F00AF90025002647
:1039F0000027DFF85CA18AF800408AED028ACAED50
:103A0000018A9AED020A01F0D5FB80469AED010A7F
:103A100001F0D0FB814668469AF800102A00D2B225
:103A200081546D1C4146090E2A00D2B281546D1C8E
:103A30004146090C2A00D2B281546D1C4146090A44
:103A40002A00D2B281546D1C2900C9B200F801804D
:103A50006D1C4946090E2A00D2B281546D1C49469C
:103A6000090C2A00D2B281546D1C4946090A2A0069
:103A7000D2B281546D1C2900C9B200F801906D1CAE
:103A80002A00D2B292B26946DFF8F80603F0D2FFFC
:103A90000EB0BDEC028BBDE8F0870000EC280020E2
:103AA000080C0020EA28002070B500240025DFF86B
:103AB000D4060078C0B2FF283DD0DFF8CC66DFF82E
:103AC000CC0600783070DFF8C8060178C9B2090664
:103AD000DFF8C0060078C0B251EA0041DFF8B8064E
:103AE0000078C0B251EA0021DFF8B0060078C0B219
:103AF00001430C00DFF8A8060178C9B20906DFF817
:103B0000A4060078C0B251EA0041DFF89C060078B4
:103B1000C0B251EA0021DFF894060078C0B2014338
:103B20000D0016F10801200001F06CFA311D28008B
:103B300001F068FA08E0DFF85006002101705FF03C
:103B4000804181600021416070BD00004C07002071
:103B500080280020BC280020D02700202DE9F84F25
:103B60002DED048B8EB0F0EE409AB0EE608AF0EE50
:103B7000418AB0EE619A3221002201AC200002F0AD
:103B80003FF85FF0000B0020009000240025002685
:103B9000DFF840A1CAED009A8AED018ACAED028AD7
:103BA0008AED039A9AED000A01F004FB07009AEDF2
:103BB000010A01F0FFFA80469AED020A01F0FAFAD2
:103BC00081469AED030A01F0F5FA824601A8390010
:103BD000090E5A46D2B281541BF1010B3900090C6F
:103BE0005A46D2B281541BF1010B3900090A5A46D8
:103BF000D2B281541BF1010B5946C9B247541BF193
:103C0000010B4146090E5A46D2B281541BF1010BF9
:103C10004146090C5A46D2B281541BF1010B414670
:103C2000090A5A46D2B281541BF1010B5946C9B256
:103C300000F801801BF1010B4946090E5A46D2B229
:103C400081541BF1010B4946090C5A46D2B28154EA
:103C50001BF1010B4946090A5A46D2B281541BF1A5
:103C6000010B5946C9B200F801901BF1010B5146F6
:103C7000090E5A46D2B281541BF1010B5146090C70
:103C80005A46D2B281541BF1010B5146090A5A46D9
:103C9000D2B281541BF1010B5946C9B200F801A000
:103CA0001BF1010B5A46D2B292B201A9DFF800050E
:103CB00003F0C0FE0EB0BDEC048BBDE8F18F000038
:103CC0007C000020F928002000040048000C004877
:103CD00054280020642800202DE9F041002400250C
:103CE00000260027DFF8C8040078C0B2FF2871D092
:103CF000DFF8C0040178C9B20906DFF8BC04007817
:103D0000C0B251EA0041DFF8B4040078C0B251EA11
:103D10000021DFF8AC040078C0B201430C00DFF8EA
:103D2000A4040178C9B20906DFF89C040078C0B287
:103D300051EA0041DFF894040078C0B251EA002152
:103D4000DFF88C040078C0B201430D00DFF8840472
:103D50000178C9B20906DFF880040078C0B251EAE0
:103D60000041DFF878040078C0B251EA0021DFF8A2
:103D700070040078C0B201430E00DFF868040178D7
:103D8000C9B20906DFF860040078C0B251EA004108
:103D9000DFF858040078C0B251EA0021DFF850047F
:103DA0000078C0B201430F00DFF84884414620008C
:103DB00001F028F918F10401280001F023F918F1A5
:103DC0000801300001F01EF918F10C01380001F073
:103DD00019F90BE0DFF81C045FF08041016000215D
:103DE0004160DFF8141481600021C160BDE8F081FA
:103DF00078B591B004000D003C21002202AE3000E5
:103E000001F0FEFE0020ADF804000321022000F0C6
:103E1000C6FD0B2000900023DFF8E02301A902A8D3
:103E200001F0DAF84FF47A73BDF8042002A9DFF844
:103E3000D00302F0E2FD12B070BD78B591B004007D
:103E40000D003C21002202AE300001F0D9FE00201E
:103E5000ADF80400C24803F0BDFDCA4803F0BAFD46
:103E6000C948002101705FF08041816000214160FC
:103E70000D2000900023DFF88C2301A902A801F097
:103E8000ABF84FF47A73BDF8042002A9DFF8700391
:103E900002F0B3FD12B070BD38B590B004000D0053
:103EA00003A8DFF86413322203F008FED748D0E9F4
:103EB0000023CDE9012303A801900023D448027810
:103EC00002A903A801F013F802200090002378A2B1
:103ED00002A903A801F080F84FF47A73BDF8082016
:103EE0000199C74802F089FD11B030BDF8B5040052
:103EF0000D0000262068007830283ADB2068007822
:103F00003A2836DA002700200100C9B2A28889B217
:103F100091420FD221680200D2B2895C302905DBC0
:103F200021680200D2B2895C3A2900DB02E07F1CE2
:103F3000401CE9E73900C9B2206801F005F9060024
:103F4000B6F5807F0DD2B24841783000C0B200F0A3
:103F500026FD4FF47A73022279A1A94802F04DFDA3
:103F60000EE04FF47A730522AA49A54802F045FDF8
:103F700006E04FF47A730522A649A14802F03DFD00
:103F8000F1BD38B590B004000D0003A8A24932225B
:103F900003F094FDA148D0E90023CDE9012303A853
:103FA000019000239A48427802A903A800F09FFFDD
:103FB0000220009000233EA202A903A801F00CF801
:103FC0004FF47A73BDF8082001998D4802F015FD71
:103FD00011B030BDF8B504000D000026206800784F
:103FE000302839DB206800783A2835DA00270020AD
:103FF0000100C9B2A28889B291420FD221680200A1
:10400000D2B2895C302905DB21680200D2B2895C1A
:104010003A2900DB02E07F1C401CE9E73900C9B205
:10402000206801F091F806000C2E0DD23100C9B2C3
:104030007748007800F0B3FC4FF47A73022240A175
:104040006F4802F0DAFC0EE04FF47A7305227149F2
:104050006B4802F0D2FC06E04FF47A7305226D49FA
:10406000674802F0CAFCF1BDFA28002080B5FFF7CE
:1040700061FCFFF719FDFFF72FFE69486949C0F899
:10408000A4136949C0F8B4136849C0F8C413684957
:10409000C0F8D4136749C0F8E4136749C0F8F413B3
:1040A00002F037FC02F026FC01BD0000DC07002016
:1040B0000D0A00005C2700208427002070B5002036
:1040C000002400252800C0B2092836DA5B4E2800FB
:1040D000C0B200013044407801282CD101200400F6
:1040E0002800C0B200013044406800280ED001F022
:1040F000CFFA2900C9B2090131444968401A2900A0
:10410000C9B2090131448968884214D300202900CA
:10411000C9B209013144487001F0BAFA2900C9B2A4
:104120000901314448602800C0B22900C9B2090120
:104130003144C96888476D1CC4E72000C0B270BD17
:104140004F4B0000C4280020C0280020EC070020AE
:10415000F82800207C000020000800480C220020E5
:1041600000080208020802080308020804080208FE
:1041700005080208060802080708020808080208DD
:104180000908020800100208802800200210020816
:1041900003100208041002080510020806100208A5
:1041A0000710020808100208091002080A10020885
:1041B000002002080220020803200208042002084E
:1041C000052002080620020807200208082002082D
:1041D000092002080A2002080B2002080C2002080D
:1041E0000D2002080E2002080F20020810200208ED
:1041F00011200208642800200000A04294F6000864
:10420000FC200020CCF30008A8E200089CF800087D
:10421000580C00208CF80008A0F00008A4F8000852
:10422000F8070020F13D00083B3E0008993E0008D9
:10423000ED3E0008833F0008D53F00084C070020F2
:1042400002000020704730B40200DFF84C0B00235E
:1042500004688588635583885B1C8380DFF83C3B5A
:104260001B7804688588635583885B1C83800120E4
:1042700030BC7047F8B504000D00002000212E006E
:1042800022683300DBB2D25C23683700FFB23B44C4
:104290005F7857EA02273A0092B2B2F5807F23DABC
:1042A000380080B200281FD0DFF8EC0A2168320005
:1042B000D2B2895C02688388D1548188491C81808C
:1042C00021683200D2B21144497802688388D154FF
:1042D0008188491C8180DFF8C40A41783800C0B267
:1042E00000F05DFB012000E00020F2BD30B40200D0
:1042F000DFF8A40A002304688588635583885B1C63
:104300008380DFF8983A5B780468858863558388F2
:104310005B1C8380012030BC7047F8B504000D00A1
:10432000002000212E0022683300DBB2D25C23681B
:104330003700FFB23B445F7857EA02273A0092B257
:104340000B2A1FDADFF8500A21683200D2B2895CEA
:1043500002688388D1548188491C81802168320099
:10436000D2B21144497802688388D1548188491CAB
:1043700081803900C9B2DFF8240A007800F00FFB11
:10438000012000E00020F2BDF8B504000D00002679
:10439000DFF80C0A90ED030A00F00CFF0100DFF8D3
:1043A000F8090A00120A03688788DA558288521CC5
:1043B000828002688388D1548288521C82800A00DD
:1043C000120E03688788DA558288521C82800A00A0
:1043D000120C03688788DA558288521C828001207B
:1043E000F2BDF8B504000D000026DFF8B40990ED29
:1043F000040A00F0DFFE0100DFF89C090A00120A3F
:1044000003688788DA558288521C82800268838814
:10441000D1548288521C82800A00120E0368878859
:10442000DA558288521C82800A00120C0368878841
:10443000DA558288521C82800120F2BDF8B5040052
:104440000D000026DFF85C0990ED010A00F0B2FED5
:104450000100DFF844090A00120A03688788DA5568
:104460008288521C828002688388D1548288521CC0
:1044700082800A00120E03688788DA558288521CEF
:1044800082800A00120C03688788DA558288521CE1
:1044900082800120F2BD2DE9F84304000D000026C2
:1044A000002000900027A84620684146C9B2084471
:1044B000817820684246D2B21044C07850EA012088
:1044C00021684246D2B2895C22684346DBB21A4474
:1044D00092F8019059EA012959EA0049DFF8B80831
:1044E00021684246D2B2895C02688388D1548188AF
:1044F000491C818021684246D2B211444978026841
:104500008388D1548188491C818021684246D2B277
:104510001144897802688388D1548188491C81803C
:1045200021684246D2B21144C97802688388D154C6
:104530008188491C81806946484600F063FDDFF8A8
:10454000640800994160012101700120BDE8F283F7
:10455000F8B504000D0000269FEDBB0A00F02AFE0E
:104560000100DFF834080A00120A03688788DA5568
:104570008288521C828002688388D1548288521CAF
:1045800082800A00120E03688788DA558288521CDE
:1045900082800A00120C03688788DA558288521CD0
:1045A00082800120F2BD30B40200DFF8EC07002366
:1045B00004688588635583885B1C8380DFF8E03757
:1045C0001B7F04688588635583885B1C838001207A
:1045D00030BC704730B40200DFF8BC070023046829
:1045E0008588635583885B1C8380DFF8B4375B7FE5
:1045F00004688588635583885B1C8380012030BCF8
:10460000704730B40200DFF8900700230468858803
:10461000635583885B1C8380DFF884379B7F046845
:104620008588635583885B1C8380012030BC70477C
:1046300030B40200DFF86007002304688588635502
:1046400083885B1C83800023046885886355838886
:104650005B1C8380012030BC704730B40200DFF85F
:104660003807002304688588635583885B1C838032
:10467000002304688588635583885B1C8380012040
:1046800030BC704730B40200DFF80C070023046828
:104690008588635583885B1C8380DFF80C371B7823
:1046A00004688588635583885B1C8380012030BC47
:1046B0007047F8B504000D00002000212E0022688C
:1046C0003300DBB2D25C23683700FFB23B445F7833
:1046D00057EA02273A0092B2012A03D0380080B28A
:1046E000002822D1DFF8B00621683200D2B2895CFE
:1046F00002688388D1548188491C818021683200F6
:10470000D2B21144497802688388D1548188491C07
:104710008180DFF89406D0ED020A90ED010A38009E
:10472000C0B2FFF753F9012000E00020F2BDF8B558
:1047300004000D000026DFF8700690ED020A00F07C
:1047400039FD0100DFF850060A00120A0368878865
:10475000DA558288521C828002688388D15482880C
:10476000521C82800A00120E03688788DA558288FC
:10477000521C82800A00120C03688788DA558288EE
:10478000521C82800120F2BD2DE9F84304000D0087
:104790000026002000900027A84620684146C9B2A4
:1047A0000844817820684246D2B21044C07850EA6A
:1047B000012021684246D2B2895C22684346DBB2BE
:1047C0001A4492F8019059EA012959EA0049DFF8A0
:1047D000C80521684246D2B2895C02688388D154F8
:1047E0008188491C818021684246D2B211444978AF
:1047F00002688388D1548188491C8180216842469F
:10480000D2B21144897802688388D1548188491CC6
:10481000818021684246D2B21144C97802688388F7
:10482000D1548188491C81806946484600F0EAFBE2
:10483000DFF87405DDED000A90ED010A0078FFF75E
:10484000C5F80120BDE8F28300000000F8B50400BF
:104850000D000026DFF8500590ED010A00F0AAFCDB
:104860000100DFF834050A00120A03688788DA5568
:104870008288521C828002688388D1548288521CAC
:1048800082800A00120E03688788DA558288521CDB
:1048900082800A00120C03688788DA558288521CCD
:1048A00082800120F2BD2DE9F84304000D000026AE
:1048B000002000900027A84620684146C9B208445D
:1048C000817820684246D2B21044C07850EA012074
:1048D00021684246D2B2895C22684346DBB21A4460
:1048E00092F8019059EA012959EA0049DFF8A80431
:1048F00021684246D2B2895C02688388D15481889B
:10490000491C818021684246D2B21144497802682C
:104910008388D1548188491C818021684246D2B263
:104920001144897802688388D1548188491C818028
:1049300021684246D2B21144C97802688388D154B2
:104940008188491C81806946484600F05BFBDFF89E
:104950005804D0ED020A9DED000A0078FFF736F802
:104960000120BDE8F28370B504000D00DFF83C645F
:10497000012220213000FDF722FB0A2001F0ECFF8C
:104980004FF47A732A0092B22100DFF8240402F077
:1049900034F8002220213000FDF711FB70BD7CB5FA
:1049A00004000D00082100226E46300001F028F9B5
:1049B0000026DFF8E803047045706946027833008A
:1049C000DBB2CA54761C40783200D2B28854761CCE
:1049D0003200D2B292B26946DFF8D80303F02AF867
:1049E00073BDDFF8D0030078C0B2FF280AD0DFF82B
:1049F000AC03DFF8C41309780170DFF8C01309783D
:104A0000417005E0DFF89403022101700321417039
:104A100070472DE9F04F87B0040000275FF00008D1
:104A20005FF000090025DFF89823D2E90001CDE905
:104A300002010026DFF88C23D2E90001CDE9040150
:104A4000DFF854A35046FDF723FBA0880828C0F2E6
:104A50009E812068A188084410F8010C2168A28872
:104A6000114411F8021C51EA0021ADF81810A18878
:104A7000891E206801F0C0FBADF81A00BDF81A00CD
:104A8000BDF81810884240F0808120680078C34942
:104A90000978884240F07981206880782168CF7851
:104AA00057EA002720684078032807D0042805D05B
:104AB00006286DD0102800F0C48062E120680079DB
:104AC0002168497951EA00210D005FF00108404654
:104AD000C0B20F2836DA5FF01409DFF8ECB24046B6
:104AE000C0B209FB00F058444068390089B28842DE
:104AF00025D1280080B24146C9B209FB01F15944D1
:104B0000896888421BDB002100204246D2B209FBA3
:104B100002F25A44D268904701280FD14046C0B2F1
:104B200009FB00F0584480682D1A4046C0B209FBCA
:104B300000F90BEB09008068C71900E002E018F1EA
:104B40000108C4E7BAF80400002820D0BAF804002D
:104B5000022190FBF1F201FB1200002817D1DAF8D4
:104B600000000190BAF80400022190FBF1F080B23D
:104B700000903B009BB2206842782068017804A82E
:104B800001F01AFCBDF814100498FFF7ECFEFAE0EF
:104B900004200100C9B2A288921E91420EDA216857
:104BA0000200D2B2895C029ABDF80C30D154BDF833
:104BB0000C10491CADF80C10401CEAE75FF001082E
:104BC0004046C0B20F2817DA14227F4B4046C0B2CD
:104BD000504318444068390089B2884209D1002105
:104BE00002A8C4465FFA8CFC02FB0CF21A4412695C
:104BF000904718F10108E3E7BAF8040000281FD035
:104C0000BAF80400022190FBF1F201FB1200002827
:104C100016D1DAF800000190BAF80400022190FBE6
:104C2000F1F080B200903B009BB206222068017830
:104C300004A801F012FCBDF814100498FFF793FECD
:104C4000A1E000200600206800792168497951EA36
:104C500000210D0007200100C9B2A288921E9142D6
:104C60000EDA21680200D2B2895C029ABDF80C30DB
:104C7000D154BDF80C10491CADF80C10401CEAE7EB
:104C8000280080B240002168897988424DD1BDF862
:104C90000C002168897989B2884246D15FF0010809
:104CA0004046C0B20F2840DA5FF01409DFF818B1AF
:104CB0004046C0B209FB00F058444068390089B250
:104CC00088422FD1280080B24146C9B209FB01F1C8
:104CD00059448968884225DB310089B202A84246DE
:104CE000D2B209FB02F25A4412699047012818D146
:104CF0004046C0B209FB00F058448068400010FAFA
:104D000086F64046C0B209FB00F0584480682D1A70
:104D10004046C0B209FB00F90BEB09008068C719D7
:104D200000E002E018F10108BAE7BAF80400002830
:104D300026D0BAF80400022190FBF1F201FB120028
:104D400000281DD1206880782168C97851EA0021A7
:104D50000F00DAF800000190BAF80400022190FB7D
:104D6000F1F080B200903B009BB2102220680178E5
:104D700004A801F072FBBDF814100498FFF7F3FDCE
:104D800001E0002004E0012002E0002000E000201B
:104D900007B0BDE8F08F000004070020580C002089
:104DA000D0270020E40700208028002000040048CD
:104DB000842100200000020802000208030002080B
:104DC0007CF8000884F80008AC0500200100080009
:104DD000C0B2002801D1012021E00800C0B2FF28A4
:104DE00001D10A201BE00800C0B2FE2801D16420D6
:104DF00015E00800C0B2FD2802D14FF47A700EE031
:104E00000800C0B2FC2802D142F2107007E008008E
:104E1000C0B2FB2802D1DFF8980300E00120704700
:104E20002DE9F24F82469346002000210A260027F2
:104E3000B046B946009A1588BBF1000F08D5DBF1E2
:104E400000042D202A0092B20AF802006D1C00E036
:104E50005C462000002142464B4602F083FE0029BA
:104E600001D1002808D0A6FB080106FB091107FBA9
:104E7000081180468946ECE7404649460A2200234D
:104E800002F070FE06000F00002F01D1002E28D086
:104E90002000002132003B0002F064FE3030290087
:104EA00089B20AF801006D1CA0465FF000092000DD
:104EB000002132003B0002F055FEA6FB002306FB5A
:104EC000013307FB0033B8EB020079EB0301040068
:104ED000300039000A22002302F044FE06000F00D1
:104EE000D2E7009805802800C0B2BDE8F28F2DE916
:104EF000FE4F06000F0090460020ADF80000002095
:104F0000002400215FF0000BB7F80090B8F1000F0B
:104F100002D5D8F1000500E0454642463900300090
:104F2000FFF77EFFB7F800A0002D4FD09DF80800D6
:104F3000FFF74CFF01008D4205D20A2045431BF1CB
:104F4000010B002DF7D15846C0B2002821D05046A1
:104F50000200D2B2324412F8012C2D2A06D00200EF
:104F6000D2B24B4692B29BB29A4208D13022030091
:104F7000DBB2F2541AF1010ABBF1010BE3E70200C4
:104F8000D2B2324412F8012C0300DBB2F254401EBC
:104F9000DEE70A20B1FBF0F450468346002C15D022
:104FA0000A20B4FBF0F45846C0B2304410F8010CAB
:104FB0005946C9B27054BBF1010B002CEED12E2022
:104FC0005946C9B270541AF1010AE7E7A7F800A0E0
:104FD0005046C0B2BDE8FE8FF0B4049C00252E0000
:104FE000B6B2A6420BD20E88771C0F802F00BFB23C
:104FF00017FA83F7D75DB6B287556D1CEFE7F0BCA3
:10500000704700002DE9F34F81B02DED028B9FED2D
:10501000658A002401250026F7EE008A0027380063
:10502000C0B2202864DA0398F84010F001000400B0
:105030003800C0B2172829DA18EE900A00F08CFA6E
:1050400082468B462000C0B200F078FA804689463E
:105050003800C0B2D0F117005FF0FF31484300F0D4
:10506000F3F841EC110B9FED500B00F006F951ECF9
:10507000100B42464B4602F08DFE52465B4602F054
:105080005BFF00F027FA08EE900A2FE03800C0B26C
:105090001F2824DA3000C0B200F050FA82468B4656
:1050A0002000C0B200F04AFA804689463800C0B2FB
:1050B000173800F0C9F841EC110B9FED3B0B00F0E5
:1050C000DCF851EC100B42464B4602F063FE5246B0
:1050D0005B4602F031FF02F0EDFF060006E0200023
:1050E000C0B2012802D15FF0FF3005007F1C96E7B7
:1050F000280040B200F0A8F8804689463000C0B2CF
:105100007F3800F0A1F841EC110B9FED270B00F068
:10511000B4F851EC100B42464B4602F03BFE804681
:10512000894618EE900A00F017FA42464B4602F004
:1051300031FE00F0CFF900EE100A049880ED000A6D
:10514000BDEC028BBDE8F78F70B403000022002491
:10515000002000252A000E00D2B2F6B2B2421FD2C1
:105160002A00D2B29A5C302A0ADB2A00D2B29A5CB8
:105170003A2A05DA2A00D2B29A5C303A140001E0E9
:10518000002214002A00D2B2002A03D12200D2B297
:10519000100003E00A22504350FA84F06D1CD9E756
:1051A00070BC7047000000000000000000000040DC
:1051B000A086010010B42DED010A00206A460023EC
:1051C000042B07D2D45C1900C9B2C9008C4020431B
:1051D0005B1CF5E712BC704700F10103810704D0A6
:1051E00010F8011B820781B1FAD10268A2F10131E6
:1051F000914311F0803104BF50F8042FF6E709BA4B
:10520000B1FA81F100EBD100401CC01A704730B4F4
:10521000002513E050F8042BD30744BFA9F1010384
:105220009A18091F042942F8045BFAD213468C0726
:1052300044BF15809B1CC90748BF1D7050F8041B54
:105240000029E7D130BC7047C11768B14840401A07
:10525000B0FA80F29040D21CC907C2F5846241EADC
:10526000025202EBD021400570470268531C0360D4
:105270001170704741EC100B01BD80B553EC112B40
:1052800051EC100B02F034FFF4E72E00F0B540F2C1
:10529000FF7581EA030C0CF0004C15EA11541DBF98
:1052A00015EA1357AC42AF42E5E0BC41C1F313012C
:1052B000C3F31303801A994143F4801304D2641E8C
:1052C0004000494180185941C90241EA5051B1FB9F
:1052D000F3F603FB1611A2FB0675D7EBC020A9411C
:1052E00002D2761E80185941C90241EA5051B1FBE1
:1052F000F3FE03FB1E11A2FB0E75D7EBC020A941E4
:1053000003D2AEF1010E80185941890241EA905151
:10531000760546EA8E2EB1FBF3F603FB1611A2FBCF
:105320000675D7EB8020A94102D2761E801859411C
:10533000C90241EA50514EEA060EB1FBF3F603FBF7
:105340001611A2FB0675D7EBC020A94102D2761E2A
:1053500080185941C90241EA5051B1FBF3F703FBF0
:105360001711A2FB0735D3EBC020A94167F1000755
:105370000CBF004247F0010766F3D5274FEA1E3104
:10538000B80814F5806412DDBD0775F1004250EBDA
:105390000E5051EB045111F5801F5CBF41EA0C0126
:1053A000F0BD4CF07F6141F0E0410020F0BDBD0751
:1053B0006D0840EA0E5041F48011D4F10104B4F1BB
:1053C00020060ADAC4F120060200E04001FA06F3E2
:1053D000E1401843B24015430EE0342C13DCC6F113
:1053E000200445EA40056D0820FA06F2154321FA2B
:1053F00006F0A1400D43002175F1004250F100007C
:1054000051EB0C01F0BD00205FEA0C01F0BDCFB9FB
:1054100092185B41B3FA83F704BFB2FA82F6BF1960
:105420000B3FB7F120062FBF02FA06F3BB40C7F1CE
:10543000200622FA06F638BF3343BA401CB1E419FD
:10544000641E33E77F4231F00041B1FA81F404BFBA
:10545000B0FA80F6A4190B3CB4F120062FBF00FA75
:1054600006F1A140C4F1200620FA06F638BF314308
:10547000A0403C1B1AE7AC421ABF05EA1357AF42E3
:1054800012E050EA41061CBF52EA4306BFE750EA69
:105490004107304661461CBF41EA0551F0BD52EA62
:1054A000430C08BFC143F0BD00204FF4001616EBBB
:1054B000410F98BF16EB430F08BF16EB410F24BFF7
:1054C000C14305E016EB430F0CBF61464CEA0551A2
:1054D000F0BD000001F000428B1AA3F16051B1F55C
:1054E000801F0ADBB1F17F6F1FD242EAC102C10007
:1054F00071F1004142EB507070470B15C3F1090385
:10550000212B10D2890241EA9051800201284941A1
:1055100041F0004121FA03F0C3F12003994071F1F9
:10552000004150417047100070476FF0000013EBCE
:10553000103F5CBF000E42EAC0507047014648B1C0
:10554000B0FA80F18840C91CC1F58461090501EBFE
:10555000D021400570470000C0F3C75181B1FF2939
:1055600006D0C110400721F0E04101F160517047C1
:1055700041020CBF40F4E0016FF000410020704791
:1055800000F0004100020AD0B0FA80FC00FA0CF0F2
:1055900001F16051A1EB0C5101EBD02140057047A6
:1055A0000CB430B583B00A4606A902910446002522
:1055B0000194009502AB01A9084878441E3003F01D
:1055C0000DF9019A157000284EBF04460198041B7E
:1055D000204603B030BC5DF80CFB00BF8FFCFFFF22
:1055E00080B5012240212348FCF7E9FC22492348E9
:1055F00000F04EFA00F01EF8012000F005F800F06F
:10560000D1FA00F01FFA01BD704711B581B0194CF5
:10561000002240212000FCF7D2FC4FF47A730122D3
:1056200001A9174804F03AF9012240212000FCF7B3
:10563000C6FC13BD10B50F4C002240212000FCF722
:10564000BEFC002280212000FCF7B9FC012000F004
:1056500019F8052000F016F8012280212000FCF73F
:10566000AEFC052000F00EF8012240212000FCF7DE
:10567000A6FC10BD000800489C2800201011002046
:105680009025002010B50400200001F065F910BD40
:1056900001480068704700BFAC28002070B4039C2C
:1056A000DFF88052286029716A71AB71EC710026B5
:1056B0002E7270BC70472DE9F84F04000D001600E3
:1056C00000275FF00008DFF85C9299F805000828D1
:1056D00080F2FC80300099F80610C0B2884205D3F1
:1056E00099F807003100C9B2884201D22E20060085
:1056F000402099F80510491C90FBF1F02900C9B22F
:10570000814280F2E38099F8040050FA84F0802806
:1057100080F2DC8099F805305B1C99F8050003FBEA
:1057200005035B1CDBB299F804201219D2B299F878
:105730000500401C15FB00F1C9B22000C0B200F00A
:1057400029F90021080099F80420C0B2904280F0A5
:10575000BD80002015FB00F00200D2B2082392FBAE
:10576000F3F21700C0B2082290FBF2F302FB130021
:105770008046FF226C4BD3F800C03800C0B250FA0C
:1057800085FE802000FB0EFE5EFA84FED3F800A0AA
:105790003800C0B250FA85FB802000FB0BFB5BFA9F
:1057A00084F01AF800A0D8F1080B100050FA0BF0A2
:1057B00010EA0A0A0CF80EA0D3F800C03800C0B2F4
:1057C00050FA85FE802000FB0EFE5EFA84F0009009
:1057D000D3F800E03800C0B250FA85FA802000FB10
:1057E0000AFA5AFA84F01EF800E0D9F800A0B3468D
:1057F0005FFA8BFB99F80600BBEB000099F804B048
:105800000BFB00FB0AEB0B008A465FFA8AFA10F8E2
:105810000A0010FA08F050EA0E00DDF800E00CF87B
:105820000E00D3F800C03800C0B250FA85FE8020C8
:1058300000FB0EFE5EFA84F08444D3F800E03800EA
:10584000C0B250FA85FA802000FB0AFA5AFA84F0B6
:10585000704490F8800012FA08F202408CF8802020
:105860001A683800C0B250FA85FC802000FB0CFC9E
:105870005CFA84F002441B683800C0B250FA85FC20
:10588000802000FB0CFC5CFA84F0184490F8803017
:10589000D9F800C0B6465FFA8EFE99F80600BEEB56
:1058A000000E99F8040000FB0EFE0CEB0E008C4677
:1058B0005FFA8CFC10F80C00D8F1080C50FA0CF0D0
:1058C000034382F88030641C491C3BE7BDE8F18F3C
:1058D000F8B507000C001600124D6879082820DA88
:1058E000307800281DD032782100C9B23800C0B20B
:1058F000FFF7E1FE761C2879401CC719287950FA79
:1059000087F0401C812802DB00200700641C402037
:105910006979491C90FBF1F02100C9B28142DFDBBB
:10592000FFE7F1BD74280020A0280020020001201C
:105930000B00DBB21B011344587000200B00DBB2DC
:105940001B01134458600120704738B504000D0056
:1059500001202900C9B2090121444870FFF798FECF
:105960002900C9B2090121444860012032BD02006A
:1059700000200B00DBB21B0113445870012070475C
:1059800080B5034800F024FC00F0CDF801BD000014
:1059900000E7000870B40400E4B2802C01DB7F242F
:1059A00020001400E4B2802C01DB7F2422000C00D4
:1059B000E4B2402C01DB3F2421001C00E4B2402C67
:1059C00001DB3F242300354C050026683678EDB214
:1059D000B54201D2256828702568AD781600F6B268
:1059E000B54201D22568AA700D0026687678EDB21E
:1059F000B54201D2256869702568ED781E00F6B2BF
:105A0000B54201D22468E37070BC704723487F21FF
:105A1000026811700021026891703F210268517084
:105A200000210068C17070471C4800210268117095
:105A30007F21026891700021026851703F21006847
:105A4000C170704770B54FF4806400251448066833
:105A50002A002100300000F0D3F83F237F220021EC
:105A60000020FFF797FF00F05EF870BD70B54FF4AF
:105A7000806400250A4806682A002100300000F0F2
:105A8000BFF83F237F2200210020FFF783FF70BD76
:105A9000034A1060014A116070470000A4280020EA
:105AA000A028002010B5040000224FF480713A486D
:105AB000FCF785FA2000C0B2FFF7A7FD10BD10B5B6
:105AC000040001224FF480713348FCF778FA20007B
:105AD000C0B2FFF79AFD10BD10B5040014F00F001E
:105AE00050F0B000C0B2FFF7DDFF10BD10B50400EC
:105AF0002000C0B200F005F82000C0B200F00CF8A1
:105B000010BD10B504002000C0B2000950F0100014
:105B1000C0B2FFF7C7FF10BD10B5040014F00F00AE
:105B2000FFF7C0FF10BD70B500242000C0B21028E0
:105B30002EDA1A4D286840782100C9B2491CB0EB12
:105B4000C10F23DA2868C0782100C9B2B0EBC10FB9
:105B50001EDB2000C0B2FFF7BFFF28680078FFF708
:105B6000C5FF28680678286880783100C9B2884265
:105B70000CD30B4801682200D2B28020424352FA73
:105B800086F0085CFFF79BFF761CECE7641CCCE713
:105B9000FFF73CFF70BD000000080048A42800206B
:105BA000A028002080B5AE20FFF77CFFA220FFF7E1
:105BB00079FFA020FFF776FFC820FFF773FF2F20A3
:105BC000FFF770FF322000F0C7FEA420FFF76AFF46
:105BD0004020FFF767FF2520FFF764FF0A2000F051
:105BE000BBFE8120FFF75EFF1220FFF75BFFFFF790
:105BF00029FFAF20FFF756FF052000F0ADFE01BDE5
:105C000062F30F2262F31F42401810F0030308D022
:105C1000C91A1FD3DB0748BF00F8012D28BF20F8A1
:105C2000022D130030B414461546103928BF20E960
:105C30003C00FAD8490728BF20E90C0048BF40F8CB
:105C4000042D890028BF20F8022D48BF00F8012D3F
:105C500030BC7047C91818BF00F8012DCB0728BF0A
:105C600000F8012D7047000070B4039CDFF88453E6
:105C7000286029716A71AB71EC7101262E7270BCBB
:105C800070472DE9F74F04000D00DFF868639DF8B9
:105C90000800B179884204D3F0799DF80810884251
:105CA00002D22E208DF80800307A002845D1002736
:105CB00038003179C0B288423DD231689DF8082061
:105CC000B079121A3079424301EB02003900C9B2AF
:105CD00010F80190002080464046C0B2082828DA1B
:105CE0003800C0B250FA84F0802805DA4046C0B2CD
:105CF00050FA85F0402801DB00205DE1012010FA18
:105D000008F04946C9B2014208D0012218EB05014A
:105D1000C9B23819C0B200F06FF907E0002218EBE1
:105D20000501C9B23819C0B200F066F918F10108CE
:105D3000D2E77F1CBCE730793EE1307A012840F0A1
:105D40008E807079082190FBF1F201FB120001288E
:105D500006DB7079082190FBF1FB1BF1010B03E0DE
:105D60007079082190FBF1FB31795846C0B241436C
:105D7000491C8DF8011031689DF80820B079121A7D
:105D80009DF80100424301EB020001788DF80010FC
:105D9000401C01905FF0000840469DF80010C0B222
:105DA000884259D25FF0000948465946C0B2C9B28C
:105DB00088424ED201994246D2B25846C0B24243BE
:105DC00001EB02004946C9B210F801A0002007000B
:105DD0003800C0B2082839DA4046C0B250FA84F020
:105DE000802808DA4846C0B2C00050FA85F050FA60
:105DF00087F0402801DB0020DEE04846C0B2C0004A
:105E000050FA87F0717988421EDA0121B940504674
:105E1000C0B208420CD001225FFA89F915EBC90122
:105E20007918C9B218EB0400C0B200F0E5F80BE035
:105E300000225FFA89F915EBC9017918C9B218EB8C
:105E40000400C0B200F0D8F87F1CC1E719F10109C5
:105E5000AAE718F101089FE79DF80000ACE0307A4E
:105E6000022840F0A8807079082190FBF1F0401CD6
:105E70008DF8000030799DF8001010FB01F08DF8CE
:105E8000020031689DF80820B079121A9DF80200CE
:105E9000424301EB0200019096F804B000208DF817
:105EA000010000210020002210009DF80030C0B247
:105EB00098420CD23079431E9DF801001B1A13FB47
:105EC00002F0019BC0B2185C0100521CECE7080014
:105ED000C0B200280BD1BBF1010B5846C0B200285C
:105EE00005D09DF80100401C8DF80100D9E700277E
:105EF00038009DF80010C0B2884259D25FF0000807
:105F000040465946C0B2C9B288424FD201993A00C0
:105F1000D2B23079424301EB02004146C9B210F8D7
:105F200001905FF0000A5046C0B208283BDA4046B4
:105F3000C0B250FA84F0802808DA3800C0B2C0003D
:105F400050FA85F050FA8AF0402801DB002033E057
:105F50003800C0B2C00050FA8AF0717988421FDA66
:105F6000012111FA0AF14846C0B208420CD00122C0
:105F7000FFB215EBC7011AEB0101C9B218EB04001F
:105F8000C0B200F039F80BE00022FFB215EBC701F8
:105F90001AEB0101C9B218EB0400C0B200F02CF8F2
:105FA0001AF1010ABFE718F10108A9E77F1C9FE772
:105FB0005846C0B200E00020BDE8FE8FF8B50400EE
:105FC0000F0015000B484079D0F13F003900C9B2ED
:105FD00088420EDB287800280BD02A783900C9B215
:105FE0002000C0B2FFF74DFE0600701C04196D1CA6
:105FF000F0E7F1BD74280020F8B504000D0016008C
:106000002000C0B2802803DA2800C0B2402800DB9C
:1060100057E03000C0B2002824D02900C9B20822BD
:10602000DFF8CC312800C0B2082790FBF7F78020BA
:10603000474357FA84F72800C0B25FF0080C90FB82
:10604000FCFC802000FB0CFC5CFA84F0185C5FF028
:10605000010C91FBF2FE02FB1E111CFA01F101433F
:10606000D95524E02900C9B20822DFF8843128007C
:10607000C0B2082790FBF7F78020474357FA84F710
:106080002800C0B25FF0080C90FBFCFC802000FBF5
:106090000CFC5CFA84F0185C5FF0010C91FBF2FEE2
:1060A00002FB1E111CFA01F130EA0101D9552B0047
:1060B000DBB22200D2B22900C9B22000C0B2FFF781
:1060C00069FCF1BD2DE9F84F05000E001700984658
:1060D0000A9C3800C0B22900C9B2401A03F0F7FD8B
:1060E00081464046C0B23100C9B2401A03F0EFFD0C
:1060F000814502DA5FF0010B01E05FF0000B5846CA
:10610000C0B2002805D028003500060038004746F8
:10611000804638002900C0B2C9B2884205D22800A2
:106120003D0007003000464680464346DBB23A0059
:10613000D2B23100C9B22800C0B2FFF72BFC781BE5
:106140008DF800004046C0B23100C9B2401A03F0D9
:10615000BEFD8DF801009DF80000022190FBF1F9D1
:1061600030004146C0B2C9B2884202D25FF0010A93
:1061700001E05FF0FF3A38002900C0B2C9B288429E
:1061800024D35846C0B2002808D02200D2B2290039
:10619000C9B23000C0B2FFF72FFF07E02200D2B231
:1061A0003100C9B22800C0B2FFF726FF9DF80100F8
:1061B000B9EB0009484640B2002805D51AEB06069F
:1061C0009DF8000010EB09096D1CD4E7BDE8F18FC4
:1061D000F8B504004FF480652600064807682A00D9
:1061E0003100380001F06AFCFFF71EFCF1BD000031
:1061F00010110020A028002030B403004FF6FF70DB
:1062000000248C4213DA1A5D50400822002A0CD078
:10621000C50706D580B2400880F4204090F0010008
:1062200001E080B24008521EF0E7641CE9E780B24A
:1062300030BC70472DE9F84305000E001700984662
:10624000089C5FF000092868494689B2465419F154
:1062500001092868494689B2475419F101094046A5
:1062600080B2000A29684A4692B2885419F101099D
:106270002868494689B200F8018019F10109200017
:1062800080B2000A29684A4692B2885419F101097D
:106290002868494689B2445419F10109494689B22E
:1062A0002868FFF7A9FF010028684A4692B2815486
:1062B00019F10109080080B2000A2A684B469BB216
:1062C000D05419F10109A5F804900120BDE8F2832A
:1062D0002DE9F84F06000F00904699460A9DDDF81B
:1062E0002CA0002400213068220092B28754641C44
:1062F0003068220092B200F80280641C484680B2E6
:10630000000A326823009BB2D054641C306822001B
:1063100092B200F80290641C4046C0B2062802D037
:10632000102807D01CE0280080B2012801D00020EE
:1063300040E015E0280080B2000A326823009BB2DA
:10634000D054641C3068220092B28554641C28002A
:10635000C0B24000326823009BB2D054641CFFE7F7
:106360005FF0000B584680B2290089B2B0EB410FB4
:106370000BDA584680B21AF800003168220092B257
:106380008854641C1BF1010BECE7210089B23068D2
:10639000FFF732FF01003068220092B28154641C82
:1063A000080080B2000A326823009BB2D054641CFB
:1063B000B4800120BDE8F28F2DE9F84F05000E00F2
:1063C000170098460A9CDDF82C905FF0000B002027
:1063D00029685A4692B28E541BF1010B29685A461D
:1063E00092B28F541BF1010B2100C9B249002A68F7
:1063F0005B469BB2D1541BF1010B5FF0000A504683
:1064000080B2210089B2B0EB410F0CDA504680B265
:1064100019F8000029685A4692B288541BF1010B02
:106420001AF1010AEBE7594689B22868FFF7E4FE42
:10643000010028685A4692B281541BF1010B0800F2
:1064400080B2000A2A685B469BB2D0541BF1010B54
:10645000A5F804B00120BDE8F28F2DE9F84F050042
:106460000E00170098460A9CDDF82C905FF0000B98
:106470005FF0000A2868594689B246541BF1010BA7
:106480002868594689B247541BF1010B404680B237
:10649000000A29685A4692B288541BF1010B2868F9
:1064A000594689B200F801801BF1010B3800C0B2D7
:1064B000062802D010281DD02CE0200080B2012830
:1064C00001D000203EE000208246504680B22100EC
:1064D00089B2B0EB410F0CDA504680B219F80000D7
:1064E00029685A4692B288541BF1010B1AF1010A2D
:1064F000EBE70FE0200080B2000A29685A4692B20A
:1065000088541BF1010B2868594689B244541BF189
:10651000010BFFE7594689B22868FFF76DFE0100BD
:1065200028685A4692B281541BF1010B080080B2D0
:10653000000A2A685B469BB2D0541BF1010BA5F8F8
:1065400004B00120BDE8F28F80B5D448D449016081
:106550005FF4E1314160002181600021C1600021D0
:1065600001610C2141610021816100210162002152
:10657000416200F005FA002801D003F00BFC01BDD8
:1065800080B5C848C84901604FF4165141600021E8
:1065900081600021C160002101610C214161002165
:1065A00081610021C161002101620021416200F08E
:1065B000E7F9002801D003F0EDFB01BD80B5BB4831
:1065C000BB4901604FF416514160002181600021F8
:1065D000C160002101610C21416100218161002124
:1065E000C161002101620021416200F0C9F9002867
:1065F00001D003F0CFFB01BD38B59EB004001422DA
:106600000021684603F0C8FB6022002106A803F0C1
:10661000C3FB2068A249884252D120200690002066
:10662000119006A803F0C2FB002801D003F0B2FBD2
:10663000A048016851F001010160006810F00100FC
:10664000059005989C48016851F0020101600068BE
:1066500010F00200059005984FF440600090022071
:1066600001900120029003200390082004906946C5
:106670009248FBF705FB924D924828600420686021
:106680000020A8600020E860802028610020686168
:106690000020A8610020E86100202862280003F0A3
:1066A000F9FD002801D003F075FB6567AC6200229C
:1066B0000021462004F08FF8462004F0A1F8ABE05A
:1066C00020687949884251D10120069000200E901F
:1066D00006A803F06BFB002801D003F05BFB7A48AF
:1066E000016851F480410160006810F48040059019
:1066F00005987148016851F002010160006810F0CE
:10670000020005900598C020009002200190002012
:106710000290032003900720049069466748FBF726
:10672000AFFA6A4D6A482860022068600020A860BD
:106730000020E86080202861002068610020A861B6
:106740000020E86100202862280003F0A3FD002853
:1067500001D003F01FFB6567AC62002200212520F9
:1067600004F039F8252004F04BF855E02068504932
:10677000884251D1042006900020109006A803F012
:1067800015FB002801D003F005FB5248016851F4C5
:1067900080210160006810F480200590059846482B
:1067A000016851F004010160006810F004000590D8
:1067B00005984FF440600090022001900020029064
:1067C000032003900720049069464348FBF758FADA
:1067D000424D43482860022068600020A8600020E5
:1067E000E86080202861002068610020A861002006
:1067F000E86100202862280003F04CFD002801D049
:1068000003F0C8FA6567AC6200220021272003F07C
:10681000E2FF272003F0F4FF1FB030BD10B50400E5
:1068200020681F49884210D1224801684908490060
:1068300001604FF440612148FBF703FB606F03F0F8
:1068400099FD462003F0E3FF27E0206816498842BF
:106850000FD11D48016831F480410160C021174803
:10686000FBF7EFFA606F03F085FD252003F0CFFF03
:1068700013E020680E4988420FD11648016831F4B0
:10688000802101604FF440611348FBF7DAFA606F32
:1068900003F070FD272003F0BAFF10BDFC2000209C
:1068A0000080004084210020003801400C2200209C
:1068B000004800405C1002404C10024000040048B8
:1068C000582600208004024060100240A0260020CC
:1068D000580002405810024000080048E8260020F6
:1068E0003000024080B51848FBF7D2FB0220174960
:1068F000087001BD80B501221549164800F0E3F883
:1069000000220121272003F066FF272003F078FFF3
:1069100001BD704738B504000B480D490A7803687B
:1069200085885A558288521C8280828840F2FF13E3
:106930009A4201D3002282800122064800F0C3F867
:1069400001200249087031BD080C0020FD280020FC
:10695000FC2800200C22002070B50400FEF798FEF1
:106960000500260016F1010F02D004480078361801
:10697000FEF78EFE401BB042FAD370BD5B0C0020C8
:1069800010B50400002C01D1012035E0A0690028D9
:10699000FFD1E06F002805D1002084F878002000A6
:1069A000FFF72AFE2420E0672068006840084000C6
:1069B00021680860606A002802D0200000F0DEFB39
:1069C000200000F05FFA012801D1012014E02068C6
:1069D000406830F49040216848602068806830F05A
:1069E0002A00216888602068006850F00100216852
:1069F0000860200000F02FFC10BD2DE9FC470600C8
:106A00000D0017009846F06F202859D1002D03D0B3
:106A1000380080B2002801D1012052E00020C6F8E1
:106A200084002120F067FEF733FE8146A6F85070FF
:106A3000A6F85270B068B0F5805F05D130690028C3
:106A400002D10024AA4602E02C005FF0000AB6F84A
:106A50005200002822D0CDF800804B460022802131
:106A6000300000F061FC002803D02020F0670320F4
:106A700027E0002C08D1BAF80000C005C00D31682D
:106A800008851AF1020A03E0207831680885641C41
:106A9000B6F85200401EA6F85200D8E7CDF80080A4
:106AA0004B4600224021300000F03EFC002803D07D
:106AB0002020F067032004E02020F067002000E0A1
:106AC0000220BDE8F68770B505000C001600D5F869
:106AD0008000202824D1002C03D0300080B2002870
:106AE00001D101201DE0002028662868DFF89013FE
:106AF00088420ED02868406800020AD5286850E80D
:106B0000000F50F0806001002A6842E80010002861
:106B1000F4D1320092B22100280000F054FC00E0D1
:106B2000022070BD2DE9F04706003068C769306863
:106B3000D0F800803068D0F8089040F60F043C4050
:106B4000002C0BD1B80609D55FEA886006D5B06E77
:106B5000002802D03000B16E88478FE1002C00F091
:106B6000AA805FEAC97005D4DFF8080618EA000FAA
:106B700000F0A18017F00100C0B200280BD05FEA3E
:106B8000C85008D5012031680862D6F8840050F05A
:106B90000100C6F88400B8070DD519F00100C0B295
:106BA000002808D0022031680862D6F8840050F02E
:106BB0000400C6F8840078070DD519F00100C0B2B2
:106BC000002808D0042031680862D6F8840050F00C
:106BD0000200C6F88400380710D55FEA886004D444
:106BE00019F00100C0B2002808D0082031680862FE
:106BF000D6F8840050F00800C6F8840038050CD59B
:106C00005FEA481009D54FF4006031680862D6F891
:106C1000840050F02000C6F88400D6F884000028D4
:106C200048D0B80608D55FEA886005D5B06E002860
:106C300002D03000B16E8847D6F884000500306875
:106C40008068400602D415F0280F2DD0300000F0E7
:106C50009EFC30688068400622D53068083050E8D5
:106C6000000F30F040000100306810F1080242E8E7
:106C700000100028F1D1706F00280DD0DFF8F80463
:106C8000716F8863706F03F055FC002812D0706F2D
:106C9000716F896B88470DE0300003F011FE09E049
:106CA000300003F00DFE05E0300003F009FE002087
:106CB000C6F88400E2E0306E012840F0BD80F8069E
:106CC00040F1BA805FEAC86040F1B68010203168B8
:106CD00008623068806840066DD5706F0068D0F833
:106CE00004A0504680B2002852D05046B6F8581042
:106CF00080B288424CD2A6F85AA0706F0068006833
:106D0000800639D4306850E8000F30F480700100FC
:106D1000326842E800100028F4D13068083050E8AA
:106D2000000F400840000100306810F1080242E8FE
:106D300000100028F1D13068083050E8000F30F022
:106D400040000100306810F1080242E800100028FD
:106D5000F1D12020C6F8800000203066306850E86D
:106D6000000F30F010000100326842E800100028E7
:106D7000F4D1706F03F0B4FB02207066B6F85810BF
:106D8000B6F85A00091A89B2300003F07AFD11E012
:106D90005046B6F8581080B288420BD1706F006828
:106DA0000068800606D502207066B6F858103000DC
:106DB00003F067FD62E0B6F85800B6F85AA0B0EBF1
:106DC0000A0AB6F85A00002835D0504680B200288A
:106DD00031D0306850E8000F30F490700100326814
:106DE00042E800100028F4D13068083050E8000F65
:106DF000400840000100306810F1080242E800102D
:106E00000028F1D12020C6F8800000203066002044
:106E1000B066306850E8000F30F0100001003268B2
:106E200042E800100028F4D102207066514689B271
:106E3000300003F026FD21E0F8020AD55FEA492080
:106E400007D55FF4801031680862300003F0CAFD96
:106E500014E0380609D55FEA086006D5F06E002810
:106E600002D03000F16E884708E0780606D55FEA68
:106E7000486003D5300000F054FCFFE7BDE8F08720
:106E8000008000402DE9F04704000026DFF8A81933
:106E900020688842FFD0A2682069024360690243EB
:106EA000E069024320680368DFF890090340134358
:106EB000206803602068436833F44053E06803436C
:106EC00020684360D4F818802068884202D0206A85
:106ED00050EA08082068806830F4306058EA000002
:106EE000226890602068DFF8482A904216D1DFF8C7
:106EF000440A006810F00300002805D0022805D0DD
:106F000006D3032806D007E0012760E002275EE0F1
:106F100004275CE008275AE0102758E02068DFF8D3
:106F2000182A904217D1DFF80C0A006810F00C0004
:106F3000002806D0042808D0082804D00C2806D041
:106F400007E0002743E0022741E004273FE008274D
:106F50003DE010273BE02068DFF8E029904217D1A0
:106F6000DFF8D009006810F03000002806D01028A3
:106F700008D0202804D0302806D007E0002726E0DB
:106F8000022724E0042722E0082720E010271EE043
:106F9000206888421AD1DFF89C09006810F440602C
:106FA000002809D0B0F5806F0AD0B0F5006F05D089
:106FB000B0F5406F06D007E0002708E0022706E0A2
:106FC000042704E0082702E0102700E010272068CB
:106FD000884246D13800C0B2002806D0022808D026
:106FE000042809D008280BD00DE004F06BF9814685
:106FF0000DE0DFF84C990AE004F0F7F8814606E06E
:107000004FF4004903E05FF0000901200600B9F1E8
:10701000000F00F0A580616803204143894505D336
:1070200061684FF480504143494502D20120060077
:1070300096E04FF48072606840080021E2FB09018D
:107040006268002300F08EFD0500B5F5407F05D392
:10705000B5F5801F02D22068C56081E001200600DE
:107060007EE0E069B0F5004F41D13800C0B20028A1
:1070700008D001280AD002280CD004280DD00828F6
:107080000FD011E004F01EF9814611E004F027F959
:1070900081460DE0DFF8A8980AE004F0A6F88146E2
:1070A00006E04FF4004903E05FF00009012006000C
:1070B000B9F1000F54D06068400810EB49006168D6
:1070C000B0FBF1F00500102D0ED3B5F5803F0BD2CB
:1070D0004FF6F0712940C5F3420001438A465046FD
:1070E00080B22168C8603BE00120060038E038002B
:1070F000C0B2002808D001280AD002280CD00428E9
:107100000DD008280FD011E004F0DCF8814611E022
:1071100004F0E5F881460DE0DFF824980AE004F079
:1071200064F8814606E04FF4004903E05FF000098F
:1071300001200600B9F1000F12D0606819EB500071
:107140006168B0FBF1F00500102D07D3B5F5803F65
:1071500004D2280080B22168C86001E00120060046
:107160000020A0660020E0663000C0B2BDE8F087D5
:1071700000000000200100040977000890F82410A6
:10718000090707D501684A6832F40042416B0A4397
:1071900001684A6090F82410C90707D501684A6859
:1071A00032F40032816A0A4301684A6090F8241080
:1071B000890707D501684A6832F48032C16A0A43F8
:1071C00001684A6090F82410490707D501684A68A9
:1071D00032F48022016B0A4301684A6090F824105F
:1071E000C90607D501688A6832F48052816B0A4368
:1071F00001688A6090F82410890607D501688A68BA
:1072000032F40052C16B0A4301688A6090F824107E
:10721000490613D501684A6832F48012016C0A43AA
:1072200001684A60016CB1F5801F07D101684A68A6
:1072300032F4C002416C0A4301684A6090F824109D
:10724000090607D501684A6832F40022816C0A43B6
:1072500001684A60704738B504000020C4F8840013
:10726000FEF716FA05002068006800071DD57FF0BC
:107270007E4000902B0000225FF40011200000F0FF
:1072800053F8002811D0206850E8000F30F080003B
:107290000100226842E800100028F4D12020E067B5
:1072A000002084F8780003203DE020680068400753
:1072B0002CD57FF07E4000902B0000225FF48001EF
:1072C000200000F031F8002820D0206850E8000F9E
:1072D00030F490700100226842E800100028F4D1D8
:1072E0002068083050E8000F400840000100206886
:1072F00010F1080242E800100028F1D12020C4F863
:107300008000002084F8780003200CE02020E06753
:107310002020C4F880000020206600206066002045
:1073200084F87800002032BD2DE9F04105000E0000
:1073300090461F00069C2868C0693040B04201D1C9
:10734000012000E000204146C9B2884238D114F142
:10735000010FF0D0FEF79CF9C01B844201D3002C32
:1073600001D103202DE0286800684007E3D5802E76
:10737000E1D0402EDFD02868C06900070DD5082075
:1073800029680862280000F002F90820C5F8840086
:10739000002085F87800012013E02868C069000506
:1073A000C9D54FF4006029680862280000F0EFF8A2
:1073B0002020C5F88400002085F87800032000E034
:1073C0000020BDE8F08130B403005965A3F85820CF
:1073D000A3F85A20002098669868B0F5805F0BD11A
:1073E0001869002804D140F2FF10A3F85C0023E0E4
:1073F000FF20A3F85C001FE0986800280AD11869F4
:10740000002803D1FF20A3F85C0015E07F20A3F83B
:107410005C0011E09868B0F1805F0AD1186900281B
:1074200003D17F20A3F85C0006E03F20A3F85C00B6
:1074300002E00020A3F85C000020C3F884002220B2
:10744000C3F880001868083050E8000F50F00100C1
:107450000400186810F1080545E800400028F1D143
:107460009868B0F5805F06D11869002803D10FF243
:10747000D130986602E00FF2D5209866186900288E
:107480000BD0186850E8000F50F4907004001D688D
:1074900045E800400028F4D10AE0186850E8000FE1
:1074A00050F0200004001D6845E800400028F4D199
:1074B000002030BC704770B504000D0016006565F3
:1074C000A4F858600020C4F884002220C4F880008A
:1074D000606F002821D00FF21510616FC8620FF2A3
:1074E000B110616F08630FF2D110616F4863002023
:1074F000616F886333009BB2626D206810F12401D4
:10750000606F02F0A1FF002807D01020C4F88400AB
:107510002020C4F8800001202AE0206900280AD039
:10752000206850E8000F50F480700100226842E8A3
:1075300000100028F4D12068083050E8000F50F007
:1075400001000100206810F1080242E80010002844
:10755000F1D12068083050E8000F50F040000100E1
:10756000206810F1080242E800100028F1D1002044
:1075700070BD016851E8001F31F0C0010A000368C6
:1075800043E800210029F4D12021C1677047016838
:1075900051E8001F31F490710A00036843E80021AC
:1075A0000029F4D10168083151E8001F4908490059
:1075B0000A00016811F1080343E800210029F1D114
:1075C000016E01290AD1016851E8001F31F0100154
:1075D0000A00036843E800210029F4D12021C0F803
:1075E00080100021016600218166704738B50400D3
:1075F000A56A2068006880063AD40020A5F85A00E1
:10760000286850E8000F30F4807001002A6842E8D2
:1076100000100028F4D12868083050E8000F400816
:1076200040000100286810F1080242E8001000281C
:10763000F1D12868083050E8000F30F04000010018
:10764000286810F1080242E800100028F1D120203B
:10765000C5F88000286E01280AD1286850E8000F7C
:1076600030F0100001002A6842E800100028F4D130
:1076700000206866286E012805D1B5F8581028004A
:1076800003F0FFF802E0280003F0E0F831BD00004D
:1076900038B50400A56A01206866286E012807D164
:1076A000B5F85810490889B2280003F0EAF802E05A
:1076B000280003F097FE31BDF8B50400A56AEE6F0F
:1076C000D5F8807028688068000607D5212E05D17E
:1076D0000020A5F852002800FFF74BFF28688068BB
:1076E000400607D5222F05D10020A5F85A00280012
:1076F000FFF74DFFD5F8840050F01000C5F8840066
:10770000280003F0DDF8F1BD38B50400A56A0020BB
:10771000A5F85A000020A5F85200280003F0D0F880
:1077200031BD10B50400206850E8000F30F0400073
:107730000100226842E800100028F4D12020E06710
:107740000020E066200003F04EFE10BD70B505007D
:10775000B5F85C60D5F88000222866D12868808C56
:10776000040016EA0400696D0870686D401C6865C5
:10777000B5F85A00401EA5F85A00B5F85A0000287E
:1077800059D1286850E8000F30F4907001002A6841
:1077900042E800100028F4D12868083050E8000FB3
:1077A000400840000100286810F1080242E800107B
:1077B0000028F1D12020C5F880000020A866002014
:1077C000686628681C4988420ED028684068000214
:1077D0000AD5286850E8000F30F0806001002A6860
:1077E00042E800100028F4D1286E012819D10020A9
:1077F0002866286850E8000F30F0100001002A6861
:1078000042E800100028F4D12868C069C00602D5FB
:10781000102029680862B5F85810280003F031F8E4
:1078200009E0280003F012F805E02868008B50F00A
:1078300008002968088370BD00800040F369FFEFED
:10784000F8B50500B5F85C70D5F88000222867D13E
:107850002868808C0400686D060017EA04003080F8
:10786000686D801C6865B5F85A00401EA5F85A007E
:10787000B5F85A00002859D1286850E8000F30F4B4
:10788000907001002A6842E800100028F4D12868AE
:10789000083050E8000F400840000100286810F14F
:1078A000080242E800100028F1D12020C5F880002D
:1078B0000020A866002068662868224988420ED009
:1078C0002868406800020AD5286850E8000F30F0A8
:1078D000806001002A6842E800100028F4D1286E78
:1078E000012819D100202866286850E8000F30F0E0
:1078F000100001002A6842E800100028F4D128682E
:10790000C069C00602D5102029680862B5F8581071
:10791000280002F0B6FF09E0280002F097FF05E01A
:107920002868008B50F0080029680883F1BD00002A
:1079300000380140881002400044004000480040E8
:107940000024F400008000402DE9F74F82B00026AB
:107950005FF0000A5FF0000B54465D460020009087
:107960000127DDF80C80DDF80890049810F0070F6F
:107970002BD10498C008002182468B4603F08CFD71
:107980004FF47A7003F0A0FD00200600300080B2B2
:107990000021594517D801D3504514D2D8E9000128
:1079A00004000D0022002B004946002003F01CFDBE
:1079B00007003800C0B2012805D019F1080918F1F4
:1079C0000808761CE2E703F078FD3800C0B205B085
:1079D000BDE8F08F70B50400012503F05DFD0600E1
:1079E0004FF47A7003F070FD3000C0B200280FD160
:1079F000C4F3CC20B0F5807F05D20121C4F3CC20A4
:107A000003F0CEFD04E00121C4F3CC2003F0C8FD57
:107A10004FF47A7003F058FD05000548016831F015
:107A20000201016003F049FD2800C0B270BD0000F2
:107A3000142002402DE9F041C0B004000D001600F2
:107A400000274FF480710022E8464046FEF7D8F840
:107A50002000FFF7BFFFA5208DF8000030008DF853
:107A600001005FF000084046310080B289B28842D0
:107A70000AD2404680B2285C6946424692B211441E
:107A8000887018F10108EEE7B61C300080B20821BA
:107A9000B6B20836361A90FBF1F001FB00663200F0
:107AA00092B269462000FFF74FFF002801D0002066
:107AB00000E0012040B0BDE8F081000062B38B0718
:107AC00008D0521E11F8013B00F8013B00F0248061
:107AD0008B07F6D1830740F0208000BF103A07D310
:107AE00030B4B1E83810103AA0E83810F9D230BC00
:107AF000530724BFB1E80810A0E8081044BF51F8AC
:107B0000043B40F8043BD20724BF31F8022B20F895
:107B1000022B44BF0B7803707047121F17D35B0012
:107B200009D151F8043B20F8023B1B0C121F20F82E
:107B3000023BF6D20BE051F8043B00F8013B1B0A74
:107B400020F8023B1B0C121F00F8013BF3D238BF98
:107B5000121D521E24BF11F8013B00F8013BF8D85A
:107B600070470000BBBBE1B1B2F5803F80F07E8082
:107B7000022A1ED98C46B1FBF2F102FB11C31B0491
:107B800043EA1043B3FBF2FC02FB1C3380B240EA31
:107B90000343B3FBF2F002FB103240EA0C40002337
:107BA0007047022A05D98446B0FBF2F002FB10C2EE
:107BB00070474AB105D100F0010249085FEA300080
:107BC000704700220023704703F03ABD0B0002000B
:107BD000002100207047904271EB030CF6D3B3F5FF
:107BE000803F2FD2F0B5B3FA83F7B1FA81F4A7F151
:107BF0000F0E3D1B5340CEF1200602FA0EF2F34168
:107C00005340B5F10F0746D80F3C2C444140C4F116
:107C10002006A040F1414140B1FBF3F603FB1611F1
:107C2000A2FB0645001BA94102D2761E80185941CD
:107C300080EA010221FA0EF362FA0EF200215A40A4
:107C40003046F0BD30B4B1FBF3FC03FB1C11A2FBCA
:107C50000C45001BA94103D2ACF1010C801859411D
:107C600030BC02460B46604600217047B2F1807F6F
:107C700065D3F0B5B2FA82F7B1FA81F4C7F10F0615
:107C80003D1B22FA06F307F1110EF24120355A404E
:107C9000B5F10F07B8D94140C4F12006A040F14129
:107CA0004140B1FBF3FC03FB1C11A2FB0C45001B84
:107CB000A94103D2BCF1010C801859410F2F12D3F6
:107CC0000F3FC90341EA5041B1FBF3F603FB161124
:107CD000A2FB0645D4EBC030A94102D2761E801823
:107CE000594146EACC3C07B34140C7F12006B840B1
:107CF000F1414140B1FBF3F603FB1611A2FB06452F
:107D0000001BA94102D2761E8018594180EA010267
:107D100021FA0EF3C7F1200462FA0EF20CFA07F012
:107D20005A402CFA04F13043F0BD80EA010221FAF6
:107D30000EF3002162FA0EF260465A40F0BD8C4606
:107D4000B1FBF2F102FB11C31B0243EA1063B3FB68
:107D5000F2FC02FB1C331B024CEA002043EA1063D6
:107D6000B3FBF2FC02FB1C331B024CEA002043EA8B
:107D70001063B3FBF2FC02FB1C331B024CEA002035
:107D800043EA1063B3FBF2FC02FB1C324CEA002016
:107D900000237047B0B581EA030C0CF0004C40F2B0
:107DA000FF7515EA11541DBF15EA1357AC42AF42D7
:107DB00039E0E41923EA455343F48013C90241F042
:107DC000004141EA505EC7021100A7FB02020028F1
:107DD0004FF00000EEFB01204FF00001E3FB072114
:107DE00018BF42F00102401800214941E3FB0E0197
:107DF000A4F580640F0302D252004041494154F17E
:107E000001046CDD470872F1004250F1000051EBB3
:107E10000451A1F580115CBF41EA0C01B0BD4CEAF0
:107E200005510020B0BD05EA1357AC4214BFAF4264
:107E300041E050EA410E1CBF52EA430E02E06146A7
:107E40000020B0BD24423C441BD15FEA070EF6D0AF
:107E5000090302BF01460020AEF1140EB1FA81F70A
:107E6000AEEB070401FA07FE0C37C7F1200100FA58
:107E700007F7C8404EEA000E23EA455343F4801347
:107E8000A2E733F00043B3FA83F704BFB2FA82FEED
:107E900077440B3FE41BB7F1200E2FBF02FA0EF31D
:107EA000BB40C7F1200E22FA0EFE38BF43EA0E0394
:107EB000BA40641C82E750EA410E14BF52EA430EF6
:107EC0006FF000014FF4001717EB430F8ABF1946FC
:107ED00017EB410FB5E74CEA05510020B0BDD4F1D6
:107EE0000104B4F120070FDAC4F12007520828BFBB
:107EF00042F0010210FA07F501FA07F7E1BF2A4341
:107F0000E0403843E1400FE0352C98DCC7F1200415
:107F100052EA400220FA07F218BF42F0010231FA99
:107F200007F0A1400A43002172F1004250F1000025
:107F300051EB0C01B0BD000070B44FF0004591EA68
:107F4000030F43F187836B40841A71EB030604D25D
:107F50006E40001BB141121973414FF4001C1CEB21
:107F6000410F34BF7CEB430683E00C0DA4EB1356AA
:107F7000362E00F37C80012E45EAC32341DC43EA20
:107F8000525312BFD20292025B08240545EAC12176
:107F900041EA5051D2EBC020994125D407D1B0FA23
:107FA00080F610FA06F162D00020203608E0B1FA1F
:107FB00081F6B140C6F1200220FA02F21143B0402E
:107FC0004FEAF474B4EB465434F001064FEA7404FB
:107FD0000AD8D6F50016760D04F00044F04061FA98
:107FE00006F25040F1404840C00A40EA415021F0BA
:107FF000004128BF5FEA500550F1000044EBD12159
:1080000035E0DB0A45EAC121C90AB6F120050EDDDB
:1080100042EA0242120CC5F1200603FA06F6EB40D2
:1080200042EA06056D42984161F100010DE062FAF5
:1080300006F5F240554063FA06FC82EA0C02F34072
:108040005A406D42904161EB030111F4801F05D14C
:10805000641E620502D06D004041494121F4801147
:10806000430875F1004350F1000041EB045170BC2E
:1080700070471CEB410F15D223F0004352EA430630
:108080000BD04FEA4C0CBCEB410F04D80C0D661E14
:10809000342EB7DDEBE7801A994150EA410608BF5C
:1080A0000021E4E708BF1CEB430F28BF6FF000017D
:1080B000DDE70000C1F30A5340F2FE329B1A14DDE3
:1080C000D3F120034FEAE17208DDC90241EA5051C1
:1080D00041F00040D84080185040704703F2E13032
:1080E00010B1D24382F0004070470020704700007A
:1080F0002DE9F04D2DED0A8B41EC190B43EC182BBB
:1081000051EC180B20F0000431F0004508BF002CA2
:1081100084B000F0088353EC192B0020DFF88C1694
:1081200003F002FB00F0FF82DFF8141603F0FCFA04
:1081300008D151EC180B48004015401C02D109032E
:1081400000F0F18251EC190B48004015401C00F082
:108150000E8251EC190B31F0004108BF002800F0ED
:10816000068251EC180B48004015401C00F0FF81BE
:1081700051EC180B4B0043EAD0734200002B08BFB0
:10818000002A04D1B0EE48AAF0EE68AA19E040F245
:108190003344A4EB5352352A04DB00F0000001F015
:1081A00000410CE0202A03DD203AD140914000E05C
:1081B00001D1002003E0002AC4BFD040904041EC30
:1081C0001A0B51EC190BC80F0BD053EC182B51ECB8
:1081D0001A0B03F0A9FA04D0AFF300809FED3F9B88
:1081E000A3E253EC192B23F00041B1F5801F22F0DC
:1081F00000000DD20022002908BF0028009216D0EE
:108200006A4651EC190B03F09FFA41EC190B0EE092
:10821000DFF8AC45DFF82C7504EB115000903B40C3
:10822000DFF82405924643EA000B4BEC19AB51EC06
:10823000190BC80F36D021F0004053EC192B034620
:1082400043EC192B51EC1A0B4B0043EAD07342005C
:10825000002B08BF002A04D1B0EE4A0AF0EE6A0AE9
:1082600019E040F23444A4EB5352352A04DB00F009
:10827000000001F000410CE0202A03DD203AD1404B
:10828000914000E001D1002003E0002AC4BFD040AB
:10829000904041EC100B53EC1A2B51EC100B03F0F7
:1082A00043FA01D1002600E00126009801281DD1E3
:1082B00051EC190BDFF89424DFF8943403F07CFAC6
:1082C00014D253EC192B00204FF08041FFF762FDD0
:1082D00000279FED04BB41EC190B27E0FFFFFFFFD8
:1082E000FFFFFF7F000000000000F03F53EC192B60
:1082F0000020DFF86014FFF74DFD9FED78AB53ECE5
:108300001A2BFFF719FEFFF7D5FEA0F12004204637
:10831000FCF79AFF0022DFF84034FFF73BFD53ECF7
:108320001A2BFFF709FE41EC1B0B670151EC190BEF
:1083300053EC1B2B03F086F941EC1A0B53EC192B71
:1083400051EC1B0BFFF7F8FD02460B4651EC1A0BE4
:10835000FCF79CFF41EC190B53EC192BFFF71AFDAE
:1083600041EC1C0B53EC1C2BDFF8F003DFF8F0138F
:10837000FFF710FDDFF8EC23DFF8EC33FFF7DCFD4F
:1083800053EC1C2BFFF706FDDFF8E023DFF8E033AA
:10839000FFF7D2FD53EC1C2BFFF7FCFCDFF8D423D6
:1083A000DFF8D433FFF7C8FD53EC1C2BFFF7F2FCCA
:1083B000DFF8C823DFF8C833FFF7BEFD53EC1C2BF2
:1083C000FFF7E8FCDFF8BC23DFF8BC33FFF7B4FDB0
:1083D00053EC1C2BFFF7DEFCDFF8B023DFF8B033E3
:1083E000FFF7AAFD53EC1C2BFFF7D4FC53EC1A2B20
:1083F00003F028F904460D460020DFF8B01353ECD3
:108400001B2B03F01FF900224FF08043FFF7C2FC43
:1084100022462B46FFF790FD53EC192BFFF7BAFCD1
:1084200041EC100BDFF86C03784400F55A700744F8
:1084300053EC1A2B51EC100BFFF77EFD41EC190B9E
:108440000098FCF701FFD7E90023FFF775FD41EC29
:108450001A0B53EC192BDFF84003DFF84013FFF73A
:1084600099FC53EC1A2BFFF767FD53EC182BFFF721
:1084700091FC0022DFF8283303F09EF941EC1B0B3E
:1084800069D30122C74B03F0AFF961D9C80F53EC90
:108490001B2B1ABF0020C449AB49FFF74DFDFFF766
:1084A00009FE0022C14BCDE901238046CDF80080B2
:1084B00053EC192B51EC180BFFF76CFC04460D46DE
:1084C000D7E90201D7E90423FFF736FD53EC182B57
:1084D000FFF760FC9FEDB6BB04E000BF00000000AA
:1084E0000000E03F53EC1B2BFFF754FC22462B46C9
:1084F000FFF722FD07468B4653EC1A2B51EC180B65
:10850000FFF748FC04460D464046FCF79DFE024638
:108510000B462046294603F095F853EC1B2BFFF73A
:1085200039FC3A465B46FFF707FDDDE9012303F01E
:1085300073F941EC190B31F0004108BF00280AD053
:1085400051EC190B48004015401C06D1090304D119
:108550009FEDA09B01E09FED9B9B002E00F0E5802E
:1085600051EC190B81F0004141EC190BDDE051ECAD
:10857000190B48004015401C02D1090340F0D5807A
:1085800051EC180B48004015401C06D1090304D0DB
:10859000B0EE489AF0EE689AC7E051EC180B48002C
:1085A00001244015401C61D051EC180B4B0043EAEC
:1085B000D0734200002B08BF002A04D1B0EE48AAB5
:1085C000F0EE68AA19E040F23345A5EB5352352A84
:1085D00004DB00F0000001F000410CE0202A03DD84
:1085E000203AD140914000E001D1002003E0002A70
:1085F000C4BFD040904041EC1A0B53EC182B51EC07
:108600001A0B03F091F818BF00244B0043EAD07313
:108610004200002B08BF002A04D1B0EE4A0AF0EE57
:108620006A0A19E040F23445A5EB5352352A04DBBF
:1086300000F0000001F000410CE0202A03DD203AA8
:10864000D140914000E001D1002003E0002AC4BFE6
:10865000D040904041EC100B44B153EC1A2B51EC3C
:10866000100B03F061F80CBF0024012451EC190B2E
:1086700048004015401C0AD1090308D151EC190BE0
:10868000C80F21D153EC182BDA0F49D040E051EC40
:10869000180B48004015401C1ED109031CD153EC97
:1086A000192B23F00041B1F5801F22F0000021D2E8
:1086B0000022002908BF002800921FD06A4651EC12
:1086C000190B03F041F819E051EC180BC80F01D158
:1086D000002C21E0E4B10AE0002C1ABF51EC190B88
:1086E000C80F002053EC182BDA0F14D180B19FED86
:1086F000329B1AE0324C04EB1150009051EC180BF5
:10870000C80F009802D100280ADC01E0002807DD2C
:108710009FED2C9B09E0002818BF9FED2C9B04D1F6
:108720009FED2C9B01E09FED049B04B051EC190BD5
:10873000BDEC0A8BBDE8F08D000000000000F03FAA
:108740000000F0BFFFFF0F800000E03FCD3B7F66E1
:108750009EA0E63F000050400000903FF7DE29BF9A
:10876000D8F8C23FF4B3FECC1A99C33F62CB68D9A4
:108770006F46C73FC6C912DAC471CC3F4AE98A9432
:108780002449D23FF75F97999999D93FBC555555E0
:108790005555E53F4C5B0000FE822B654715F73FC2
:1087A0000000E0C00000E0400000E0BF0000F03F3B
:1087B000EF39FAFE422EE63F000000000000008084
:1087C00002FCFFFF000000000000000000000000AD
:1087D0000000F0FF000000000000F07F2DE9F14FE5
:1087E000B0B0924604910DF142013A9A2B9199460C
:1087F0004A7000200AE01AF8011B0498309A90474A
:108800000028049000F0B6860D98401C0D909AF850
:10881000000050B12528EED10021002207910892D6
:1088200009910A920B910C9204E00D9800F0A4BEFD
:1088300041F001011AF8010F2028F9D023280CD0AB
:108840002B2804D02D2805D0302809D00BE041F08A
:108850000201EFE741F00401ECE741F00801E9E72C
:1088600041F01001E6E72A280FD1D9F8002052F88C
:10887000040BC9F8002000280F9003D540420F9048
:1088800041F004010AF1010A14E00F92DFF82838E0
:108890000AE00F98984205DA00EB800402EB4402EC
:1088A000303A0F920AF1010A9AF80020A2F1300042
:1088B0000A28EED39AF800002E2803D04FF0FF329A
:1088C0000E9229E01AF8010F2A2809D1D9F80000E0
:1088D00050F8042BC9F800000E920AF1010A1BE0BF
:1088E0002D280CBF0AF1010A002000220E92DFF8A9
:1088F000C8470BE040B90E9AA24205DA02EB8205A6
:1089000003EB4503303B0E930AF1010A9AF800305D
:10891000A3F130020A2AEDD3ADF84010DFF89C072E
:10892000784400F5F3609AF8001003F069F908B193
:108930001AF8010B8DF842009DF84200682805D115
:108940009AF8000068280CD1622106E06C2804BF68
:108950009AF800006C2804D171218DF842100AF1B8
:10896000010A12A806901AF801BBBBF125012CD010
:108970001C3900F0D081091F022940F2CC81133943
:1089800000F02385093900F0C681891E00F0B88502
:10899000491E00F06585491E022940F2BC81091F6D
:1089A00000F05E85491F00F02881491E00F00D850A
:1089B000491E00F0D080C91E0DD0891E00F005852B
:1089C000C91E00F0028500F0A6BD25238DF84830B1
:1089D000012100F0ABBDD9F8000050F8044BC9F8F4
:1089E0000000002C059440F0A3802B9948780028C3
:1089F00000F099804FF0FF340FF6843003F00CF94B
:108A0000201A40F0B78500F092BD6D1E40F0A98598
:108A10003096079D12AF75B1309E17F8012B02A951
:108A2000304600F073FE002801D46D1EF5D10028F9
:108A3000309640F09F850A9D3020002D8DF804006F
:108A40000CDD309E012301AA02A9304600F06EFE23
:108A5000002840F08F856D1EF4D13096059F089D4B
:108A600075B1309E17F8012B02A9304600F04EFE7A
:108A7000002801D46D1EF5D10028309640F07A858B
:108A80000B9D3020002D8DF804000CDD309E01235D
:108A900001AA02A9304600F049FE002840F06A858C
:108AA0006D1EF4D1309605980899099D471875B147
:108AB000309E17F8012B02A9304600F027FE00284F
:108AC00001D46D1EF5D10028309640F053850C9DE1
:108AD0003020002D8DF804000CDD309E012301AA0A
:108AE00002A9304600F022FE002840F043856D1EAA
:108AF000F4D130969DF8400041077FF588AE2020E4
:108B0000002C8DF804007FF782AE309D012301AA6E
:108B100002A9284600F00AFE002840F02B85641EBA
:108B2000F4D1309573E60FF66440059000F0FFBC79
:108B30000E9D002D04D52046FCF74EFB044607E0B1
:108B40002A46204603F088F8002814BF041B2C4650
:108B5000089400F0ECBCD9F8001051F8040BC9F8E7
:108B6000001020F00004002121F0FF3512ABCDE908
:108B700002450593DDE9022306993C2413B90AB99D
:108B80000E9898B102F00F053035641EEEB23A2E01
:108B9000A8BF2735120942EA03721B090D5508BF09
:108BA000002A03D005980D19A842EBD308190590A7
:108BB000C4F13C020E98089282420ADABDF84010D5
:108BC000821A4FF6EF7001400A92ADF8401000F0A3
:108BD000AEBC002840F1AB849DF8400000F01400CA
:108BE000102840F0A4840F9B07990A985B1A1B1A5F
:108BF0009A1A002A40F39B84E5E32B99487820B128
:108C00004FF0FF340FF65430F8E69DF8420062282A
:108C100061D0682817D06A283FD06C2806D0712808
:108C200047D074282CD07A281DD064E0D9F80010E1
:108C300051F8040BC9F80010002868D14FF0FF3438
:108C40000FF63030DAE6D9F8001051F8040BC9F805
:108C5000001020B94FF0FF340FF61830CEE60D9912
:108C6000018000F064BCD9F8001051F8040BC9F879
:108C7000001000284BD14FF0FF340FF6F820BDE66E
:108C8000D9F8001051F8040BC9F8001000283ED1A3
:108C90004FF0FF340FF6DC20B0E6D9F8001051F8A1
:108CA000040BC9F8001080B94FF0FF340FF6C42050
:108CB000A4E6D9F8001051F8040BC9F8001020B947
:108CC0004FF0FF340FF6AC2098E60D9AD317C0E9A9
:108CD000002300F02CBCD9F8001051F8040BC9F89F
:108CE000001020B94FF0FF340FF6882086E60D996A
:108CF000017000F01CBCD9F8001051F8040BC9F841
:108D0000001020B94FF0FF340FF6682076E60D9979
:108D1000016000F00CBCD9F80020D21D22F007023F
:108D2000C9F80020D2E900010832C9F80020CDE9D5
:108D30000201C80F02D007982D210AE0BDF84000BB
:108D4000810702D507982B2103E0C00705D50798B6
:108D5000202112AA1154401C0790DDE90223079933
:108D600012A8CDE92C2308444BF02001612905907D
:108D700021AC0BD00E99002902D506210E9105E0F9
:108D800001BF4BF02001672901220E92DDE9022389
:108D900059004915491C0DD11A030BD0ABF16105DF
:108DA00003211A2D089102D20FF6E41110E00FF6FC
:108DB000E4110DE059004915491C0DD11A030BD1DE
:108DC000ABF1610503211A2D089119D30FF6CC11CF
:108DD0000322FEF773FEAAE3DDE90201CDE92E01CD
:108DE000DDE92E2323F00047B7F5801F22F00006AF
:108DF0000DD20022002F08BF002E009203D116E0F2
:108E00000FF69411E4E76A4602F09EFC0FE0DFF8EB
:108E1000DC08DFF8DC1800EB17500090DDE92E23AA
:108E20004FF0FF301940DFF8CC7810403943CDE9DE
:108E300002014BF0200061280DD10598302101700E
:108E4000821CBBF1610F05920CBF78215821417043
:108E50000798801C0790DDE9020120F0000231F044
:108E6000004308BF002A02D10026002568E14BF02C
:108E70002008B8F1610F40F0B4800E98002847BF79
:108E800021210191401C0190019FDDE92C017F1CF3
:108E900000220023DDE9024502F08EFC00998DF8E6
:108EA000842038BF85F00045091F002F00910DF187
:108EB000850653DD204629460022002302F094FC5B
:108EC0004CD24800400D00F11C0212D0002A10DDE7
:108ED00040F2FF739A4206DBDFF81C1805F00040F1
:108EE0000143002011E06FF31E5141EA0251204678
:108EF0000BE024F0000035F0004108BF00280FBF50
:108F000029461C22294602F0D3FE04460D46FFF7EF
:108F1000D1F8FF1F002F804609DDFCF795F90246C6
:108F20000B462046294602F08DFB04460D46F01DF7
:108F30000721B8F1000F0CDD491E5EBF08F00F02DB
:108F400000F8012D4FEA2818F3D502E0002200F8BE
:108F5000012D491EFAD5C61D002FABDC0DF1850091
:108F6000361A01988642D8BF304600280DF1850494
:108F700030D4B04206DA0DF185010A5C082AA8BF98
:108F80000F2100DA0021024621AB134400E0401E0D
:108F900013F80159521E8D42F9D00F2904D10DF159
:108FA00085018B5C5B1C8B54002A04D50099091D3C
:108FB00021AC401C0091411E0CD46218ABF13A0662
:108FC00013783033DDB23A2DA8BFF318491E02F8EA
:108FD0000139F5D50E99002940F1B080421E0E925C
:108FE000ACE00099DFF8142747F29750414391FB1A
:108FF000F2F2DDE92C45009225F00045D2F107029E
:1090000004DD2046294600F04EFB0BE052420020D2
:10901000DFF8EC1600F047FB02460B4620462946D7
:10902000FCF734F90446B8F1660F0E9806BF009FAE
:109030000A3706273F18142FC8BF142730200D46C3
:109040008DF884000DF18506002F39DD2046294674
:1090500002F0CCFE01460A4606F1080304200A2667
:10906000B2FBF6F606EB860EA2EB4E02303203F8A8
:10907000012C0A22B6FBF2F202EB820EA6EB4E06A0
:109080003036401E03F8026DE9D1083F002F03F18E
:109090000806D9DD0846FCF751FA02460B46204681
:1090A000294602F0CFFA0022DFF85836FEF772FEAA
:1090B00004460D46CAE700BFCBCCCC0C28680000A4
:1090C0000DF18500361A0DF1850404E00098401E6C
:1090D000761E0090641C20783028F7D0B8F1660F17
:1090E00002D10099491C04E0B8F1650F0CBF0121C1
:1090F00000210E9808188642B8BF701E00281DD4A3
:10910000B04204DA215C3429C8BF392100DC3021A7
:109110000246631E9D1800E0401E15F80169521EAC
:109120008E42F9D0392902D1A15C491CA154002AF0
:1091300004D50099491C1C46401C00910646009D20
:1091400002F068FE406A0778DDF8388030B2002807
:1091500002DC01260FF248644BF02000662808BFAD
:109160006D1C16D0672846D128B210F1040F48DBD9
:10917000404546DA9DF840006D1C010703D430B22B
:109180004045B8BF804628B2B8EB000848BF4FF052
:1091900000080FFA85FBBBF1000F00F3B5800898BB
:1091A000411C0891302205990A54B8F1000F03DCE4
:1091B0009DF84000010704D50898411C08910599C5
:1091C0000F5418EB0B0FB8BFC8F100052DB2684261
:1091D0000B90A84432B29045B8BF4646059B08980C
:1091E00036B20996324621461844FEF767FCA8EBD2
:1091F00006000C90D2E0BBF1610F17D14FF0700B5D
:1092000019E030B2404504DA9DF840100A0758BF13
:109210008046B8F1010848BF4FF00008BBF1670F66
:1092200014BF4FF0450B4FF0650B04E0BBF1410F4D
:1092300008BF4FF0500B0898411C0891B8F1000F7F
:10924000059914F8012B0A5403DC9DF8400001072E
:109250001AD50898411C0891B8F1000F05990F54D0
:1092600012DD761E30B280450598089BB8BF464691
:1092700032B221461844FEF721FC089936B2711823
:109280000891A8EB06000B9005980899084429B2AC
:10929000002980F800B003D42B224270821C04E025
:1092A0002D2242700D46821C6D4200212CAB2846B7
:1092B0000AE004460A2094FBF0F000EB8005A4EBE2
:1092C000450403F8014B491C00B20028F1DC0129D8
:1092D00006DC4BF02000652804BF302002F8010BAB
:1092E00000292CAB08D1302002F8010B06E0491E02
:1092F000585C303002F8010B0029F8DC0599089819
:109300000844121A099249E030B229B288421CDAA4
:109310000598089B32B221461844FEF7CFFB089906
:1093200036B27118ABEB0606B8F1000F08910B9638
:1093300003DC9DF84000020704D5059847540999BD
:10934000491C0991CDF8308028E00598089B2AB285
:1093500021461844FEF7B2FB0898761B5844B8F132
:10936000000F089003DC9DF840100A0703D5411C4C
:10937000089105990F5430B280450598089BB8BFF5
:10938000464632B204EB0B011844FEF797FB0898EF
:1093900036B230180890A8EB06000B909DF84000FC
:1093A00000F01400102840F0C280079A08990B982A
:1093B0008A18099982180C988A1882180F98824284
:1093C00080F2B580821A0A92B1E09DF842006228CC
:1093D00008D068280ED06A2814D06C281FD07128B5
:1093E00010D01CE0D9F8001051F8040BC9F8001097
:1093F000C0B21AE0D9F8001051F8040BC9F80010F7
:1094000080B212E0D9F80020D21D22F00702C9F87C
:109410000020D2E900010832C9F8002006E0D9F89E
:10942000001051F8040BC9F800100021CDE9020129
:109430009DF8400001075AD5DDE90223002B08BF43
:10944000002A54D04BF02000782850D1079812A958
:1094500030220A54401C431C079301F800B046E038
:109460009DF84200622808D068280ED06A2814D0DF
:109470006C281FD0712810D01CE0D9F8001051F8CA
:10948000040BC9F8001040B21AE0D9F8001051F8E6
:10949000040BC9F8001000B212E0D9F80020D21D68
:1094A00022F00702C9F80020D2E900010832C9F809
:1094B000002006E0D9F8001051F8040BC9F800109C
:1094C000C117CDE90201002902D507982D210AE034
:1094D000BDF84000810702D507982B2103E0C007A3
:1094E00005D50798202112AA1154401C079012A8F4
:1094F00007990144059102A8594600F04FF816E07B
:1095000001200790D9F8000050F8041BC9F80000AA
:109510008DF848100BE025210122BBF1000F8DF8DA
:109520004810079203D08DF849B0022107910F9A95
:1095300007980A990C9C121A0898521A0B99121A39
:109540000998521A121A9DF84000141B41073FF562
:1095500060AA2020002C8DF804007FF75AAA309EC4
:109560002546012301AA02A9304600F0DFF80028B1
:109570003FF44BAA4FF0FF3031B0BDE8F08F000050
:109580007072696E74665F733A206261642025733D
:1095900020617267756D656E740000002DE9FC43F3
:1095A00007466F293E6908BF082405D041F0200016
:1095B000782814BF0A2410243C25D7E90023642905
:1095C00018BF69299046994605D1002B03D5D8F1DB
:1095D000000869EB4909B9F1000F08BFB8F1000FA5
:1095E0000CD1386B50B9082C39D197F838000107E5
:1095F00035D530203B2586F83B0030E08DF8001053
:10960000404649462246E317FEF7ACFA3032D0B264
:109610006D1E3A28019504DB9DF80000A0F1510170
:109620008A187255404649462246E317FEF79AFAD1
:1096300080465FEA010908BFB8F1000F03D0F8685F
:1096400071198842DCD3082C09D197F8380001073A
:1096500005D5705D302802D06D1E30207055C5F1E3
:109660003C02BA617119F960386B824208DA821AD9
:109670003A624FF6EF70398F01403987BDE8F383C6
:1096800000280ED597F8380000F01400102808D1F3
:109690007B6B7969386A5B1A1B1A9A1A002AC8BF51
:1096A0003A62BDE8F3832DE9D04306460F461446DF
:1096B0004FF00008DFF8509012E0E00707D542466F
:1096C0004B4630463946FEF765FB06460F46404698
:1096D000494642464B46FEF75DFB6410804689468C
:1096E000002CEAD130463946BDE8D08302FCFFFFAA
:1096F000FFFF0F800000E03F0000F07FA086010028
:109700000000F03F84D797410000244010B5034685
:109710000C461146A0689847A06020B1E06A401C42
:10972000E062002010BD4FF0FF3010BDF8B50546D7
:109730000E4617461C4600205CB117F8011BB068A6
:10974000A847B06030B1F06A401CF0620020641E8F
:10975000F3D1F2BD4FF0FF30F2BD00007072696EC0
:1097600074665F733A20256E20646973616C6C6F58
:10977000776564007072696E74663A206261642075
:10978000256E20617267756D656E740000000000C3
:109790006E616E004E414E00696E6600494E460095
:1097A0003000000010B50400002C01D1012074E04D
:1097B000606A002806D16068B0F5827F06D000207C
:1097C000E06103E000202061002060610020A062D1
:1097D00094F85D00002805D1002084F85C0020008A
:1097E00002F044FB022084F85D002068006830F03D
:1097F000400021680860E06840F20171884201D3AE
:10980000002101E04FF48051E068B0F5706F05D0A1
:10981000E068B0F5E06F01D00020A062606810F44D
:109820008270A26812F404421043227C12F00202F9
:109830001043227D12F001021043A26912F400725B
:109840001043227F12F03802104394F8202012F0C7
:1098500080021043A26A12F4005210432268106082
:10986000A269120C12F0040294F8240010F0100007
:10987000024394F8340010F008000243E06810F44A
:109880007060024311F4805002432068426000205F
:109890002066012084F85D00002010BD2DE9F8430A
:1098A00006000D0017001C00FBF7F2FE8046B946CB
:1098B00096F85D00012801D00220ECE0002D03D0D5
:1098C000380080B2002801D10120E4E096F85C0065
:1098D000012801D10220DEE0012086F85C0003208F
:1098E00086F85D0000203066B563B787F7870020F3
:1098F00030640020A6F844000020A6F846000020AE
:1099000030650020F064B068B0F5004F0BD13068CE
:10991000006830F04000316808603068006850F43A
:1099200080403168086030680068400605D43068BF
:10993000006850F0400031680860F06840F2017142
:10994000884235D37068002803D0484680B2012889
:1099500009D1B06B00883168C860B06B801CB063FF
:10996000F08F401EF087F08F002873D03068806839
:1099700080070AD5B06B00883168C860B06B801C66
:10998000B063F08F401EF087EDE7FBF781FEB0EB90
:109990000800A04202D314F1010F01D1002CE2D142
:1099A000012086F85D00002086F85C00032072E04C
:1099B0007068002803D0484680B2012817D1F08F84
:1099C00002280AD3B06B00883168C860B06B801C75
:1099D000B063F08F801EF08709E0B06B00783168CB
:1099E0000873B06B401CB063F08F401EF087F08F9F
:1099F00000282FD030688068800718D5F08F0228A3
:109A00000AD3B06B00883168C860B06B801CB0634B
:109A1000F08F801EF087EAE7B06B0078316808733A
:109A2000B06B401CB063F08F401EF087DFE7FBF7A0
:109A30002FFEB0EB0800A04202D314F1010F01D1B8
:109A4000002CD4D1012086F85D00002086F85C004F
:109A5000032020E042462100300000F003F90028F6
:109A600001D020203066B068002808D10020009086
:109A70003068C068009030688068009000980120CD
:109A800086F85D00002086F85C00306E002801D06A
:109A9000012000E00020BDE8F2832DE9FC4705002D
:109AA0000E0017009846DDF82890FBF7F1FD040042
:109AB000B8EB040419EB0404FBF7EAFD824668489E
:109AC00000684001000D00FB04F0009028688068E9
:109AD0003040B04201D1012000E000203900C9B27D
:109AE000884243D018F1010FF0D0FBF7D1FDB0EB65
:109AF0000A00A04201D2002C2FD12868406830F023
:109B0000E000296848606868B0F5827F0DD1A868D8
:109B1000B0F5004F03D0A868B0F5806F05D1286874
:109B2000006830F0400029680860A86AB0F5005F5E
:109B30000BD12868006830F4005029680860286854
:109B4000006850F4005029680860012085F85D0025
:109B5000002085F85C00032009E00098002801D16E
:109B6000002004000098401E0090AFE70020BDE8F0
:109B7000F6872DE9FE4F06000F0014009846DDF829
:109B8000309000208DF80000FBF782FD0500B8EB57
:109B9000050519EB0505FBF77BFD8246306810F1E2
:109BA0000C0B2F48016823204143090D01FB05F1EF
:109BB0000191306880683840A0424ED0B7F5C06F40
:109BC00007D1002C05D19BF800008DF800009DF80E
:109BD000000018F1010FECD0FBF75AFDB0EB0A00C2
:109BE000A84201D2002D2FD13068406830F0E0004B
:109BF000316848607068B0F5827F0DD1B068B0F50B
:109C0000004F03D0B068B0F5806F05D130680068B0
:109C100030F0400031680860B06AB0F5005F0BD1E9
:109C20003068006830F400503168086030680068BF
:109C300050F4005031680860012086F85D00002073
:109C400086F85C00032009E00198002801D100207B
:109C500005000198401E0190ABE70020BDE8FE8F93
:109C6000280500207CB504000D00160000962B008E
:109C700000224FF4C0512000FFF77BFF002805D0E1
:109C8000206E50F02000206603201FE000962B007D
:109C9000002280212000FFF700FF002805D0206E61
:109CA00050F020002066032010E000962B000022D8
:109CB0004FF4C0612000FFF75CFF002805D0206E44
:109CC00050F020002066032000E0002076BD002830
:109CD00048BF4042704780B502F004F900F011F827
:109CE00002F012F902F0F8F9FCF72EFC02F024FA67
:109CF00002F094F8FCF744FCFCF760FC02F046FB31
:109D0000FEE710B596B04421002205AC2000FBF719
:109D100077FF142100226C462000FBF771FF4FF4FF
:109D2000007002F00FFD002801D000F033F8182079
:109D3000059001200A9001200B9000200C906020DB
:109D40000D9002200F9001201090012011902820EA
:109D5000129007201390022014900220159005A85D
:109D600000F042FE002801D000F014F80F2000900F
:109D70000320019000200290002003900020049016
:109D80000421684601F074F9002801D000F002F8BF
:109D900016B010BD72B6FEE710B5044610460A466E
:109DA00001462046FBF72CFF204610BD2DE9F84F59
:109DB00005005FF0000800272868000527D5686CBB
:109DC00000280DD0B0F5000F03D0B0F5400F0DD036
:109DD0000DE0DFF82403016851F48031016008E0F0
:109DE0000021281D00F092F9804602E001E00120E8
:109DF00080464046C0B2002808D1DFF80C130A683C
:109E000032F44002686C02430A6000E0474628686A
:109E100080037AD55FF00009DFF8E0A2DAF80000ED
:109E2000C0000DD4DAF8000050F08050CAF80000ED
:109E3000DAF8000010F08050009000980120814670
:109E4000DFF8BCB2DBF8000050F48070CBF8000003
:109E5000FBF71EFC0600DBF80000C00506D4FBF78C
:109E600017FC801B0328F6D3032080464046C0B26F
:109E700000283FD1DFF88CB2DBF8000010F440700E
:109E80000400002C15D0E86D844212D0DBF80000ED
:109E900030F440700400DBF8000050F48030CBF860
:109EA0000000DBF8000030F48030CBF80000CBF885
:109EB0000040E0070FD5FBF7EBFB0600DBF80000E6
:109EC000800708D4FBF7E4FB801B41F2893188420C
:109ED000F4D3032080464046C0B2002808D1DBF806
:109EE000001031F44071E86D0143CBF8001002E03E
:109EF000474600E047464846C0B2012805D1DAF897
:109F0000000030F08050CAF800002878C00707D55C
:109F1000DFF8F4110A6892089200286A02430A6086
:109F20002878800707D5DFF8E0110A6832F00C02C4
:109F3000686A02430A602878400707D5DFF8C8112D
:109F40000A6832F03002A86A02430A602878800664
:109F500007D5DFF8B4110A6832F44062E86A0243B8
:109F60000A602868800507D5DFF89C110A6832F47A
:109F70004022E86B02430A602868400507D5DFF8F5
:109F800088110A6832F44012286C02430A6028786B
:109F9000400607D5DFF870110A6832F44052286B8A
:109FA00002430A602878000607D5DFF85C110A68CA
:109FB00032F44042686B02430A602868C00507D546
:109FC000DFF844110A6832F44032A86B02430A6099
:109FD0002868800420D5DFF830110A6832F040622A
:109FE000A86C02430A60A86CB0F1006F06D1DFF8DC
:109FF0000801016851F4801101600DE0A86CB0F116
:10A00000806F09D10121281D00F080F8804640466C
:10A01000C0B2002800D047462868000320D5DFF8EA
:10A02000E8100A6832F04062E86C02430A60E86CAB
:10A03000B0F1006F06D1DFF8C000016851F4801163
:10A0400001600DE0E86CB0F1806F09D10121281D9D
:10A0500000F05CF880464046C0B2002800D0474679
:10A060002868400320D5DFF8A0100A6832F040626B
:10A07000286D02430A60286DB0F1006F06D1DFF849
:10A080007800016851F4801101600DE0286DB0F195
:10A09000806F09D10121281D00F038F88046404624
:10A0A000C0B2002800D047462868400415D5DFF824
:10A0B00058100A6832F04052686D02430A60686DB9
:10A0C000B0F1805F09D10221281D00F01FF8804601
:10A0D0004046C0B2002800D047462868000407D593
:10A0E000DFF824100A6832F08042A86D02430A604B
:10A0F0003800C0B2BDE8F28F0C1002405810024088
:10A100000070004090100240881002402DE9F0419C
:10A1100005000C0000275949086810F0030F12D001
:10A12000086810F003002A68904209D128680028C6
:10A1300006D00868C0F30210401C6968884232D01B
:10A14000012007002FE02868012804D01BD3032832
:10A150000FD007D317E04A480068800701D40120D8
:10A16000070012E046480068400501D401200700BE
:10A170000BE043480268920304D40068400301D412
:10A180000120070001E0012007003800C0B20028CC
:10A1900009D10A6832F07302286802436868401ED9
:10A1A00052EA00120A603800C0B2002861D1DFF81C
:10A1B000D080D8F8000030F08060C8F80000FBF7CD
:10A1C00067FA0600D8F80000000106D5FBF760FA30
:10A1D000801B0328F6D3032007003800C0B20028F4
:10A1E00047D1002C0BD127490A6827480240A868AC
:10A1F00052EA0022E86852EAC0620A601CE0012CC0
:10A200000DD120490A6821480240A86852EA00227C
:10A2100028694008401E52EA40520A600CE0194981
:10A220000A681B480240A86852EA00226869400890
:10A23000401E52EA40620A60D8F8000050F0806088
:10A24000C8F80000FBF724FA0600D8F80000000167
:10A2500006D4FBF71DFA801B0328F6D30320070062
:10A260003800C0B2002804D106490A68A869024330
:10A270000A603800C0B2BDE8F08100000C10024056
:10A280000010024010100240FF80FF07FF809FFF78
:10A29000FF80FFF930B40100002901D1012067E0FF
:10A2A0000868624A90420AD20A68614882181420FB
:10A2B000B2FBF0F0800048645E48086409E00A6878
:10A2C0005D4882181420B2FBF0F0800048645B48BF
:10A2D0000864022081F82500086802686FF30E12F6
:10A2E0008B68C86803430869034348690343886966
:10A2F0000343C8690343086A03431A4308680260BA
:10A300008868B0F5804F2AD0086C4A4B984213D128
:10A310004B4803680F2491F8445015F01C05AC40DD
:10A32000A343036003684C6891F8445015F01C0582
:10A33000AC402343036012E0424803680F2491F8C5
:10A34000445015F01C05AC40A343036003684C68FF
:10A3500091F8445015F01C05AC40234303600020E5
:10A36000C863012081F82500002081F82400002026
:10A3700030BC704710B40100002901D1012053E026
:10A3800008680068400840000A6810600868274AAA
:10A3900090420AD20A68264882181420B2FBF0F0D4
:10A3A000800048642348086409E00A68224882184B
:10A3B0001420B2FBF0F080004864204808640020BC
:10A3C0000A681060012091F8442012F01C029040AD
:10A3D0000A6C5060086C174A90420AD1184802680B
:10A3E0000F2391F8444014F01C04A3409A430260E8
:10A3F00009E0144802680F2391F8444014F01C044B
:10A40000A3409A4302600020C86200200863002035
:10A410004863002088630020C863002081F825007D
:10A42000002081F82400002010BC7047080402407E
:10A43000F8FFFDBF00000240F8FBFDBF0004024032
:10A44000A8000240A80402402DE9F04104000D00DC
:10A4500016001F005FF0000894F82400012801D1C5
:10A4600002203BE0012084F8240094F82500012814
:10A470002DD1022084F825000020E06320680068C8
:10A4800040084000216808603B003200290020009D
:10A4900000F0F8F8206B002806D02068006850F023
:10A4A0000E00216808600BE02068006830F00400AE
:10A4B000216808602068006850F00A002168086080
:10A4C0002068006850F001002168086004E0002066
:10A4D00084F82400022080464046C0B2BDE8F081E6
:10A4E0000100002291F82500022806D00420C8634C
:10A4F000002081F8240001201BE00868006830F08B
:10A500000E000B68186008680068400840000B687F
:10A510001860012091F8443013F01C0398400B6C34
:10A520005860012081F82500002081F824001000E7
:10A53000C0B2704738B50400002594F82500022801
:10A5400004D00420E063012005001FE020680068BB
:10A5500030F00E0021680860206800684008400064
:10A5600021680860012094F8441011F01C01884013
:10A57000216C4860012084F82500002084F8240024
:10A58000A06B002802D02000A16B88472800C0B231
:10A5900032BD70B50400206C056820680668042090
:10A5A00094F8441011F01C0110FA01F10D4219D079
:10A5B000710717D521680968890605D421680968DB
:10A5C00031F004012268116094F8441011F01C016C
:10A5D0008840216C4860206B002852D02000216BFD
:10A5E00088474EE0022094F8441011F01C0110FA44
:10A5F00001F10D421FD0B1071DD5216809688906F8
:10A6000008D42168096831F00A012268116001212B
:10A6100084F8251094F8441011F01C018840216C36
:10A620004860002084F82400E06A002829D0200037
:10A63000E16A884725E0082094F8441011F01C01D5
:10A64000884005421DD030071BD52068006830F0D7
:10A650000E0021680860012094F8441011F01C01DC
:10A660008840216C48600120E063012084F82500C7
:10A67000002084F82400606B002802D02000616B69
:10A68000884770BD30B4012490F8445015F01C0583
:10A69000AC40056C6C60046863608468102C04D165
:10A6A0000468A2600468E16003E00468A1600468D3
:10A6B000E26030BC7047000010B410F00703DFF810
:10A6C000684122684FF6FF010A40DFF8601151EA45
:10A6D00003210A43226010BC7047DFF84C01006878
:10A6E000C0F3022070470000010049B200290AD4DB
:10A6F000012210F01F018A40DFF8341103005BB221
:10A700005B0941F823207047010049B200290DD4AC
:10A71000012210F01F018A40464903005BB25B0929
:10A7200041F82320BFF34F8FBFF36F8F704710B4F2
:10A73000020052B2002A05D40A013F4B040064B261
:10A740001A5508E00A013D4B040064B214F00F04EE
:10A75000234403F8042C10BC704770B4030013F0BA
:10A760000704D4F10700052801D3042001E0D4F147
:10A770000700251D072D01D2002500E0E51E01265A
:10A7800016FA00F0401E0140A94016FA05F56D1EAC
:10A790002A401143080070BC704710B50400601EC9
:10A7A000B0F1807F01D301200EE0601E24490860D3
:10A7B0000F215FF0FF30FFF7BAFF0020214908604A
:10A7C000072021490860002010BD10B504002000BA
:10A7D000FFF772FF10BD2DE9F04104000D001600D7
:10A7E0000027FFF77AFF8046320029004046FFF736
:10A7F000B4FF0100200040B2FFF799FFBDE8F081EF
:10A8000010B50400200040B2FFF76EFF10BD10B578
:10A810000400200040B2FFF777FF10BD10B5040020
:10A820002000FFF7BAFF10BD0CED00E00000FA05B4
:10A8300000E100E080E100E000E400E018ED00E06D
:10A8400014E000E018E000E010E000E010B50400C3
:10A85000206841490968884202D1012001F067FE61
:10A8600020683E490968884202D1012001F0BEFFFC
:10A8700020683B490968884202D10120FCF74AF868
:10A8800010BD38B504000D002068334909688842BE
:10A8900003D1280080B201F04AFE20682F490968E0
:10A8A000884203D1280080B201F0A0FF20682C4923
:10A8B0000968884203D1280080B2FCF72BF831BD2B
:10A8C00010B50400206824490968884202D100209C
:10A8D00024490870206821490968884202D1022071
:10A8E0002049087020681E490968884202D1042066
:10A8F0001C49087002211C48FBF718F810BD1CB554
:10A90000184C20780090194B00220021032001F000
:10A9100095FF207800280ED101F008FE1448018828
:10A92000491C01800188142903DB0021018001F00A
:10A93000E7FD01F0E9FD20782078022803D101F03D
:10A9400054FF01F043FF20782078042803D1FBF75F
:10A95000E0FFFBF7CFFF13BDFC2000208421002087
:10A960000C220020012900202C0500205CF20008A8
:10A97000EE28002070B505000C001600D5F8800008
:10A9800020282DD1002C03D0300080B2002801D126
:10A99000012026E00120286600206866320092B27D
:10A9A00021002800FCF787FD01000800C0B2002844
:10A9B00013D1286E01280ED110202A681062286851
:10A9C00050E8000F50F0100002002B6843E8002010
:10A9D0000028F4D101E0012001000800C0B200E02D
:10A9E000022070BD704700002DE9FE4F0500002DCC
:10A9F00001D101203AE3DFF80499D9F8004014F0BE
:10AA00000C04DFF81889D8F8007017F003072878CD
:10AA1000C00640F1C680002C03D00C2C7AD1012F47
:10AA200078D1DFF8D4A8DAF80000800704D5A86947
:10AA3000002801D1012019E3DAF80000000704D54D
:10AA4000DAF8000010F0F00005E0DFF860090068B7
:10AA5000000910F0F000296A88421ED2286A00F02E
:10AA60005FFC002801D0012000E3DAF8000050F07C
:10AA70000800CAF80000DAF8001031F0F001286A86
:10AA80000143CAF80010DFF82809016831F47F415A
:10AA9000EA6951EA022101601FE0DAF8000050F093
:10AAA0000800CAF80000DAF8001031F0F001286A56
:10AAB0000143CAF80010DFF8F808016831F47F415B
:10AAC000EA6951EA02210160002C06D1286A00F0EF
:10AAD00027FC002801D00120C8E200F086FBDFF847
:10AAE000D418D9F80020C2F30312895C11F01F01B9
:10AAF000C840DFF80C180860DFF80808006801F0AB
:10AB0000BBFF8DF800009DF80000002849D09DF89B
:10AB10000000ABE2A86900282DD0DFF8DC97D9F857
:10AB2000000050F00100C9F80000FAF7B1FD06007E
:10AB3000D9F80000800706D4FAF7AAFD801B032885
:10AB4000F6D3032092E2D9F8000050F00800C9F8CB
:10AB50000000D9F8001031F0F001286A0143C9F86B
:10AB60000010DFF84C08016831F47F41EA6951EACE
:10AB70000221016015E0DFF88097D9F80000400855
:10AB80004000C9F80000FAF783FD0600D9F800007C
:10AB9000800706D5FAF77CFD801B0328F6D3032037
:10ABA00064E22878C00754D5082C03D00C2C0BD1B4
:10ABB000032F09D1DFF840070068800349D5686892
:10ABC000002846D1012051E26868B0F5803F06D1E7
:10ABD000DFF82407016851F48031016018E06868EB
:10ABE000B0F5A02F0AD1DFF81007016851F48021D9
:10ABF0000160016851F48031016009E0DFF8F80676
:10AC0000016831F480310160016831F48021016014
:10AC1000686800280ED0FAF73BFD0600DFF8D8067A
:10AC20000068800315D4FAF733FD801B6528F5D33F
:10AC300003201BE2FAF72CFD0600DFF8BC060068D3
:10AC4000800306D5FAF724FD801B6528F5D3032081
:10AC50000CE22878800752D5042C03D00C2C15D197
:10AC6000022F13D1DFF890060068400504D5E8688C
:10AC7000002801D10120F9E1DFF83407016831F043
:10AC8000F8512A6951EA0261016038E0E868002859
:10AC90001FD0DFF86496D9F8000050F48070C9F82E
:10ACA0000000FAF7F5FC0600D9F80000400506D4CC
:10ACB000FAF7EEFC801B0328F6D30320D6E1DFF879
:10ACC000F006016831F0F8512A6951EA0261016029
:10ACD00015E0DFF82496D9F8000030F48070C9F848
:10ACE0000000FAF7D5FC0600D9F80000400506D5AB
:10ACF000FAF7CEFC801B0328F6D30320B6E12878B0
:10AD000000072ED56869002815D0DFF8A096D9F87D
:10AD1000000050F00100C9F80000FAF7B9FC060085
:10AD2000D9F8000080071CD4FAF7B2FC801B032876
:10AD3000F6D303209AE1DFF87496D9F800004008B2
:10AD40004000C9F80000FAF7A3FC0600D9F800009B
:10AD5000800706D5FAF79CFC801B0328F6D3032056
:10AD600084E12878400740F181805FF00009DFF836
:10AD700048A6DAF80000C0000DD4DAF8000050F060
:10AD80008050CAF80000DAF8000010F080500190FE
:10AD9000019801208146DFF824B6DBF80000C005E9
:10ADA00013D4DBF8000050F48070CBF80000FAF701
:10ADB0006FFC0600DBF80000C00506D4FAF768FC5B
:10ADC000801B0328F6D3032050E1A868012806D190
:10ADD000DFF8EC05016851F00101016017E0A86897
:10ADE00005280AD1DFF8D805016851F00401016097
:10ADF000016851F00101016009E0DFF8C405016854
:10AE0000490849000160016831F004010160A86847
:10AE1000002810D0FAF73CFC0600DFF8A405006813
:10AE2000800719D4FAF734FC801B41F2893188423B
:10AE3000F3D303201AE1FAF72BFC0600DFF88005B4
:10AE40000068800708D5FAF723FC801B41F289319E
:10AE50008842F3D3032009E14846C0B2012805D156
:10AE6000DAF8000030F08050CAF800002878800638
:10AE70002ED5686A002815D0DFF84895D9F800006B
:10AE800050F00100C9F80000FAF702FC0600D9F8FA
:10AE9000000080071CD4FAF7FBFB801B0328F6D3C5
:10AEA0000320E3E0DFF81C95D9F8000040084000DB
:10AEB000C9F80000FAF7ECFB0600D9F8000080079B
:10AEC00006D5FAF7E5FB801B0328F6D30320CDE077
:10AED000A86A002800F0C980A86A022840F0A38070
:10AEE000D8F80000070017F00300E96A884222D171
:10AEF00017F07000296B491EB0EB011F1BD117F42E
:10AF0000FE40696BB0EB012F15D117F07840A96BAB
:10AF1000B0EBC16F0FD117F4C000E96B4908491EAF
:10AF2000B0EB415F07D117F0C060296C4908491E9A
:10AF3000B0EB416F57D00C2C53D0DFF8BCA3DAF83C
:10AF40000000400101D5012090E0DAF8000030F067
:10AF50008070CAF80000FAF79BFB8146DAF800001F
:10AF6000800107D5FAF794FBB0EB09000328F5D36D
:10AF700003207BE0D8F80010DFF84C040140E86AB9
:10AF80000143286B401E51EA0011686B51EA002111
:10AF9000E86B4008401E51EA4051286C4008401EB2
:10AFA00051EA4061A86B51EAC061C8F80010DAF8B4
:10AFB000000050F08070CAF80000D8F8000050F08F
:10AFC0008070C8F80000FAF763FB0600DAF80000AA
:10AFD00080014AD4FAF75CFB801B0328F6D30320D8
:10AFE00044E0012042E0DFF81093D9F8000080012E
:10AFF0003BD4D9F8000050F08070C9F80000D8F8B0
:10B00000000050F08070C8F80000FAF741FB06001D
:10B01000D9F80000800128D4FAF73AFB801B0328F6
:10B02000F6D3032022E00C2C1DD0DFF8CC92D9F807
:10B03000000030F08070C9F80000FAF729FB060024
:10B04000D9F80000800106D5FAF722FB801B0328FF
:10B05000F6D303200AE0D8F80010DFF870030140AF
:10B06000C8F8001001E0012000E00020BDE8FE8FDC
:10B070002DE9F04104000D00002C01D10120B2E0C7
:10B08000DFF84C73386810F00700A8420BD238681C
:10B09000C008C00028433860386810F00700A84294
:10B0A00001D001209FE0207880070DD5DFF84C12F9
:10B0B000086810F0F000A268904205D20A6832F0E9
:10B0C000F002A06802430A602078C00742D5606899
:10B0D000032806D1DFF82002006880011CD401207B
:10B0E00081E06068022806D1DFF80C020068800366
:10B0F00012D4012077E06068002806D1DFF8F8015B
:10B100000068800708D401206DE0DFF8EC010068DA
:10B11000400501D4012066E0DFF8E081D8F8001096
:10B120008908890060680143C8F80010FAF7B0FA8E
:10B130000600D8F8000010F00C006168B0EB810F39
:10B1400008D0FAF7A5FA801B41F289318842F0D382
:10B15000032048E0207880070CD56849A0680A6879
:10B1600012F0F002904205D20A6832F0F002A068B4
:10B1700002430A60386810F0070085420BD2386835
:10B18000C008C00028433860386810F00700A842A3
:10B1900001D0012027E02078400706D557490A68EA
:10B1A00032F4E062E06802430A602078000707D5C5
:10B1B0005248016831F46051226951EAC2010160CC
:10B1C00000F013F8DFF8EC114C4A1268C2F30312D6
:10B1D000895C11F01F01C84049490860494800686E
:10B1E00001F04AFCC0B2BDE8F0812DE9F041002633
:10B1F00000204249096811F00C01DFF820C1DCF899
:10B20000007017F00307002903D00C291AD1012F71
:10B2100018D1DFF8E4E0DEF800805FEA087806D4B1
:10B22000DFF888E1DEF800E0CEF3032E03E0DEF87D
:10B2300000E0CEF3031E674E56F82E6000290CD1B5
:10B2400030000AE0042903D1DFF88CE1704604E005
:10B25000082902D1DFF884E170460C292DD1DCF8F1
:10B2600000E01EF0030E73469E46BEF1020F03D0AF
:10B27000BEF1030F03D005E0DFF85CE103E0DFF887
:10B280005CE100E0B646DCF80020C2F30212521C7A
:10B290001500DCF80020C2F3062202FB0EFEBEFB06
:10B2A000F5F2DCF800C0CCF3416C1CF1010C5FEA54
:10B2B0004C0C6446B2FBF4FC6046BDE8F0811048DB
:10B2C0000068704780B5FFF7FAFF45490B4A1268DE
:10B2D000C2F30222895C11F01F01C84002BD80B593
:10B2E000FFF7EDFF3E49054A1268C2F3C222895CAE
:10B2F00011F01F01C84002BD0010024008100240BA
:10B3000028050020040500202849086810F07E4028
:10B310000A6852F400020A60704700000C100240F4
:10B320007CB504000025244E3068C00003D501F030
:10B3300003FA01000FE0306850F080503060306850
:10B3400010F080500090009801F0F6F9010030688C
:10B3500030F080503060B1F5007F09D1812C15D3D9
:10B36000A12C02D30220050010E0012005000DE011
:10B37000812C02D30320050008E0802C02D102209A
:10B38000050003E0702C01D101200500104802687F
:10B39000D208D2002A430260006810F00700A842D9
:10B3A00001D0012000E0002076BD00009410024092
:10B3B00004100240BCF30008581002400070004026
:10B3C00090100240981002408C809D01FCFFEEFE20
:10B3D00000200240D4F000080024F40000127A009B
:10B3E00074F80008704770472DE9F84F82468B4685
:10B3F00014001D000026DFF884713878012801D17F
:10B40000022047E0012038704CF25038404600F0EE
:10B410005BF881464846C0B2002837D100207860EA
:10B42000DFF85C010168490506D5016831F48061E7
:10B4300001600220387701E000203877BAF1000F70
:10B4400007D122002B00584600F071F801200600B9
:10B450000FE0BAF1010F02D0BAF1020F09D12100B9
:10B46000584600F071F8BAF1020F02D15FF4802063
:10B470000600404600F028F88146002E04D0DFF890
:10B4800004010168B143016000F09FF800203870AA
:10B490004846C0B2BDE8F28F00203A490A68002A47
:10B4A00009D53C4A3C4B13603C4B136009680029AA
:10B4B00001D501210800C0B270473248016851F03F
:10B4C000004101600020704770B50400FAF7E0F811
:10B4D00005002D4A1068C00309D514F1010FF8D0FA
:10B4E000FAF7D6F8401BA042F3D303201EE0116800
:10B4F00026480140002913D0204843680B4343608D
:10B5000011F0404F05D0224B1E6811F04040064319
:10B510001E60880002D021F040401060012005E04C
:10B520001068C00701D501201060002070BD10B464
:10B5300014490C6854F001040C600260BFF36F8F73
:10B54000011D0B6010BC704770B4402304000D0057
:10B550000C4A166856F480261660EFF3108272B615
:10B560002E682660241D2D1D5B1E1E00F6B2002EC7
:10B57000F6D182F3108870BC7047000008050020E7
:10B58000002002401420024010200240FAC30200B2
:10B59000182002400820024023016745AB89EFCD07
:10B5A00010B4DFF89820136833F47E73C40014F4E9
:10B5B000FF6423431360136853F00203136013689E
:10B5C00053F48033136010BC7047DFF86800017FCC
:10B5D0000A00D2B2012A03D00A00D2B2032A11D142
:10B5E000DFF85420136833F400731360136853F4C6
:10B5F00000631360136833F400631360136853F43B
:10B60000007313600A00D2B2022A03D00A00D2B239
:10B61000032A0CD1084A136853F48053136013684B
:10B6200033F480531360136853F480631360002273
:10B6300002777047080500200020024014200240D5
:10B640007047000070B44FF0004591EA030F7CF59D
:10B650007BAC6B40841A71EB030603D2001BB14133
:10B66000121973414FF4001C1CEB410F34BF7CEBEB
:10B67000430442E00C0DA4EB1356352E4FDC45EA93
:10B68000C323DB0A45EAC121C912B6F120050DDD4D
:10B6900063FA05F6EB4086EA0305124218BF45F04F
:10B6A0000105C01851F100010CD213E062FA06F551
:10B6B000F2405540F3415A40B340F3405A4080189D
:10B6C000594107D349085FEA30005FEA350528BFD2
:10B6D00045F0010501F58011420875F1004250F175
:10B6E000000041EB04514E0016F5001F70BC38BF3E
:10B6F00070470020090D090570471CEB410F10D25F
:10B7000052EA43060BD0BCEB410F05D80C0DAB43FE
:10B71000661E342EB6DD02E0AB438018594170BC82
:10B72000704770BC7047000090420CD141EA030C96
:10B7300050EA4C0C07D0994205D14FF4001C1CEB89
:10B74000410F38BF8942704710B5144600F002F827
:10B75000226010BDC1F30A5343B14A0012F5001F25
:10B7600028D2A3F2FE32A1EB0251704750EA410CFD
:10B7700020D001F0004C31EA0C01B1FA81F204BF93
:10B78000B0FA80F3D2180B3AB2F120032CBF00FAC2
:10B7900003F1914041EA0C013EBFC2F1200C20FAB6
:10B7A0000CF319439040524240F2FD33D21A01EBA0
:10B7B00003517047002270474FF4001C1CEB410FEF
:10B7C00094BF1CEB430F09E041EA030C50EA4C0C18
:10B7D00052EA0C0C03D2994208BF9042704714BF42
:10B7E0008B428242704700004FF4001C1CEB410F5B
:10B7F00094BF1CEB430F09E041EA030C50EA4C0CE8
:10B8000052EA0C0C03D28B4208BF8242704714BF2D
:10B810009942904270470000F8B52DED0A8B41EC3B
:10B820001A0B48004015109D401C43EC182B23D0E8
:10B8300051EC1A0B31F0004108BF00281CD051EC2C
:10B84000180B48004015401C16D051EC180B31F075
:10B85000004108BF00280FD051EC1A0B0022DFF87E
:10B860004833FFF7A9FF80F0A38055EC184B9FEDFC
:10B87000800B05F00042ACE051EC1A0B480040157B
:10B88000401C02D1090340F0898151EC180B48009B
:10B890004015401C01D1090353D151EC180B31F074
:10B8A000004308BF002A08D151EC1A0B480040158C
:10B8B000401C46D1090344D10DE048004015401C0E
:10B8C00012D1090310D151EC1A0B48004015401C4D
:10B8D00037D1090335D1AFF30080BDEC0A8B4FF0AF
:10B8E000FF306FF00041F4BD51EC1A0B31F0004114
:10B8F00008BF002828D151EC180B4800400D05EB7B
:10B90000000234D151EC180B31F0004108BF00287F
:10B9100006D02A4651EC180B00F0CAF941EC180B7E
:10B9200051EC180B20F0000231F0004308BF002A50
:10B9300005D048004015401C03D1090301D1AFF3E5
:10B94000008051EC180B2BE151EC1A0B480040150C
:10B95000401C26D1090324D153EC1A2B51EC180BAF
:10B96000BDEC0A8B01B0BDE8F040FCF713BA002A29
:10B97000C8DD40F2FF70824209DB9FED9F0B53EC64
:10B98000102B01F000410B4343EC182BC8E76FF379
:10B990001E5141EA025155EC184B0D4645EC184B2F
:10B9A000BEE755EC184B9FED320B05F0004210E05E
:10B9B00001227E4BFFF718FF11D89FED8F0B51EC42
:10B9C000100B55EC184BAFF3008005F0004040EA37
:10B9D000010251EC100BBDEC0A8B1146F4BD53EC87
:10B9E0001A2B73487349FCF7D5F941EC100B53EC53
:10B9F000102B9FED719B03F0004251EC190B0C468C
:10BA0000144353EC192B51EC100B2346FCF794FA1A
:10BA1000FCF750FB0446F9F717FC41EC1B0B53EC09
:10BA20001B2B4FF078406649FCF7B4F902460B46F1
:10BA300051EC1A0BFFF706FE06460F4653EC1B2B84
:10BA400060486149FCF7A6F902460B463046394684
:10BA5000FFF7F8FD41EC1A0B21F0004100225B4B8F
:10BA6000FFF7AAFE08D2B0EE48AAF0EE68AA55E0A9
:10BA7000000000000000000053EC1A2B51EC1A0BE0
:10BA8000FCF788F941EC1B0B53EC1B2B5048514938
:10BA9000FCF780F9504A514BFCF74EFA53EC1B2B44
:10BAA000FCF778F941EC1C0B53EC1B2B4C484D492F
:10BAB000FCF770F94C4A4D4BFCF73EFA53EC1B2B4C
:10BAC000FCF768F953EC192BFCF736FA53EC1A2BF8
:10BAD000FCF760F941EC190B53EC1C2BFCF72CFA2A
:10BAE0009FED43AB53EC1A2BFCF726FA06460F46A4
:10BAF00051EC1C0B53EC192BFFF7A4FD53EC1A2B44
:10BB0000FCF71AFA02460B4630463946F9F7BEFBF7
:10BB100053EC182BFCF73EF941EC1A0B51EC1A0BC5
:10BB20002A194800400D02EB000319D0002B17DD45
:10BB300040F2FF70834209DB9FED2F0B53EC102B7B
:10BB400001F000410B4343EC1A2B16E06FF31E513A
:10BB500041EA035155EC1A4B0D4645EC1A4B0CE0EB
:10BB600051EC1A0B31F0004108BF002805D051EC10
:10BB70001A0B00F09DF841EC1A0B51EC1A0B20F057
:10BB8000000231F0004308BF002A05D048004015EC
:10BB9000401C03D1090301D1AFF3008051EC1A0B13
:10BBA000BDEC0A8BF4BD000000C89CC000C89C40DE
:10BBB000FE822B654715F73F000000000000E03FC4
:10BBC000422EE63FF2E4D5BCE7E84B3E0000903C55
:10BBD000112E5781A03F503F5843128C8F71BC3FAC
:10BBE0004BE8A541B752013F0BBDF3DAE8708C3F3B
:10BBF000000000000000F03F000000000000F07FA7
:10BC0000C9B202788A421AB11CBF10F8012FF9E7B5
:10BC100018BF00207047000080B500B906A0054994
:10BC20000B681BB122220021984701E000F054FF6D
:10BC3000222002BDDC280020636F6E73747261697C
:10BC40006E742068616E646C65723A206261642073
:10BC50006D65737361676500C9B2830706D0521EB4
:10BC600022D310F8013B9942F7D11FE0083A13D3D1
:10BC700002F1040241EA012141EA014150F8043B8A
:10BC8000121F21BF4B40A3F1013C2CEA030C1CF016
:10BC9000803FF3D0C9B2001F083210F8013B521E9A
:10BCA00028BF91EA030FF8D818BF0120401E704743
:10BCB000124254D440F2FF7C1CEA11530FD063456A
:10BCC00031D09B1863453CBF01EB0251704701F036
:10BCD000004141EA0C510020AFF30080704750EA68
:10BCE000410320D001F0004C91EA0C011CD0B1FAC4
:10BCF00081F30B3B9A420DD9D21A994051EA0C01BB
:10BD0000C3F1200C20FA0CFC61449840531C40F213
:10BD1000FF7CD7E7914041EA0C01C2F1200C20FAE8
:10BD20000CF3194390407047B0FA80F31533202B81
:10BD3000E0D3202AEED3203A203B9A4209D9D21AE6
:10BD400000FA03F141EA0C010020531C40F2FF7C91
:10BD5000B8E700FA02F141EA0C01002070475242B4
:10BD600040F2FF7C1CEA11530DD06345DBD0B2EBEF
:10BD7000030C3CBFA1EB025170470CF1010221EA18
:10BD8000035141F4801150EA410CCCD001F0004C39
:10BD9000352A27DC30B481EA0C01B2F1200309DA3C
:10BDA000C2F12003044601FA03F5D0402843D140F4
:10BDB0009C400CE0C3F12002450020FA03F418BFB8
:10BDC00044F0010421FA03F091400C43002174F186
:10BDD000004550F1000051EB0C01244230BC7FF4CF
:10BDE0007BAF70476146002076E70000400D4918A0
:10BDF00040EA81200CD2490DA1F58061491C40F038
:10BE0000004005DBD1F11F0154BFC840C017704787
:10BE10000020704700487047200C002080B52C4857
:10BE20002C4901604FF482714160002181604FF420
:10BE3000E061C16000210161002141614FF40071A6
:10BE400081610021C1610021016200214162002164
:10BE500081620721C1620021016308214163FDF76E
:10BE6000A1FC002801D0FDF795FF01BD10B586B0FB
:10BE700004001422002101A8FDF78EFF2068154957
:10BE8000884222D11448016851F480410160006861
:10BE900010F48040009000981048016851F00201B1
:10BEA0000160006810F00200009000984FF42040FC
:10BEB00001900220029000200390032004900520AE
:10BEC000059001A90648F5F7DBFE06B010BD00009D
:10BED0009025002000380040581002404C100240CD
:10BEE0000004004810B500240320FEF76EFC0F206C
:10BEF00000F0C2FD002802D00120040001E000F0A3
:10BF0000EFFD2000C0B210BD70B586B01422002134
:10BF10006846FDF741FF6B48016851F0040101607C
:10BF2000016811F0040105910599016851F0800143
:10BF30000160016811F0800105910599016851F0D7
:10BF400001010160016811F0010105910599016885
:10BF500051F002010160016811F00201059105999B
:10BF6000016851F008010160006810F008000590B8
:10BF70000598554C002243F2C1312000F6F71FF816
:10BF800000224FF4F8515FF09040F6F718F84F4D4B
:10BF9000002204212800F6F712F84D4E0022382125
:10BFA0003000F6F70CF842F2C13000900120019009
:10BFB000002002900020039069462000F5F760FE03
:10BFC0004CF21E0000900320019000200290694670
:10BFD0002000F5F755FE0B20009003200190002073
:10BFE000029069463B48F5F74BFE48F2FF0000908F
:10BFF000032001900020029069465FF09040F5F721
:10C000003FFE202000900020019001200290694610
:10C010002000F5F735FE0720009000200190012058
:10C02000029069463000F5F72BFE4FF4A6400090D1
:10C03000032001900020029069463000F5F720FEB1
:10C040004FF4F85000900120019000200290002051
:10C05000039069465FF09040F5F712FE4FF4805070
:10C060000090012001900020029003200390694677
:10C070002000F5F705FE042000900120019000202B
:10C0800002900020039069462800F5F7F9FD18207A
:10C09000009001200190002002900020039069464A
:10C0A0003000F5F7EDFD20200090012001900020E8
:10C0B00002900320039069463000F5F7E1FD06B0D9
:10C0C00070BD00BF4C10024000080048000C004842
:10C0D00000040048001C004880B51648016851F073
:10C0E00002010160016811F00201009100990168EC
:10C0F00051F001010160006810F00100009000980B
:10C10000002200210D20FEF766FB0D20FEF778FBD4
:10C11000002200210F20FEF75EFB0F20FEF770FBD0
:10C12000002200214520FEF756FB4520FEF768FB64
:10C1300001BD00BF4810024018B591B01422002183
:10C1400001A8FDF729FE042200216846FDF724FE20
:10C150002C22002106A8FDF71FFE484C484820600D
:10C16000002060607F20A060FF20E0600020206150
:10C17000002060610020A0610020E061200000F04C
:10C18000CBFC002801D0FDF705FE00208DF804004F
:10C1900000208DF8050000208DF806000020049096
:10C1A00000200590012201A9200000F01AFD0028BE
:10C1B00001D0FDF7EFFD01208DF8000001208DF882
:10C1C000010001208DF8020000208DF803000122FB
:10C1D0006946200000F0B3FD002801D0FDF7DAFD2C
:10C1E00000208DF8180000208DF8190000208DF82F
:10C1F0001A00002007900020099000200A900020DB
:10C200000B9000200D9000200E9001208DF83C0036
:10C210004FF480701090012206A9200000F01EFE4D
:10C22000002801D0FDF7B6FD12B010BD10B598B0D2
:10C230000400602200216846FDF7AEFD2068104929
:10C24000884219D15FF4003000904FF400701790CD
:10C250006846FDF7ABFD002801D0FDF79BFD0948BE
:10C26000016851F400410160002200212920FEF7FD
:10C27000B2FA2920FEF7C4FA18B010BDAC2700208E
:10C28000002800409010024010B5040001F0EFF8C3
:10C29000012010BD38B50400DFF8581408780028D4
:10C2A0000ED101200870DFF850048088DFF84C14AC
:10C2B00008802100C9B2DFF84804F9F746FB22E004
:10C2C000DFF83804DFF83054AA8803889A4212D184
:10C2D00000200870AA8829680220F5F7F7FE92A1CD
:10C2E0000220F5F709FF0121280001F065F9280077
:10C2F000F5F7CEFE07E0A98801802100C9B2DFF87A
:10C300000004F9F722FB012032BD10B50400FEF74E
:10C31000F6FA012010BD10B50400DFF8E813032081
:10C32000F5F7F8FE0421DFF8D803F9F70EFB01203A
:10C3300010BD01000120704701000120704701007D
:10C340000120704780B500F0AFFF01F023FA01BD76
:10C350001CB500F039F801F0AAFAF5F75FFFF7F71E
:10C3600085FEDFF8A443002000900FF2291300227D
:10C370005FF0FF31200000F0A1FFDFF890132000F4
:10C3800001F058F8200000F0BFFF13BDF8B50024FD
:10C39000FFF7D8FFFFF7DCFF00F096F8012803D184
:10C3A0004FF4FA60FAF7D8FA002500F01DF80600FD
:10C3B0002E4301F087FA07003743F7F77FFE384333
:10C3C0000400F5F7ADFFEFE780B500F099F800F055
:10C3D0009BF80FF2B500DFF8381308600FF2D100B8
:10C3E000DFF83013086001BD70B50020002400257F
:10C3F0002800C0B207283ADAC14E2800C0B20001B6
:10C4000030444078012830D12800C0B2042801D03F
:10C41000012004002800C0B2000130444068002818
:10C420000ED0F9F735F92900C9B20901314449683C
:10C43000401A2900C9B2090131448968884214D3DD
:10C4400000202900C9B2090131444870F9F720F9E8
:10C450002900C9B20901314448602800C0B229004E
:10C46000C9B209013144C96888476D1CC0E7A44AB4
:10C4700092F84100002803D104211000F9F765FA71
:10C480002000C0B270BD000080B500219C48F9F7C3
:10C490004DFA01BD10B504009F490320F5F72CFEAD
:10C4A00005219748F9F742FA00F001F810BD7047EE
:10C4B00038B504000D004FF47A732A0092B22100BF
:10C4C0009648FAF79AFA31BD38B500250024FEF7F0
:10C4D0001BFF0100880110D4C8000ED488000CD4C2
:10C4E00048000AD4002908D4480102D501200400DC
:10C4F00003E0080101D5012004002000C0B232BDD4
:10C5000080B5FAF721F801BD80B50122844983483E
:10C51000FAF7D9FA002201214620FEF75CF94620FD
:10C52000FEF76EF901BD00000D0A000070472DE90D
:10C53000F0410400002500217A4A16887A4FF869F4
:10C54000002823D16C48828812FA84F2B2F5966FE3
:10C5500001D3002282805FF000084146220089B2A8
:10C5600092B291420ED2016882881144424692B240
:10C570006E4BC4461FFA8CFC13F80C308B5418F128
:10C580000108EAE781886118818077E030002300A4
:10C5900080B29BB2984229D2A01B050056488388DE
:10C5A00013FA85F3B3F5966F01D3002383805FF010
:10C5B000000841462B0089B29BB2994212D2016811
:10C5C0008388194443469BB2DFF860C1C6461FFA10
:10C5D0008EFE1EFA86FE1CF80EC001F803C018F18C
:10C5E0000108E6E781886918818046E0D6F1640099
:10C5F0000500414B988810FA84F010FA85F0B0F5E8
:10C60000966F01D30020988000200100AC4689B2CB
:10C610001FFA8CFC614513D21968B3F804C0614459
:10C6200084461FFA8CFCDFF804E180461FFA88F884
:10C6300018FA86F81EF808E001F80CE0401CE4E760
:10C640005FF000084046210080B289B2884210D2D3
:10C65000186899880844414689B2DFF8D0C0C646B8
:10C660001FFA8EFE1CF80EC000F801C018F1010878
:10C67000E8E799882819411899801480F8690028FA
:10C680000AD1642229492548FEF774F93868006800
:10C6900030F004003968086001211948F9F746F9BB
:10C6A000BDE8F0810100224801600020704780B59C
:10C6B0002048016851F480410160016831F48041F3
:10C6C00001601648FAF7AAF8002002BD38B5040048
:10C6D0000D00104A1068002804D0290089B22000FB
:10C6E000126890470020124909688847002032BD2F
:10C6F00000000000F6280020A4050020E828002003
:10C700002C05002078F200083C28002080A90300B6
:10C71000C8280020D828002040F20008FC20002073
:10C72000F5280020E628002058260020F4250020C7
:10C73000B428002040100240DFF88000006810F4A8
:10C74000C06070470200B2F5007F26D1DFF86C00B0
:10C75000036813F4C063B3F5007F2CD0036833F48F
:10C76000C06353F400730360DFF8540003683220A1
:10C770004343DFF85000B3FBF0F0401C0100DFF84A
:10C78000480003685B0503D5002901D0491EF6E780
:10C79000006840050FD503200EE0DFF82000036895
:10C7A00013F4C063B3F5806F05D0036833F4C0633E
:10C7B00053F4806303600020704700000070004065
:10C7C0002805002040420F001470004080B501226F
:10C7D00017491848FAF777F9002201212520FDF7BB
:10C7E000FAFF2520FEF70CF801BD704738B50400AC
:10C7F0000D480F490A78036885885A558288521C6B
:10C800008280828840F2FF139A4201D30022828004
:10C8100001220848FAF757F901200449087002215B
:10C820000548F9F792F831BD100C0020FF280020D0
:10C83000FE280020842100200C0700202DE9F84765
:10C8400085B005000E0014001F000020ADF80200A6
:10C850005FF0000ADFF80C22107AA84202D27FF0C3
:10C86000040055E0D0683040B04202D07FF00500AF
:10C870004EE05068002806D0002C04D00DF10201D3
:10C8800001A8526890470DF1380843463A004FF42A
:10C890000071DFF8DC0101F020F9814600F0CFF8EB
:10C8A0006946BDF8020010EB090080B200F076F88E
:10C8B00010F1010F28D05FF0000A5046BDF80210B9
:10C8C00080B2884210D201A8514689B2405CDFF89C
:10C8D0009811BDF800208854BDF80000401CADF848
:10C8E00000001AF1010AE8E743463A004FF40071EC
:10C8F000DFF87401BDF800C0604401F0EEF800F00C
:10C90000A3F800F008F803E000F09EF87FF00200C2
:10C9100006B0BDE8F08770B50024002500F099F856
:10C92000002837D100F08BF84E4E308A718A884249
:10C930002ED0B07801280ED13188308A091AB18200
:10C940000220B07000203080B08A002803D100207F
:10C95000B07000203082B07800280CD1308A718A03
:10C96000884204D2718A308A091AB18203E0308A7F
:10C97000D0F58060B0823C48318A0844050000F060
:10C9800079F8B18A2800394A92689047040001E09A
:10C9900000F05AF8200040B270BD000070B40200F0
:10C9A0005FF0FF302F4B5C8A1D8AAC4216D15C8A47
:10C9B000D4F5806415002600ADB2B6B2B5422BD3D3
:10C9C00015001E8AADB2B54226D201259D705D8A42
:10C9D0001D801D8A2C0000255D821DE01C8A5D8A59
:10C9E000AC4216D25C8AD4F5806415002600ADB244
:10C9F000B6B2B54210D315001E8AADB2B5420BD205
:10CA000001259D705D8A1D801D8A2C0000255D8298
:10CA100002E01D8A5C8A2C1B15002600ADB2B6B25E
:10CA2000B54209D25D8A0D805D8A15FA82F5AD05A1
:10CA3000AD0D5D820023180000B270BC704709483C
:10CA4000C18A491CC18270470648C18A491EC182F9
:10CA500070470448C08A002801D1002000E001206E
:10CA600070470000242800201015002088F60008D8
:10CA7000101900207047000038B504000025134944
:10CA8000087800281DD04FF47A700978B0FBF1F0D7
:10CA90000F490968B1FBF0F0FDF7C0FE00280DD189
:10CAA000102C08D2002221005FF0FF30FDF793FE2A
:10CAB0000848046007E00120050004E001200500AB
:10CAC00001E0012005002800C0B232BD5B0C00204F
:10CAD0002805002004050020012001F0EFB8000027
:10CAE00081B00B48016851F001010160006810F04D
:10CAF0000100009000980748016851F080510160E2
:10CB0000006810F080500090009801B0704700BF9E
:10CB1000601002405810024070B504000125002C3E
:10CB20005CD094F82100002805D1002084F8200072
:10CB30002000FFF77BFB022084F821002068C068FA
:10CB4000C00642D4CA202168486253202168486246
:10CB5000200000F02AFB06003000C0B200281AD1E5
:10CB600020688168DFF8E80601402068816020685D
:10CB70008168626820690243A0690243114320680A
:10CB80008160E0682168086120680069A16850EA56
:10CB9000014021680861200000F02DFB05002800FD
:10CBA000C0B200280DD12068C06C800880002168C8
:10CBB000C8642068C16CE26960690243114320685F
:10CBC000C164FF202168486201E0002005002800C0
:10CBD000C0B2002802D1012084F821002800C0B290
:10CBE00070BD2DE9F04705000E00140095F82000F7
:10CBF000012801D102206DE0012085F820000220EB
:10CC000085F82100CA2029684862532029684862B3
:10CC1000280000F0CAFA80464046C0B200284AD137
:10CC2000002C20D128688068400601D40020F070D4
:10CC3000307800F01FFB8246707800F01BFB8146C5
:10CC4000B07800F017FB5FFA8AFA5FFA89F95FEAB9
:10CC5000092959EA0A49C0B250EA0909F07859EAA3
:10CC600080594F4610E028688068400601D40020B3
:10CC7000F07030787178090251EA0041B0780143D0
:10CC8000F07851EA80510F00DFF8C8053840296874
:10CC900008602868806830F48020296888602868E7
:10CCA0008168F26830690243114328688160280076
:10CCB00000F0A1FA8046FF20296848624046C0B2D1
:10CCC000002802D1012085F82100002085F82000ED
:10CCD0004046C0B2BDE8F087F8B505000E0014006C
:10CCE0002868806A7060286800694004400CB06061
:10CCF00028680768DFF85C0507403800000C10F072
:10CD00003F0030703800000A10F07F00707017F09C
:10CD10007F00B0703800800D10F00100F070002C22
:10CD20000BD1307800F0B4FA3070707800F0B0FABF
:10CD30007070B07800F0ACFAB0700020F2BD2DE950
:10CD4000F04105000E00140095F82000012801D1E3
:10CD5000022058E0012085F82000022085F82100FB
:10CD6000002C07D17078C00604D5707810F0EF0061
:10CD70000A307070002C16D1F07800F07BFA8046F3
:10CD8000707800F077FA0700B07800F073FA5FFA75
:10CD900088F8FFB23F0257EA0847C0B2074330782D
:10CDA00057EA403709E0F07877783F0257EA0047C2
:10CDB000B0780743307857EA4037CA20296848627C
:10CDC000532029684862280000F0EFF98046404669
:10CDD000C0B2002808D1DFF88004384029684860D4
:10CDE000280000F008FA8046FF2029684862404683
:10CDF000C0B2002802D1012085F82100002085F86A
:10CE000020004046C0B2BDE8F081F8B505000E0034
:10CE1000140028684768DFF8400407403800000C19
:10CE2000F0703800000A10F01F00707017F03F001B
:10CE3000B0703800400B10F007003070002C0BD1A0
:10CE4000F07800F025FAF070707800F021FA707038
:10CE5000B07800F01DFAB0700020F2BD2DE9F84363
:10CE600005000E00140095F82000012801D10220D1
:10CE7000E5E0012085F82000022085F82100002C43
:10CE80002DD128688068400601D40020F070306AF7
:10CE90000028FFD0307800F0EDF98046707800F07F
:10CEA000E9F90700B07800F0E5F9814696F824002A
:10CEB00000F0E0F95FFA88F8FFB23F0257EA08474E
:10CEC0005FFA89F959EA0707F17857EA8157C0B242
:10CED00057EA0067306A07437069074317E028681C
:10CEE0008068400601D40020F070307877783F02E7
:10CEF00057EA0047B0780743F07857EA805796F82A
:10CF0000240057EA0067306A074370690743D6F880
:10CF10000480F06950EA0808CA2029684862532052
:10CF200029684862B06AB0F5807F39D12868806886
:10CF300030F48070296888602868C06810F080002C
:10CF400070F4C0702968C860F8F7A2FB81462868B1
:10CF5000C068C00712D4F8F79BFBB0EB090040F2A1
:10CF6000E9318842F3D3FF2029684862032085F81D
:10CF70002100002085F82000032060E02868C761B8
:10CF80002868C0F844802868806850F48070296858
:10CF900088602868806850F480502968886038E08C
:10CFA0002868806830F40070296888602868C06844
:10CFB00010F0800070F420702968C860F8F768FBF2
:10CFC00081462868C068800712D4F8F761FBB0EB8F
:10CFD000090040F2E9318842F3D3FF202968486212
:10CFE000032085F82100002085F82000032026E09A
:10CFF000286807622868C0F848802868806850F46C
:10D000000070296888602868806850F4005029689A
:10D010008860DFF84802016851F480210160DFF880
:10D020004002016851F480210160FF2029684862B4
:10D03000012085F82100002085F820000020BDE8AF
:10D04000F28370B504000D0094F82000012801D18E
:10D05000022062E0012084F82000022084F82100F0
:10D06000CA2021684862532021684862B5F5807F54
:10D0700024D12068806830F480702168886020683E
:10D08000806830F4805021688860F8F701FB060062
:10D090002068C068C00736D4F8F7FAFA801B40F25F
:10D0A000E9318842F4D3FF2021684862032084F8E4
:10D0B0002100002084F8200003202EE020688068F2
:10D0C00030F40070216888602068806830F4005077
:10D0D00021688860F8F7DCFA06002068C0688007DD
:10D0E00011D4F8F7D5FA801B40F2E9318842F4D325
:10D0F000FF2021684862032084F82100002084F882
:10D100002000032009E0FF2021684862012084F804
:10D110002100002084F82000002070BD10B504001C
:10D120005FF480204F49086020688068C0040ED5F5
:10D130002068C068C0050AD52068C06810F080006B
:10D1400070F4C0702168C860200000F049FE2068BB
:10D15000806880040ED52068C06880050AD52068E4
:10D16000C06810F0800070F420702168C860200052
:10D1700000F082FF012084F8210010BD38B50400C2
:10D1800039482168C860F8F783FA05002068C0684C
:10D19000800608D4F8F77CFA401B40F2E931884257
:10D1A000F4D3032000E0002032BD70B50400002657
:10D1B0002068C06840061BD45FF0FF302168C8605B
:10D1C000F8F766FA05002068C068400610D4300001
:10D1D000C0B203280CD0F8F75BFA401B40F2E931EB
:10D1E0008842F0D303200600032084F82100EAE7F8
:10D1F0003000C0B270BD70B5040000251B48016846
:10D2000031F0800101601A4E306880060AD4200097
:10D21000FFF7B4FF002817D0032084F82100032073
:10D22000050011E0306830F0200030602000FFF78A
:10D23000A5FF002804D0032084F821000320050066
:10D24000306850F0200030602800C0B270BD00008F
:10D25000BFFF8FFF7F7F7F003FFFFF000004014083
:10D2600008040140140401405FFF03000C28004043
:10D27000082800400100002208000300DBB20A2B4E
:10D2800002D3521C0A38F8E750EA0210C0B27047C5
:10D290000100C9B209090A2211FB02F110F00F00C6
:10D2A0004018C0B27047000080B50020DFF80013BE
:10D2B0000860DFF800030068804702BD2DE9F041F7
:10D2C00004000D0016001F00DDF81880002C18D097
:10D2D0003800002815D0002020602800DFF8D41284
:10D2E000496A884760600020207200206072002038
:10D2F000A072E760C4F81080E67200206061002030
:10D3000000E00120BDE8F0812DE9F04704005FF066
:10D310000008002C3BD0200000F002F9002836D194
:10D32000607A002833D160680700DFF88892D9F866
:10D33000200080470600B74200D237002760002057
:10D340002072012060720020A072DFF864A2DAF877
:10D350000000002806D1D9F810008047200000F016
:10D3600019F916E0D9F81800804705002068281838
:10D3700020602068DAF800100968884203D2200093
:10D3800000F008F905E0200000F0EDF801E00120D0
:10D3900080464046C0B2BDE8F0872DE9F041050067
:10D3A0000026002D40D0DFF80882D8F80070D8F8A9
:10D3B00000400120A872D8F80000002836D00020D4
:10D3C0006872D8F80000A8421AD10020D8F80010DE
:10D3D0000872D8F800004069002809D0D8F8000089
:10D3E0004069C8F80000D8F8000000F0A6F818E07E
:10D3F000DFF8C001C06880470020C8F8000010E0D6
:10D40000002C0ED0AC4209D16069002802D06469BA
:10D410007C6102E0002004007C6102E02700646976
:10D42000EEE70020060001E0012006003000C0B257
:10D43000BDE8F08170B504000D000026002C02D17B
:10D440000120060010E028005A49496A88476060B8
:10D45000200000F065F8002806D02000FFF79DFFAF
:10D460002000FFF751FF06003000C0B270BD2DE96B
:10D47000F843504D686980470600286980470700D7
:10D48000B7EB0608DFF82891D9F8000000280FD084
:10D49000D9F8000004002068804504D22068B0EB71
:10D4A0000800206001E0002020606469002CF2D1B7
:10D4B000D9F80000002824D0D9F80000006800281E
:10D4C00006D0A8698047D9F800100968814218D2AF
:10D4D000D9F800000400D9F800004069C9F800003C
:10D4E00000202072002060722069E1688847E07A9D
:10D4F0000128DDD1A07A0028DAD12000FFF704FF4F
:10D50000D6E7D9F80000002808D0D9F80000007A42
:10D51000002803D1D9F8000000F00FF8BDE8F1832E
:10D52000020023480168002905D0914201D1012061
:10D5300002E04969F7E70020704770B504001D4D0F
:10D54000286A8047060001202072A8698047216868
:10D550003018814203D2A8698047301820602068C3
:10D56000A968884770BD10B411490A6809684B69F9
:10D570005169002909D019680468A14202D21A0031
:10D580005B69F5E75061436102E050610021416150
:10D5900010BC704738B5050005480468002C01D060
:10D5A000002121726C6105600068FFF7C6FF31BD84
:10D5B000CC28002004F100082DE9FC4704000D00F0
:10D5C0005FF0FF3600226E4BD3E90001CDE9000188
:10D5D0005FF000094846A18880B2884224D22068C2
:10D5E000494689B2405C3D2805D02068494689B249
:10D5F000405C3F2800D117E02068494689B2405C72
:10D6000041280EDB2068494689B2405C5B2808DA75
:10D610002068494689B2405C203021684A4692B26F
:10D62000885419F10109D5E700273800C0B2412814
:10D6300080F2A280DFF84C8121003800C0B20001E6
:10D640004044083000F019FD0600002E00F19280E1
:10D650003800C0B2000140444068002800F08A80D1
:10D660003800C0B2000140444068002808D14FF49F
:10D670007A73A28821004448F9F7BFF901207CE0C1
:10D68000DFF808A15046F4F703FD0020010089B23D
:10D69000A288921B914223DA21683144020092B29F
:10D6A000895C3F290AD021683144020092B2895C2A
:10D6B0003D2903D0BAF80410802900DB10E021686E
:10D6C0003144020092B2895CDAF80020BAF80430E2
:10D6D000D154BAF80410491CAAF80410401CD5E72C
:10D6E0003900C9B209014144898916FA81F6B14667
:10D6F0004846A18880B2884226D22068494689B22D
:10D70000405C0D280CD1484680B2A188491E884251
:10D7100006DA2068494689B2084440780A2813D0BE
:10D72000BDF8040080280CD22068494689B2405CCC
:10D730000099BDF804208854BDF80400401CADF8E1
:10D74000040019F10109D3E7114805702800C0B29F
:10D75000401E012802D9801E09D009E00021684638
:10D760003A00D2B2120142445268904700E0FFE70B
:10D77000012002E07F1C58E70020BDE8F68700BFCB
:10D78000CCF80008F8070020FC200020F00700205B
:10D79000FB28002010B586B0DFF84840002201A920
:10D7A0002000FFF799FA002269462000FFF72DFBC1
:10D7B000DFF834009DF8061081709DF80510417067
:10D7C0009DF8041001709DF80010C1709DF80210C2
:10D7D00001719DF8011041719DF80310817106B02F
:10D7E00010BD0000AC2700208C28002010B50400DC
:10D7F000012210215448F4F7E2FB012010BD70B55E
:10D800000400524D524E30786978884207D0514812
:10D81000697850F8210000F02BF86878307021000A
:10D82000C9B24D48F8F791F8012070BD10B5040059
:10D830004A48C078012802D14948F7F7EAF803219D
:10D840004548F8F782F84648F4F722FC012010BD5D
:10D8500010B504003F483D49497850F8210000F0D8
:10D8600007F82100C9B23C48F8F76FF8012010BD55
:10D8700010B504003B483C490160446000218160D0
:10D880000021C160002101610C2141610021816101
:10D890000021C1610021016200214162F9F770F8A5
:10D8A000002801D0FCF776FAFEF790FF10BD80B596
:10D8B000F7F797F827482549497850F82100FFF7EE
:10D8C000D7FF01BD70B50020002400252800C0B29C
:10D8D000042836DA204E2800C0B2000130444078D7
:10D8E00001282CD1012004002800C0B200013044DE
:10D8F000406800280ED0F7F7CBFE2900C9B2090115
:10D9000031444968401A2900C9B209013144896883
:10D91000884214D300202900C9B20901314448705B
:10D92000F7F7B6FE2900C9B2090131444860280062
:10D93000C0B22900C9B209013144C96888476D1CC9
:10D94000C4E72000C0B270BD00040048580C00209D
:10D95000F7280020D80600200C070020BC28002053
:10D96000100C00208421002000380140020000201B
:10D970001168097830290CDB116809783A2908DA2E
:10D9800011684B1C13600A23097803FB0010303820
:10D99000EEE770472DE9F04F91B00400DDF86880A4
:10D9A0001B9D1C9EDFF808030768700603D5DFF88F
:10D9B000040300680700022B01DB252B01DB00209C
:10D9C00088E0F00702D55FF0300C01E05FF0200C3A
:10D9D0005FF0000EB00706D5002A04D52D2086463C
:10D9E0005242B8F101085FF00009002A06D1302048
:10D9F000EA460AF8090019F1010910E0002A0ED0E0
:10DA000010009A46B0FBFAFB0AFB1B00385CEA46A2
:10DA10000AF8090019F10109B2FBF3F2EEE74D45EE
:10DA200000DA4D46B8EB0508F0070DD44046B0F1DA
:10DA30000108012808DB20202070641C491E0029F1
:10DA400001D1200046E0F1E77046C0B2002807D0BF
:10DA500084F800E0641C491E002901D1200039E04F
:10DA60004046B0F10108012808DB84F800C0641CBE
:10DA7000491E002901D120002CE0F1E72800451EB5
:10DA8000814508DA30202070641C491E002901D12C
:10DA900020001FE0F2E74846B0F1010901280ADB47
:10DAA000684610F809002070641C491E002901D145
:10DAB00020000FE0EFE74046B0F10108012808DB45
:10DAC00020202070641C491E002901D1200001E0A3
:10DAD000F1E7200011B0BDE8F08F2DE9F74F88B0D5
:10DAE00005001E000998012801DA0020DDE0AA46A1
:10DAF0000A980078002806D1BAEB05000999491E5A
:10DB00008842C0F2CC80BAEB05000999491E8842D0
:10DB100080F2C5800A980078252806D00A980078F7
:10DB20008AF800001AF1010AB5E0002080460A9840
:10DB3000401C0A900A980078302801D158F001085A
:10DB40005FF0FF3BD9460A980078302807DB0A9837
:10DB500000783A2803DA0AA8FFF708FF8146CDF8D3
:10DB60001CB0CDF818B00A2005900A980078582803
:10DB700043D063280AD0642844D0692842D073284F
:10DB800016D0752840D0782839D03EE0B9F1010987
:10DB9000B9F1010F05DB20208AF800001AF1010A13
:10DBA000F4E73068361D8AF800001AF1010A72E0C5
:10DBB0003068361D0400002C01D13F4804002000CD
:10DBC000F7F70AFB04904846B0F101090499814235
:10DBD00005DA20208AF800001AF1010AF3E7002094
:10DBE00007000498874207DA20788AF80000641C4E
:10DBF0001AF1010A7F1CF4E74DE058F040081020AC
:10DC0000059026E058F0020823E00A9800782528BD
:10DC100004D025208AF800001AF1010ABAEB0500A9
:10DC20000999491E884214DA0A980078002806D01B
:10DC30000A9800788AF800001AF1010A02E00A98AE
:10DC4000401E0A90BAEB05000999491E884200DA85
:10DC500021E006986C2803D13068361D039009E056
:10DC60005FEA887003D53068361D039002E03068A3
:10DC7000361D0390CDF8088007980190CDF80090EC
:10DC8000059B039A0999491EBAEB0500091A5046EB
:10DC9000FFF780FE82460A98401C0A9028E7002081
:10DCA0008AF80000BAEB050528000BB0BDE8F08F3C
:10DCB000180C00201C0C0020D4F8000880B5AFF32D
:10DCC0000080024A11001820ABBEFBE726000200CC
:10DCD00080B5DFF87003DFF8701301600021416048
:10DCE0001F21816040F2FF31C160002101610021EC
:10DCF0004161002181610021C161FEF70DFF002813
:10DD000001D0FCF747F801BD38B5DFF84043207873
:10DD100000280FD1FFF7DCFFDFF828534FF48071A4
:10DD20002800FFF78EF9280000F09AFA00F01CF89E
:10DD300001202070002032BD10B50400200000F04A
:10DD400055F8002010BD80B5DFF8F8020168C968F9
:10DD500011F0800171F4C0710268D1604FF48071DC
:10DD6000FFF76FF9002002BD10B5DFF8E442211D76
:10DD700014F1180000F01DF92060206810BDDFF8D4
:10DD8000D0020068704780B586B001A9684600F0EF
:10DD900010F9AF490968401A07B000BD10B586B048
:10DDA0000024AA480078012804D101A9684600F09F
:10DDB00000F90400200006B010BD0320704700B534
:10DDC0008021A1FB00017D220023F9F7CBFE00BDDD
:10DDD0007D21A1FB0001C00940EA4160C9097047EB
:10DDE00010B504009B480068804710BD2DE9F04F36
:10DDF00099B004004021002209AD2800F7F700FF88
:10DE00005FF000085FF0000A002600275FF0000BBB
:10DE10008F4D04A8291D1422F9F760FEA86903900C
:10DE2000FFF791FF40F2FF30059D451B2000800564
:10DE3000800D4519A40A9DF80E908748844204D3AA
:10DE40008648041919F10109F7E79DF81080B4F527
:10DE5000616F04D3B4F5616418F10108F7E79DF828
:10DE600011703C2C02D33C3C7F1CFAE79DF8120059
:10DE7000210051FA80F6280080B2B0F5806F03DBF4
:10DE8000B5F58065761CF6E7300080B23C2802D3F9
:10DE90003C3E7F1CF8E7380080B23C2803D33C3F6F
:10DEA00018F10108F7E7404680B2182804D3B8F10A
:10DEB000180819F10109F6E79DF80F00042190FBFD
:10DEC000F1F201FB1200002817D165499DF80D0001
:10DED000084410F8010C4A4680B292B2904223D214
:10DEE0001FFA89F948469DF80D20114411F8011CCC
:10DEF00090FBF1F901FB190916E05A499DF80D0054
:10DF0000084410F8010C4A4680B292B290420BD2FB
:10DF10001FFA89F948469DF80D20114411F8011C9B
:10DF200090FBF1F901FB1909DFF83CA140F2FF3148
:10DF3000280080B2091ACAF804105FF02060CAF8FD
:10DF40001C008AF802608AF801708AF800808AF85A
:10DF500024909DF813008AF803000020CAF82000DE
:10DF60005FF00040CAF814004FF48070CAF828002F
:10DF70000020CAF80C000020CAF810000022514608
:10DF80003048FEF76BFF002810D0DAF8040002904A
:10DF90009AF8020001909AF8010000909AF8003077
:10DFA0009AF82420314909A8F7F7FAFA19B0BDE820
:10DFB000F08FF8B504000D000026224F002221004A
:10DFC0003800FEF722FF002229003800FEF784FE09
:10DFD000E17840F2B5504143C91C8908E078042239
:10DFE00090FBF2F302FB1300002801D1204A00E06D
:10DFF000204A63783D2043433C3B022093FBF0F0F2
:10E0000041186078401EC0B240001300C34013F0B6
:10E010000303C91AA078401E41180F484143AB784A
:10E020006E783C204643F3182E784FF4616000FB75
:10E0300006335918890201F2FF316868091A08008D
:10E04000F2BD0000AC27002000280040002900207D
:10E05000F0270020C82800208051010080AEFEFF7C
:10E06000FCF70008F0F7000830270020ECF100086A
:10E0700050554400A0AA990070472DE9FE4F0400B6
:10E080000D000020002600270021ADF804105FF0ED
:10E0900001085FF000095FF0000A21680978212972
:10E0A00001D101218A465FF0000B584600B2A988D1
:10E0B000884272DA20685146C9B2405C29685A46E3
:10E0C00012B2895C884265D1012080465046C0B2B8
:10E0D000401C0600002081460020ADF804003000FE
:10E0E00000B2A18888424ADA2068310009B2405C57
:10E0F0007C281ED1BDF90400002804D101208146EE
:10E1000016EB0B00070001A800903B001BB22A0091
:10E110002100701C00B200F059F880464046C0B2A1
:10E12000012806D15146C9B2584600B200F03DF868
:10E1300039E04846C0B200280FD12068310009B24A
:10E14000405C29685A4612B21144320012B2895C0E
:10E15000884202D00020804611E04846C0B2002824
:10E1600001D1761CBBE73000BDF9041000B2884233
:10E1700003DABDF904000600B1E7761CAFE74046BC
:10E18000C0B2012806D15146C9B2584600B200F0CB
:10E190000CF808E01BF1010B87E75146C9B25FF0AC
:10E1A000FF3000F002F8BDE8FE8F02000800C0B2A8
:10E1B000002802D1100000B207E0100000B20028D1
:10E1C00002D45FF0FF3000E000207047F0B504009B
:10E1D000059D0120002637003FB207FA84F7B1F809
:10E1E00004C067453ADA0F68A4460FFA8CFC67440E
:10E1F000B4460FFA8CFC17F80C707C2F03D137193A
:10E200002F8000B22BE09788B4460FFA8CFC0CFAF2
:10E2100083FC674506DAB2F904707F1C2F805FF03B
:10E22000FF3738000F68A4460FFA8CFC6744B446E9
:10E230000FFA8CFC17F80C70D2F800C09E460FFA4B
:10E240008EFEF444B6460FFA8EFE1CF80EC06745EB
:10E2500002D05FF0FF373800761CBCE700B2F0BD9B
:10E26000010091F82000012801D102201BE00120CB
:10E2700081F82000022081F82100CA200A6850623B
:10E2800053200A6850620868806850F020000A68CD
:10E290009060FF200A685062012081F82100002070
:10E2A00081F8200000207047494420536C61766556
:10E2B0003A20000000000000000000000000000004
:10E2C000000000000000000000000000000000004E
:10E2D000000000000000000000000000000000003E
:10E2E000000000000000F0BF0000000000000080FF
:10E2F000000000000000008000000000000000009E
:10E30000000000C05294EEBF00000048204E51BEF5
:10E31000000000F86467BCBC0000000000000000C2
:10E32000000000208133EDBF00000080B3DB14BE8D
:10E33000000000506706A3BC0000000000000000C1
:10E34000000000D0E9DCEBBF00000008C39259BE1A
:10E3500000000080B0D3B8BC000000000000000046
:10E3600000000070F98FEABF000000C0A51028BEB1
:10E37000000000E8BFC0B0BC0000000000000000CA
:10E3800000000070284CE9BF00000060134B42BE43
:10E39000000000C03D20B8BC0000000000000000EC
:10E3A00000000050FA10E8BF000000C05FF62BBE6E
:10E3B000000000905C71A7BC00000000000000009D
:10E3C00000000020FCDDE6BF000000C0F8F154BEF4
:10E3D00000000018E9F6B9BC0000000000000000D1
:10E3E000000000D0C3B2E5BF00000070E43254BEAC
:10E3F00000000050DB06B4BC00000000000000007C
:10E4000000000010EF8EE4BF00000020F36252BE57
:10E41000000000C02A879ABC000000000000000035
:10E42000000000B02272E3BF000000F0E8E056BE3A
:10E4300000000028352DBDBC0000000000000000D9
:10E44000000000000A5CE2BF000000B0FA8E41BE8E
:10E4500000000040AE6FBDBC0000000000000000E6
:10E4600000000000564CE1BF000000F015CD5FBE7B
:10E4700000000000141C90BC000000000000000020
:10E4800000000040BD42E0BF00000030F93457BE3C
:10E49000000000E06C1E93BC0000000000000000C3
:10E4A000000000E0F57DDEBF000000B08A535EBED4
:10E4B00000000080DA77AABC000000000000000025
:10E4C000000000C09D81DCBF00000000FFA226BE4E
:10E4D0000000006057E2B0BC000000000000000037
:10E4E00000000060F98FDABF000000580A8151BEB9
:10E4F000000000F05F60B8BC0000000000000000F9
:10E500000000000098A8D8BF000000607A7F45BED8
:10E51000000000D05433A3BC000000000000000045
:10E52000000000600FCBD6BF000000D091CB40BEF2
:10E53000000000406D1BA0BC0000000000000000B7
:10E54000000000A0FBF6D4BF00000098C5CE52BE6C
:10E55000000000003A397EBC00000000000000000E
:10E56000000000E0FE2BD3BF0000004073872BBEED
:10E5700000000000926879BC00000000000000006C
:10E5800000000040C069D1BF00000058F16353BED5
:10E5900000000080438D7CBC0000000000000000F3
:10E5A00000000080D85FCFBF000000181F8354BE5A
:10E5B000000000B03F42A2BC0000000000000000CC
:10E5C0000000008067FCCBBF00000060FAFF53BE74
:10E5D00000000050E00DB8BC00000000000000008A
:10E5E0000000000098A8C8BF000000607A7F35BE18
:10E5F000000000C0543393BC000000000000000085
:10E6000000000000DC63C5BF00000058D6FF54BE08
:10E6100000000000396490BC000000000000000011
:10E62000000000C0AD2DC2BF00000080A45915BE7F
:10E63000000000E0484BABBC000000000000000000
:10E64000000000801A0BBEBF00000050BF3C5ABE45
:10E65000000000A0B364B6BC000000000000000091
:10E660000000008004D6B7BF00000040BBCF36BE1C
:10E670000000008076CEA8BC000000000000000072
:10E680000000008032BBB1BF000000402A0043BE42
:10E6900000000028C60CBDBC000000000000000007
:10E6A000000000009473A7BF000000182B3B59BE68
:10E6B000000000C0E55DA5BC0000000000000000F7
:10E6C00000000000EE4397BF000000A0E6C340BE7C
:10E6D00000000020958DB5BC000000000000000087
:10E6E000000000000000008000000000000000802A
:10E6F000000000000000008000000000000000009A
:10E700000000000000000000000000000000000009
:10E7100000000000000000000000000000000000F9
:10E7200000000000000000000000000000000000E9
:10E7300000000000000000000000000000000000D9
:10E7400000000000000000000000000000000000C9
:10E7500000000000000000000000000000000000B9
:10E7600000000000000000000000000000000000A9
:10E770000000000000000000000000000000000099
:10E780000000000000000000000000000000000089
:10E790000000000000C0F0FCFFFEF8C00000000018
:10E7A0000000000000000000000000000000000069
:10E7B0000000000000000000000000000000000059
:10E7C0000000000000000000000000000000000049
:10E7D0000000000000000000000000000000000039
:10E7E0000000000000000000000000000000000029
:10E7F0000000000000000000000000000000000019
:10E800000000000000000000000000000000000008
:10E8100000C0F0FCFFFFFFFFFFFFFFFFFFFCF0C0A9
:10E8200000000000000000000000000080C0C0C028
:10E83000C0E0F0F0F0F070383C3C3C3C3F3F0F0350
:10E8400000000000000000000000000000000000C8
:10E8500000000000000000000000000000000000B8
:10E8600000000000000000000000000000000000A8
:10E870000000000000000000000000000000000098
:10E8800000000000000000000000000000C0F0FCDC
:10E89000FFFFFFFFFF3F0F0F03070F3FFFFFFFFFCC
:10E8A000FFFC30383C3C1C0E8FCFC7C3C3C3E3739F
:10E8B00071303030383C0C0000000070F8CCCC0CCB
:10E8C0000C0000C0F03C0CFCFC000000C0F01C0C74
:10E8D0000C8CFCF00000000000000CFCFC0000C0F0
:10E8E0003C0C00C0FCFC0C0000FCFCCCCCCCCC0CE8
:10E8F000000C8CFCFC1C0C0C0C0000000000000048
:10E90000000000000000000000C0F0FCFFFF7F3F9F
:10E910000F07C3C040303018CCCCC7C3033330100E
:10E920000C8CCCC4C3C3E3F33130303038380C0026
:10E93000000000000000000000000C0C0C0C0F0395
:10E94000030C0F030303030F0F000000030F0C0C55
:10E950000C0F0301000000000000000F0F0C03006B
:10E9600000000C0F0F0000000F0F0F0C0C0C00002C
:10E9700000000F0F00000000000000000000000079
:10E980000000000000C0F0FC3F3F0F0703000C0038
:10E99000C3C13030CCCC03333300000C0C00030374
:10E9A0000300000001030F0F3C78C00000000000CE
:10E9B0000000000000000000000000000000000057
:10E9C0000000000000000000000000000000000047
:10E9D0000000000000000000000000000000000037
:10E9E0000000000000000000000000000000000027
:10E9F0000000000000000000000000000000000017
:10EA00000000C0300F030300000000000000000001
:10EA100000000003000000000000000000000000F3
:10EA20000000000000000000000000030C30C000E7
:10EA300000000000000000000000000000000000D6
:10EA400000000000000000000000000000000000C6
:10EA500000000000000000000000000000000000B6
:10EA600000000000000000000000000000000000A6
:10EA70000000000000000000000000000000000096
:10EA80000000000000000000000000000000000086
:10EA90000000000000000000000000000000000076
:10EAA0000000000000000000000000000000000066
:10EAB0000000000000000000000000000000000056
:10EAC0000000000000000000000000000000000046
:10EAD0000000000000000000000000000000000036
:10EAE0000000000000000000000000000000000026
:10EAF0000000000000000000000000000000000016
:10EB00000600000000000000000F00000F00000FD2
:10EB100000000F00000000000000000000000000E6
:10EB200000000000000000000000000000000700DE
:10EB3000001E00E01F00FF1FF8FF03FF1F00FF0182
:10EB4000000F0000000000000000000000000000B6
:10EB50000000000000000000000000000E000000A7
:10EB6000C07F00F8FF01FCFF07FCFF073E800F0E8F
:10EB7000000E0E000E0E000E1E800FFCFF07FCFFA5
:10EB800007F8FF01C07F000000000E0000007000C9
:10EB90000E38000E38000E1C000E0E000EFEFF0F89
:10EBA000FEFF0FFEFF0FFEFF0F00000E00000E0025
:10EBB000000E00000E0000000E00000060000F7844
:10EBC000800F7CC00F7CE00F1EF00F0EF80E0E7C45
:10EBD0000E0E3E0E1E1F0EFE0F0EFC070EF8030E4D
:10EBE000F0010E0000000E000000308001388003AC
:10EBF0003C80073C800F1E000F0E0E0E0E0E0E0EF8
:10EC00000E0E1E1F0FFEFF0FFCFB07FCF903F0E0CA
:10EC1000010000000F00000000F00000F80000FEFE
:10EC20000080EF00C0E700F0E1007CE0003EE00083
:10EC3000FEFF0FFEFF0FFEFF0FFEFF0F00E00000C4
:10EC4000E0000E000000008001F88703FE8707FE49
:10EC5000870FFE070F0E030E8E030E8E030E8E0718
:10EC60000F8EFF070EFF070EFE0300FC00000000E2
:10EC70000E000000C07F00F0FF01F8FF07FCFF0757
:10EC80003E0E0F0E070E0E070E0E070E1E0F0F3E46
:10EC9000FF0F3CFE0738FE0330F8010000000E00B5
:10ECA00000000E00000E00000E00000E000F0EE02F
:10ECB0000F0EF80F0EFE0F8EFF00CE0F00FE0300AA
:10ECC000FE00003E00001E00000000000E000000DC
:10ECD000F0E001F8FB03FCFB07FEFF0F1E1F0F0E09
:10ECE0000E0E0E0E0E0E0E0E1E1F0FFEFF0FFCFB65
:10ECF00007FCFB03F0E0010000000E000000F083C1
:10ED000001F88703FC8F07FE9F0F1E1E0F0E1C0EBF
:10ED10000E1C0E0E1C0E1E8E0FFCFF07FCFF03F8D0
:10ED2000FF01C07F00000000000000000000005F45
:10ED300000000007000700147F147F14242A7F2A94
:10ED4000122313086462364955225000050300005F
:10ED5000001C2241000041221C00082A1C2A08082D
:10ED6000083E080800503000000808080808006045
:10ED700060000020100804023E5149453E00427FD9
:10ED8000400042615149462141454B311814127FE0
:10ED90001027454545393C4A494930017109050369
:10EDA0003649494936064949291E003636000000D1
:10EDB0005636000000081422411414141414412281
:10EDC0001408000201510906324979413E7E1111B1
:10EDD000117E7F494949363E414141227F414122CE
:10EDE0001C7F494949417F090901013E4141513296
:10EDF0007F0808087F00417F41002040413F017F9C
:10EE0000081422417F404040407F0204027F7F047B
:10EE100008107F3E4141413E7F090909063E4151AC
:10EE2000215E7F09192946464949493101017F017F
:10EE3000013F4040403F1F2040201F7F2018207F7F
:10EE400063140814630304780403615149454300C3
:10EE5000007F4141020408102041417F000004026C
:10EE6000010204404040404000010204002054548C
:10EE700054787F4844443838444444203844444813
:10EE80007F3854545418087E090102081454543C25
:10EE90007F0804047800447D40002040443D000089
:10EEA0007F10284400417F40007C041804787C08CF
:10EEB00004047838444444387C14141408081414A6
:10EEC000187C7C080404084854545420043F4440EF
:10EED000203C4040207C1C2040201C3C4030403CDA
:10EEE00044281028440C5050503C4464544C440076
:10EEF0000836410000007F00000041360800080885
:10EF00002A1C08081C2A08086070787C7E1C362A97
:10EF1000361C303E3F3E3007087F09077C4444449E
:10EF2000387C7C4444387C7C7C44387C7C7C7C38D9
:10EF30001E3276321E00000205020000FEE7FEE7E8
:10EF4000FEE7FEE7FEE770477047704780B500F0C8
:10EF50005FF824480168491C016023480168491C86
:10EF600001600168C92918D3002101601F49087890
:10EF7000002802D10120087001E000200870087804
:10EF8000012805D1012201211948F3F718F804E0FE
:10EF9000002201211648F3F712F801BD80B515488B
:10EFA000FBF7F7FA01BD80B51348FBF7F2FA01BD94
:10EFB00080B51248F7F7B6FD01BD80B51048F7F7E8
:10EFC000B1FD01BD80B50F48FEF7A8F801BD80B5C1
:10EFD0000D48FBF7DEFA01BD80B50C48F7F7A2FD3E
:10EFE00001BD0000D0280020B0280020F428002017
:10EFF00000080048E8260020A026002084210020E8
:10F000000C220020AC27002058260020FC200020E5
:10F0100003480168034A127889180160704700BFED
:10F02000AC2800205B0C0020F0B402461068956804
:10F030001318506803EB5004C0071CD54D441AE068
:10F0400013F8017B05F8017B491EF9D198B113F83B
:10F05000011BC6F38106032E08BF13F8016B01EBF9
:10F0600006214942801C294405D011F8016B05F89E
:10F07000016B401EF9D1A3420ED013F8016B16F0BC
:10F08000030104BF13F8011BC91C30090F28DBD191
:10F0900013F8010B0F30D7E7F0BC02F10C007047FA
:10F0A000425220536C6176653A2000000000000057
:10F0B0000000000000000000000000000000000050
:10F0C0000000000000000000000000000000000040
:10F0D00000000000A0860100400D0300801A060019
:10F0E00000350C0040420F0080841E0000093D00E6
:10F0F00000127A000024F40000366E010048E80196
:10F10000006CDC0209DD00080000000039DD0008A9
:10F1100047DD000869DD00087FDD000887DD0008A5
:10F120009DDD0008BBDD0008BFDD0008D1DD000863
:10F13000303132333435363738396162636465666D
:10F140006768696A6B6C6D6E6F70717273747576D7
:10F150007778797A00000000303132333435363731
:10F1600038394142434445464748494A4B4C4D4E45
:10F170004F505152535455565758595A0000000099
:10F1800010B5074979441831064C7C44163404E024
:10F190000A68081D114488470146A142F8D110BDF4
:10F1A0002C000000480000004EF68851CEF200010D
:10F1B000086840F470000860BFF34F8FBFF36F8F93
:10F1C0004FF00070E1EE100A704700004360FFFF4F
:10F1D000A41C0000600C0020000000004DFEFFFF9A
:10F1E00008080000CC0A000000000020616C617279
:10F1F0006D206661696C3A2025642D25643A25648A
:10F200003A25643A25640D0A0000000000F00DF86C
:10F21000002801D0FFF7B4FFAFF300800020AFF368
:10F220000080FAF758FD00F002F80120704700F066
:10F2300001B8000007463846FEF740FDFBE7000036
:10F24000755F6170705F636F6D6D3A2074782074C4
:10F25000696D65722063620D0A000000755F617060
:10F26000705F636F6D3A207561727420256420654C
:10F2700072726F72210D0A00755F6170705F636F4B
:10F280006D6D3A2073657420727463210D0A00005D
:10F2900073616F7669657467726F75702E636F6DD9
:10F2A0002E766E00535654485F53564D5F444C5370
:10F2B0005F56315F315F310061742B72646C617332
:10F2C00074666F726C6F673D0000000061742B7292
:10F2D000646C617374666F726F706572613D00007B
:10F2E00061742B72646C617374666F726576656E9F
:10F2F000743D000061742B72646C617374666F728C
:10F300006770733D0000000061742B726573746F49
:10F310007265736C6176653F0000000053565F456F
:10F320004E56495F434D5F434C4F0000456E746538
:10F33000722050617373776F72640000312E4D6FCD
:10F34000646275732052545500000000362E496ED9
:10F35000666F726D6174696F6E00000053455420D2
:10F360004D4F44425553205254550000312E4944CC
:10F370002020202020203A2000000000322E426170
:10F380007564726174653A200000000043414C4985
:10F39000422053454E534F520000000052414E4709
:10F3A000452053455454494E47000000537563634C
:10F3B00065737366756C6C792100000000000000B5
:10F3C0000000000001020304060708095265737477
:10F3D0006F7265204F4B210D0A00000061742B6D88
:10F3E0007174746D61696E3D0000000061742B6D75
:10F3F0007174746D61696E3F0000000061742B6D63
:10F400007174746261636B75703D000061742B6D83
:10F410007174746261636B75703F000061742B726C
:10F420006573657470756C73653F000061742B665D
:10F430006C6F777468726573683D000061742B6649
:10F440006C6F777468726573683F000061742B712C
:10F4500075616E7468726573683D000061742B712C
:10F4600075616E7468726573683F000061742B6229
:10F4700061747468726573683D00000061742B628A
:10F4800061747468726573683F00000061742B6575
:10F49000726173656D656D3F0000000061742B66DD
:10F4A0007776657273696F6E3F00000061742B6C34
:10F4B0006F67696E6465783F0000000061742B72AD
:10F4C000646C6173746C6F673F00000061742B6C37
:10F4D0006576656C63616C69623D000061742B6CDC
:10F4E0006576656C63616C69623F000061742B6CCA
:10F4F0006576656C7468726573683D0061742B6C29
:10F500006576656C7468726573683F0061742B651D
:10F51000786261747468726573683D0061742B650C
:10F52000786261747468726573683F0061742B77E8
:10F530006D6368616E6E656C3D00000061742B77D1
:10F540006D6368616E6E656C3F00000061742B6DC9
:10F550006F64696E666F723D0000000061742B6D10
:10F560006F64696E666F723F0000000061742B70FB
:10F5700072657373696E666F723D000061742B7003
:10F5800072657373696E666F723F000061742B72EF
:10F5900065736574736C6176653F00000148804750
:10F5A00001480047ADF5000809F800080248016865
:10F5B00051F470010160704788ED00E054656D7092
:10F5C00020203A2000000000332E4F6666736574D9
:10F5D00000000000342E5761726E696E67000000F3
:10F5E000312E5A65726F203A20000000322E536C83
:10F5F0006F70653A20000000312E434C4F20203AB6
:10F6000020000000322E54656D70203A200000006A
:10F610005741524E494E4720434C4F00312E4D6FBB
:10F620006465203A20000000322E55707065723AF1
:10F6300020000000332E4C6F7765723A20000000E6
:10F64000312E555F436C6F203A200000322E4C5F04
:10F65000436C6F203A200000332E555F54656D7067
:10F660003A200000342E4C5F54656D703A20000043
:10F670002A56657273696F6E0000000057656273E9
:10F680006974653A00000000A5C60008AFC600080E
:10F69000CDC600085265736574204F4B210D0A00DA
:10F6A00061742B736572693D0000000061742B73F7
:10F6B0006572693F0000000061742B73696D7365AA
:10F6C00072693F0061742B7377736572766572009F
:10F6D00061742B647574793D0000000061742B64C3
:10F6E0007574793F0000000061742B667265716D5E
:10F6F000696E3D0061742B667265716D696E3F00C5
:10F7000061742B73617665626F783F0061742B6E54
:10F71000756D77616B653D0061742B726561646C1A
:10F720006F673D0061742B70756C73653D00000060
:10F7300061742B70756C73653F00000061742B64FD
:10F74000656275673D00000061742B6465627567D2
:10F750003F00000061742B6D72657365743F00009B
:10F7600061742B7573657275726C3D0061742B75D5
:10F770007365726674703D0061742B746573746C8C
:10F780006F673F0061742B726561646C6F673F0047
:10F7900061742B736C6176653D00000061742B739E
:10F7A0006C6176653F00000061742B6F6E74656D4F
:10F7B000683F000061742B6F666674656D683F007A
:10F7C00061742B6964736C6176653F0061742B69A9
:10F7D00064736C6176653D0061742B6272736C6159
:10F7E00076653F0061742B6272736C6176653D00D3
:10F7F0001F1C1F1E1F1E1F1F1E1F1E1F1F1D1F1E23
:10F800001F1E1F1F1E1F1E1FAFF30080FFF7CCFC23
:10F81000FFF7FCFC434C4F2E000000006D672F4C9F
:10F82000000000004C6F6767696E00005345545438
:10F83000494E4700322E43616C696200352E526199
:10F840006E676500434C4F3A20000000206D672F23
:10F850004C000000332E5265736574004F464653CA
:10F8600045540000496E666F722E00002A4D6F6489
:10F87000656C0000000000000102030494220020D7
:10F880000000000094230020000000004552524F69
:10F890005200000000000000000000000000000016
:10F8A0000C000000000000000C00000061742B72CE
:10F8B00074633D0061742B7274633F0061742B6745
:10F8C00070733F0061742B656E6400001424002087
:10F8D000000000003C4E554C4C3E0000252E2A6690
:10F8E00000000000686A6C747A4C00004F464600C5
:10F8F0004F4E000070483A0020894300FFF7FEBFDA
:10F90000FFF7FEBFFFF7FEBFFFF7FEBFFFF7FEBF2B
:10F91000FFF7FEBFFFF7FEBFFFF7FEBFFFF7FEBF1B
:10F92000FFF7FEBFFFF7FEBFFFF7FEBFFFF7FEBF0B
:10F93000FFF7FEBFFFF7FEBFFFF7FEBFFFF7FEBFFB
:10F94000FFF7FEBFFFF7FEBFFFF7FEBFFFF7FEBFEB
:10F95000FFF7FEBFFFF7FEBFFFF7FEBFFFF7FEBFDB
:10F96000FFF7FEBFFFF7FEBFFFF7FEBFFFF7FEBFCB
:10F97000FFF7FEBFFFF7FEBFFFF7FEBFFFF7FEBFBB
:10F98000FFF7FEBFFFF7FEBFFFF7FEBFFFF7FEBFAB
:10F99000FFF7FEBFFFF7FEBFFFF7FEBFFFF7FEBF9B
:10F9A000FFF7FEBFFFF7FEBFFFF7FEBFFFF7FEBF8B
:10F9B000FFF7FEBFFFF7FEBFFFF7FEBFFFF7FEBF7B
:10F9C000FFF7FEBFFFF7FEBFFFF7FEBFFFF7FEBF6B
:10F9D000FFF7FEBFFFF7FEBFFFF7FEBFFFF7FEBF5B
:10F9E000FFF7FEBFFFF7FEBFD00331323334000113
:10F9F0004008F40100009F23000801011A1003D001
:10FA0000070000F1105202291264085003992400E3
:10FA10000803105007881300001525000804102162
:10FA200028129310520510120A0812C71012060865
:10FA300052050412DF10617812FE01F20A0001F093
:10FA40000110E803000110031CF300080E27123117
:10FA500001B2200120100000456E74657220746FA1
:10FA60002053657475700000201005576169746932
:10FA70006E670B4110200320446F6E650952001021
:10FA800030034572726F721F400500ECF80008F0F9
:10FA9000F8B0521408920793252752F4186205CA49
:10FAA000464E086101120318471CF82421CF43BCBD
:10FAB000F530210C12F8182150211CF20124602687
:10FAC0000130C32CF318900302180001066061187E
:10FAD0002002033000010CF2012C48220211E23C0A
:10FAE000481002120002090CD2343012031825B853
:10FAF000C3C8F518120418120B0CD2D4181205182A
:10FB0000220C60D148120618120D0CD24C78120744
:10FB10001825B0D25C18110113030F0C8B6CF32065
:10FB200021011003020400031011527C18696C12A9
:10FB3000031812110CF2018C4811AB64010000444F
:10FB4000985118180202050004AF800100E0F51872
:10FB50003B4CF8CC1304140CD2EC181168130415A8
:10FB60000CD254D811201304160CF6015C6813054E
:10FB7000170CD2F848190C1305180C8304F6184218
:10FB8000F8781305190CF30010F64813061A0CD276
:10FB90001C18114813061B0CF30028F6C013061C92
:10FBA0000CD2341811C013061D0CF6019C2013074B
:10FBB0001E0CD24030116023071F0CF101602E078C
:10FBC0000C03D258C011601307210CD2641811081D
:10FBD00023072218F501201308230CE270D88003B4
:10FBE0001C000824000179881002040008250CD2AA
:10FBF0006C48120430F2022630120530F203274816
:10FC00001002180009280CD6AC08F00401031802F1
:10FC10000A100001E20114B3093D12600289C2001A
:10FC2000082429388F95C2200521108F0BC3200589
:10FC300021011217105204312DD0048F33C3200537
:10FC400021014F39C320056101123F102802A4F29F
:10FC50000008ACE002600C00208F800441420008E4
:10FC60004142842108124710437542885201041210
:10FC7000ED10431B438C5202044389433C2D440343
:10FC800052041452E314219452061440043D4400DB
:10FC900008974498520814435145282540520A6455
:10FCA00052A7142124520B1452D5142D5C04520C6B
:10FCB00014430346142138520D1452311421385282
:10FCC0000E14525B1421384300101412851412B321
:10FCD00004313842108C4C042F4700088947F8053E
:10FCE00052031410034D480008A70412B0D9126043
:10FCF0007D1EC005041A80411340381D124B0C1D97
:10FD000000061300961812DA0812E1045403C20127
:10FD1000001423607F0100A0064FEDD7000761109B
:10FD200047FFD758210C25E0172DD8545120100338
:10FD3000E0930400511061401A1081475D2E9C2110
:10FD40001012DC05836F2E40210447D92E94210C1C
:10FD50002D700747192F9021102D500712CF1052E8
:10FD600005501760EAA0111092061012E910220740
:10FD70006111012DA0071797308051202DA007A8F1
:10FD8000041B310008B8283813E040FEC8013F9436
:10FD9000244C47A0F6B8514B5300AC1069CC47B87F
:10FDA000F69C69CC47DCF3986D800552EC10520547
:10FDB000105EFC880769CC430CF4106D700352C4CC
:10FDC0005052081052D0706209605110520A1052FD
:10FDD000E830520B1052F410520C10521C60530DAC
:10FDE00000018AF74C2101520C10520F10521810CA
:10FDF0006DF403522C40521110523C10521210520A
:10FE00004C10521310525C105214104B6CF494525C
:10FE10001510527C105216104F24F704035217107D
:10FE20005230105218104FACF84C0352191052B403
:10FE300010521A10523C30521B10524810521C10D3
:10FE40004F54F75003521D10478CF490521E10521D
:10FE50009C90521F105660006905526C1052211080
:10FE600052AC405222105278205223105284106D0E
:10FE7000AC0552BC605225101EB8B404255C6D9CC4
:10FE80000512CC10254C6D940552E01062282055C7
:10FE90005052291052DC10522A1012EC1025BC527C
:10FEA0002B1052FC10622C805530522D1052F480D1
:10FEB000522E10569030522F10529C105230104338
:10FEC0000CF550523110521C1052321056A860528C
:10FED000331056B4006D350B472CF50052351052D7
:10FEE0003C10523610474CF550523710525C1052AD
:10FEF0003810436CF5F0523910527C10523A1052BF
:10FF00008C10523B104308F3E0523C1052C0906DED
:10FF10009E0652CC10523E1052D810523F1052E45E
:10FF2000105241104FC4F8E0054B101B1343101D35
:10FF300008100330F100085804F309D2540452FFAA
:0EFF400001E38A52141D50040002032D010338
:040000050800F809EE
:00000001FF
