:020000040800F2
:10000000782D002091F70008EDF00008EFF00008CF
:10001000F1F00008F3F00008F5F00008000000001F
:10002000000000000000000000000000F7F00008E1
:10003000F9F0000800000000FBF00008FDF00008E7
:1000400001FB000805FB000809FB00080DFB000888
:1000500011FB000815FB000819FB00081DFB000838
:1000600021FB000825FB000829FB00082DFB0008E8
:1000700031FB00084DF1000835FB000857F100087E
:1000800039FB00083DFB000841FB000845FB000868
:1000900049FB00084DFB000851FB000855FB000818
:1000A00059FB00085DFB000861FB000865FB0008C8
:1000B00069FB000800000000000000006DFB000864
:1000C00071FB000875FB000879FB00087DFB000848
:1000D00081FB000861F1000885FB00086BF1000856
:1000E00089FB000875F10008000000000000000016
:1000F0000000000000000000000000000000000000
:10010000000000008DFB00080000000091FB0008CB
:10011000000000000000000095FB000899FB0008AB
:100120009DFB0008A1FB0008A5FB0008A9FB000837
:10013000ADFB00080000000000000000000000000F
:10014000B1FB0008B5FB0008B9FB0008BDFB0008C7
:10015000C1FB00087FF1000889F10008C5FB000819
:10016000C9FB0008CDFB0008D1FB0008000000001F
:10017000D5FB0008D9FB0008DDFB000800000000EB
:10018000E1FB0008E5FB0008E9FB000880B55348E7
:100190000078012806D0022807D0042808D00828B3
:1001A00009D00BE000F0A0F808E000F099FE05E0AF
:1001B00001F028F802E001F0B5F9FFE701BD2DE9F3
:1001C000F0470024464D2888002804D02888401E87
:1001D0002880002080E0414E307A00287BD1202109
:1001E000404801F04DFE002801D1012700E0002722
:1001F000DFF8D08C0421404601F042FE002802D1F5
:100200005FF0010901E05FF000090221404601F0C2
:1002100037FE002802D15FF0010A01E05FF0000A1A
:100220000121404601F02CFE002801D1012000E010
:10023000002057EA490757EA8A073C0054EAC004FD
:100240002000C0B2012805D0022803D0042801D024
:10025000082836D17068401C7060706850282FD311
:10026000347001203072DFF8601C0868142801D255
:1002700019202880DFF8540C22000378D2B29A4269
:1002800019D10A68521C0A600A681E2A02D200218B
:10029000716014E00A68B42A02D2412171600EE054
:1002A0000A68F02A02D24621716008E04E2272608C
:1002B000F0220A6003E00022726000220A600470EB
:1002C00009E00020DFF8041C08702820706000207E
:1002D000DFF8F41B08603078BDE8F0876C28002058
:1002E0005029002000080048F8B584B0DFF8E04B42
:1002F000A078002817D001283AD002286AD0032815
:1003000000F0FB80042800F07F81052800F0DF81E9
:10031000062800F0A782072800F07283092800F061
:100320007A8400F0CDBDDFF8AC5B0020E860DFF838
:10033000A86B0A220021300001F028FE3020307026
:10034000302070703020B0703020F070E86800010C
:10035000801CC0B2039002960720019006200090F6
:10036000072300220121A01C02F041FC00F0A8BDDF
:10037000DFF8600BC168491CC160C16804291EDB3D
:10038000DFF8540B02F04EFC012815D1A51C062203
:10039000290014F1080001F047FEF120039000202D
:1003A00002900E20019009200090092300220221D2
:1003B000280002F01CFC0BE00020A07008E0C068E0
:1003C0000001801C0200D2B20021A01C02F0ECFB54
:1003D00000F076BD207909280AD0C0F08C800B2867
:1003E00032D01BD30D285BD044D30E286ED082E0D0
:1003F000A51C0622290014F1080001F015FEF120C9
:1004000003900020029011200190102000901023F2
:1004100000220321280002F0EAFB6CE0A51C062262
:10042000290014F1080001F0FFFDF12003900020E5
:100430000290162001901420009014230022042121
:10044000280002F0D4FB56E0A51C0622290014F176
:10045000080001F0E9FDF1200390002002901A202D
:10046000019018200090182300220521280002F096
:10047000BEFB40E0A51C0622290014F1080001F093
:10048000D3FDF1200390002002901E2001901C203B
:1004900000901C2300220621280002F0A8FB2AE07D
:1004A000A51C0622290014F1080001F0BDFDF12071
:1004B0000390002002902320019020200090202310
:1004C00000220721280002F092FB14E0A51C06225E
:1004D000290014F1080001F0A7FD0020039000207E
:1004E0000290262001902620009026230022082139
:1004F000280002F07CFB00F0E3BC2079102802D039
:10050000112840D07EE0E078002802D001281FD0DA
:1005100038E0A61C0622310014F1080001F084FD29
:10052000DFF8B059F220039015F10C000290112071
:100530000190102000901023E278521CD2B20321C7
:10054000300002F054FBDFF894094078E86019E0CD
:10055000A51C0622290014F1080001F065FDF02019
:100560000390002002902920019029200090292347
:1005700000220921280002F03AFB0120DFF85C1973
:100580000870FFE73EE0E078002802D001281FD085
:1005900038E0A61C0622310014F1080001F044FDE9
:1005A000DFF83059F220039015F10C000290112071
:1005B0000190112000901123E278521CD2B2032145
:1005C000300002F014FBDFF814094068E86019E01D
:1005D000A51C0622290014F1080001F025FDF020D9
:1005E00003900020029029200190292000902923C7
:1005F00000220921280002F0FAFA0120DFF8DC18B5
:100600000870FFE700F05CBC2079142804D05DD3AB
:1006100016283DD01ED359E0A51C0622290014F14E
:10062000080001F001FDF020039000200290292035
:10063000019029200090292300220921280002F09E
:10064000D6FADFF8B81B002008800222022003F04F
:1006500001F93BE0A51C0622290014F1080001F075
:10066000E3FCF02003900020029029200190292033
:100670000090292300220921280002F0B8FADFF8AF
:100680007C1B002008800222032003F0E3F81DE019
:10069000A51C0622290014F1080001F0C5FCF02079
:1006A0000390002002902920019029200090292306
:1006B00000220921280002F09AFADFF8401B0020EE
:1006C00008800222042003F0C5F8FFE7F8E3207950
:1006D000182806D0C0F0C5801A2800F0828040D3C8
:1006E000BFE0E078002802D001281FD038E0A61C27
:1006F0000622310014F1080001F096FCDFF8D4570F
:10070000F220039015F10C0002901A20019018209D
:1007100000901823E278521CD2B20521300002F07A
:1007200066FADFF8B807806AE86019E0A51C0622BF
:10073000290014F1080001F077FCF020039000205C
:1007400002902920019029200090292300220921CC
:10075000280002F04CFA0120DFF880170870FFE74C
:100760007FE0E078002802D001281FD038E0A61CE6
:100770000622310014F1080001F056FCDFF854574E
:10078000F220039015F10C0002901A20019018201D
:1007900000901923E278521CD2B20521300002F0F9
:1007A00026FADFF83807C06AE86019E0A51C0622BF
:1007B000290014F1080001F037FCF020039000201C
:1007C000029029200190292000902923002209214C
:1007D000280002F00CFA0120DFF800170870FFE78C
:1007E0003FE0E078002802D001281FD038E0A61CA6
:1007F0000622310014F1080001F016FCDFF8D4568F
:10080000F220039015F10C0002901A20019018209C
:1008100000901A23E278521CD2B20521300002F077
:10082000E6F9DFF8B806006BE86019E0A51C0622BF
:10083000290014F1080001F0F7FBF02003900020DC
:1008400002902920019029200090292300220921CB
:10085000280002F0CCF90120DFF880160870FFE7CD
:10086000FFE72DE320791C2806D0C0F0C8801E28A1
:1008700000F0858043D3C2E0E078002802D0012850
:1008800022D03BE0A71C0622390014F1080001F039
:10089000CBFBDFF8405615F10C06F22003900296D0
:1008A0001E2001901C2000901C23E278521CD2B222
:1008B0000621380002F09BF9DFF844090078E8606F
:1008C000DFF81806066419E0A51C0622290014F1B9
:1008D000080001F0A9FBF0200390002002902920DD
:1008E000019029200090292300220921280002F0EC
:1008F0007EF90120DFF8E4150870FFE77FE0E0787B
:10090000002802D001281FD038E0A61C06223100A2
:1009100014F1080001F088FBDFF8B855F2200390CD
:1009200015F10C0002901E2001901C2000901D2348
:10093000E278521CD2B20621300002F058F9DFF8FA
:100940009C05806BE86019E0A51C0622290014F1C3
:10095000080001F069FBF02003900020029029209C
:10096000019029200090292300220921280002F06B
:100970003EF90120DFF864150870FFE73FE0E078FA
:10098000002802D001281FD038E0A61C0622310022
:1009900014F1080001F048FBDFF83855F22003900D
:1009A00015F10C0002901E2001901C2000901E23C7
:1009B000E278521CD2B20621300002F018F9DFF8BA
:1009C0001C05C06BE86019E0A51C0622290014F183
:1009D000080001F029FBF02003900020029029205C
:1009E000019029200090292300220921280002F0EB
:1009F000FEF80120DFF8E4140870FFE7FFE75FE28C
:100A00002079202809D0C0F00581222800F08580B7
:100A100043D3232800F0C180FCE0E078002802D016
:100A200001281FD038E0A61C0622310014F108006E
:100A300001F0FAFADFF89C54F220039015F10C0053
:100A4000029023200190202000902023E278521C65
:100A5000D2B20721300002F0CAF8DFF88004406CFF
:100A6000E86019E0A51C0622290014F1080001F035
:100A7000DBFAF02003900020029029200190292029
:100A80000090292300220921280002F0B0F801205B
:100A9000DFF848140870FFE7BCE0E078002802D0D7
:100AA00001281FD038E0A61C0622310014F10800EE
:100AB00001F0BAFADFF81C54F220039015F10C0093
:100AC000029023200190202000902123E278521CE4
:100AD000D2B20721300002F08AF8DFF80004806CFF
:100AE000E86019E0A51C0622290014F1080001F0B5
:100AF0009BFAF020039000200290292001902920E9
:100B00000090292300220921280002F070F801201A
:100B1000DFF8C8130870FFE77CE0E078002802D017
:100B200001281FD038E0A61C0622310014F108006D
:100B300001F07AFADFF89C53F220039015F10C00D3
:100B4000029023200190202000902223E278521C62
:100B5000D2B20721300002F04AF8DFF88003C06CFF
:100B6000E86019E0A51C0622290014F1080001F034
:100B70005BFAF020039000200290292001902920A8
:100B80000090292300220921280002F030F80120DA
:100B9000DFF848130870FFE73CE0E078002802D057
:100BA00001281DD035E0A61C0622310014F10800F2
:100BB00001F03AFAC74DF220039015F10C000290B3
:100BC00023200190202000902323E278521CD2B2EF
:100BD0000721300002F00BF8C048006DE86018E013
:100BE000A51C0622290014F1080001F01DFAF020CE
:100BF00003900020029029200190292000902923B1
:100C000000220921280001F0F2FF0120B3490870F9
:100C1000FFE7FFE754E1207A03280BD0C0F04F81B3
:100C2000052839D0C0F04881072800F0D080C0F0F6
:100C3000878044E1322001F04BFC0320A749087073
:100C4000A07A102802D0112809D024E0DFF8B808D3
:100C50004178A048C068C0B203F091FF1BE00020BB
:100C60000100C9B20B290FDADFF8A0180200D2B2D6
:100C700051F82210974AD268914203D1DFF88818C0
:100C8000487001E0401CEBE7DFF87C084178007811
:100C900003F075FFFFE712E1904D0320287032202A
:100CA00001F016FCA07A182804D048D31A282FD0B7
:100CB00017D344E0287A04F07BF900EE100ADFF83D
:100CC000500890ED091AD0ED080A8248D0ED031AB9
:100CD000F8EEE11AB8EE400A81EE800A02F060FEFA
:100CE0002DE0687A04F064F900EE100ADFF82008BD
:100CF00090ED091A7749D1ED030AF8EEE00AB8EE53
:100D0000400AC0EE800A90ED070A02F049FE16E0A4
:100D1000A87A04F04DF900EE100ADFF8F4076D49E7
:100D2000D1ED030AF8EEE00AB8EE400A80EE801A30
:100D3000D0ED080A90ED070A02F032FEFFE7BEE0B0
:100D4000664D03202870322001F0C2FBA07A1C28D7
:100D500004D03BD31E2823D00CD337E0DFF8A00407
:100D6000D0ED020A90ED010A5A48C068C0B202F004
:100D70000BFF2BE0E87A04F01BF900EE100ADFF815
:100D800080045449D1ED030AF8EEE00AB8EE400AB7
:100D9000C0EE800A90ED010A007802F0F5FE15E041
:100DA000E87A04F005F900EE100ADFF85404D0EDFB
:100DB000020A484991ED031AB8EEC11AB8EE400A8A
:100DC00081EE000A007802F0DFFEFFE777E0434D96
:100DD00003202870322001F07BFBA07A202806D067
:100DE00069D3222835D01BD323284BD063E0287B3E
:100DF00004F0DEF800EE100ADFF81807D0ED031A51
:100E000090ED021AD0ED010A324890ED032AB8EEB7
:100E1000C22AB8EE400A82EE000A02F079FF4AE0E8
:100E2000287B04F0C5F800EE100ADFF8E806D0EDE4
:100E3000031A90ED021A2749D1ED030AF8EEE00AF1
:100E4000B8EE400AC0EE800A90ED000A02F060FFA2
:100E500031E0287B04F0ACF800EE100ADFF8B406AD
:100E6000D0ED031A1B49D1ED030AF8EEE00AB8EE03
:100E7000400A80EE801AD0ED010A90ED000A02F0DF
:100E800047FF18E0287B04F093F800EE100ADFF823
:100E900084061049D1ED030AF8EEE00AB8EE400AE4
:100EA000C0EE801A90ED021AD0ED010A90ED000A12
:100EB00002F02EFFFFE702E002F0BDFCFFE7FFE7D4
:100EC00005B0F0BD00040048002900206029002082
:100ED000B42800206C280020000000207C000020A6
:100EE00010B5DFF83436987800280DD002281DD0D0
:100EF0000BD3042875D026D3062800F0B3807DD309
:100F0000072800F0078178E177E1DFF81006DFF8C5
:100F10001016CA68825C521CCB68C254CA68825CD4
:100F20003A2A02DB3022C968425466E158791979BD
:100F3000884202D21879401E1871F1220021981CB3
:100F400001F032FE59E1D87800280CD1587919798E
:100F5000884202D21879401E1871F1220021981C93
:100F600001F022FE3CE01879102802D0112812D09E
:100F700036E0D878002802D0012801D00AE009E044
:100F8000DFF89C05C168B1F5807F02DAC168491CB1
:100F9000C160FFE724E0D878002802D0012801D002
:100FA0001EE01DE000210800C0B20B2817DADFF8B0
:100FB0005C25DFF86C050B00DBB252F82330C46807
:100FC000A3420AD10B00DBB20A2B06DA0B00DBB21C
:100FD00002EB83025268C26001E0491CE3E7FFE7CD
:100FE0000BE158791979884202D21879401E18719C
:100FF000F1220021981C01F0D7FDFEE0D8780028EE
:101000000CD158791979884202D21879401E18718A
:10101000F1220021981C01F0C7FD22E01879183850
:10102000012802D9801E0ED01BE0D878002802D0FB
:10103000012801D006E005E0DFF8E404C168491C9E
:10104000C160FFE70DE0D878002802D0012801D068
:1010500006E005E0DFF8C804C168491CC160FFE78D
:10106000FFE7CAE0D87800280CD15879197988426E
:1010700002D21879401E1871F1220021981C01F04B
:1010800093FD46E018791C2804D042D31E282CD0AA
:1010900013D33EE0D878002802D0012801D00BE01D
:1010A0000AE0DFF87C14C868002802D10120C8607B
:1010B00001E00020C860FFE72BE0D878002802D0CC
:1010C000012801D010E00FE0DFF8540AC07A03F0E5
:1010D0006FFFDFF84C24D36814214843834202D2C7
:1010E000D068401CD060FFE713E0D878002802D019
:1010F000012801D00CE00BE0DFF82404C168DFF820
:10110000202A926B914202DAC168491CC160FFE754
:10111000FFE772E0D87800280CD158791979884215
:1011200002D21879401E1871F1220021981C01F09A
:101130003BFD61E01879202806D05DD322282FD00E
:101140001AD3232844D057E0D878002802D00128A9
:1011500001D010E00FE0DFF8C809007B03F028FFA2
:10116000DFF8BC23D36814214843834202D2D068FD
:10117000401CD060FFE73FE0D878002802D001286B
:1011800001D00CE00BE0DFF89803C168DFF890298C
:10119000526C914202DAC168491CC160FFE72BE042
:1011A000D878002802D0012801D010E00FE0DFF845
:1011B0007009007B03F0FCFEDFF86423D368502144
:1011C0004843834202D2D068401CD060FFE713E05E
:1011D000D878002802D0012801D00CE00BE0DFF81D
:1011E0004003C168DFF83829D26C914202DAC16845
:1011F000491CC160FFE7FFE7FFE710BD522900204F
:10120000E028002010B5DFF81033987800280DD0C2
:1012100002281DD00BD3042872D026D3062800F054
:10122000AE807AD3072800F0FF806CE16BE1DFF835
:10123000EC02DFF8EC12CA68825C521ECB68C25422
:10124000CA68825C302A02DA3922C96842545AE1FB
:1012500018799979884202D21879401C1871F122C4
:101260000021981C01F0A0FC4DE1D87800280CD199
:1012700018799979884202D21879401C1871F122A4
:101280000021981C01F090FC39E01879102802D058
:10129000112810D033E0D878002802D0012801D0DE
:1012A00008E007E09E48C168012902DBC168491EC9
:1012B000C160FFE723E0D878002802D0012801D0E0
:1012C0001DE01CE00A221000C0B2002816D08F4B8F
:1012D00093491000C0B253F82000CC68A0420BD153
:1012E0001000C0B2002807D01000C0B203EB80008D
:1012F00050F8040CC86001E0521EE4E7FFE702E189
:1013000018799979884202D21879401C1871F12213
:101310000021981C01F048FCF5E0D87800280CD199
:1013200018799979884202D21879401C1871F122F3
:101330000021981C01F038FC20E0187918380128A9
:1013400002D9801E0DD019E0D878002802D00128DB
:1013500001D005E004E07248C168491EC160FFE7A2
:101360000CE0D878002802D0012801D005E004E084
:101370006B48C168491EC160FFE7FFE7C3E0D8784A
:1013800000280CD118799979884202D21879401C2A
:101390001871F1220021981C01F006FC43E0187935
:1013A0001C2804D03FD31E2826D012D33BE0D87887
:1013B000002802D0012801D00AE009E05849C86895
:1013C000002802D10120C86001E00020C860FFE7CA
:1013D00029E0D878002802D0012801D00BE00AE0EB
:1013E0004F48DFF83C17C96BC268914202DAC16806
:1013F000491EC160FFE716E0D878002802D0012816
:1014000001D00FE00EE0DFF81807C07A03F0D0FD3E
:10141000434A00214843D168884202D2D068401E26
:10142000D060FFE7FFE76EE0D87800280CD118798C
:101430009979884202D21879401C1871F122002152
:10144000981C01F0B1FB5DE01879202806D059D333
:1014500022282DD015D323283DD053E0D87800285A
:1014600002D0012801D00BE00AE02D48DFF8B016C9
:10147000896CC268914202DAC168491EC160FFE707
:1014800040E0D878002802D0012801D00FE00EE01B
:10149000DFF88C06007B03F08BFD214A00214843D6
:1014A000D168884202D2D068401ED060FFE729E0B0
:1014B000D878002802D0012801D00BE00AE01848B3
:1014C000DFF85C16096DC268914202DAC168491EF4
:1014D000C160FFE716E0D878002802D0012801D0CB
:1014E0000FE00EE0DFF83806007B03F061FD0C4AE8
:1014F00000214843D168884202D2D068401ED060A3
:10150000FFE7FFE7FFE710BD8C0C0020100700206D
:1015100084270020C4280020B428002000000020D8
:101520006C2800207FB5DFF8FC45A078002814D097
:10153000022816D012D3042800F0898014D306287C
:1015400000F04C81C0F09E80082800F0D382C0F0EB
:10155000F081092800F0D582E0E2DFE20020A070EF
:10156000DCE20020A070D9E22079102802D01128F6
:1015700036D06BE0E078002802D0012816D02EE0AB
:10158000A51CF1200390002002900E20019009205C
:101590000090092300220221280001F028FB0622E6
:1015A000290014F1080000F03FFD18E0A51C0622F8
:1015B000290014F1080000F037FDF1200390DFF856
:1015C0006805029011200190102000901023E0780F
:1015D000421ED2B20321280001F009FBFFE735E0EB
:1015E000E078002802D0012816D02EE0A51CF120BA
:1015F0000390002002900E20019009200090092302
:1016000000220221280001F0F2FA0622290014F13A
:10161000080000F009FD18E0A51C0622290014F1BD
:10162000080000F001FDF1200390DFF800050290B2
:1016300011200190102000901123E078421ED2B2B8
:101640000321280001F0D3FAFFE7FFE766E22079E3
:101650001438022815D8A51CF12003900020029010
:101660000E200190092000900A2300220221280068
:1016700001F0BDFA0622290014F1080000F0D4FCA4
:10168000FFE74BE22079182805D0C0F0A6801A2881
:101690006DD036D3A1E0E078002802D0012816D022
:1016A0002EE0A51CF1200390002002900E20019056
:1016B000092000900B2300220221280001F097FA54
:1016C0000622290014F1080000F0AEFC18E0A51C69
:1016D0000622290014F1080000F0A6FCF120039076
:1016E000DFF84C0402901A20019018200090182373
:1016F000E078421ED2B20521280001F078FAFFE717
:101700006BE0E078002802D0012816D02EE0A51C5E
:10171000F1200390002002900E20019009200090FB
:101720000B2300220221280001F061FA0622290081
:1017300014F1080000F078FC18E0A51C062229002E
:1017400014F1080000F070FCF1200390DFF8E403CE
:1017500002901A200190182000901923E078421E70
:10176000D2B20521280001F042FAFFE735E0E07827
:10177000002802D0012816D02EE0A51CF1200390ED
:10178000002002900E200190092000900B230022DF
:101790000221280001F02BFA0622290014F108008A
:1017A00000F042FC18E0A51C0622290014F10800F4
:1017B00000F03AFCF1200390DFF87C0302901A203D
:1017C0000190182000901A23E078421ED2B2052121
:1017D000280001F00CFAFFE7FFE79FE120791C28C1
:1017E00005D0C0F0A5801E286DD037D3A0E0E078EA
:1017F000002802D0012816D02FE0A51CF12003906C
:10180000002002900E200190092000900C2300225D
:101810000221280001F0EBF90622290014F108004A
:1018200000F002FC19E0A51C0622290014F10800B2
:1018300000F0FAFBC14EF120039002961E200190A9
:101840001C2000901C23E078421ED2B20621280002
:1018500001F0CDF9B2480664FFE769E0E0780028BE
:1018600002D0012816D02DE0A51CF1200390002005
:1018700002900E200190092000900C2300220221EA
:10188000280001F0B4F90622290014F1080000F044
:10189000CBFB17E0A51C0622290014F1080000F07C
:1018A000C3FBF1200390A64802901E2001901C204B
:1018B00000901D23E078421ED2B20621280001F0DC
:1018C00096F9FFE734E0E078002802D0012816D02E
:1018D0002DE0A51CF1200390002002900E20019025
:1018E000092000900C2300220221280001F07FF93A
:1018F0000622290014F1080000F096FB17E0A51C51
:101900000622290014F1080000F08EFBF12003905C
:101910008C4802901E2001901C2000901E23E0782D
:10192000421ED2B20621280001F061F9FFE7FFE76D
:10193000F4E02079202808D0C0F0DB8022286ED087
:1019400038D3232800F0A080D3E0E078002802D02C
:10195000012816D02DE0A51CF12003900020029054
:101960000E200190092000900D2300220221280062
:1019700001F03DF90622290014F1080000F054FBA3
:1019800017E0A51C0622290014F1080000F04CFB0A
:10199000F12003906C4802902320019020200090B9
:1019A0002023E078421ED2B20721280001F01FF95F
:1019B000FFE79EE0E078002802D0012816D02DE055
:1019C000A51CF1200390002002900E200190092018
:1019D00000900D2300220221280001F008F90622C0
:1019E000290014F1080000F01FFB17E0A51C0622D7
:1019F000290014F1080000F017FBF1200390534870
:101A0000029023200190202000902123E078421EA4
:101A1000D2B20721280001F0EAF8FFE769E0E07898
:101A2000002802D0012816D02DE0A51CF12003903B
:101A3000002002900E200190092000900D2300222A
:101A40000221280001F0D3F80622290014F1080031
:101A500000F0EAFA17E0A51C0622290014F108009C
:101A600000F0E2FAF120039039480290232001901F
:101A7000202000902223E078421ED2B207212800C5
:101A800001F0B5F8FFE734E0E078002802D0012843
:101A900016D02DE0A51CF1200390002002900E200E
:101AA0000190092000900D2300220221280001F05E
:101AB0009EF80622290014F1080000F0B5FA17E09C
:101AC000A51C0622290014F1080000F0ADFAF1204F
:101AD000039020480290232001902020009023238F
:101AE000E078421ED2B20721280001F080F8FFE71B
:101AF000FFE713E0062214F10801A01C00F094FA9D
:101B00000CE0074D2878022807D0062214F10801BE
:101B1000A01C00F089FA00202870FFE77FBD0000BC
:101B20007C000020B42800207D00002080000020E0
:101B3000A4000020A8000020AC000020E028002025
:101B4000B4000020B8000020C0000020C400002025
:101B5000C8000020CC000020F8B40300002508686D
:101B6000E840002800F0D78001260F6816FA05F03B
:101B700007403A00002A00F0CC80087910F00300FA
:101B8000012804D0087910F0030002281DD19F68B5
:101B90005FF0030C2800C0B240001CFA00FC37EADA
:101BA0000C07D1F80CC02800C0B240001CFA00FCA1
:101BB0005CEA07079F605868AE40B0434E68C6F3C2
:101BC0000016AE40304304005C60087910F003005A
:101BD00003280ED0DE6803272800C0B240008740EB
:101BE000BE438F682800C0B2400087403E433400A7
:101BF000DC60087910F00300022818D12800C00822
:101C000003EB8000066A0F2715F00700C0B28000C2
:101C10008740BE430F6915F00700C0B280008740BF
:101C20003E4334002800C00803EB800004621E68B5
:101C300003272800C0B240008740BE430F7917F049
:101C400003072800C0B2400087403E4334001C60B8
:101C5000486810F4403F5CD09548066856F001068D
:101C60000660006810F0010000900098914F280075
:101C7000800857F820605FF00F0C15F00300C0B229
:101C800080001CFA00FC36EA0C06B3F1904F01D13B
:101C9000002414E08848834201D101240FE08748E2
:101CA000834201D102240AE08548834201D1032402
:101CB00005E08448834201D1042400E0072415F0A4
:101CC0000300C0B28000844026432800800847F803
:101CD00020607D4C206890434F68FF0200D5104380
:101CE00020607A4E346894434F68BF0200D5144395
:101CF0003460774E306890434F68BF0300D510437F
:101D00003060744E346894434F68FF0300D5144329
:101D100034606D1C23E7F1BC70472DE9F0410300EE
:101D200000250800E840002800F0A880012616FAE7
:101D300005F008400200002A00F09E80DFF874C120
:101D4000280080085CF820000F2715F0030E5FFACA
:101D50008EFE5FEA8E0E17FA0EFE1EEA00000400E9
:101D6000B3F1904F02D15FF0000E19E05248834268
:101D700002D15FF0010E13E05048834202D15FF0C0
:101D8000020E0DE04E48834202D15FF0030E07E0E1
:101D90004C48834202D15FF0040E01E05FF0070E71
:101DA00015F00300C0B280001EFA00FE74452CD16D
:101DB0004848D0F800E03EEA020EC0F800E044488F
:101DC000D0F800E03EEA020EC0F800E03F48D0F84C
:101DD00000E03EEA020EC0F800E03B48D0F800E028
:101DE0003EEA020EC0F800E015F00300C0B2800029
:101DF00017FA00F00400280080085CF82000A043D7
:101E0000AE465FEA9E0E4CF82E005FF0030C186899
:101E1000AE465FFA8EFE5FEA4E0E1CFA0EFE5EEADA
:101E2000000018602800C00803EB800E2800C008DE
:101E300003EB8000D0F8208015F00700C0B28000CE
:101E4000874038EA0707CEF8207098682F00FFB265
:101E50007F001CFA07F7B84398605868AE4030EA34
:101E600006065E60DE682800C0B240001CFA00FC76
:101E700036EA0C0CC3F80CC06D1C52E7BDE8F081CB
:101E8000020010690B009BB2184201D0012000E053
:101E90000020C0B270471300DBB2002B03D00B0050
:101EA0009BB2836102E00B009BB28362704700002B
:101EB000601002400800014000040048000800488B
:101EC000000C004800100048080401400C040140C8
:101ED000040401400004014038B504000D00DFF89F
:101EE000FC010168200000F006F8A84201D301209F
:101EF00000E0002032BD814204D25FF0FF32101AB0
:101F0000081800E0081A704738B52DED048B08EE6C
:101F1000100A0C001500DFED438A2800C0B2FB2830
:101F200010DBB8EEC89A2800C0B24042C0B200F040
:101F30008BF829EE009A00212000B0EE490A00F04B
:101F4000B1F80EE0B8EEC89A2800C0B200F07CF8F4
:101F500089EE009A2900C9B22000B0EE490A00F0CB
:101F6000A1F8BDEC048B31BD10B400210A008388B8
:101F700092B29A4206D2002203680C00A4B21A550B
:101F8000491CF3E70022828010BC704710B40400A3
:101F900013005A1E9BB2002B02D02170641CF7E77D
:101FA00010BC704770B504000D001600DFF8240166
:101FB00000782100C9B2884209D3DFF824211068D3
:101FC000002804D0310089B228001268904770BD03
:101FD00038B504000D00280003F0F0F9020092B2B9
:101FE00029002000C0B2FFF7DDFF31BD70B504004D
:101FF0000D00280003F0E2F9020092B2290020004F
:10200000C0B2FFF7CFFFDFF8DC603068002807D0F0
:10201000280003F0D3F9010089B228003268904704
:1020200070BD00000000000030B404000D0013007B
:102030005A1E9BB2002B04D02B7823706D1C641C9D
:10204000F5E730BC7047000010B504002000C0B2B6
:10205000FB2816DB2000C0B2D0F5807003F0E6F953
:1020600041EC110B9FED200B03F0F9F953EC102B11
:102070000020194903F0FCF903F01EFB00EE100AE2
:102080000FE02000C0B203F04BFB41EC110B9FEDC1
:10209000160B03F0E4F951EC100B03F00DFB00EE0E
:1020A000100A10BD38B52DED028B82B0B0EE408A1B
:1020B00004000D0018EE100A03F040FBCDE900010A
:1020C0002A000B49200003F05DFB02B0BDEC028B3F
:1020D00031BD0000900C00200000F03F402900209E
:1020E000482900204429002000000000000024406E
:1020F000DCFA000880B500224FF40071DFF8B80B5D
:10210000FFF7C9FE00224FF400715FF09040FFF727
:10211000C2FE03F057FBDFF8A40BDFF8A41B016439
:10212000DFF8FC1B421CC1F88821021DC1F8A02168
:1021300010F134020A6210F11C028A63027A81F8FB
:102140003D2010F120020A65427A81F8552010F1F5
:1021500024028A66827A81F86D2010F11402C1F897
:10216000D021427A81F8D52110F12802C1F8482205
:10217000027A81F84D2210F12C02C1F86022427AD5
:1021800081F8652210F13002C1F87822827A81F854
:102190007D2210F13802C1F8C022C27A81F8C5222E
:1021A00010F13C02C1F8D822C27A81F8DD2210F188
:1021B0004402C1F80823027B81F80D2310F1480284
:1021C000C1F82023027B81F8252310F14C02C1F8CD
:1021D0003823027B81F83D2310F15002C1F85023CF
:1021E000007B81F85503DFF83C0B0068C1F89803C9
:1021F000DFF8340B0068C1F8C80301BD38B5002012
:1022000000242000C0B2072835DADFF8205B200068
:10221000C0B200012844407801282AD12000C0B271
:1022200000012844406800280ED003F023FB210061
:10223000C9B2090129444968401A2100C9B20901FB
:1022400029448968884214D300202100C9B20901B9
:102250002944487003F00EFB2100C9B2090129444A
:1022600048602000C0B22100C9B209012944C968F0
:102270008847641CC5E7002032BD38B50400DFF88C
:10228000B85A687800281FD100224FF40071DFF897
:10229000280AFFF700FE00224FF400715FF0904023
:1022A000FFF7F9FD03F08EFA892000902023072222
:1022B0000521DFF8880A03F0E3FA012068700221A3
:1022C000DFF8680A03F024FC012032BD7CB504006D
:1022D000DFF86C5A2878002803D0022823D003D3D3
:1022E0003DE003F03FFC3AE003F0B2FC89200090AF
:1022F000202307220521DFF8440A03F0C1FADFF8A2
:10230000442A03212C2003F0D5FBDFF83C2A0421CA
:10231000082003F0CFFB03F0F8FC41F28830DFF82F
:102320000C1A88611BE00120DFF80C1A4870892024
:102330000090202307220521DFF8000A03F0A0FA0D
:10234000DFF8E8690221300003F0E2FB03213000EE
:1023500003F0DEFB0421300003F0DAFBFFE728780E
:10236000401C28702100C9B2DFF8C00903F0DFFB70
:10237000012076BD70B5040000F0BCF8DFF8B85954
:102380006878012803D1A87800F0E5FB04E000217B
:10239000DFF8980903F0BCFBDFF8B009A9780278F0
:1023A000914207D0A9780170DFF8A4090068DFF82E
:1023B000A4190860A8780A2812D1DFF898694FF4A8
:1023C000FA613068FFF788FD012809D1DFF880093C
:1023D00000683060062215F10801A81CFFF724FEF2
:1023E0002100C9B2DFF8440903F0A1FB012070BD50
:1023F00010B50400DFF86019DFF860090069FFF725
:102400006BFD012827D1DFF858090178012905D192
:10241000002101700020DFF820198870DFF84409DE
:102420000188491C018042F21071DFF80029230065
:10243000DBB21B011A449268B1FBF2F102888A42B6
:102440000DD300210180DFF8F0188878002806D02D
:102450000020887003E00120DFF8041908702100D3
:10246000C9B2DFF8C80803F062FB012010BD38B51F
:102470000400FDF7A4FEDFF8E458287A012808D10B
:102480000521DFF8A80803F043FBDFF8C408006863
:1024900028612100C9B2DFF8940803F048FB01204D
:1024A00032BD10B50400FDF771FEDFF8B008002161
:1024B000017000210172012010BD10B5040000223E
:1024C0004FF40051DFF8F007FFF7E5FC012010BDE5
:1024D00010B5040001224FF40051DFF8DC07FFF7CC
:1024E000DAFCDFF84808210089B28166062103F092
:1024F0001EFB10BD38B5DFF8C447DFF86C08216C4F
:10250000097850F82100DFF81818C1F8A802DFF8A0
:102510005C0801786170DFF85818407851F82000A5
:102520006060207A02F044FD00EE100ADFF84458A3
:10253000B8EE400AD5ED010A20EE200ABDEEC00A31
:1025400084ED040A607A02F033FD00EE100AB8EE62
:10255000400AD5ED020A20EE200ABDEEC00A84ED45
:10256000050AA07A02F024FD00EE100AB8EE400A37
:10257000D5ED030A20EE200ABDEEC00A84ED060A5E
:10258000207A02F015FD00EE100AB8EE400AD5EDF3
:10259000040A20EE200ABDEEC00A84ED070A607A24
:1025A00002F006FD00EE100AB8EE400AD5ED050A6D
:1025B00020EE200ABDEEC00A84ED080AA07A02F0DF
:1025C000F7FC00EE100AB8EE400AD5ED060A20EE40
:1025D000200ABDEEC00A84ED090A207A02F0E8FC68
:1025E00000EE100AB8EE400AD5ED070A20EE200AE8
:1025F000BDEEC00A84ED0A0A607A02F0D9FC00EE52
:10260000100AB8EE400AD5ED080A20EE200ABDEE09
:10261000C00A84ED0B0AA07A02F0CAFC00EE100A90
:10262000B8EE400AD5ED090A20EE200ABDEEC00A38
:1026300084ED0C0ADFF8400790ED010AF2EE040A7F
:1026400020EE200ABDEEC00A84ED0D0AE07A02F009
:10265000AFFC00EE100ADFF86856B8EE400AD5ED80
:10266000020A20EE200ABDEEC00A84ED0E0AE07ACE
:1026700002F09EFC00EE100AB8EE400AD5ED010A09
:1026800020EE200ABDEEC00A84ED0F0A207B02F086
:102690008FFC00EE100ADFF8E456B8EE400AD5EDE4
:1026A000000A20EE200ABDEEC00A84ED110A207B4C
:1026B00002F07EFC00EE100AB8EE400AD5ED010AE9
:1026C00020EE200ABDEEC00A84ED120A207B02F043
:1026D0006FFC00EE100AB8EE400AD5ED020A20EEBB
:1026E000200ABDEEC00A84ED130A207B02F060FCD4
:1026F00000EE100AB8EE400AD5ED030A20EE200ADB
:10270000BDEEC00A84ED140A31BD2DE9F84F8AB040
:1027100006002021002202AC200003F063FB00240D
:10272000002500208DF8050000208DF806001827F0
:10273000DFF8EC853000C0B27843404490F8159043
:102740003000C0B2784340444068002842D00121A4
:102750003000C0B200F0A9F900280ED13000C0B29C
:102760007843404442683000C0B278434044017D21
:102770004846C0B203F09EF91EE05FF0000A300048
:10278000C0B278434044406802F018FE5146C9B2D6
:10279000814207D2202002A95246D2B288541AF1AF
:1027A000010AECE702AA3000C0B278434044017D40
:1027B0004846C0B203F07EF93000C0B278434044CE
:1027C000406802F0FBFDDFF8B8150979491C484361
:1027D00010FA89F93000C0B278434044806800287C
:1027E00000F03A813000C0B278434044007B0028BA
:1027F0000BD002281ED012D3042830D024D30628B0
:1028000045D036D307283ED044E03000C0B27843EC
:10281000404480680078002104000D003AE0300058
:10282000C0B278434044806890F90000C1170400AA
:102830000D002FE03000C0B278434044806800882B
:10284000002104000D0025E03000C0B27843404470
:102850008068B0F90000C11704000D001AE03000D4
:10286000C0B27843404480680068002104000D0035
:1028700010E03000C0B27843404480680068C1175F
:1028800004000D0006E001208DF8050002E00220A2
:102890008DF805009DF8050000280CD13000C0B26D
:1028A00078434044407B40420200D2B202A920005B
:1028B000FFF72AFB26E09DF8050001281AD1300019
:1028C000C0B278434044806802F078FD202819D2D5
:1028D0003000C0B278434044806802F06FFD0200CF
:1028E00092B23000C0B278434044816802A8FFF73A
:1028F0009BFB07E03000C0B278434044806800781A
:102900008DF8080002213000C0B200F0CEF8012896
:1029100023D13000C0B278434044807DC0B200096A
:102920008DF806009DF806000F2805D0202002A98A
:102930009DF80620885410E05FF0000A02A802F01B
:102940003DFD5146C9B2814207D2202002A952461C
:10295000D2B288541AF1010AF0E73000C0B202285E
:102960005ED15FF0000A00208DF804003000C0B294
:1029700078434044407B002802D009208DF80400B1
:10298000392000902E2315220F21DFF8F80303F0E1
:102990005DFA02A802F012FD8346DFF8E403007935
:1029A000401C00FB0BFB5846C0B2022190FBF1F02B
:1029B0001F280BDA5846C0B2022190FBF1F0D0F18B
:1029C00040009DF8041050FA81FA07E05846C0B262
:1029D000D0F15F009DF8041050FA81FA02AA30008D
:1029E000C0B278434044007D401CC0B2DFF8901371
:1029F0004979D1EBC001491EC9B25046C0B203F0BB
:102A0000CFFB5AFA8BF09DF80490B0EB09098920AE
:102A10000090202307220521C84802F031FF1BE067
:102A200089200090202307220521C44802F028FFB6
:102A300002AA3000C0B278434044017D4846C0B28B
:102A400003F038F802A802F0B9FCCD490979491C15
:102A5000484310FA89F081463000C0B278434044C0
:102A6000006900281ED03000C0B27843404480681E
:102A7000002817D03000C0B2784340448068C24973
:102A800088420FD03000C0B2784340440269300021
:102A9000C0B207FB00F708EB0700017D4846C0B253
:102AA00003F008F80BB0BDE8F08FF8B504000D0096
:102AB0009B492200D2B21820424301EB0200817DE3
:102AC0002800C0B201402800C0B281422FD1AC26FC
:102AD000AE4F4FF496712800C0B2704338442200C4
:102AE000D2B250F82200FFF7F7F901282AD12800C6
:102AF000C0B206FB00F607EB06002100C9B2944AFB
:102B0000126840F821202B20A1492A00D2B242436A
:102B10000A442300DBB22E00F6B200FB06F00844A4
:102B20002100C9B2405CD0F10100D0540AE09849BC
:102B30002A00D2B22B20424301EB02002100C9B28D
:102B4000002242549249EDB22B20454301EB05008F
:102B5000E4B2005DF2BD70B50400002603F078F821
:102B600000F077F82000C0B200F07DF82000C0B27D
:102B700000F0A8F80025280080B22B2811DA684957
:102B80002A0092B21820424301EB0200C07D2100CE
:102B9000C9B2884203D12800C0B2FFF7B6FD6D1C50
:102BA000E9E703F0B2F870BDF0B44271C47803797C
:102BB0002500EDB2AB420AD3F025594E2700FFB2F3
:102BC00018235F4306EB07039D75641CEFE718238A
:102BD000534C85785D4325444679AE75002904D071
:102BE000857803FB05F323449960F0BC70472DE919
:102BF000F84F0700884691469A460A9E0B9DDDF8DD
:102C000030B00D9C87F8008087F8019087F802A00B
:102C1000FE703D712200D2B259463800FFF7C4FF62
:102C2000BDE8F18F10B4010000221000C0B20428EA
:102C30000CD21000C0B2085C564B1400E4B21B5D0D
:102C4000984201D0002002E0521CEEE7012010BCA7
:102C5000704780B50120009008237F2208210020C2
:102C600003F022FB01BD70B504002000C0B20028B3
:102C700020D14048007800280ED1294D2CA63200E2
:102C800095F85C10782002F015FF320095F874106A
:102C9000782002F00FFF0DE026A6214D320095F8B6
:102CA0005C10782002F006FF320095F8741078204E
:102CB00002F000FF70BD0000000800487C0000200A
:102CC000E02800200100C9B2092924D1324909783D
:102CD000002906D002290ED008D3042915D00FD31D
:102CE00018E02E490E4AC2F8E01318E02C490C4AAD
:102CF000C2F8E01313E02B49094AC2F8E0130EE0D2
:102D00002949074AC2F8E01309E02849044AC2F8F1
:102D1000E01304E003E02149014AC2F8E0137047E0
:102D200034010020D4050020D00000200C00002039
:102D3000200000004E000000B4280020D8EE00085B
:102D4000612900207CF8000874F400086229002042
:102D5000402900201029002080EE36006C28002039
:102D600063290020542900202C0100208C0C002015
:102D70001007002084270020F8280020C428002005
:102D8000D4280020B0EC00088E0C0020441900204C
:102D9000E0220020D80000207C000020DC00002081
:102DA000EC000020FC0000200C0100201C01002091
:102DB00010B504000121DFF8E80C02F0B8FE012094
:102DC00010BD30B587B004001421002202AD2800E8
:102DD00003F008F8DFF8B80BD0E90023CDE90023B1
:102DE00002A80090DFF8AC5B2978684600F017FA7B
:102DF00028786870BDF80410009800F0A2FD2878CB
:102E0000002803D12878401C287001E00020287099
:102E1000DFF88C5C0221280002F07AFE03212800F2
:102E200002F085FE2100C9B2280002F080FE0120D8
:102E300007B030BD10B50400DFF85C1B888800289F
:102E400010D0DFF8580B02888B889A4208D10021F5
:102E500001800321DFF8480C02F05AFE012008E04F
:102E6000898801802100C9B2DFF8340C02F05FFECE
:102E7000012010BD2DE9F041040000250026DFF8F7
:102E8000187BB88803283DDB3868B988084410F8F7
:102E9000010C3968BA88114411F8021C51EA00216A
:102EA0000E00B988891E386803F098FA05002800DA
:102EB000310080B289B288421DD10721DFF8E00BD2
:102EC00002F035FE3868007805280DD1DFF8C48A95
:102ED000012198F8010000F0BBF998F80120D7E92A
:102EE000000100F0A5F913E00021DFF8A80A4078FE
:102EF00000F0AEF90CE00021DFF8980A407800F00D
:102F0000A7F905E00021DFF88C0A407800F0A0F96D
:102F1000DFF8800A407800F0F1F80221DFF8800B3A
:102F200002F017FE0120BDE8F0810100DFF8280D56
:102F30000278032A01D0042202700120704710B5E4
:102F400004000020DFF85C1B08702100C9B2DFF824
:102F5000500B02F0ECFD012010BD10B50400DFF8AD
:102F6000480B0178012936D1DFF8101CC9780129F6
:102F700031D1DFF80C1C91ED040AD0ED020AB4EE59
:102F8000600AF1EE10FA08DA91ED040AD0ED010AB8
:102F9000B4EE600AF1EE10FA0ED501224FF4006192
:102FA0005FF09040FEF777FF01224FF480515FF011
:102FB0009040FEF770FF1CE000224FF400615FF0CC
:102FC0009040FEF768FF00224FF480515FF0904080
:102FD000FEF761FF0DE000224FF400615FF09040CA
:102FE000FEF759FF00224FF480515FF09040FEF74A
:102FF00052FFDFF8AC0A4FF47A7181662100C9B242
:1030000002F095FD012010BD38B50400DFF8741BF7
:10301000087800281FD101200870DFF8405C0122E9
:1030200010212800FEF737FF002208212800FEF7B4
:1030300032FF00220421DFF8280CFEF72CFF4FF4AA
:10304000FA60DFF85C1A886703F0AAFB03F053FD0F
:1030500003F042FD12E00020087001220821DFF891
:10306000FC0BFEF718FF01220421DFF8F40BFEF73A
:1030700012FF4EF66020DFF8281A88672100C9B2D7
:10308000DFF81C0A02F053FD012032BD10B5040028
:10309000DFF8EC1A0878002803D1002081F8280016
:1030A00011E0DFF8C00B8278042A05D08278092A63
:1030B00006D1007A042803D1032081F8280002E019
:1030C000022081F82800DFF8B40AC078012806D170
:1030D000012081F82900012081F82A0005E0002064
:1030E00081F82900002081F82A002100C9B2DFF808
:1030F000B00902F01CFD012010BD000038B52DED17
:10310000028B04009FED978A2000C0B2012860D195
:10311000DFF86C5A95ED010ADFED930A20EE200AE4
:10312000BDEEC00A10EE100A00F042FA85ED010A69
:1031300095ED010A00F0B0FA85ED040A95ED030A59
:1031400000F00AFB85ED060A95ED020A00F006FB89
:1031500085ED050A95ED060AD5ED090A30EE200A3F
:10316000DFF8A80BD0ED020AF4EE400AF1EE10FAF7
:1031700002D5D0ED020A0BE0D0ED030AB4EE600AEE
:10318000F1EE10FA02D5D0ED030A01E0F0EE400AAC
:10319000C5ED060AD5ED040A95ED071A30EE818AD1
:1031A000D0ED000AF4EE480AF1EE10FA02D590EDE7
:1031B000000A0BE090ED010AB4EE408AF1EE10FA3D
:1031C00002D590ED010A01E0B0EE480A85ED040A4F
:1031D000FFE7DFF8AC592878002807D100206860A5
:1031E00095ED010A00F058FA85ED040A28780028C8
:1031F00007D10020E86095ED030A00F0ADFA85EDF7
:10320000060A2878002807D10020A86095ED020A58
:1032100000F0A4FA85ED050ABDEC028B31BD38B58E
:1032200004000D002900C9B2200000F01BF831BDD8
:1032300070B504000D00160020000078C0B205280B
:1032400005D13200D2B22000290000F08FF870BD05
:1032500038B504000D002900C9B22000C0B200F04A
:1032600024F931BD7FB504000D000221002202AE19
:10327000300002F0B7FD00262800C0B2002806D0BA
:1032800002282ED024D3042855D03FD368E0DFF89D
:10329000140890ED010AF2EE040A20EE200ABDEEB9
:1032A000C00A10EE100A0600300080B2000A8DF845
:1032B000080030008DF8090002A80190012000905C
:1032C0004FF4815306220521200003F0F3F847E074
:1032D00006200090002303220521200003F09CF823
:1032E0003EE0DFF8A80D818802290ED10168019126
:1032F0008088022190FBF1F080B2009041F204033B
:1033000006220521200003F0D5F829E0DFF87C0D26
:10331000818802290ED1016801918088022190FBE9
:10332000F1F080B200904FF4805306220521200076
:1033300003F0C0F814E0DFF8540D818802290ED1A3
:10334000016801918088022190FBF1F080B2009029
:1033500042F2200306220521200003F0ABF8FFE72C
:103360007FBD0000000000000000C8422DE9F047CA
:103370002DED048B84B004000D0092460020ADF8C2
:1033800008009FEDC28A00265046C0B2002806D031
:10339000401E05D0401E022840F27F8080E07FE082
:1033A0000320ADF80800022202A9200000F096FADE
:1033B00008EE900A022202A9200000F08FFA81464E
:1033C000DFF8BC77B8EE680A10EE100A02F0B6F922
:1033D000CDE90001484602F0A3F941EC110B9FED45
:1033E000AC0B02F03CF853EC102BDDE9000102F0CD
:1033F0003FF802F061F97860022202A9200000F093
:103400006DFA09EE100A022202A9200000F066FA05
:103410008046B8EE490A10EE100A02F08FF9CDE9A5
:103420000001404602F07CF941EC110B9FED980B36
:1034300002F015F853EC102BDDE9000102F018F84A
:1034400002F03AF9F860022202A9200000F046FAE0
:1034500000EE100AB0EE408A022202A9200000F01D
:103460003DFA0600B8EE480A10EE100A02F066F9BE
:10347000CDE90001300002F053F941EC110B9FED52
:10348000840B01F0ECFF53EC102BDDE9000101F09F
:10349000EFFF02F011F9B86002E000F0BFF9FFE7BA
:1034A00004B0BDEC048BBDE8F0870200D2B2002A64
:1034B000042A1BD80A00D2B2012A0ED1DFF8C02696
:1034C00000235370012313700200D2B2012A0CD1E1
:1034D0000122DFF8A836DA7007E0DFF8A426537877
:1034E000032B02DA53785B1C5370FFE7DFF890364A
:1034F0005A78002A0ED05A78032A0BDB00221A7061
:1035000000225A6000229A600022DA600022DFF86E
:103510006C36DA7070472DE9F04100242500EDB2D9
:103520000A2D43DA00252E00F6B2092E3CDA2E00D1
:10353000F6B201EB860676682F00FFB251F82770CD
:10354000BE422FDA00262F00FFB251F82770AC469A
:103550005FFA8CFC01EB8C0CDCF804C0AE465FFA21
:103560008EFE41F82EC0AC465FFA8CFC01EB8C0C51
:10357000CCF80470AC465FFA8CFC50F82CC0AE4618
:103580005FFA8EFE00EB8E0EDEF804E0A8465FFACE
:1035900088F840F828E0AE465FFA8EFE00EB8E0E0B
:1035A000CEF804C06D1CBEE7641CB7E7BDE8F0812F
:1035B00038B52DED028B04009FED348ADFF8681BCF
:1035C000087800282AD10120087000210800C0B224
:1035D0000A2815DA0800C0B2DFF8502B0B00DBB266
:1035E00042F82300DFF8482B0800C0B252F8200050
:1035F000002803D10800C0B242F82040491CE5E78A
:10360000DFF82C5B092300222900DFF8200BFFF7ED
:1036100082FF95ED050AB8EEC00A30E000200100F7
:10362000C9B20A291EDADFF8041B0200D2B251F82F
:103630002220092A0BD100220300DBB241F823200B
:10364000DFF8EC1A0200D2B241F8224008E0020092
:10365000D2B251F82220521C0300DBB241F82320E1
:10366000401CDCE7DFF8C85A092300222900DFF8F4
:10367000BC0AFFF750FF95ED050AB8EEC00ADFED72
:10368000C10A80EE200ABDEC028B31BD00000000B3
:103690000000000000002440F0EE400A9FED8B1A6D
:1036A0009FED8B3ADFED8B3AF5EE400AF1EE10FA22
:1036B00040D0F0EE603A9FED880ADFF8340C90EDD0
:1036C000004A34EE634AB4EE404AF1EE10FA08DAEA
:1036D00090ED004A33EEC44AB4EE404AF1EE10FADF
:1036E00003DB9FEDA90A21EE001ADFF8300B90ED05
:1036F000000AF0EE401ADFF8281B91ED000A30EEC8
:10370000010AB0EE402A32EE030A82EE000AF0EE21
:10371000402A33EEE10AB0EE614A00EE224A80ED23
:10372000004AB7EE000A30EE620A20EE020A81ED8E
:10373000000A08E0DFF8E80A5FF07E510160DFF878
:10374000DC0A00210160DFF8D40ADFF8A41B02685C
:103750000A6090ED000A704770470000F0EE400AE2
:103760009FED5A1A9FED5A3ADFED5A3AF5EE400AAC
:10377000F1EE10FA40D0F0EE603A9FED840ADFF8E7
:10378000740B90ED004A34EE634AB4EE404AF1EE19
:1037900010FA08DA90ED004A33EEC44AB4EE404A1B
:1037A000F1EE10FA03DB9FED780A21EE001ADFF844
:1037B000480B90ED000AF0EE401ADFF8401B91ED47
:1037C000000A30EE010AB0EE402A32EE030A82EE21
:1037D000000AF0EE402A33EEE10AB0EE614A00EE54
:1037E000224A80ED004AB7EE000A30EE620A20EE6F
:1037F000020A81ED000A08E0DFF8000B5FF07E515D
:103800000160DFF8F40A00210160DFF8EC0ADFF85C
:10381000E41A02680A6090ED000A704780B5032040
:10382000DFF83414087004219D4802F092F9322028
:10383000FEF74EFE01BD80B5DFF8C40A0078554999
:1038400008700220DFF8101408700421944802F078
:103850006EF901BD2DE9F04104000D0016002F00A6
:10386000DFF828884046FEF77FFB300080B2022850
:1038700002D004280BD01DE07878D8F8001008702A
:103880003878D8F800104870A8F8046015E0787807
:10389000D8F8001008703878D8F800104870F87818
:1038A000D8F800108870B878D8F80010C870A8F858
:1038B000046002E00020A8F80400DFF8440A047065
:1038C0000120DFF8401A0870BDE8F08195BFD633BB
:1038D00017B7D1380000000001000040F0B4030029
:1038E00000200C881500EDB2042D16D12500ADB2D4
:1038F0001D44AE782500ADB21D44ED7855EA06258D
:103900002600B6B29E5D2700BFB21F447F7857EAFB
:10391000062757EA054738000DE01500EDB2022DE5
:1039200009D12500ADB25D5D2600B6B21E447678A1
:1039300056EA052630000D8855FA82F50D80F0BC58
:10394000704770B504000D00DFF8BC6901224FF428
:1039500080513000FEF79FFA0A2003F0EFF803F0E1
:10396000B3F84FF47A732A0092B22100DFF89C0971
:1039700003F035F900224FF480513000FEF78BFA46
:1039800070BD00000000C84200007A440100A04160
:1039900094FA00085C2900203C0C00205A290020E1
:1039A0002DE9F0472DED048B8EB0B0EE409AB0EECD
:1039B000608AF0EE418A322100226C46200002F03B
:1039C00011FA0024002500260027DFF8B4A18AEDB3
:1039D000079A8AED088ACAED098A9AED070A01F06A
:1039E000DBFC80469AED080A01F0D6FC81469AED90
:1039F000090A01F0D1FC824668464146090E2200C0
:103A0000D2B28154641C4146090C2200D2B28154C6
:103A1000641C4146090A2200D2B28154641C210070
:103A2000C9B200F80180641C4946090E2200D2B2D6
:103A30008154641C4946090C2200D2B28154641C92
:103A40004946090A2200D2B28154641C2100C9B23D
:103A500000F80190641C5146090E2200D2B2815434
:103A6000641C5146090C2200D2B28154641C514698
:103A7000090A2200D2B28154641C2100C9B200F8A4
:103A800001A0641C2200D2B292B26946DFF880081D
:103A900004F0C2F80EB0BDEC048BBDE8F087000066
:103AA00084070020F8280020E0280020F8B5002432
:103AB00000250026DFF858080078C0B2FF2855D04E
:103AC000DFF850080178C9B20906DFF84C08007821
:103AD000C0B251EA0041DFF844080078C0B251EAB0
:103AE0000021DFF83C080078C0B201430C00DFF889
:103AF00034080178C9B20906DFF82C080078C0B292
:103B000051EA0041DFF824080078C0B251EA0021F0
:103B1000DFF81C080078C0B201430D00DFF814087C
:103B20000178C9B20906DFF810080078C0B251EA7E
:103B30000041DFF808080078C0B251EA0021DFF840
:103B400000080078C0B201430E000D4F17F11C01B0
:103B5000200001F049FB17F12001280001F044FB8F
:103B600017F12401300001F03FFB06E0044800217A
:103B7000C1610021016200214162F1BD24290020C0
:103B800084270020692900202DE9F0472DED028BC4
:103B90008EB00400F0EE408AB0EE608A322100223E
:103BA0006D46280002F01EF9002500260027DFF8E8
:103BB00094A78AF800408AED028ACAED018A9AED3C
:103BC000020A01F0E9FB80469AED010A01F0E4FBEC
:103BD000814668469AF800102A00D2B281546D1CC2
:103BE0004146090E2A00D2B281546D1C4146090C8F
:103BF0002A00D2B281546D1C4146090A2A00D2B271
:103C000081546D1C2900C9B200F801806D1C494621
:103C1000090E2A00D2B281546D1C4946090C2A00B3
:103C2000D2B281546D1C4946090A2A00D2B281548D
:103C30006D1C2900C9B200F801906D1C2A00D2B297
:103C400092B26946DFF8000703F0E6FF0EB0BDEC64
:103C5000028BBDE8F08700007C00002000040048D3
:103C6000000C0048B428002070B500240025DFF8BF
:103C7000D8060078C0B2FF283DD0DFF8C866DFF86C
:103C8000CC0600783070DFF8C8060178C9B20906A2
:103C9000DFF8C0060078C0B251EA0041DFF8B8068C
:103CA0000078C0B251EA0021DFF8B0060078C0B257
:103CB00001430C00DFF8A8060178C9B20906DFF855
:103CC000A4060078C0B251EA0041DFF89C060078F3
:103CD000C0B251EA0021DFF894060078C0B2014377
:103CE0000D0016F10801200001F07EFA311D2800B8
:103CF00001F07AFA08E0DFF84C0600210170DFF8E5
:103D0000701681600021416070BD0000C428002051
:103D10002DE9F84F2DED048B8EB0F0EE409AB0EE09
:103D2000608AF0EE418AB0EE619A3221002201AC45
:103D3000200002F057F85FF0000B002000900024F4
:103D400000250026DFF82CA6CAED009A8AED018A2C
:103D5000CAED028A8AED039A9AED000A01F01CFB73
:103D600007009AED010A01F017FB80469AED020A5E
:103D700001F012FB81469AED030A01F00DFB824629
:103D800001A83900090E5A46D2B281541BF1010B29
:103D90003900090C5A46D2B281541BF1010B39008B
:103DA000090A5A46D2B281541BF1010B5946C9B2D5
:103DB00047541BF1010B4146090E5A46D2B28154B9
:103DC0001BF1010B4146090C5A46D2B281541BF13A
:103DD000010B4146090A5A46D2B281541BF1010B2C
:103DE0005946C9B200F801801BF1010B4946090E82
:103DF0005A46D2B281541BF1010B4946090C5A466E
:103E0000D2B281541BF1010B4946090A5A46D2B27B
:103E100081541BF1010B5946C9B200F801901BF106
:103E2000010B5146090E5A46D2B281541BF1010BC7
:103E30005146090C5A46D2B281541BF1010B51462E
:103E4000090A5A46D2B281541BF1010B5946C9B234
:103E500000F801A01BF1010B5A46D2B292B201A99F
:103E6000DFF8140503F0D8FE0EB0BDEC048BBDE8FE
:103E7000F18F2DE9F0410024002500260027DFF80E
:103E8000F8040078C0B2FF2871D0DFF8F0040178A0
:103E9000C9B20906DFF8E8040078C0B251EA00416F
:103EA000DFF8E0040078C0B251EA0021DFF8D8045E
:103EB0000078C0B201430C00DFF8D0040178C9B229
:103EC0000906DFF8CC040078C0B251EA0041DFF8FF
:103ED000C4040078C0B251EA0021DFF8BC040078C5
:103EE000C0B201430D00DFF8B4040178C9B209067D
:103EF000DFF8AC040078C0B251EA0041DFF8A40456
:103F00000078C0B251EA0021DFF89C040078C0B20A
:103F100001430E00DFF894040178C9B20906DFF806
:103F200090040078C0B251EA0041DFF888040078BC
:103F3000C0B251EA0021DFF880040078C0B201432A
:103F40000F00DFF830844146200001F04DF918F1F0
:103F50000401280001F048F918F10801300001F0CF
:103F600043F918F10C01380001F03EF90BE0DFF8DD
:103F70000404DFF8FC13016000214160DFF83C1409
:103F800081600021C160BDE8F08178B591B0040086
:103F90000D003C21002202AE300001F023FF002082
:103FA000ADF804000321082000F0E9FD0B2000908B
:103FB0000023DFF80C2401A902A801F0FFF84FF458
:103FC0007A73BDF8042002A9DFF8F80302F007FEB7
:103FD00012B070BD78B591B004000D003C210022F4
:103FE00002AE300001F0FEFE0020ADF80400C8482B
:103FF00003F0E2FDD44803F0DFFDD2480021017058
:10400000DFF86C138160002141600D2000900023D7
:10401000DFF8B42301A902A801F0D0F84FF47A73B5
:10402000BDF8042002A9DFF89C0302F0D8FD12B00D
:1040300070BD38B590B004000D0003A8DFF88C13F4
:10404000322203F02DFEDFF88803D0E90023CDE90A
:10405000012303A801900023DFF87803027802A966
:1040600003A801F036F80220009000237DA202A9E7
:1040700003A801F0A3F84FF47A73BDF80820019962
:10408000D04802F0ACFD11B030BD00001408002093
:10409000F8B504000D0000262068007830283ADBCF
:1040A000206800783A2836DA002700200100C9B2DB
:1040B000A28889B291420FD221680200D2B2895CF3
:1040C000302905DB21680200D2B2895C3A2900DB85
:1040D00002E07F1C401CE9E73900C9B2206801F00A
:1040E00025F90600B6F5807F0DD2BA484178300038
:1040F000C0B200F044FD4FF47A7302227BA1B148B4
:1041000002F06DFD0EE04FF47A730522B249AD481E
:1041100002F065FD06E04FF47A730522AE49A94826
:1041200002F05DFDF1BD00006A290020DC270020BF
:104130000428002038B590B004000D0003A8A7495A
:10414000322203F0ADFDA648D0E90023CDE90123DA
:1041500003A8019000239F48427802A903A800F019
:10416000B8FF0220009000233EA202A903A801F09C
:1041700025F84FF47A73BDF808200199914802F0B0
:104180002EFD11B030BDF8B504000D0000262068EA
:104190000078302839DB206800783A2835DA0027A3
:1041A00000200100C9B2A28889B291420FD22168D1
:1041B0000200D2B2895C302905DB21680200D2B24C
:1041C000895C3A2900DB02E07F1C401CE9E73900EA
:1041D000C9B2206801F0AAF806000C2E0DD23100F9
:1041E000C9B27C48007800F0CAFC4FF47A7302220E
:1041F0003EA1744802F0F3FC0EE04FF47A730522FE
:104200007549704802F0EBFC06E04FF47A73052222
:1042100071496C4802F0E3FCF1BD00002829002040
:104220001C08002080B5FFF741FCFFF71DFDFFF7DC
:1042300020FE6C486C49C0F8A4136C49C0F8B41354
:104240006B49C0F8C4136B49C0F8D4136A49C0F86D
:10425000E4136A49C0F8F41302F04DFC02F03CFC90
:1042600001BD00000D0A000070B5002000240025EB
:104270002800C0B2092836DA614E2800C0B2000119
:104280003044407801282CD1012004002800C0B21D
:1042900000013044406800280ED001F0EBFA2900FC
:1042A000C9B2090131444968401A2900C9B209015B
:1042B00031448968884214D300202900C9B2090119
:1042C0003144487001F0D6FA2900C9B209013144DD
:1042D00048602800C0B22900C9B209013144C96848
:1042E00088476D1CC4E72000C0B270BD4F4B000072
:1042F0002C2900203429002030290020200800200B
:10430000682900207C000020000800485822002076
:10431000000802080208020803080208040802084C
:10432000050802080608020807080208080802082B
:10433000090802080A0802080B0802080C0802080B
:104340000D080208E02800200010020802100208F0
:1043500003100208041002080510020806100208E3
:104360000710020808100208091002080A100208C3
:104370000000A041C42800200020020802200208FA
:104380000320020804200208052002080620020873
:104390000720020808200208092002080A20020853
:1043A0000B2002080C2002080D2002080E20020833
:1043B0000F20020810200208112002080000A0426D
:1043C00094F8000848210020C0F5000850F20008C9
:1043D0009CFA00088C0C00208CFA000884F200087B
:1043E000A4FA00082C0800208B3F0008D53F0008E5
:1043F000334000089140000835410008874100081B
:104400008407002002000020704730B40200DFF86B
:10441000680B002304688588635583885B1C838050
:10442000DFF8583B1B7804688588635583885B1CDC
:104430008380012030BC7047F8B504000D000020D7
:1044400000212E0022683300DBB2D25C23683700E3
:10445000FFB23B445F7857EA02273A0092B2B2F5C6
:10446000807F23DA380080B200281FD0DFF8080BE5
:1044700021683200D2B2895C02688388D154818875
:10448000491C818021683200D2B211444978026807
:104490008388D1548188491C8180DFF8E00A417803
:1044A0003800C0B200F06BFB012000E00020F2BD3C
:1044B00030B40200DFF8C00A002304688588635521
:1044C00083885B1C8380DFF8B43A5B780468858856
:1044D000635583885B1C8380012030BC7047F8B52E
:1044E00004000D00002000212E0022683300DBB202
:1044F000D25C23683700FFB23B445F7857EA02275B
:104500003A0092B20B2A1FDADFF86C0A21683200F7
:10451000D2B2895C02688388D1548188491C818029
:1045200021683200D2B21144497802688388D1549C
:104530008188491C81803900C9B2DFF8400A0078BF
:1045400000F01DFB012000E00020F2BDF8B50400E2
:104550000D000026DFF8280A90ED040A00F01CFF89
:104560000100DFF8140A0A00120A03688788DA5586
:104570008288521C828002688388D1548288521CAF
:1045800082800A00120E03688788DA558288521CDE
:1045900082800A00120C03688788DA558288521CD0
:1045A00082800120F2BDF8B504000D000026DFF87E
:1045B000D00990ED060A00F0EFFE0100DFF8B8091F
:1045C0000A00120A03688788DA558288521C8280A2
:1045D00002688388D1548288521C82800A00120E9D
:1045E00003688788DA558288521C82800A00120C80
:1045F00003688788DA558288521C82800120F2BDC8
:10460000F8B504000D000026DFF8740990ED050AE6
:1046100000F0C2FE0100DFF860090A00120A036818
:104620008788DA558288521C828002688388D15438
:104630008288521C82800A00120E03688788DA552D
:104640008288521C82800A00120C03688788DA551F
:104650008288521C82800120F2BDF8B504000D0052
:104660000026DFF8200990ED010A00F095FE010018
:10467000DFF804090A00120A03688788DA5582887D
:10468000521C828002688388D1548288521C8280A6
:104690000A00120E03688788DA558288521C8280CD
:1046A0000A00120C03688788DA558288521C8280BF
:1046B0000120F2BD2DE9F84304000D000026002082
:1046C00000900027A84620684146C9B20844817876
:1046D00020684246D2B21044C07850EA01202168D6
:1046E0004246D2B2895C22684346DBB21A4492F851
:1046F000019059EA012959EA0049DFF87C0821684C
:104700004246D2B2895C02688388D1548188491CB0
:10471000818021684246D2B2114449780268838878
:10472000D1548188491C818021684246D2B211440B
:10473000897802688388D1548188491C81802168E6
:104740004246D2B21144C97802688388D154818824
:10475000491C81806946484600F046FDDFF8240880
:1047600000994160012101700521DFF81C0801F06A
:10477000DEF90120BDE8F28330B40200DFF8F8076B
:10478000002304688588635583885B1C8380DFF879
:10479000F03793F8283004688588635583885B1C5C
:1047A0008380012030BC704730B40200DFF8C807B6
:1047B000002304688588635583885B1C8380DFF849
:1047C000C03793F8293004688588635583885B1C5B
:1047D0008380012030BC704730B40200DFF89807B6
:1047E000002304688588635583885B1C8380DFF819
:1047F000903793F82A3004688588635583885B1C5A
:104800008380012030BC704730B40200DFF86807B5
:10481000002304688588635583885B1C8380DFF8E8
:10482000603793F8293004688588635583885B1C5A
:104830008380012030BC704730B40200DFF83807B5
:10484000002304688588635583885B1C8380DFF8B8
:10485000303793F8293004688588635583885B1C5A
:104860008380012030BC704730B40200DFF80807B5
:10487000002304688588635583885B1C8380DFF888
:104880000C371B7804688588635583885B1C83809C
:10489000012030BC7047F8B504000D000020002155
:1048A0002E0022683300DBB2D25C23683700FFB2EF
:1048B0003B445F7857EA02273A0092B2012A03D0BC
:1048C000380080B2002822D1DFF8AC06216832001F
:1048D000D2B2895C02688388D1548188491C818066
:1048E00021683200D2B21144497802688388D154D9
:1048F0008188491C8180DFF89406D0ED020A90ED92
:10490000010A3800C0B2FFF73FF9012000E00020A3
:10491000F2BDF8B504000D000026DFF8700690ED3A
:10492000020A00F039FD0100DFF84C060A00120A05
:1049300003688788DA558288521C828002688388DF
:10494000D1548288521C82800A00120E0368878824
:10495000DA558288521C82800A00120C036887880C
:10496000DA558288521C82800120F2BD2DE9F8437D
:1049700004000D000026002000900027A8462068B3
:104980004146C9B20844817820684246D2B21044F8
:10499000C07850EA012021684246D2B2895C226880
:1049A0004346DBB21A4492F8019059EA012959EAC8
:1049B0000049DFF8C40521684246D2B2895C02682A
:1049C0008388D1548188491C818021684246D2B2B3
:1049D0001144497802688388D1548188491C8180B8
:1049E00021684246D2B21144897802688388D15442
:1049F0008188491C818021684246D2B21144C9781D
:104A000002688388D1548188491C81806946484660
:104A100000F0EAFBDFF87405DDED000A90ED010A15
:104A20000078FFF7B1F80120BDE8F283F8B5040083
:104A30000D000026DFF8540590ED010A00F0ACFCF3
:104A40000100DFF834050A00120A03688788DA5586
:104A50008288521C828002688388D1548288521CCA
:104A600082800A00120E03688788DA558288521CF9
:104A700082800A00120C03688788DA558288521CEB
:104A800082800120F2BD2DE9F84304000D000026CC
:104A9000002000900027A84620684146C9B208447B
:104AA000817820684246D2B21044C07850EA012092
:104AB00021684246D2B2895C22684346DBB21A447E
:104AC00092F8019059EA012959EA0049DFF8A8044F
:104AD00021684246D2B2895C02688388D1548188B9
:104AE000491C818021684246D2B21144497802684B
:104AF0008388D1548188491C818021684246D2B282
:104B00001144897802688388D1548188491C818046
:104B100021684246D2B21144C97802688388D154D0
:104B20008188491C81806946484600F05DFBDFF8BA
:104B30005C04D0ED020A9DED000A0078FFF724F82E
:104B40000120BDE8F28370B504000D00DFF8406479
:104B5000012220213000FDF79EF90A2001F0EEFF2E
:104B60004FF47A732A0092B22100DFF8280402F091
:104B700036F8002220213000FDF78DF970BD7CB59C
:104B800004000D00082100226E46300001F02AF9D1
:104B90000026DFF8E80304704570694602783300A8
:104BA000DBB2CA54761C40783200D2B28854761CEC
:104BB0003200D2B292B26946DFF8DC0303F02CF87F
:104BC00073BDDFF8D4030078C0B2FF280AD0DFF845
:104BD000AC03DFF8C81309780170DFF8C413097853
:104BE000417005E0DFF89403082101700321417052
:104BF00070472DE9F04F87B0040000275FF00008F0
:104C00005FF000090025DFF89C23D2E90001CDE91F
:104C100002010026DFF89023D2E90001CDE904016A
:104C2000DFF854A35046FDF79FF9A0880828C0F28A
:104C30009E812068A188084410F8010C2168A28890
:104C4000114411F8021C51EA0021ADF81810A18896
:104C5000891E206801F0C2FBADF81A00BDF81A00E9
:104C6000BDF81810884240F0808120680078C34960
:104C70000978884240F07981206880782168CF786F
:104C800057EA002720684078032807D0042805D079
:104C900006286DD0102800F0C48062E120680079F9
:104CA0002168497951EA00210D005FF00108404672
:104CB000C0B20F2836DA5FF01409DFF8F0B24046D0
:104CC000C0B209FB00F058444068390089B28842FC
:104CD00025D1280080B24146C9B209FB01F15944EF
:104CE000896888421BDB002100204246D2B209FBC2
:104CF00002F25A44D268904701280FD14046C0B210
:104D000009FB00F0584480682D1A4046C0B209FBE8
:104D100000F90BEB09008068C71900E002E018F108
:104D20000108C4E7BAF80400002820D0BAF804004B
:104D3000022190FBF1F201FB1200002817D1DAF8F2
:104D400000000190BAF80400022190FBF1F080B25B
:104D500000903B009BB2206842782068017804A84C
:104D600001F01CFCBDF814100498FFF7ECFEFAE00B
:104D700004200100C9B2A288921E91420EDA216875
:104D80000200D2B2895C029ABDF80C30D154BDF851
:104D90000C10491CADF80C10401CEAE75FF001084C
:104DA0004046C0B20F2817DA1422804B4046C0B2EA
:104DB000504318444068390089B2884209D1002123
:104DC00002A8C4465FFA8CFC02FB0CF21A4412697A
:104DD000904718F10108E3E7BAF8040000281FD053
:104DE000BAF80400022190FBF1F201FB1200002846
:104DF00016D1DAF800000190BAF80400022190FB05
:104E0000F1F080B200903B009BB20622206801784E
:104E100004A801F014FCBDF814100498FFF793FEE9
:104E2000A1E000200600206800792168497951EA54
:104E300000210D0007200100C9B2A288921E9142F4
:104E40000EDA21680200D2B2895C029ABDF80C30F9
:104E5000D154BDF80C10491CADF80C10401CEAE709
:104E6000280080B240002168897988424DD1BDF880
:104E70000C002168897989B2884246D15FF0010827
:104E80004046C0B20F2840DA5FF01409DFF81CB1C9
:104E90004046C0B209FB00F058444068390089B26E
:104EA00088422FD1280080B24146C9B209FB01F1E6
:104EB00059448968884225DB310089B202A84246FC
:104EC000D2B209FB02F25A4412699047012818D164
:104ED0004046C0B209FB00F058448068400010FA18
:104EE00086F64046C0B209FB00F0584480682D1A8F
:104EF0004046C0B209FB00F90BEB09008068C719F6
:104F000000E002E018F10108BAE7BAF8040000284E
:104F100026D0BAF80400022190FBF1F201FB120046
:104F200000281DD1206880782168C97851EA0021C5
:104F30000F00DAF800000190BAF80400022190FB9B
:104F4000F1F080B200903B009BB210222068017803
:104F500004A801F074FBBDF814100498FFF7F3FDEA
:104F600001E0002004E0012002E0002000E0002039
:104F700007B0BDE8F08F00003C0700208C0C00203B
:104F800084270020F828002084070020E028002043
:104F900000040048D021002000000208020002089E
:104FA000030002087CFA000884FA0008E4050020E7
:104FB00001000800C0B2002801D1012021E0080052
:104FC000C0B2FF2801D10A201BE00800C0B2FE28B1
:104FD00001D1642015E00800C0B2FD2802D14FF4D1
:104FE0007A700EE00800C0B2FC2802D142F21070C4
:104FF00007E00800C0B2FB2802D1DFF8980300E008
:10500000012070472DE9F24F82469346002000218F
:105010000A260027B046B946009A1588BBF1000F52
:1050200008D5DBF100042D202A0092B20AF8020014
:105030006D1C00E05C462000002142464B4602F019
:1050400083FE002901D1002808D0A6FB080106FB39
:10505000091107FB081180468946ECE7404649469E
:105060000A22002302F070FE06000F00002F01D17B
:10507000002E28D02000002132003B0002F064FE08
:105080003030290089B20AF801006D1CA0465FF09B
:1050900000092000002132003B0002F055FEA6FB73
:1050A000002306FB013307FB0033B8EB020079EB6A
:1050B00003010400300039000A22002302F044FEFC
:1050C00006000F00D2E7009805802800C0B2BDE8B6
:1050D000F28F2DE9FE4F06000F0090460020ADF83C
:1050E00000000020002400215FF0000BB7F80090C2
:1050F000B8F1000F02D5D8F1000500E04546424660
:1051000039003000FFF77EFFB7F800A0002D4FD028
:105110009DF80800FFF74CFF01008D4205D20A20E0
:1051200045431BF1010B002DF7D15846C0B20028B2
:1051300021D050460200D2B2324412F8012C2D2A5E
:1051400006D00200D2B24B4692B29BB29A4208D12C
:1051500030220300DBB2F2541AF1010ABBF1010B59
:10516000E3E70200D2B2324412F8012C0300DBB2B2
:10517000F254401EDEE70A20B1FBF0F450468346AD
:10518000002C15D00A20B4FBF0F45846C0B23044CD
:1051900010F8010C5946C9B27054BBF1010B002C38
:1051A000EED12E205946C9B270541AF1010AE7E730
:1051B000A7F800A05046C0B2BDE8FE8FF0B4049C32
:1051C00000252E00B6B2A6420BD20E88771C0F80A7
:1051D0002F00BFB217FA83F7D75DB6B287556D1CA3
:1051E000EFE7F0BC704700002DE9F34F81B02DEDE3
:1051F000028B9FED658A002401250026F7EE008AC8
:1052000000273800C0B2202864DA0398F84010F074
:10521000010004003800C0B2172829DA18EE900AFD
:1052200000F08CFA82468B462000C0B200F078FA7B
:10523000804689463800C0B2D0F117005FF0FF31D8
:10524000484300F0F3F841EC110B9FED500B00F0D8
:1052500006F951EC100B42464B4602F08DFE5246C9
:105260005B4602F05BFF00F027FA08EE900A2FE0A1
:105270003800C0B21F2824DA3000C0B200F050FA63
:1052800082468B462000C0B200F04AFA804689462A
:105290003800C0B2173800F0C9F841EC110B9FED8F
:1052A0003B0B00F0DCF851EC100B42464B4602F091
:1052B00063FE52465B4602F031FF02F0EDFF06004E
:1052C00006E02000C0B2012802D15FF0FF300500E7
:1052D0007F1C96E7280040B200F0A8F88046894677
:1052E0003000C0B27F3800F0A1F841EC110B9FED07
:1052F000270B00F0B4F851EC100B42464B4602F07D
:105300003BFE8046894618EE900A00F017FA4246A6
:105310004B4602F031FE00F0CFF900EE100A04987F
:1053200080ED000ABDEC028BBDE8F78F70B403007E
:1053300000220024002000252A000E00D2B2F6B27E
:10534000B2421FD22A00D2B29A5C302A0ADB2A006B
:10535000D2B29A5C3A2A05DA2A00D2B29A5C303A82
:10536000140001E0002214002A00D2B2002A03D166
:105370002200D2B2100003E00A22504350FA84F017
:105380006D1CD9E770BC70470000000000000000F1
:1053900000000040A086010010B42DED010A00209D
:1053A0006A460023042B07D2D45C1900C9B2C90095
:1053B0008C4020435B1CF5E712BC704700F10103F1
:1053C000810704D010F8011B820781B1FAD102686D
:1053D000A2F10131914311F0803104BF50F8042F44
:1053E000F6E709BAB1FA81F100EBD100401CC01A0E
:1053F000704730B4002513E050F8042BD30744BFA6
:10540000A9F101039A18091F042942F8045BFAD292
:1054100013468C0744BF15809B1CC90748BF1D70ED
:1054200050F8041B0029E7D130BC7047C11768B1A0
:105430004840401AB0FA80F29040D21CC907C2F529
:10544000846241EA025202EBD021400570470268B3
:10545000531C03601170704741EC100B01BD80B507
:1054600053EC112B51EC100B02F034FFF4E72E003B
:10547000F0B540F2FF7581EA030C0CF0004C15EA20
:1054800011541DBF15EA1357AC42AF42E5E0BC41D1
:10549000C1F31301C3F31303801A994143F480133A
:1054A00004D2641E4000494180185941C90241EAB2
:1054B0005051B1FBF3F603FB1611A2FB0675D7EBB7
:1054C000C020A94102D2761E80185941C90241EA82
:1054D0005051B1FBF3FE03FB1E11A2FB0E75D7EB7F
:1054E000C020A94103D2AEF1010E801859418902B2
:1054F00041EA9051760546EA8E2EB1FBF3F603FBA6
:105500001611A2FB0675D7EB8020A94102D2761EA8
:1055100080185941C90241EA50514EEA060EB1FBCA
:10552000F3F603FB1611A2FB0675D7EBC020A941C9
:1055300002D2761E80185941C90241EA5051B1FB8E
:10554000F3F703FB1711A2FB0735D3EBC020A941EA
:1055500067F100070CBF004247F0010766F3D5274B
:105560004FEA1E31B80814F5806412DDBD0775F1ED
:10557000004250EB0E5051EB045111F5801F5CBFFF
:1055800041EA0C01F0BD4CF07F6141F0E0410020A8
:10559000F0BDBD076D0840EA0E5041F48011D4F112
:1055A0000104B4F120060ADAC4F120060200E0404A
:1055B00001FA06F3E1401843B24015430EE0342CE3
:1055C00013DCC6F1200445EA40056D0820FA06F216
:1055D000154321FA06F0A1400D43002175F1004268
:1055E00050F1000051EB0C01F0BD00205FEA0C010E
:1055F000F0BDCFB992185B41B3FA83F704BFB2FA9A
:1056000082F6BF190B3FB7F120062FBF02FA06F34F
:10561000BB40C7F1200622FA06F638BF3343BA4032
:105620001CB1E419641E33E77F4231F00041B1FA46
:1056300081F404BFB0FA80F6A4190B3CB4F1200643
:105640002FBF00FA06F1A140C4F1200620FA06F6A9
:1056500038BF3143A0403C1B1AE7AC421ABF05EAF1
:105660001357AF4212E050EA41061CBF52EA43060C
:10567000BFE750EA4107304661461CBF41EA055189
:10568000F0BD52EA430C08BFC143F0BD00204FF407
:10569000001616EB410F98BF16EB430F08BF16EB31
:1056A000410F24BFC14305E016EB430F0CBF614619
:1056B0004CEA0551F0BD000001F000428B1AA3F145
:1056C0006051B1F5801F0ADBB1F17F6F1FD242EA52
:1056D000C102C10071F1004142EB507070470B15DF
:1056E000C3F10903212B10D2890241EA90518002B3
:1056F0000128494141F0004121FA03F0C3F12003A0
:10570000994071F1004150417047100070476FF0AF
:10571000000013EB103F5CBF000E42EAC050704720
:10572000014648B1B0FA80F18840C91CC1F58461D6
:10573000090501EBD021400570470000C0F3C751B7
:1057400081B1FF2906D0C110400721F0E04101F1ED
:105750006051704741020CBF40F4E0016FF000411E
:105760000020704700F0004100020AD0B0FA80FC2F
:1057700000FA0CF001F16051A1EB0C5101EBD021CA
:10578000400570470CB430B583B00A4606A90291B3
:10579000044600250194009502AB01A9084878440D
:1057A0001E3003F00DF9019A157000284EBF044613
:1057B0000198041B204603B030BC5DF80CFB00BF11
:1057C0008FFCFFFF80B5012240212348FCF763FBDB
:1057D0002249234800F04EFA00F01EF8012000F0A4
:1057E00005F800F0D1FA00F01FFA01BD704711B5BD
:1057F00081B0194C002240212000FCF74CFB4FF4F3
:105800007A73012201A9174804F03AF901224021D4
:105810002000FCF740FB13BD10B50F4C00224021C7
:105820002000FCF738FB002280212000FCF733FB2E
:10583000012000F019F8052000F016F8012280215F
:105840002000FCF728FB052000F00EF80122402183
:105850002000FCF720FB10BD0008004804290020B0
:1058600044110020E425002010B50400200001F0C0
:1058700065F910BD01480068704700BF1429002079
:1058800070B4039CDFF88052286029716A71AB7193
:10589000EC7100262E7270BC70472DE9F84F0400A1
:1058A0000D00160000275FF00008DFF85C9299F801
:1058B0000500082880F2FC80300099F80610C0B27C
:1058C000884205D399F807003100C9B2884201D255
:1058D0002E200600402099F80510491C90FBF1F09D
:1058E0002900C9B2814280F2E38099F8040050FA9D
:1058F00084F0802880F2DC8099F805305B1C99F8F0
:10590000050003FB05035B1CDBB299F804201219A8
:10591000D2B299F80500401C15FB00F1C9B2200075
:10592000C0B200F029F90021080099F80420C0B2A3
:10593000904280F0BD80002015FB00F00200D2B242
:10594000082392FBF3F21700C0B2082290FBF2F397
:1059500002FB13008046FF226C4BD3F800C03800D6
:10596000C0B250FA85FE802000FB0EFE5EFA84FE77
:10597000D3F800A03800C0B250FA85FB802000FBAD
:105980000BFB5BFA84F01AF800A0D8F1080B1000AA
:1059900050FA0BF010EA0A0A0CF80EA0D3F800C077
:1059A0003800C0B250FA85FE802000FB0EFE5EFA81
:1059B00084F00090D3F800E03800C0B250FA85FAC5
:1059C000802000FB0AFA5AFA84F01EF800E0D9F8A9
:1059D00000A0B3465FFA8BFB99F80600BBEB000012
:1059E00099F804B00BFB00FB0AEB0B008A465FFA48
:1059F0008AFA10F80A0010FA08F050EA0E00DDF8F2
:105A000000E00CF80E00D3F800C03800C0B250FA25
:105A100085FE802000FB0EFE5EFA84F08444D3F8FD
:105A200000E03800C0B250FA85FA802000FB0AFA84
:105A30005AFA84F0704490F8800012FA08F202409A
:105A40008CF880201A683800C0B250FA85FC80209B
:105A500000FB0CFC5CFA84F002441B683800C0B206
:105A600050FA85FC802000FB0CFC5CFA84F01844A2
:105A700090F88030D9F800C0B6465FFA8EFE99F8EB
:105A80000600BEEB000E99F8040000FB0EFE0CEBC6
:105A90000E008C465FFA8CFC10F80C00D8F1080C54
:105AA00050FA0CF0034382F88030641C491C3BE739
:105AB000BDE8F18FF8B507000C001600124D6879AB
:105AC000082820DA307800281DD032782100C9B2A9
:105AD0003800C0B2FFF7E1FE761C2879401CC719D8
:105AE000287950FA87F0401C812802DB002007004B
:105AF000641C40206979491C90FBF1F02100C9B277
:105B00008142DFDBFFE7F1BDD42800200829002017
:105B1000020001200B00DBB21B011344587000206F
:105B20000B00DBB21B01134458600120704738B5ED
:105B300004000D0001202900C9B209012144487068
:105B4000FFF798FE2900C9B20901214448600120ED
:105B500032BD020000200B00DBB21B011344587061
:105B60000120704780B5034800F024FC00F0CDF818
:105B700001BD0000B0E8000870B40400E4B2802C5D
:105B800001DB7F2420001400E4B2802C01DB7F24A1
:105B900022000C00E4B2402C01DB3F2421001C0059
:105BA000E4B2402C01DB3F242300354C050026687D
:105BB0003678EDB2B54201D2256828702568AD78F7
:105BC0001600F6B2B54201D22568AA700D0026680B
:105BD0007678EDB2B54201D2256869702568ED7816
:105BE0001E00F6B2B54201D22468E37070BC704763
:105BF00023487F21026811700021026891703F21C3
:105C00000268517000210068C17070471C48002173
:105C1000026811707F210268917000210268517042
:105C20003F210068C170704770B54FF48064002553
:105C3000144806682A002100300000F0D3F83F2302
:105C40007F2200210020FFF797FF00F05EF870BD73
:105C500070B54FF4806400250A4806682A002100C8
:105C6000300000F0BFF83F237F2200210020FFF723
:105C700083FF70BD034A1060014A11607047000045
:105C80000C2900200829002010B5040000224FF440
:105C900080713A48FCF7FFF82000C0B2FFF7A7FD7B
:105CA00010BD10B5040001224FF480713348FCF799
:105CB000F2F82000C0B2FFF79AFD10BD10B5040045
:105CC00014F00F0050F0B000C0B2FFF7DDFF10BDC0
:105CD00010B504002000C0B200F005F82000C0B2EA
:105CE00000F00CF810BD10B504002000C0B200098F
:105CF00050F01000C0B2FFF7C7FF10BD10B5040090
:105D000014F00F00FFF7C0FF10BD70B50024200095
:105D1000C0B210282EDA1A4D286840782100C9B286
:105D2000491CB0EBC10F23DA2868C0782100C9B242
:105D3000B0EBC10F1EDB2000C0B2FFF7BFFF286829
:105D40000078FFF7C5FF286806782868807831005A
:105D5000C9B288420CD30B4801682200D2B280201D
:105D6000424352FA86F0085CFFF79BFF761CECE793
:105D7000641CCCE7FFF73CFF70BD00000008004842
:105D80000C2900200829002080B5AE20FFF77CFFF9
:105D9000A220FFF779FFA020FFF776FFC820FFF7CA
:105DA00073FF2F20FFF770FF322000F0C7FEA42002
:105DB000FFF76AFF4020FFF767FF2520FFF764FF2A
:105DC0000A2000F0BBFE8120FFF75EFF1220FFF7E4
:105DD0005BFFFFF729FFAF20FFF756FF052000F01C
:105DE000ADFE01BD62F30F2262F31F42401810F0B6
:105DF000030308D0C91A1FD3DB0748BF00F8012DE1
:105E000028BF20F8022D130030B41446154610396F
:105E100028BF20E93C00FAD8490728BF20E90C0038
:105E200048BF40F8042D890028BF20F8022D48BF44
:105E300000F8012D30BC7047C91818BF00F8012DBB
:105E4000CB0728BF00F8012D7047000070B4039CF9
:105E5000DFF88453286029716A71AB71EC710126F7
:105E60002E7270BC70472DE9F74F04000D00DFF86B
:105E700068639DF80800B179884204D3F0799DF8F1
:105E80000810884202D22E208DF80800307A0028AF
:105E900045D1002738003179C0B288423DD23168FF
:105EA0009DF80820B079121A3079424301EB0200C4
:105EB0003900C9B210F80190002080464046C0B2B7
:105EC000082828DA3800C0B250FA84F0802805DAB1
:105ED0004046C0B250FA85F0402801DB00205DE169
:105EE000012010FA08F04946C9B2014208D0012247
:105EF00018EB0501C9B23819C0B200F06FF907E01C
:105F0000002218EB0501C9B23819C0B200F066F9D9
:105F100018F10108D2E77F1CBCE730793EE1307A06
:105F2000012840F08E807079082190FBF1F201FB8E
:105F30001200012806DB7079082190FBF1FB1BF1B0
:105F4000010B03E07079082190FBF1FB3179584691
:105F5000C0B24143491C8DF8011031689DF80820FA
:105F6000B079121A9DF80100424301EB020001785A
:105F70008DF80010401C01905FF0000840469DF82D
:105F80000010C0B2884259D25FF000094846594615
:105F9000C0B2C9B288424ED201994246D2B25846E6
:105FA000C0B2424301EB02004946C9B210F801A059
:105FB000002007003800C0B2082839DA4046C0B2D5
:105FC00050FA84F0802808DA4846C0B2C00050FA7F
:105FD00085F050FA87F0402801DB0020DEE04846DB
:105FE000C0B2C00050FA87F0717988421EDA0121F0
:105FF000B9405046C0B208420CD001225FFA89F97C
:1060000015EBC9017918C9B218EB0400C0B200F051
:10601000E5F80BE000225FFA89F915EBC901791860
:10602000C9B218EB0400C0B200F0D8F87F1CC1E779
:1060300019F10109AAE718F101089FE79DF800008E
:10604000ACE0307A022840F0A8807079082190FBFB
:10605000F1F0401C8DF8000030799DF8001010FB25
:1060600001F08DF8020031689DF80820B079121A0D
:106070009DF80200424301EB0200019096F804B043
:1060800000208DF8010000210020002210009DF862
:106090000030C0B298420CD23079431E9DF8010006
:1060A0001B1A13FB02F0019BC0B2185C0100521CCA
:1060B000ECE70800C0B200280BD1BBF1010B584639
:1060C000C0B2002805D09DF80100401C8DF80100E9
:1060D000D9E7002738009DF80010C0B2884259D295
:1060E0005FF0000840465946C0B2C9B288424FD25C
:1060F00001993A00D2B23079424301EB02004146A5
:10610000C9B210F801905FF0000A5046C0B20828EA
:106110003BDA4046C0B250FA84F0802808DA3800F2
:10612000C0B2C00050FA85F050FA8AF0402801DB76
:10613000002033E03800C0B2C00050FA8AF0717914
:1061400088421FDA012111FA0AF14846C0B208421A
:106150000CD00122FFB215EBC7011AEB0101C9B245
:1061600018EB0400C0B200F039F80BE00022FFB2D7
:1061700015EBC7011AEB0101C9B218EB0400C0B25C
:1061800000F02CF81AF1010ABFE718F10108A9E79D
:106190007F1C9FE75846C0B200E00020BDE8FE8F9C
:1061A000F8B504000F0015000B484079D0F13F000E
:1061B0003900C9B288420EDB287800280BD02A7833
:1061C0003900C9B22000C0B2FFF74DFE0600701CB6
:1061D00004196D1CF0E7F1BDD4280020F8B50400C7
:1061E0000D0016002000C0B2802803DA2800C0B2DB
:1061F000402800DB57E03000C0B2002824D029003E
:10620000C9B20822DFF8CC312800C0B2082790FBC1
:10621000F7F78020474357FA84F72800C0B25FF0B1
:10622000080C90FBFCFC802000FB0CFC5CFA84F06A
:10623000185C5FF0010C91FBF2FE02FB1E111CFAD0
:1062400001F10143D95524E02900C9B20822DFF841
:1062500084312800C0B2082790FBF7F7802047431D
:1062600057FA84F72800C0B25FF0080C90FBFCFCE2
:10627000802000FB0CFC5CFA84F0185C5FF0010CE1
:1062800091FBF2FE02FB1E111CFA01F130EA010142
:10629000D9552B00DBB22200D2B22900C9B22000AE
:1062A000C0B2FFF769FCF1BD2DE9F84F05000E0003
:1062B000170098460A9C3800C0B22900C9B2401A9B
:1062C00003F0F7FD81464046C0B23100C9B2401A22
:1062D00003F0EFFD814502DA5FF0010B01E05FF0B2
:1062E000000B5846C0B2002805D028003500060033
:1062F00038004746804638002900C0B2C9B28842FB
:1063000005D228003D00070030004646804643463F
:10631000DBB23A00D2B23100C9B22800C0B2FFF7F6
:106320002BFC781B8DF800004046C0B23100C9B28A
:10633000401A03F0BEFD8DF801009DF80000022117
:1063400090FBF1F930004146C0B2C9B2884202D296
:106350005FF0010A01E05FF0FF3A38002900C0B2A7
:10636000C9B2884224D35846C0B2002808D02200BF
:10637000D2B22900C9B23000C0B2FFF72FFF07E048
:106380002200D2B23100C9B22800C0B2FFF726FF06
:106390009DF80100B9EB0009484640B2002805D538
:1063A0001AEB06069DF8000010EB09096D1CD4E7F6
:1063B000BDE8F18FF8B504004FF48065260006486B
:1063C00007682A003100380001F06AFCFFF71EFC64
:1063D000F1BD0000441100200829002030B4030062
:1063E0004FF6FF7000248C4213DA1A5D50400822E9
:1063F000002A0CD0C50706D580B2400880F42040A2
:1064000090F0010001E080B24008521EF0E7641CE9
:10641000E9E780B230BC70472DE9F84305000E0073
:1064200017009846089C5FF000092868494689B221
:10643000465419F101092868494689B2475419F1AF
:106440000109404680B2000A29684A4692B288543F
:1064500019F101092868494689B200F8018019F14B
:106460000109200080B2000A29684A4692B2885485
:1064700019F101092868494689B2445419F1010902
:10648000494689B22868FFF7A9FF010028684A46F3
:1064900092B2815419F10109080080B2000A2A68F9
:1064A0004B469BB2D05419F10109A5F80490012084
:1064B000BDE8F2832DE9F84F06000F00904699469B
:1064C0000A9DDDF82CA0002400213068220092B241
:1064D0008754641C3068220092B200F80280641C69
:1064E000484680B2000A326823009BB2D054641C34
:1064F0003068220092B200F80290641C4046C0B29C
:10650000062802D0102807D01CE0280080B20128FD
:1065100001D0002040E015E0280080B2000A326877
:1065200023009BB2D054641C3068220092B2855480
:10653000641C2800C0B24000326823009BB2D054D3
:10654000641CFFE75FF0000B584680B2290089B257
:10655000B0EB410F0BDA584680B21AF800003168F0
:10656000220092B28854641C1BF1010BECE721005D
:1065700089B23068FFF732FF01003068220092B222
:106580008154641C080080B2000A326823009BB268
:10659000D054641CB4800120BDE8F28F2DE9F84F7F
:1065A00005000E00170098460A9CDDF82C905FF05D
:1065B000000B002029685A4692B28E541BF1010B41
:1065C00029685A4692B28F541BF1010B2100C9B2BF
:1065D00049002A685B469BB2D1541BF1010B5FF066
:1065E000000A504680B2210089B2B0EB410F0CDAAC
:1065F000504680B219F8000029685A4692B2885471
:106600001BF1010B1AF1010AEBE7594689B2286820
:10661000FFF7E4FE010028685A4692B281541BF14C
:10662000010B080080B2000A2A685B469BB2D05476
:106630001BF1010BA5F804B00120BDE8F28F2DE994
:10664000F84F05000E00170098460A9CDDF82C90C4
:106650005FF0000B5FF0000A2868594689B2465483
:106660001BF1010B2868594689B247541BF1010BF5
:10667000404680B2000A29685A4692B288541BF1FB
:10668000010B2868594689B200F801801BF1010B03
:106690003800C0B2062802D010281DD02CE02000FF
:1066A00080B2012801D000203EE000208246504602
:1066B00080B2210089B2B0EB410F0CDA504680B2B3
:1066C00019F8000029685A4692B288541BF1010B50
:1066D0001AF1010AEBE70FE0200080B2000A2968F6
:1066E0005A4692B288541BF1010B2868594689B268
:1066F00044541BF1010BFFE7594689B22868FFF7A4
:106700006DFE010028685A4692B281541BF1010BBC
:10671000080080B2000A2A685B469BB2D0541BF185
:10672000010BA5F804B00120BDE8F28F80B5D44874
:10673000D44901605FF4E1314160002181600021B2
:10674000C160002101610C214161002181610021B2
:1067500001620021416200F005FA002801D003F037
:106760000BFC01BD80B5C848C84901604FF4165103
:106770004160002181600021C160002101610C2184
:106780004161002181610021C1610021016200217C
:10679000416200F0E7F9002801D003F0EDFB01BDF4
:1067A00080B5BB48BB4901604FF4165141600021E0
:1067B00081600021C160002101610C214161002143
:1067C00081610021C161002101620021416200F06C
:1067D000C9F9002801D003F0CFFB01BD38B59EB048
:1067E000040014220021684603F0C8FB6022002147
:1067F00006A803F0C3FB2068A249884252D120209A
:1068000006900020119006A803F0C2FB002801D0DA
:1068100003F0B2FBA048016851F00101016000687B
:1068200010F00100059005989C48016851F00201A4
:106830000160006810F00200059005984FF4406078
:106840000090022001900120029003200390082074
:10685000049069469248FBF77FF9924D9248286070
:10686000042068600020A8600020E8608020286183
:10687000002068610020A8610020E86100202862F3
:10688000280003F0F9FD002801D003F075FB6567CF
:10689000AC6200220021462004F08FF8462004F06C
:1068A000A1F8ABE020687949884251D101200690D7
:1068B00000200E9006A803F06BFB002801D003F027
:1068C0005BFB7A48016851F480410160006810F474
:1068D0008040059005987148016851F002010160FF
:1068E000006810F0020005900598C020009002207A
:1068F0000190002002900320039007200490694635
:106900006748FBF729F96A4D6A48286002206860E9
:106910000020A8600020E8608020286100206861D5
:106920000020A8610020E86100202862280003F010
:10693000A3FD002801D003F01FFB6567AC620022B5
:106940000021252004F039F8252004F04BF855E00B
:1069500020685049884251D10420069000201090B0
:1069600006A803F015FB002801D003F005FB5248F0
:10697000016851F480210160006810F480200590C6
:1069800005984648016851F004010160006810F064
:106990000400059005984FF440600090022001909B
:1069A000002002900320039007200490694643488A
:1069B000FBF7D2F8424D434828600220686000206F
:1069C000A8600020E8608020286100206861002025
:1069D000A8610020E86100202862280003F04CFD37
:1069E000002801D003F0C8FA6567AC6200220021DC
:1069F000272003F0E2FF272003F0F4FF1FB030BD93
:106A000010B5040020681F49884210D1224801684F
:106A10004908490001604FF440612148FBF77DF9C6
:106A2000606F03F099FD462003F0E3FF27E0206844
:106A3000164988420FD11D48016831F48041016038
:106A4000C0211748FBF769F9606F03F085FD252029
:106A500003F0CFFF13E020680E4988420FD116489B
:106A6000016831F4802101604FF440611348FBF765
:106A700054F9606F03F070FD272003F0BAFF10BDDA
:106A80004821002000800040D02100200038014033
:106A900058220020004800405C1002404C10024088
:106AA00000040048AC260020800402406010024030
:106AB000F426002058000240581002400008004808
:106AC0003C2700203000024080B51848FBF74CFA04
:106AD00002201749087001BD80B5012215491648EA
:106AE00000F0E3F800220121272003F066FF2720B1
:106AF00003F078FF01BD704738B504000B480D491D
:106B00000A78036885885A558288521C8280828858
:106B100040F2FF139A4201D30022828001220648EC
:106B200000F0C3F801200249087031BD3C0C002080
:106B30006D2900206C2900205822002070B5040027
:106B4000FEF798FE0500260016F1010F02D004485A
:106B500000783618FEF78EFE401BB042FAD370BDA7
:106B60008F0C002010B50400002C01D1012035E06D
:106B7000A0690028FFD1E06F002805D1002084F82B
:106B800078002000FFF72AFE2420E06720680068D4
:106B90004008400021680860606A002802D0200098
:106BA00000F0DEFB200000F05FFA012801D1012097
:106BB00014E02068406830F4904021684860206804
:106BC000806830F02A00216888602068006850F0F2
:106BD000010021680860200000F02FFC10BD2DE9A5
:106BE000FC4706000D0017009846F06F202859D189
:106BF000002D03D0380080B2002801D1012052E0DE
:106C00000020C6F884002120F067FEF733FE81469D
:106C1000A6F85070A6F85270B068B0F5805F05D144
:106C20003069002802D10024AA4602E02C005FF05F
:106C3000000AB6F85200002822D0CDF800804B465A
:106C400000228021300000F061FC002803D02020C9
:106C5000F067032027E0002C08D1BAF80000C00537
:106C6000C00D316808851AF1020A03E02078316806
:106C70000885641CB6F85200401EA6F85200D8E7FA
:106C8000CDF800804B4600224021300000F03EFC51
:106C9000002803D02020F067032004E02020F067C4
:106CA000002000E00220BDE8F68770B505000C006A
:106CB0001600D5F88000202824D1002C03D0300005
:106CC00080B2002801D101201DE00020286628683C
:106CD000DFF8901388420ED02868406800020AD579
:106CE000286850E8000F50F0806001002A6842E8F0
:106CF00000100028F4D1320092B22100280000F0E8
:106D000054FC00E0022070BD2DE9F0470600306819
:106D1000C7693068D0F800803068D0F8089040F635
:106D20000F043C40002C0BD1B80609D55FEA8860FF
:106D300006D5B06E002802D03000B16E88478FE1D2
:106D4000002C00F0AA805FEAC97005D4DFF80806BD
:106D500018EA000F00F0A18017F00100C0B200286F
:106D60000BD05FEAC85008D5012031680862D6F818
:106D7000840050F00100C6F88400B8070DD519F062
:106D80000100C0B2002808D0022031680862D6F89D
:106D9000840050F00400C6F8840078070DD519F07F
:106DA0000100C0B2002808D0042031680862D6F87B
:106DB000840050F00200C6F88400380710D55FEA5E
:106DC000886004D419F00100C0B2002808D008205F
:106DD00031680862D6F8840050F00800C6F88400D4
:106DE00038050CD55FEA481009D54FF400603168CA
:106DF0000862D6F8840050F02000C6F88400D6F867
:106E00008400002848D0B80608D55FEA886005D518
:106E1000B06E002802D03000B16E8847D6F88400EA
:106E2000050030688068400602D415F0280F2DD088
:106E3000300000F09EFC30688068400622D5306843
:106E4000083050E8000F30F040000100306810F1C9
:106E5000080242E800100028F1D1706F00280DD020
:106E6000DFF8F804716F8863706F03F055FC002839
:106E700012D0706F716F896B88470DE0300003F09E
:106E800011FE09E0300003F00DFE05E0300003F0D4
:106E900009FE0020C6F88400E2E0306E012840F0D0
:106EA000BD80F80640F1BA805FEAC86040F1B68064
:106EB0001020316808623068806840066DD5706FB8
:106EC0000068D0F804A0504680B2002852D0504646
:106ED000B6F8581080B288424CD2A6F85AA0706F0B
:106EE00000680068800639D4306850E8000F30F43C
:106EF00080700100326842E800100028F4D1306848
:106F0000083050E8000F400840000100306810F1E0
:106F1000080242E800100028F1D13068083050E83B
:106F2000000F30F040000100306810F1080242E824
:106F300000100028F1D12020C6F880000020306623
:106F4000306850E8000F30F010000100326842E86D
:106F500000100028F4D1706F03F0B4FB02207066BB
:106F6000B6F85810B6F85A00091A89B2300003F082
:106F70007AFD11E05046B6F8581080B288420BD125
:106F8000706F00680068800606D502207066B6F84B
:106F90005810300003F067FD62E0B6F85800B6F80C
:106FA0005AA0B0EB0A0AB6F85A00002835D050466D
:106FB00080B2002831D0306850E8000F30F4907073
:106FC0000100326842E800100028F4D1306808302F
:106FD00050E8000F400840000100306810F108023E
:106FE00042E800100028F1D12020C6F880000020DF
:106FF00030660020B066306850E8000F30F01000B6
:107000000100326842E800100028F4D102207066C6
:10701000514689B2300003F026FD21E0F8020AD57E
:107020005FEA492007D55FF48010316808623000BC
:1070300003F0CAFD14E0380609D55FEA086006D5FA
:10704000F06E002802D03000F16E884708E0780624
:1070500006D55FEA486003D5300000F054FCFFE736
:10706000BDE8F087008000402DE9F04704000026CD
:10707000DFF8A81920688842FFD0A268206902437F
:1070800060690243E069024320680368DFF8900901
:1070900003401343206803602068436833F440537F
:1070A000E068034320684360D4F818802068884271
:1070B00002D0206A50EA08082068806830F4306006
:1070C00058EA0000226890602068DFF8482A904261
:1070D00016D1DFF8440A006810F00300002805D03C
:1070E000022805D006D3032806D007E0012760E078
:1070F00002275EE004275CE008275AE0102758E0EA
:107100002068DFF8182A904217D1DFF80C0A0068CF
:1071100010F00C00002806D0042808D0082804D05D
:107120000C2806D007E0002743E0022741E00427AF
:107130003FE008273DE010273BE02068DFF8E0292A
:10714000904217D1DFF8D009006810F03000002815
:1071500006D0102808D0202804D0302806D007E018
:10716000002726E0022724E0042722E0082720E069
:1071700010271EE0206888421AD1DFF89C090068B9
:1071800010F44060002809D0B0F5806F0AD0B0F547
:10719000006F05D0B0F5406F06D007E0002708E08B
:1071A000022706E0042704E0082702E0102700E099
:1071B00010272068884246D13800C0B2002806D087
:1071C000022808D0042809D008280BD00DE004F0CC
:1071D0006BF981460DE0DFF84C990AE004F0F7F80E
:1071E000814606E04FF4004903E05FF0000901200A
:1071F0000600B9F1000F00F0A5806168032041434B
:10720000894505D361684FF480504143494502D216
:107210000120060096E04FF480726068400800216B
:10722000E2FB09016268002300F08EFD0500B5F560
:10723000407F05D3B5F5801F02D22068C56081E08C
:10724000012006007EE0E069B0F5004F41D1380032
:10725000C0B2002808D001280AD002280CD0042887
:107260000DD008280FD011E004F01EF9814611E07E
:1072700004F027F981460DE0DFF8A8980AE004F051
:10728000A6F8814606E04FF4004903E05FF00009EC
:1072900001200600B9F1000F54D06068400810EBDF
:1072A00049006168B0FBF1F00500102D0ED3B5F573
:1072B000803F0BD24FF6F0712940C5F342000143E5
:1072C0008A46504680B22168C8603BE00120060033
:1072D00038E03800C0B2002808D001280AD00228BF
:1072E0000CD004280DD008280FD011E004F0DCF8F1
:1072F000814611E004F0E5F881460DE0DFF82498BE
:107300000AE004F064F8814606E04FF4004903E027
:107310005FF0000901200600B9F1000F12D060688B
:1073200019EB50006168B0FBF1F00500102D07D398
:10733000B5F5803F04D2280080B22168C86001E022
:10734000012006000020A0660020E0663000C0B2E8
:10735000BDE8F0870000000020010004ED7800087F
:1073600090F82410090707D501684A6832F40042F2
:10737000416B0A4301684A6090F82410C90707D599
:1073800001684A6832F40032816A0A4301684A603F
:1073900090F82410890707D501684A6832F48032D2
:1073A000C16A0A4301684A6090F82410490707D56A
:1073B00001684A6832F48022016B0A4301684A601E
:1073C00090F82410C90607D501688A6832F4805203
:1073D000816B0A4301688A6090F82410890607D5FA
:1073E00001688A6832F40052C16B0A4301688A60FE
:1073F00090F82410490613D501684A6832F48012C7
:10740000016C0A4301684A60016CB1F5801F07D125
:1074100001684A6832F4C002416C0A4301684A605C
:1074200090F82410090607D501684A6832F4002252
:10743000816C0A4301684A60704738B50400002037
:10744000C4F88400FEF716FA0500206800680007FB
:107450001DD57FF07E4000902B0000225FF40011CC
:10746000200000F053F8002811D0206850E8000FE9
:1074700030F080000100226842E800100028F4D1BA
:107480002020E067002084F8780003203DE0206899
:10749000006840072CD57FF07E4000902B00002232
:1074A0005FF48001200000F031F8002820D020682F
:1074B00050E8000F30F490700100226842E800109C
:1074C0000028F4D12068083050E8000F4008400040
:1074D0000100206810F1080242E800100028F1D1F4
:1074E0002020C4F88000002084F8780003200CE0FD
:1074F0002020E0672020C4F88000002020660020C3
:107500006066002084F87800002032BD2DE9F0414B
:1075100005000E0090461F00069C2868C069304098
:10752000B04201D1012000E000204146C9B28842AA
:1075300038D114F1010FF0D0FEF79CF9C01B844242
:1075400001D3002C01D103202DE0286800684007FA
:10755000E3D5802EE1D0402EDFD02868C069000737
:107560000DD5082029680862280000F002F90820DB
:10757000C5F88400002085F87800012013E0286811
:10758000C0690005C9D54FF4006029680862280069
:1075900000F0EFF82020C5F88400002085F878007E
:1075A000032000E00020BDE8F08130B403005965FD
:1075B000A3F85820A3F85A20002098669868B0F5E0
:1075C000805F0BD11869002804D140F2FF10A3F8A6
:1075D0005C0023E0FF20A3F85C001FE0986800280F
:1075E0000AD11869002803D1FF20A3F85C0015E038
:1075F0007F20A3F85C0011E09868B0F1805F0AD1A9
:107600001869002803D17F20A3F85C0006E03F2022
:10761000A3F85C0002E00020A3F85C000020C3F89F
:1076200084002220C3F880001868083050E8000F5A
:1076300050F001000400186810F1080545E800400A
:107640000028F1D19868B0F5805F06D1186900284C
:1076500003D10FF2D130986602E00FF2D520986680
:10766000186900280BD0186850E8000F50F490708B
:1076700004001D6845E800400028F4D10AE01868BD
:1076800050E8000F50F0200004001D6845E800405D
:107690000028F4D1002030BC704770B504000D0004
:1076A00016006565A4F858600020C4F88400222004
:1076B000C4F88000606F002821D00FF21510616FB0
:1076C000C8620FF2B110616F08630FF2D110616FE1
:1076D00048630020616F886333009BB2626D20684D
:1076E00010F12401606F02F0A1FF002807D01020E4
:1076F000C4F884002020C4F8800001202AE020691A
:1077000000280AD0206850E8000F50F48070010073
:10771000226842E800100028F4D12068083050E8C0
:10772000000F50F001000100206810F1080242E84B
:1077300000100028F1D12068083050E8000F50F008
:1077400040000100206810F1080242E80010002803
:10775000F1D1002070BD016851E8001F31F0C00177
:107760000A00036843E800210029F4D12021C16701
:107770007047016851E8001F31F490710A000368F6
:1077800043E800210029F4D10168083151E8001FC5
:10779000490849000A00016811F1080343E8002183
:1077A0000029F1D1016E01290AD1016851E8001FB9
:1077B00031F010010A00036843E800210029F4D1E8
:1077C0002021C0F8801000210166002181667047E9
:1077D00038B50400A56A2068006880063AD4002005
:1077E000A5F85A00286850E8000F30F480700100B6
:1077F0002A6842E800100028F4D12868083050E8D0
:10780000000F400840000100286810F1080242E81B
:1078100000100028F1D12868083050E8000F30F03F
:1078200040000100286810F1080242E8001000281A
:10783000F1D12020C5F88000286E01280AD12868DF
:1078400050E8000F30F0100001002A6842E80010F4
:107850000028F4D100206866286E012805D1B5F80B
:107860005810280003F0FFF802E0280003F0E0F8C9
:1078700031BD000038B50400A56A01206866286E95
:10788000012807D1B5F85810490889B2280003F03B
:10789000EAF802E0280003F097FE31BDF8B50400D5
:1078A000A56AEE6FD5F8807028688068000607D555
:1078B000212E05D10020A5F852002800FFF74BFF2C
:1078C00028688068400607D5222F05D10020A5F83A
:1078D0005A002800FFF74DFFD5F8840050F0100043
:1078E000C5F88400280003F0DDF8F1BD38B50400C8
:1078F000A56A0020A5F85A000020A5F8520028002B
:1079000003F0D0F831BD10B50400206850E8000F36
:1079100030F040000100226842E800100028F4D155
:107920002020E0670020E066200003F04EFE10BD3E
:1079300070B50500B5F85C60D5F88000222866D1E6
:107940002868808C040016EA0400696D0870686D70
:10795000401C6865B5F85A00401EA5F85A00B5F8F5
:107960005A00002859D1286850E8000F30F4907070
:1079700001002A6842E800100028F4D12868083085
:1079800050E8000F400840000100286810F108028C
:1079900042E800100028F1D12020C5F88000002026
:1079A000A8660020686628681C4988420ED02868AE
:1079B000406800020AD5286850E8000F30F0806067
:1079C00001002A6842E800100028F4D1286E01283E
:1079D00019D100202866286850E8000F30F0100008
:1079E00001002A6842E800100028F4D12868C06924
:1079F000C00602D5102029680862B5F85810280082
:107A000003F031F809E0280003F012F805E02868D7
:107A1000008B50F008002968088370BD008000408A
:107A2000F369FFEFF8B50500B5F85C70D5F8800094
:107A3000222867D12868808C0400686D060017EA48
:107A400004003080686D801C6865B5F85A00401EDF
:107A5000A5F85A00B5F85A00002859D1286850E80E
:107A6000000F30F4907001002A6842E800100028EE
:107A7000F4D12868083050E8000F400840000100A9
:107A8000286810F1080242E800100028F1D12020F7
:107A9000C5F880000020A866002068662868224992
:107AA00088420ED02868406800020AD5286850E84D
:107AB000000F30F0806001002A6842E800100028C2
:107AC000F4D1286E012819D100202866286850E8D2
:107AD000000F30F0100001002A6842E80010002872
:107AE000F4D12868C069C00602D510202968086250
:107AF000B5F85810280002F0B6FF09E0280002F09F
:107B000097FF05E02868008B50F00800296808837B
:107B1000F1BD0000003801408810024000440040E0
:107B2000004800400024F400008000402DE9F74F99
:107B300082B000265FF0000A5FF0000B54465D46FD
:107B4000002000900127DDF80C80DDF808900498F3
:107B500010F0070F2BD10498C008002182468B46F5
:107B600003F08CFD4FF47A7003F0A0FD00200600B6
:107B7000300080B20021594517D801D3504514D2A6
:107B8000D8E9000104000D0022002B004946002026
:107B900003F01CFD07003800C0B2012805D019F120
:107BA000080918F10808761CE2E703F078FD3800B0
:107BB000C0B205B0BDE8F08F70B50400012503F038
:107BC0005DFD06004FF47A7003F070FD3000C0B226
:107BD00000280FD1C4F3CC20B0F5807F05D201215D
:107BE000C4F3CC2003F0CEFD04E00121C4F3CC208B
:107BF00003F0C8FD4FF47A7003F058FD0500054806
:107C0000016831F00201016003F049FD2800C0B2B3
:107C100070BD0000142002402DE9F041C0B0040006
:107C20000D00160000274FF480710022E846404600
:107C3000FEF7D8F82000FFF7BFFFA5208DF8000061
:107C400030008DF801005FF000084046310080B23E
:107C500089B288420AD2404680B2285C69464246D0
:107C600092B21144887018F10108EEE7B61C30009A
:107C700080B20821B6B20836361A90FBF1F001FB4B
:107C80000066320092B269462000FFF74FFF0028DD
:107C900001D0002000E0012040B0BDE8F0810000EC
:107CA00062B38B0708D0521E11F8013B00F8013B6C
:107CB00000F024808B07F6D1830740F0208000BFBE
:107CC000103A07D330B4B1E83810103AA0E83810B1
:107CD000F9D230BC530724BFB1E80810A0E808105F
:107CE00044BF51F8043B40F8043BD20724BF31F8AD
:107CF000022B20F8022B44BF0B7803707047121F31
:107D000017D35B0009D151F8043B20F8023B1B0C50
:107D1000121F20F8023BF6D20BE051F8043B00F8AA
:107D2000013B1B0A20F8023B1B0C121F00F8013B11
:107D3000F3D238BF121D521E24BF11F8013B00F8C8
:107D4000013BF8D870470000BBBBE1B1B2F5803F02
:107D500080F07E80022A1ED98C46B1FBF2F102FB34
:107D600011C31B0443EA1043B3FBF2FC02FB1C33B8
:107D700080B240EA0343B3FBF2F002FB103240EA68
:107D80000C4000237047022A05D98446B0FBF2F06C
:107D900002FB10C270474AB105D100F00102490848
:107DA0005FEA3000704700220023704703F03ABDBD
:107DB0000B000200002100207047904271EB030C81
:107DC000F6D3B3F5803F2FD2F0B5B3FA83F7B1FA0B
:107DD00081F4A7F10F0E3D1B5340CEF1200602FAAD
:107DE0000EF2F3415340B5F10F0746D80F3C2C4437
:107DF0004140C4F12006A040F1414140B1FBF3F6FF
:107E000003FB1611A2FB0645001BA94102D2761EF8
:107E10008018594180EA010221FA0EF362FA0EF24B
:107E200000215A403046F0BD30B4B1FBF3FC03FBF7
:107E30001C11A2FB0C45001BA94103D2ACF1010CA3
:107E40008018594130BC02460B46604600217047FD
:107E5000B2F1807F65D3F0B5B2FA82F7B1FA81F45E
:107E6000C7F10F063D1B22FA06F307F1110EF2418E
:107E700020355A40B5F10F07B8D94140C4F120066A
:107E8000A040F1414140B1FBF3FC03FB1C11A2FBFC
:107E90000C45001BA94103D2BCF1010C80185941CB
:107EA0000F2F12D30F3FC90341EA5041B1FBF3F644
:107EB00003FB1611A2FB0645D4EBC030A94102D248
:107EC000761E8018594146EACC3C07B34140C7F1C1
:107ED0002006B840F1414140B1FBF3F603FB161117
:107EE000A2FB0645001BA94102D2761E801859410B
:107EF00080EA010221FA0EF3C7F1200462FA0EF2C1
:107F00000CFA07F05A402CFA04F13043F0BD80EA35
:107F1000010221FA0EF3002162FA0EF260465A4085
:107F2000F0BD8C46B1FBF2F102FB11C31B0243EA28
:107F30001063B3FBF2FC02FB1C331B024CEA002073
:107F400043EA1063B3FBF2FC02FB1C331B024CEA56
:107F5000002043EA1063B3FBF2FC02FB1C331B025C
:107F60004CEA002043EA1063B3FBF2FC02FB1C3234
:107F70004CEA002000237047B0B581EA030C0CF0F6
:107F8000004C40F2FF7515EA11541DBF15EA135756
:107F9000AC42AF4239E0E41923EA455343F480137D
:107FA000C90241F0004141EA505EC7021100A7FB3F
:107FB000020200284FF00000EEFB01204FF000010C
:107FC000E3FB072118BF42F001024018002149419C
:107FD000E3FB0E01A4F580640F0302D2520040417E
:107FE000494154F101046CDD470872F1004250F13F
:107FF000000051EB0451A1F580115CBF41EA0C0176
:10800000B0BD4CEA05510020B0BD05EA1357AC42A3
:1080100014BFAF4241E050EA410E1CBF52EA430E8A
:1080200002E061460020B0BD24423C441BD15FEA1F
:10803000070EF6D0090302BF01460020AEF1140E70
:10804000B1FA81F7AEEB070401FA07FE0C37C7F16E
:10805000200100FA07F7C8404EEA000E23EA455314
:1080600043F48013A2E733F00043B3FA83F704BF6D
:10807000B2FA82FE77440B3FE41BB7F1200E2FBF0C
:1080800002FA0EF3BB40C7F1200E22FA0EFE38BFF3
:1080900043EA0E03BA40641C82E750EA410E14BF63
:1080A00052EA430E6FF000014FF4001717EB430F35
:1080B0008ABF194617EB410FB5E74CEA055100207E
:1080C000B0BDD4F10104B4F120070FDAC4F12007E8
:1080D000520828BF42F0010210FA07F501FA07F72B
:1080E000E1BF2A43E0403843E1400FE0352C98DC03
:1080F000C7F1200452EA400220FA07F218BF42F00A
:10810000010231FA07F0A1400A43002172F1004256
:1081100050F1000051EB0C01B0BD000070B44FF005
:10812000004591EA030F43F187836B40841A71EB9A
:10813000030604D26E40001BB141121973414FF483
:10814000001C1CEB410F34BF7CEB430683E00C0D9D
:10815000A4EB1356362E00F37C80012E45EAC32390
:1081600041DC43EA525312BFD20292025B0824055B
:1081700045EAC12141EA5051D2EBC020994125D4B2
:1081800007D1B0FA80F610FA06F162D0002020364E
:1081900008E0B1FA81F6B140C6F1200220FA02F2FD
:1081A0001143B0404FEAF474B4EB465434F0010686
:1081B0004FEA74040AD8D6F50016760D04F0004490
:1081C000F04061FA06F25040F1404840C00A40EAEF
:1081D000415021F0004128BF5FEA500550F10000F6
:1081E00044EBD12135E0DB0A45EAC121C90AB6F1E9
:1081F00020050EDD42EA0242120CC5F1200603FA08
:1082000006F6EB4042EA06056D42984161F1000135
:108210000DE062FA06F5F240554063FA06FC82EA88
:108220000C02F3405A406D42904161EB030111F49E
:10823000801F05D1641E620502D06D004041494196
:1082400021F48011430875F1004350F1000041EB27
:10825000045170BC70471CEB410F15D223F0004352
:1082600052EA43060BD04FEA4C0CBCEB410F04D84A
:108270000C0D661E342EB7DDEBE7801A994150EAEB
:10828000410608BF0021E4E708BF1CEB430F28BFED
:108290006FF00001DDE70000C1F30A5340F2FE3247
:1082A0009B1A14DDD3F120034FEAE17208DDC90205
:1082B00041EA505141F00040D8408018504070478A
:1082C00003F2E13010B1D24382F000407047002049
:1082D000704700002DE9F04D2DED0A8B41EC190B94
:1082E00043EC182B51EC180B20F0000431F0004542
:1082F00008BF002C84B000F0088353EC192B002039
:10830000DFF88C1603F002FB00F0FF82DFF8141692
:1083100003F0FCFA08D151EC180B48004015401C42
:1083200002D1090300F0F18251EC190B480040150D
:10833000401C00F00E8251EC190B31F0004108BFD7
:10834000002800F0068251EC180B48004015401C34
:1083500000F0FF8151EC180B4B0043EAD073420050
:10836000002B08BF002A04D1B0EE48AAF0EE68AA9C
:1083700019E040F23344A4EB5352352A04DB00F0F9
:10838000000001F000410CE0202A03DD203AD1403A
:10839000914000E001D1002003E0002AC4BFD0409A
:1083A000904041EC1A0B51EC190BC80F0BD053EC59
:1083B000182B51EC1A0B03F0A9FA04D0AFF300808C
:1083C0009FED3F9BA3E253EC192B23F00041B1F545
:1083D000801F22F000000DD20022002908BF0028D3
:1083E000009216D06A4651EC190B03F09FFA41EC4B
:1083F000190B0EE0DFF8AC45DFF82C7504EB1150DB
:1084000000903B40DFF82405924643EA000B4BEC1A
:1084100019AB51EC190BC80F36D021F0004053ECCA
:10842000192B034643EC192B51EC1A0B4B0043EA72
:10843000D0734200002B08BF002A04D1B0EE4A0AD4
:10844000F0EE6A0A19E040F23444A4EB5352352AA4
:1084500004DB00F0000001F000410CE0202A03DD05
:10846000203AD140914000E001D1002003E0002AF1
:10847000C4BFD040904041EC100B53EC1A2B51EC90
:10848000100B03F043FA01D1002600E0012600980A
:1084900001281DD151EC190BDFF89424DFF8943436
:1084A00003F07CFA14D253EC192B00204FF08041DA
:1084B000FFF762FD00279FED04BB41EC190B27E09D
:1084C000FFFFFFFFFFFFFF7F000000000000F03F05
:1084D00053EC192B0020DFF86014FFF74DFD9FEDE2
:1084E00078AB53EC1A2BFFF719FEFFF7D5FEA0F17E
:1084F00020042046FCF79AFF0022DFF84034FFF703
:108500003BFD53EC1A2BFFF709FE41EC1B0B6701F7
:1085100051EC190B53EC1B2B03F086F941EC1A0BB1
:1085200053EC192B51EC1B0BFFF7F8FD02460B46E1
:1085300051EC1A0BFCF79CFF41EC190B53EC192B77
:10854000FFF71AFD41EC1C0B53EC1C2BDFF8F0037A
:10855000DFF8F013FFF710FDDFF8EC23DFF8EC3362
:10856000FFF7DCFD53EC1C2BFFF706FDDFF8E023E3
:10857000DFF8E033FFF7D2FD53EC1C2BFFF7FCFCD8
:10858000DFF8D423DFF8D433FFF7C8FD53EC1C2BFE
:10859000FFF7F2FCDFF8C823DFF8C833FFF7BEFDB2
:1085A00053EC1C2BFFF7E8FCDFF8BC23DFF8BC33EF
:1085B000FFF7B4FD53EC1C2BFFF7DEFCDFF8B02314
:1085C000DFF8B033FFF7AAFD53EC1C2BFFF7D4FC08
:1085D00053EC1A2B03F028F904460D460020DFF86F
:1085E000B01353EC1B2B03F01FF900224FF0804314
:1085F000FFF7C2FC22462B46FFF790FD53EC192BE8
:10860000FFF7BAFC41EC100BDFF86C03784400F57F
:108610005A70074453EC1A2B51EC100BFFF77EFDF8
:1086200041EC190B0098FCF701FFD7E90023FFF795
:1086300075FD41EC1A0B53EC192BDFF84003DFF802
:108640004013FFF799FC53EC1A2BFFF767FD53EC2F
:10865000182BFFF791FC0022DFF8283303F09EF976
:1086600041EC1B0B69D30122C74B03F0AFF961D971
:10867000C80F53EC1B2B1ABF0020C449AB49FFF7AE
:108680004DFDFFF709FE0022C14BCDE901238046D5
:10869000CDF8008053EC192B51EC180BFFF76CFC54
:1086A00004460D46D7E90201D7E90423FFF736FD5A
:1086B00053EC182BFFF760FC9FEDB6BB04E000BF46
:1086C000000000000000E03F53EC1B2BFFF754FCC0
:1086D00022462B46FFF722FD07468B4653EC1A2B0A
:1086E00051EC180BFFF748FC04460D464046FCF7DA
:1086F0009DFE02460B462046294603F095F853ECB2
:108700001B2BFFF739FC3A465B46FFF707FDDDE917
:10871000012303F073F941EC190B31F0004108BF5C
:1087200000280AD051EC190B48004015401C06D116
:10873000090304D19FEDA09B01E09FED9B9B002EC0
:1087400000F0E58051EC190B81F0004141EC190B70
:10875000DDE051EC190B48004015401C02D1090323
:1087600040F0D58051EC180B48004015401C06D154
:10877000090304D0B0EE489AF0EE689AC7E051ECD5
:10878000180B480001244015401C61D051EC180B17
:108790004B0043EAD0734200002B08BF002A04D1EB
:1087A000B0EE48AAF0EE68AA19E040F23345A5EB16
:1087B0005352352A04DB00F0000001F000410CE0C8
:1087C000202A03DD203AD140914000E001D1002071
:1087D00003E0002AC4BFD040904041EC1A0B53EC98
:1087E000182B51EC1A0B03F091F818BF00244B0022
:1087F00043EAD0734200002B08BF002A04D1B0EE38
:108800004A0AF0EE6A0A19E040F23445A5EB5352E9
:10881000352A04DB00F0000001F000410CE0202AC2
:1088200003DD203AD140914000E001D1002003E077
:10883000002AC4BFD040904041EC100B44B153EC2F
:108840001A2B51EC100B03F061F80CBF002401242B
:1088500051EC190B48004015401C0AD1090308D1FE
:1088600051EC190BC80F21D153EC182BDA0F49D05A
:1088700040E051EC180B48004015401C1ED1090384
:108880001CD153EC192B23F00041B1F5801F22F0CD
:10889000000021D20022002908BF002800921FD02A
:1088A0006A4651EC190B03F041F819E051EC180B32
:1088B000C80F01D1002C21E0E4B10AE0002C1ABF5E
:1088C00051EC190BC80F002053EC182BDA0F14D100
:1088D00080B19FED329B1AE0324C04EB11500090B6
:1088E00051EC180BC80F009802D100280ADC01E0F7
:1088F000002807DD9FED2C9B09E0002818BF9FEDA5
:108900002C9B04D19FED2C9B01E09FED049B04B0B8
:1089100051EC190BBDEC0A8BBDE8F08D0000000096
:108920000000F03F0000F0BFFFFF0F800000E03FBD
:10893000CD3B7F669EA0E63F000050400000903F88
:10894000F7DE29BFD8F8C23FF4B3FECC1A99C33F73
:1089500062CB68D96F46C73FC6C912DAC471CC3F33
:108960004AE98A942449D23FF75F97999999D93F68
:10897000BC5555555555E53F185B0000FE822B65EB
:108980004715F73F0000E0C00000E0400000E0BFF6
:108990000000F03FEF39FAFE422EE63F00000000F3
:1089A0000000008002FCFFFF00000000000000004B
:1089B000000000000000F0FF000000000000F07F59
:1089C0002DE9F14FB0B0924604910DF142013A9A6F
:1089D0002B9199464A7000200AE01AF8011B04986E
:1089E000309A90470028049000F0B6860D98401CFD
:1089F0000D909AF8000050B12528EED100210022F8
:108A00000791089209910A920B910C9204E00D983B
:108A100000F0A4BE41F001011AF8010F2028F9D09E
:108A200023280CD02B2804D02D2805D0302809D09D
:108A30000BE041F00201EFE741F00401ECE741F007
:108A40000801E9E741F01001E6E72A280FD1D9F83B
:108A5000002052F8040BC9F8002000280F9003D51D
:108A600040420F9041F004010AF1010A14E00F9214
:108A7000DFF828380AE00F98984205DA00EB800406
:108A800002EB4402303A0F920AF1010A9AF80020F0
:108A9000A2F130000A28EED39AF800002E2803D065
:108AA0004FF0FF320E9229E01AF8010F2A2809D15F
:108AB000D9F8000050F8042BC9F800000E920AF112
:108AC000010A1BE02D280CBF0AF1010A0020002238
:108AD0000E92DFF8C8470BE040B90E9AA24205DAC1
:108AE00002EB820503EB4503303B0E930AF1010ACA
:108AF0009AF80030A3F130020A2AEDD3ADF8401005
:108B0000DFF89C07784400F5F3609AF8001003F052
:108B100069F908B11AF8010B8DF842009DF842007E
:108B2000682805D19AF8000068280CD1622106E077
:108B30006C2804BF9AF800006C2804D171218DF8CC
:108B400042100AF1010A12A806901AF801BBBBF103
:108B500025012CD01C3900F0D081091F022940F2D8
:108B6000CC81133900F02385093900F0C681891EB4
:108B700000F0B885491E00F06585491E022940F2C3
:108B8000BC81091F00F05E85491F00F02881491E45
:108B900000F00D85491E00F0D080C91E0DD0891E41
:108BA00000F00585C91E00F0028500F0A6BD252352
:108BB0008DF84830012100F0ABBDD9F8000050F825
:108BC000044BC9F80000002C059440F0A3802B99B9
:108BD0004878002800F099804FF0FF340FF6843079
:108BE00003F00CF9201A40F0B78500F092BD6D1E1D
:108BF00040F0A9853096079D12AF75B1309E17F8E9
:108C0000012B02A9304600F073FE002801D46D1E2E
:108C1000F5D10028309640F09F850A9D3020002D28
:108C20008DF804000CDD309E012301AA02A9304614
:108C300000F06EFE002840F08F856D1EF4D1309656
:108C4000059F089D75B1309E17F8012B02A930468B
:108C500000F04EFE002801D46D1EF5D1002830969C
:108C600040F07A850B9D3020002D8DF804000CDD3E
:108C7000309E012301AA02A9304600F049FE0028D7
:108C800040F06A856D1EF4D1309605980899099DCB
:108C9000471875B1309E17F8012B02A9304600F035
:108CA00027FE002801D46D1EF5D10028309640F033
:108CB00053850C9D3020002D8DF804000CDD309E76
:108CC000012301AA02A9304600F022FE002840F04C
:108CD00043856D1EF4D130969DF8400041077FF525
:108CE00088AE2020002C8DF804007FF782AE309DE6
:108CF000012301AA02A9284600F00AFE002840F03C
:108D00002B85641EF4D1309573E60FF66440059010
:108D100000F0FFBC0E9D002D04D52046FCF74EFB55
:108D2000044607E02A46204603F088F8002814BFCE
:108D3000041B2C46089400F0ECBCD9F8001051F844
:108D4000040BC9F8001020F00004002121F0FF35C9
:108D500012ABCDE902450593DDE9022306993C24D7
:108D600013B90AB90E9898B102F00F053035641E98
:108D7000EEB23A2EA8BF2735120942EA03721B0948
:108D80000D5508BF002A03D005980D19A842EBD352
:108D900008190590C4F13C020E98089282420ADA42
:108DA000BDF84010821A4FF6EF7001400A92ADF8FC
:108DB000401000F0AEBC002840F1AB849DF84000AC
:108DC00000F01400102840F0A4840F9B07990A9823
:108DD0005B1A1B1A9A1A002A40F39B84E5E32B992D
:108DE000487820B14FF0FF340FF65430F8E69DF884
:108DF0004200622861D0682817D06A283FD06C28CA
:108E000006D0712847D074282CD07A281DD064E071
:108E1000D9F8001051F8040BC9F80010002868D1E7
:108E20004FF0FF340FF63030DAE6D9F8001051F881
:108E3000040BC9F8001020B94FF0FF340FF61830BA
:108E4000CEE60D99018000F064BCD9F8001051F80D
:108E5000040BC9F8001000284BD14FF0FF340FF677
:108E6000F820BDE6D9F8001051F8040BC9F800103D
:108E700000283ED14FF0FF340FF6DC20B0E6D9F8E1
:108E8000001051F8040BC9F8001080B94FF0FF34FE
:108E90000FF6C420A4E6D9F8001051F8040BC9F865
:108EA000001020B94FF0FF340FF6AC2098E60D9A71
:108EB000D317C0E9002300F02CBCD9F8001051F8FA
:108EC000040BC9F8001020B94FF0FF340FF68820CA
:108ED00086E60D99017000F01CBCD9F8001051F81D
:108EE000040BC9F8001020B94FF0FF340FF66820CA
:108EF00076E60D99016000F00CBCD9F80020D21D77
:108F000022F00702C9F80020D2E900010832C9F8AE
:108F10000020CDE90201C80F02D007982D210AE0F8
:108F2000BDF84000810702D507982B2103E0C00758
:108F300005D50798202112AA1154401C0790DDE99D
:108F40000223079912A8CDE92C2308444BF02001F5
:108F50006129059021AC0BD00E99002902D506217C
:108F60000E9105E001BF4BF02001672901220E920E
:108F7000DDE9022359004915491C0DD11A030BD014
:108F8000ABF1610503211A2D089102D20FF6E4110D
:108F900010E00FF6E4110DE059004915491C0DD100
:108FA0001A030BD1ABF1610503211A2D089119D3D6
:108FB0000FF6CC110322FEF773FEAAE3DDE90201EE
:108FC000CDE92E01DDE92E2323F00047B7F5801F00
:108FD00022F000060DD20022002F08BF002E0092C2
:108FE00003D116E00FF69411E4E76A4602F09EFC06
:108FF0000FE0DFF8DC08DFF8DC1800EB175000901A
:10900000DDE92E234FF0FF301940DFF8CC78104017
:109010003943CDE902014BF0200061280DD10598BC
:1090200030210170821CBBF1610F05920CBF7821C9
:10903000582141700798801C0790DDE9020120F05B
:10904000000231F0004308BF002A02D100260025AB
:1090500068E14BF02008B8F1610F40F0B4800E9841
:10906000002847BF21210191401C0190019FDDE9AB
:109070002C017F1C00220023DDE9024502F08EFC5A
:1090800000998DF8842038BF85F00045091F002F16
:1090900000910DF1850653DD20462946002200236C
:1090A00002F094FC4CD24800400D00F11C0212D09A
:1090B000002A10DD40F2FF739A4206DBDFF81C182D
:1090C00005F000400143002011E06FF31E5141EA1A
:1090D000025120460BE024F0000035F0004108BFAB
:1090E00000280FBF29461C22294602F0D3FE044661
:1090F0000D46FFF7D1F8FF1F002F804609DDFCF772
:1091000095F902460B462046294602F08DFB04469F
:109110000D46F01D0721B8F1000F0CDD491E5EBFA2
:1091200008F00F0200F8012D4FEA2818F3D502E0ED
:10913000002200F8012D491EFAD5C61D002FABDC18
:109140000DF18500361A01988642D8BF30460028B6
:109150000DF1850430D4B04206DA0DF185010A5CC8
:10916000082AA8BF0F2100DA0021024621AB1344D0
:1091700000E0401E13F80159521E8D42F9D00F290C
:1091800004D10DF185018B5C5B1C8B54002A04D546
:109190000099091D21AC401C0091411E0CD462189D
:1091A000ABF13A0613783033DDB23A2DA8BFF3188D
:1091B000491E02F80139F5D50E99002940F1B08019
:1091C000421E0E92ACE00099DFF8142747F2975048
:1091D000414391FBF2F2DDE92C45009225F0004578
:1091E000D2F1070204DD2046294600F04EFB0BE0D9
:1091F00052420020DFF8EC1600F047FB02460B4617
:1092000020462946FCF734F90446B8F1660F0E985B
:1092100006BF009F0A3706273F18142FC8BF142720
:1092200030200D468DF884000DF18506002F39DDC4
:109230002046294602F0CCFE01460A4606F1080304
:1092400004200A26B2FBF6F606EB860EA2EB4E02CF
:10925000303203F8012C0A22B6FBF2F202EB820E46
:10926000A6EB4E063036401E03F8026DE9D1083FEA
:10927000002F03F10806D9DD0846FCF751FA024633
:109280000B462046294602F0CFFA0022DFF8583676
:10929000FEF772FE04460D46CAE700BFCBCCCC0CED
:1092A000446800000DF18500361A0DF1850404E0D4
:1092B0000098401E761E0090641C20783028F7D05D
:1092C000B8F1660F02D10099491C04E0B8F1650FAE
:1092D0000CBF012100210E9808188642B8BF701EED
:1092E00000281DD4B04204DA215C3429C8BF3921DA
:1092F00000DC30210246631E9D1800E0401E15F878
:109300000169521E8E42F9D0392902D1A15C491C53
:10931000A154002A04D50099491C1C46401C009108
:109320000646009D02F068FE406A0778DDF8388046
:1093300030B2002802DC01260FF248644BF0200016
:10934000662808BF6D1C16D0672846D128B210F1D8
:10935000040F48DB404546DA9DF840006D1C0107CC
:1093600003D430B24045B8BF804628B2B8EB0008FD
:1093700048BF4FF000080FFA85FBBBF1000F00F368
:10938000B5800898411C0891302205990A54B8F11B
:10939000000F03DC9DF84000010704D50898411C2C
:1093A000089105990F5418EB0B0FB8BFC8F10005D1
:1093B0002DB268420B90A84432B29045B8BF4646E1
:1093C000059B089836B20996324621461844FEF7A6
:1093D00067FCA8EB06000C90D2E0BBF1610F17D13F
:1093E0004FF0700B19E030B2404504DA9DF84010A0
:1093F0000A0758BF8046B8F1010848BF4FF000087F
:10940000BBF1670F14BF4FF0450B4FF0650B04E045
:10941000BBF1410F08BF4FF0500B0898411C089159
:10942000B8F1000F059914F8012B0A5403DC9DF8DC
:10943000400001071AD50898411C0891B8F1000FA7
:1094400005990F5412DD761E30B280450598089BB1
:10945000B8BF464632B221461844FEF721FC0899AF
:1094600036B271180891A8EB06000B900598089980
:10947000084429B2002980F800B003D42B2242709E
:10948000821C04E02D2242700D46821C6D42002198
:109490002CAB28460AE004460A2094FBF0F000EBCF
:1094A0008005A4EB450403F8014B491C00B20028D9
:1094B000F1DC012906DC4BF02000652804BF3020D8
:1094C00002F8010B00292CAB08D1302002F8010B67
:1094D00006E0491E585C303002F8010B0029F8DC28
:1094E000059908980844121A099249E030B229B245
:1094F00088421CDA0598089B32B221461844FEF7D0
:10950000CFFB089936B27118ABEB0606B8F1000F25
:1095100008910B9603DC9DF84000020704D50598DE
:1095200047540999491C0991CDF8308028E00598E5
:10953000089B2AB221461844FEF7B2FB0898761B16
:109540005844B8F1000F089003DC9DF840100A075A
:1095500003D5411C089105990F5430B280450598F8
:10956000089BB8BF464632B204EB0B011844FEF725
:1095700097FB089836B230180890A8EB06000B90BD
:109580009DF8400000F01400102840F0C280079AB7
:1095900008990B988A18099982180C988A188218C9
:1095A0000F98824280F2B580821A0A92B1E09DF84B
:1095B0004200622808D068280ED06A2814D06C288F
:1095C0001FD0712810D01CE0D9F8001051F8040BFE
:1095D000C9F80010C0B21AE0D9F8001051F8040B15
:1095E000C9F8001080B212E0D9F80020D21D22F094
:1095F0000702C9F80020D2E900010832C9F80020AA
:1096000006E0D9F8001051F8040BC9F80010002149
:10961000CDE902019DF8400001075AD5DDE902239A
:10962000002B08BF002A54D04BF02000782850D1DE
:10963000079812A930220A54401C431C079301F8D2
:1096400000B046E09DF84200622808D068280ED09D
:109650006A2814D06C281FD0712810D01CE0D9F8CB
:10966000001051F8040BC9F8001040B21AE0D9F804
:10967000001051F8040BC9F8001000B212E0D9F83C
:109680000020D21D22F00702C9F80020D2E9000113
:109690000832C9F8002006E0D9F8001051F8040B90
:1096A000C9F80010C117CDE90201002902D50798B9
:1096B0002D210AE0BDF84000810702D507982B2133
:1096C00003E0C00705D50798202112AA1154401CB9
:1096D000079012A807990144059102A8594600F085
:1096E0004FF816E001200790D9F8000050F8041B4D
:1096F000C9F800008DF848100BE025210122BBF1CC
:10970000000F8DF84810079203D08DF849B0022160
:1097100007910F9A07980A990C9C121A0898521AE6
:109720000B99121A0998521A121A9DF84000141B2C
:1097300041073FF560AA2020002C8DF804007FF738
:109740005AAA309E2546012301AA02A9304600F0FC
:10975000DFF800283FF44BAA4FF0FF3031B0BDE8EE
:10976000F08F00007072696E74665F733A206261F8
:109770006420257320617267756D656E740000004A
:109780002DE9FC4307466F293E6908BF082405D030
:1097900041F02000782814BF0A2410243C25D7E982
:1097A0000023642918BF69299046994605D1002BEA
:1097B00003D5D8F1000869EB4909B9F1000F08BFDA
:1097C000B8F1000F0CD1386B50B9082C39D197F88B
:1097D0003800010735D530203B2586F83B0030E0C6
:1097E0008DF80010404649462246E317FEF7ACFAD2
:1097F0003032D0B26D1E3A28019504DB9DF800008E
:10980000A0F151018A187255404649462246E31795
:10981000FEF79AFA80465FEA010908BFB8F1000F27
:1098200003D0F86871198842DCD3082C09D197F865
:109830003800010705D5705D302802D06D1E30203C
:109840007055C5F13C02BA617119F960386B8242FA
:1098500008DA821A3A624FF6EF70398F0140398781
:10986000BDE8F38300280ED597F8380000F0140007
:10987000102808D17B6B7969386A5B1A1B1A9A1A0F
:10988000002AC8BF3A62BDE8F3832DE9D0430646FB
:109890000F4614464FF00008DFF8509012E0E00742
:1098A00007D542464B4630463946FEF765FB06462D
:1098B0000F464046494642464B46FEF75DFB641064
:1098C00080468946002CEAD130463946BDE8D0832F
:1098D00002FCFFFFFFFF0F800000E03F0000F07F71
:1098E000A08601000000F03F84D79741000024408B
:1098F00010B503460C461146A0689847A06020B1F9
:10990000E06A401CE062002010BD4FF0FF3010BD47
:10991000F8B505460E4617461C4600205CB117F800
:10992000011BB068A847B06030B1F06A401CF0621B
:109930000020641EF3D1F2BD4FF0FF30F2BD0000F5
:109940007072696E74665F733A20256E2064697365
:10995000616C6C6F776564007072696E74663A2032
:1099600062616420256E20617267756D656E74009A
:10997000000000006E616E004E414E00696E660090
:10998000494E46003000000010B50400002C01D103
:10999000012074E0606A002806D16068B0F5827F1B
:1099A00006D00020E06103E000202061002060611B
:1099B0000020A06294F85D00002805D1002084F802
:1099C0005C00200002F044FB022084F85D00206867
:1099D000006830F0400021680860E06840F20171E2
:1099E000884201D3002101E04FF48051E068B0F5D6
:1099F000706F05D0E068B0F5E06F01D00020A06284
:109A0000606810F48270A26812F404421043227C51
:109A100012F002021043227D12F001021043A269EB
:109A200012F400721043227F12F03802104394F8AF
:109A3000202012F080021043A26A12F40052104358
:109A400022681060A269120C12F0040294F824003B
:109A500010F01000024394F8340010F008000243A4
:109A6000E06810F47060024311F4805002432068F3
:109A7000426000202066012084F85D00002010BDB7
:109A80002DE9F84306000D0017001C00FBF7F2FE5D
:109A90008046B94696F85D00012801D00220ECE02E
:109AA000002D03D0380080B2002801D10120E4E06D
:109AB00096F85C00012801D10220DEE0012086F842
:109AC0005C00032086F85D0000203066B563B78730
:109AD000F787002030640020A6F844000020A6F894
:109AE0004600002030650020F064B068B0F5004FFB
:109AF0000BD13068006830F0400031680860306891
:109B0000006850F4804031680860306800684006A2
:109B100005D43068006850F0400031680860F06893
:109B200040F20171884235D37068002803D048465E
:109B300080B2012809D1B06B00883168C860B06B71
:109B4000801CB063F08F401EF087F08F002873D028
:109B50003068806880070AD5B06B00883168C860BB
:109B6000B06B801CB063F08F401EF087EDE7FBF711
:109B700081FEB0EB0800A04202D314F1010F01D125
:109B8000002CE2D1012086F85D00002086F85C0000
:109B9000032072E07068002803D0484680B2012894
:109BA00017D1F08F02280AD3B06B00883168C860E3
:109BB000B06B801CB063F08F801EF08709E0B06B43
:109BC000007831680873B06B401CB063F08F401EA2
:109BD000F087F08F00282FD030688068800718D574
:109BE000F08F02280AD3B06B00883168C860B06B70
:109BF000801CB063F08F801EF087EAE7B06B0078BE
:109C000031680873B06B401CB063F08F401EF08762
:109C1000DFE7FBF72FFEB0EB0800A04202D314F100
:109C2000010F01D1002CD4D1012086F85D00002065
:109C300086F85C00032020E042462100300000F05E
:109C400003F9002801D020203066B068002808D130
:109C5000002000903068C0680090306880680090F4
:109C60000098012086F85D00002086F85C00306EC8
:109C7000002801D0012000E00020BDE8F2832DE99A
:109C8000FC4705000E0017009846DDF82890FBF70A
:109C9000F1FD0400B8EB040419EB0404FBF7EAFD42
:109CA0008246684800684001000D00FB04F0009007
:109CB000286880683040B04201D1012000E00020D7
:109CC0003900C9B2884243D018F1010FF0D0FBF738
:109CD000D1FDB0EB0A00A04201D2002C2FD12868A0
:109CE000406830F0E000296848606868B0F5827F1D
:109CF0000DD1A868B0F5004F03D0A868B0F5806F0B
:109D000005D12868006830F0400029680860A86A1A
:109D1000B0F5005F0BD12868006830F40050296866
:109D200008602868006850F4005029680860012025
:109D300085F85D00002085F85C00032009E00098AC
:109D4000002801D1002004000098401E0090AFE7D9
:109D50000020BDE8F6872DE9FE4F06000F00140035
:109D60009846DDF8309000208DF80000FBF782FD6A
:109D70000500B8EB050519EB0505FBF77BFD8246F1
:109D8000306810F10C0B2F48016823204143090D66
:109D900001FB05F10191306880683840A0424ED047
:109DA000B7F5C06F07D1002C05D19BF800008DF8E6
:109DB00000009DF8000018F1010FECD0FBF75AFDF0
:109DC000B0EB0A00A84201D2002D2FD130684068C4
:109DD00030F0E000316848607068B0F5827F0DD1E6
:109DE000B068B0F5004F03D0B068B0F5806F05D112
:109DF0003068006830F0400031680860B06AB0F543
:109E0000005F0BD13068006830F4005031680860A2
:109E10003068006850F4005031680860012086F80E
:109E20005D00002086F85C00032009E0019800280E
:109E300001D1002005000198401E0190ABE70020F1
:109E4000BDE8FE8F600500207CB504000D00160003
:109E500000962B0000224FF4C0512000FFF77BFF3B
:109E6000002805D0206E50F02000206603201FE05F
:109E700000962B00002280212000FFF700FF002821
:109E800005D0206E50F020002066032010E00096E0
:109E90002B0000224FF4C0612000FFF75CFF002878
:109EA00005D0206E50F020002066032000E0002046
:109EB00076BD002848BF4042704780B502F004F9E3
:109EC00000F011F802F012F902F0F8F9FCF72EFC9C
:109ED00002F024FA02F094F8FCF744FCFCF760FC72
:109EE00002F046FBFEE710B596B04421002205AC17
:109EF0002000FBF777FF142100226C462000FBF7BF
:109F000071FF4FF4007002F00FFD002801D000F047
:109F100033F81820059001200A9001200B900020B2
:109F20000C9060200D9002200F90012010900120D5
:109F300011902820129007201390022014900220E4
:109F4000159005A800F042FE002801D000F014F89A
:109F50000F20009003200190002002900020039029
:109F6000002004900421684601F074F9002801D013
:109F700000F002F816B010BD72B6FEE710B5044648
:109F800010460A4601462046FBF72CFF204610BD2E
:109F90002DE9F84F05005FF000080027286800054C
:109FA00027D5686C00280DD0B0F5000F03D0B0F5B0
:109FB000400F0DD00DE0DFF82403016851F480312B
:109FC000016008E00021281D00F092F9804602E0BF
:109FD00001E0012080464046C0B2002808D1DFF8E9
:109FE0000C130A6832F44002686C02430A6000E015
:109FF0004746286880037AD55FF00009DFF8E0A2C1
:10A00000DAF80000C0000DD4DAF8000050F08050FB
:10A01000CAF80000DAF8000010F0805000900098B4
:10A0200001208146DFF8BCB2DBF8000050F48070FC
:10A03000CBF80000FBF71EFC0600DBF80000C005B3
:10A0400006D4FBF717FC801B0328F6D303208046B9
:10A050004046C0B200283FD1DFF88CB2DBF80000E8
:10A0600010F440700400002C15D0E86D844212D02A
:10A07000DBF8000030F440700400DBF8000050F41E
:10A080008030CBF80000DBF8000030F48030CBF8F3
:10A090000000CBF80040E0070FD5FBF7EBFB060014
:10A0A000DBF80000800708D4FBF7E4FB801B41F2DB
:10A0B00089318842F4D3032080464046C0B200284C
:10A0C00008D1DBF8001031F44071E86D0143CBF8A2
:10A0D000001002E0474600E047464846C0B201286B
:10A0E00005D1DAF8000030F08050CAF80000287876
:10A0F000C00707D5DFF8F4110A6892089200286AB1
:10A1000002430A602878800707D5DFF8E0110A6863
:10A1100032F00C02686A02430A602878400707D5CB
:10A12000DFF8C8110A6832F03002A86A02430A60F8
:10A130002878800607D5DFF8B4110A6832F4406247
:10A14000E86A02430A602868800507D5DFF89C1199
:10A150000A6832F44022E86B02430A60286840052E
:10A1600007D5DFF888110A6832F44012286C0243E0
:10A170000A602878400607D5DFF870110A6832F4C3
:10A180004052286B02430A602878000607D5DFF8A2
:10A190005C110A6832F44042686B02430A60286826
:10A1A000C00507D5DFF844110A6832F44032A86BC5
:10A1B00002430A602868800420D5DFF830110A685D
:10A1C00032F04062A86C02430A60A86CB0F1006FE4
:10A1D00006D1DFF80801016851F4801101600DE03B
:10A1E000A86CB0F1806F09D10121281D00F080F822
:10A1F00080464046C0B2002800D047462868000389
:10A2000020D5DFF8E8100A6832F04062E86C0243BB
:10A210000A60E86CB0F1006F06D1DFF8C000016899
:10A2200051F4801101600DE0E86CB0F1806F09D14C
:10A230000121281D00F05CF880464046C0B200288D
:10A2400000D047462868400320D5DFF8A0100A68F0
:10A2500032F04062286D02430A60286DB0F1006F51
:10A2600006D1DFF87800016851F4801101600DE03B
:10A27000286DB0F1806F09D10121281D00F038F858
:10A2800080464046C0B2002800D0474628684004B7
:10A2900015D5DFF858100A6832F04052686D024355
:10A2A0000A60686DB0F1805F09D10221281D00F0BD
:10A2B0001FF880464046C0B2002800D047462868B4
:10A2C000000407D5DFF824100A6832F08042A86D38
:10A2D00002430A603800C0B2BDE8F28F0C100240A1
:10A2E0005810024000700040901002408810024058
:10A2F0002DE9F04105000C0000275949086810F0CD
:10A30000030F12D0086810F003002A68904209D1A8
:10A310002868002806D00868C0F30210401C69684D
:10A32000884232D0012007002FE02868012804D09D
:10A330001BD303280FD007D317E04A4800688007D3
:10A3400001D40120070012E046480068400501D40E
:10A35000012007000BE043480268920304D4006820
:10A36000400301D40120070001E00120070038006C
:10A37000C0B2002809D10A6832F07302286802438B
:10A380006868401E52EA00120A603800C0B2002815
:10A3900061D1DFF8D080D8F8000030F08060C8F8D4
:10A3A0000000FBF767FA0600D8F80000000106D5A8
:10A3B000FBF760FA801B0328F6D303200700380060
:10A3C000C0B2002847D1002C0BD127490A68274882
:10A3D0000240A86852EA0022E86852EAC0620A60B5
:10A3E0001CE0012C0DD120490A6821480240A868D0
:10A3F00052EA002228694008401E52EA40520A6090
:10A400000CE019490A681B480240A86852EA002279
:10A4100068694008401E52EA40620A60D8F80000AD
:10A4200050F08060C8F80000FBF724FA0600D8F866
:10A430000000000106D4FBF71DFA801B0328F6D3A9
:10A44000032007003800C0B2002804D106490A687A
:10A45000A86902430A603800C0B2BDE8F08100007C
:10A460000C1002400010024010100240FF80FF0755
:10A47000FF809FFFFF80FFF930B40100002901D168
:10A48000012067E00868624A90420AD20A6861487F
:10A4900082181420B2FBF0F0800048645E48086423
:10A4A00009E00A685D4882181420B2FBF0F08000D1
:10A4B00048645B480864022081F825000868026847
:10A4C0006FF30E128B68C868034308690343486939
:10A4D000034388690343C8690343086A03431A4373
:10A4E000086802608868B0F5804F2AD0086C4A4B33
:10A4F000984213D14B4803680F2491F8445015F04B
:10A500001C05AC40A343036003684C6891F84450B9
:10A5100015F01C05AC402343036012E04248036879
:10A520000F2491F8445015F01C05AC40A343036080
:10A5300003684C6891F8445015F01C05AC40234367
:10A5400003600020C863012081F82500002081F805
:10A550002400002030BC704710B40100002901D154
:10A56000012053E008680068400840000A68106055
:10A570000868274A90420AD20A682648821814209E
:10A58000B2FBF0F0800048642348086409E00A68E0
:10A59000224882181420B2FBF0F080004864204862
:10A5A000086400200A681060012091F8442012F02D
:10A5B0001C0290400A6C5060086C174A90420AD105
:10A5C000184802680F2391F8444014F01C04A3407B
:10A5D0009A43026009E0144802680F2391F844404E
:10A5E00014F01C04A3409A4302600020C8620020BB
:10A5F000086300204863002088630020C8630020AF
:10A6000081F82500002081F82400002010BC70474C
:10A6100008040240F8FFFDBF00000240F8FBFDBF48
:10A6200000040240A8000240A80402402DE9F041C5
:10A6300004000D0016001F005FF0000894F82400CD
:10A64000012801D102203BE0012084F8240094F885
:10A65000250001282DD1022084F825000020E06388
:10A660002068006840084000216808603B00320014
:10A670002900200000F0F8F8206B002806D02068A0
:10A68000006850F00E00216808600BE02068006848
:10A6900030F00400216808602068006850F00A006B
:10A6A000216808602068006850F001002168086097
:10A6B00004E0002084F82400022080464046C0B216
:10A6C000BDE8F0810100002291F82500022806D0A3
:10A6D0000420C863002081F8240001201BE00868E2
:10A6E000006830F00E000B681860086800684008C9
:10A6F00040000B681860012091F8443013F01C03EF
:10A7000098400B6C5860012081F82500002081F8EA
:10A7100024001000C0B2704738B50400002594F83A
:10A720002500022804D00420E063012005001FE07A
:10A730002068006830F00E0021680860206800681A
:10A740004008400021680860012094F8441011F08E
:10A750001C018840216C4860012084F825000020FD
:10A7600084F82400A06B002802D02000A16B884749
:10A770002800C0B232BD70B50400206C05682068A6
:10A780000668042094F8441011F01C0110FA01F13D
:10A790000D4219D0710717D521680968890605D4BB
:10A7A0002168096831F004012268116094F84410AE
:10A7B00011F01C018840216C4860206B002852D0A9
:10A7C0002000216B88474EE0022094F8441011F0DD
:10A7D0001C0110FA01F10D421FD0B1071DD52168EF
:10A7E0000968890608D42168096831F00A012268DD
:10A7F0001160012184F8251094F8441011F01C0117
:10A800008840216C4860002084F82400E06A002819
:10A8100029D02000E16A884725E0082094F84410F8
:10A8200011F01C01884005421DD030071BD520685F
:10A83000006830F00E0021680860012094F8441090
:10A8400011F01C018840216C48600120E063012068
:10A8500084F82500002084F82400606B002802D0D2
:10A860002000616B884770BD30B4012490F84450DB
:10A8700015F01C05AC40056C6C600468636084686E
:10A88000102C04D10468A2600468E16003E004684D
:10A89000A1600468E26030BC7047000010B410F0A2
:10A8A0000703DFF8684122684FF6FF010A40DFF82E
:10A8B000601151EA03210A43226010BC7047DFF89F
:10A8C0004C010068C0F3022070470000010049B24B
:10A8D00000290AD4012210F01F018A40DFF8341148
:10A8E00003005BB25B0941F823207047010049B2C5
:10A8F00000290DD4012210F01F018A4046490300AF
:10A900005BB25B0941F82320BFF34F8FBFF36F8F1A
:10A91000704710B4020052B2002A05D40A013F4B1E
:10A92000040064B21A5508E00A013D4B040064B209
:10A9300014F00F04234403F8042C10BC704770B4C7
:10A94000030013F00704D4F10700052801D3042005
:10A9500001E0D4F10700251D072D01D2002500E0FC
:10A96000E51E012616FA00F0401E0140A94016FA25
:10A9700005F56D1E2A401143080070BC704710B5E4
:10A980000400601EB0F1807F01D301200EE0601E44
:10A99000244908600F215FF0FF30FFF7BAFF002065
:10A9A00021490860072021490860002010BD10B52A
:10A9B00004002000FFF772FF10BD2DE9F0410400F4
:10A9C0000D0016000027FFF77AFF804632002900AD
:10A9D0004046FFF7B4FF0100200040B2FFF799FFA7
:10A9E000BDE8F08110B50400200040B2FFF76EFF13
:10A9F00010BD10B50400200040B2FFF777FF10BD76
:10AA000010B504002000FFF7BAFF10BD0CED00E008
:10AA10000000FA0500E100E080E100E000E400E071
:10AA200018ED00E014E000E018E000E010E000E0C5
:10AA300010B50400206841490968884202D101200C
:10AA400001F067FE20683E490968884202D1012072
:10AA500001F0BEFF20683B490968884202D101200D
:10AA6000FCF74AF810BD38B504000D0020683349E2
:10AA70000968884203D1280080B201F04AFE2068AC
:10AA80002F490968884203D1280080B201F0A0FF55
:10AA900020682C490968884203D1280080B2FCF75D
:10AAA0002BF831BD10B5040020682449096888429C
:10AAB00002D1002024490870206821490968884291
:10AAC00002D102202049087020681E490968884286
:10AAD00002D104201C49087002211C48FBF718F819
:10AAE00010BD1CB5184C20780090194B0022002195
:10AAF000032001F095FF207800280ED101F008FE18
:10AB000014480188491C01800188142903DB0021B5
:10AB1000018001F0E7FD01F0E9FD207820780228AE
:10AB200003D101F054FF01F043FF2078207804287E
:10AB300003D1FBF7E0FFFBF7CFFF13BD4821002057
:10AB4000D021002058220020712900206405002017
:10AB500040F400085E29002070B505000C001600C6
:10AB6000D5F8800020282DD1002C03D0300080B2F1
:10AB7000002801D1012026E0012028660020686617
:10AB8000320092B221002800FCF787FD0100080086
:10AB9000C0B2002813D1286E01280ED110202A68D7
:10ABA0001062286850E8000F50F0100002002B6877
:10ABB00043E800200028F4D101E001200100080052
:10ABC000C0B200E0022070BD704700002DE9FE4FCA
:10ABD0000500002D01D101203AE3DFF80499D9F8EE
:10ABE000004014F00C04DFF81889D8F8007017F052
:10ABF00003072878C00640F1C680002C03D00C2C37
:10AC00007AD1012F78D1DFF8D4A8DAF800008007D4
:10AC100004D5A869002801D1012019E3DAF8000061
:10AC2000000704D5DAF8000010F0F00005E0DFF8C6
:10AC300060090068000910F0F000296A88421ED2FD
:10AC4000286A00F05FFC002801D0012000E3DAF858
:10AC5000000050F00800CAF80000DAF8001031F0E7
:10AC6000F001286A0143CAF80010DFF828090168DA
:10AC700031F47F41EA6951EA022101601FE0DAF80C
:10AC8000000050F00800CAF80000DAF8001031F0B7
:10AC9000F001286A0143CAF80010DFF8F8080168DB
:10ACA00031F47F41EA6951EA02210160002C06D1AA
:10ACB000286A00F027FC002801D00120C8E200F03B
:10ACC00086FBDFF8D418D9F80020C2F30312895CA0
:10ACD00011F01F01C840DFF80C180860DFF8080801
:10ACE000006801F0BBFF8DF800009DF8000000280F
:10ACF00049D09DF80000ABE2A86900282DD0DFF80C
:10AD0000DC97D9F8000050F00100C9F80000FAF70C
:10AD1000B1FD0600D9F80000800706D4FAF7AAFDB5
:10AD2000801B0328F6D3032092E2D9F8000050F0EC
:10AD30000800C9F80000D9F8001031F0F001286AC5
:10AD40000143C9F80010DFF84C08016831F47F4175
:10AD5000EA6951EA0221016015E0DFF88097D9F82D
:10AD6000000040084000C9F80000FAF783FD060023
:10AD7000D9F80000800706D5FAF77CFD801B032870
:10AD8000F6D3032064E22878C00754D5082C03D0FA
:10AD90000C2C0BD1032F09D1DFF84007006880038A
:10ADA00049D56868002846D1012051E26868B0F5AD
:10ADB000803F06D1DFF82407016851F4803101603B
:10ADC00018E06868B0F5A02F0AD1DFF81007016815
:10ADD00051F480210160016851F48031016009E083
:10ADE000DFF8F806016831F480310160016831F460
:10ADF00080210160686800280ED0FAF73BFD06004C
:10AE0000DFF8D8060068800315D4FAF733FD801BFD
:10AE10006528F5D303201BE2FAF72CFD0600DFF8C6
:10AE2000BC060068800306D5FAF724FD801B652860
:10AE3000F5D303200CE22878800752D5042C03D0E8
:10AE40000C2C15D1022F13D1DFF8900600684005B5
:10AE500004D5E868002801D10120F9E1DFF83407C2
:10AE6000016831F0F8512A6951EA0261016038E065
:10AE7000E86800281FD0DFF86496D9F8000050F485
:10AE80008070C9F80000FAF7F5FC0600D9F8000058
:10AE9000400506D4FAF7EEFC801B0328F6D3032006
:10AEA000D6E1DFF8F006016831F0F8512A6951EA7D
:10AEB0000261016015E0DFF82496D9F8000030F453
:10AEC0008070C9F80000FAF7D5FC0600D9F8000038
:10AED000400506D5FAF7CEFC801B0328F6D30320E5
:10AEE000B6E1287800072ED56869002815D0DFF86C
:10AEF000A096D9F8000050F00100C9F80000FAF758
:10AF0000B9FC0600D9F8000080071CD4FAF7B2FC9F
:10AF1000801B0328F6D303209AE1DFF87496D9F852
:10AF2000000040084000C9F80000FAF7A3FC060042
:10AF3000D9F80000800706D5FAF79CFC801B03288F
:10AF4000F6D3032084E12878400740F181805FF048
:10AF50000009DFF848A6DAF80000C0000DD4DAF8DE
:10AF6000000050F08050CAF80000DAF8000010F03D
:10AF700080500190019801208146DFF824B6DBF86B
:10AF80000000C00513D4DBF8000050F48070CBF84B
:10AF90000000FAF76FFC0600DBF80000C00506D4DD
:10AFA000FAF768FC801B0328F6D3032050E1A86859
:10AFB000012806D1DFF8EC05016851F001010160BC
:10AFC00017E0A86805280AD1DFF8D805016851F014
:10AFD00004010160016851F00101016009E0DFF83E
:10AFE000C4050168490849000160016831F00401A5
:10AFF0000160A868002810D0FAF73CFC0600DFF8D2
:10B00000A4050068800719D4FAF734FC801B41F2CC
:10B0100089318842F3D303201AE1FAF72BFC0600AA
:10B02000DFF880050068800708D5FAF723FC801B4D
:10B0300041F289318842F3D3032009E14846C0B286
:10B04000012805D1DAF8000030F08050CAF800007D
:10B05000287880062ED5686A002815D0DFF8489534
:10B06000D9F8000050F00100C9F80000FAF702FC1E
:10B070000600D9F8000080071CD4FAF7FBFB801B00
:10B080000328F6D30320E3E0DFF81C95D9F800008D
:10B0900040084000C9F80000FAF7ECFB0600D9F8B8
:10B0A0000000800706D5FAF7E5FB801B0328F6D3DE
:10B0B0000320CDE0A86A002800F0C980A86A022811
:10B0C00040F0A380D8F80000070017F00300E96AF9
:10B0D000884222D117F07000296B491EB0EB011F86
:10B0E0001BD117F4FE40696BB0EB012F15D117F09F
:10B0F0007840A96BB0EBC16F0FD117F4C000E96BBA
:10B100004908491EB0EB415F07D117F0C060296CB8
:10B110004908491EB0EB416F57D00C2C53D0DFF8D3
:10B12000BCA3DAF80000400101D5012090E0DAF874
:10B13000000030F08070CAF80000FAF79BFB8146EF
:10B14000DAF80000800107D5FAF794FBB0EB0900AC
:10B150000328F5D303207BE0D8F80010DFF84C0477
:10B160000140E86A0143286B401E51EA0011686BF8
:10B1700051EA0021E86B4008401E51EA4051286C1A
:10B180004008401E51EA4061A86B51EAC061C8F80E
:10B190000010DAF8000050F08070CAF80000D8F80B
:10B1A000000050F08070C8F80000FAF763FB06005A
:10B1B000DAF8000080014AD4FAF75CFB801B032810
:10B1C000F6D3032044E0012042E0DFF81093D9F8E1
:10B1D000000080013BD4D9F8000050F08070C9F81D
:10B1E0000000D8F8000050F08070C8F80000FAF7AE
:10B1F00041FB0600D9F80000800128D4FAF73AFB99
:10B20000801B0328F6D3032022E00C2C1DD0DFF88E
:10B21000CC92D9F8000030F08070C9F80000FAF73D
:10B2200029FB0600D9F80000800106D5FAF722FBB9
:10B23000801B0328F6D303200AE0D8F80010DFF8BB
:10B2400070030140C8F8001001E0012000E0002078
:10B25000BDE8FE8F2DE9F04104000D00002C01D166
:10B260000120B2E0DFF84C73386810F00700A84204
:10B270000BD23868C008C00028433860386810F026
:10B280000700A84201D001209FE0207880070DD55B
:10B29000DFF84C12086810F0F000A268904205D266
:10B2A0000A6832F0F002A06802430A602078C00702
:10B2B00042D56068032806D1DFF8200200688001CB
:10B2C0001CD4012081E06068022806D1DFF80C025E
:10B2D0000068800312D4012077E06068002806D15E
:10B2E000DFF8F8010068800708D401206DE0DFF87E
:10B2F000EC010068400501D4012066E0DFF8E08140
:10B30000D8F800108908890060680143C8F8001067
:10B31000FAF7B0FA0600D8F8000010F00C006168E7
:10B32000B0EB810F08D0FAF7A5FA801B41F2893102
:10B330008842F0D3032048E0207880070CD5684984
:10B34000A0680A6812F0F002904205D20A6832F052
:10B35000F002A06802430A60386810F007008542D6
:10B360000BD23868C008C00028433860386810F035
:10B370000700A84201D0012027E02078400706D529
:10B3800057490A6832F4E062E06802430A602078B4
:10B39000000707D55248016831F46051226951EA2B
:10B3A000C201016000F013F8DFF8EC114C4A12689A
:10B3B000C2F30312895C11F01F01C84049490860BB
:10B3C0004948006801F04AFCC0B2BDE8F0812DE9AF
:10B3D000F041002600204249096811F00C01DFF815
:10B3E00020C1DCF8007017F00307002903D00C29F6
:10B3F0001AD1012F18D1DFF8E4E0DEF800805FEA0F
:10B40000087806D4DFF888E1DEF800E0CEF3032EFA
:10B4100003E0DEF800E0CEF3031E674E56F82E6020
:10B4200000290CD130000AE0042903D1DFF88CE1B7
:10B43000704604E0082902D1DFF884E170460C2947
:10B440002DD1DCF800E01EF0030E73469E46BEF1DF
:10B45000020F03D0BEF1030F03D005E0DFF85CE17B
:10B4600003E0DFF85CE100E0B646DCF80020C2F360
:10B470000212521C1500DCF80020C2F3062202FB67
:10B480000EFEBEFBF5F2DCF800C0CCF3416C1CF103
:10B49000010C5FEA4C0C6446B2FBF4FC6046BDE86C
:10B4A000F08110480068704780B5FFF7FAFF454902
:10B4B0000B4A1268C2F30222895C11F01F01C840D6
:10B4C00002BD80B5FFF7EDFF3E49054A1268C2F3A1
:10B4D000C222895C11F01F01C84002BD0010024069
:10B4E00008100240600500203C050020284908683B
:10B4F00010F07E400A6852F400020A6070470000B3
:10B500000C1002407CB504000025244E3068C000B9
:10B5100003D501F003FA01000FE0306850F08050CD
:10B520003060306810F080500090009801F0F6F91B
:10B530000100306830F080503060B1F5007F09D1F3
:10B54000812C15D3A12C02D30220050010E001208C
:10B5500005000DE0812C02D30320050008E0802CBB
:10B5600002D10220050003E0702C01D1012005006A
:10B5700010480268D208D2002A430260006810F026
:10B580000700A84201D0012000E0002076BD0000A5
:10B590009410024004100240B0F500085810024018
:10B5A0000070004090100240981002408C809D0175
:10B5B000FCFFEEFE00200240B8F200080024F40078
:10B5C00000127A0074FA0008704770472DE9F84FAE
:10B5D00082468B4614001D000026DFF884713878FF
:10B5E000012801D1022047E0012038704CF2503888
:10B5F000404600F05BF881464846C0B2002837D18B
:10B6000000207860DFF85C010168490506D5016813
:10B6100031F4806101600220387701E00020387742
:10B62000BAF1000F07D122002B00584600F071F844
:10B63000012006000FE0BAF1010F02D0BAF1020FAB
:10B6400009D12100584600F071F8BAF1020F02D179
:10B650005FF480200600404600F028F88146002E66
:10B6600004D0DFF804010168B143016000F09FF8E5
:10B67000002038704846C0B2BDE8F28F00203A4939
:10B680000A68002A09D53C4A3C4B13603C4B1360C6
:10B690000968002901D501210800C0B2704732486D
:10B6A000016851F0004101600020704770B504004E
:10B6B000FAF7E0F805002D4A1068C00309D514F127
:10B6C000010FF8D0FAF7D6F8401BA042F3D30320BD
:10B6D0001EE0116826480140002913D02048436825
:10B6E0000B43436011F0404F05D0224B1E6811F010
:10B6F000404006431E60880002D021F040401060A8
:10B70000012005E01068C00701D50120106000206D
:10B7100070BD10B414490C6854F001040C60026050
:10B72000BFF36F8F011D0B6010BC704770B44023D6
:10B7300004000D000C4A166856F480261660EFF3DC
:10B74000108272B62E682660241D2D1D5B1E1E0001
:10B75000F6B2002EF6D182F3108870BC704700005C
:10B76000400500200020024014200240102002402A
:10B77000FAC3020018200240082002402301674556
:10B78000AB89EFCD10B4DFF89820136833F47E73E3
:10B79000C40014F4FF6423431360136853F00203DE
:10B7A0001360136853F48033136010BC7047DFF8E4
:10B7B0006800017F0A00D2B2012A03D00A00D2B287
:10B7C000032A11D1DFF85420136833F40073136097
:10B7D000136853F400631360136833F40063136059
:10B7E000136853F4007313600A00D2B2022A03D024
:10B7F0000A00D2B2032A0CD1084A136853F48053CA
:10B800001360136833F480531360136853F4806338
:10B81000136000220277704740050020002002409C
:10B82000142002407047000070B44FF0004591EAC8
:10B83000030F7CF57BAC6B40841A71EB030603D2DB
:10B84000001BB141121973414FF4001C1CEB410F56
:10B8500034BF7CEB430442E00C0DA4EB1356352EB1
:10B860004FDC45EAC323DB0A45EAC121C912B6F120
:10B8700020050DDD63FA05F6EB4086EA030512426A
:10B8800018BF45F00105C01851F100010CD213E0BA
:10B8900062FA06F5F2405540F3415A40B340F34096
:10B8A0005A408018594107D349085FEA30005FEADF
:10B8B000350528BF45F0010501F58011420875F1F5
:10B8C000004250F1000041EB04514E0016F5001FFC
:10B8D00070BC38BF70470020090D090570471CEB8C
:10B8E000410F10D252EA43060BD0BCEB410F05D8F2
:10B8F0000C0DAB43661E342EB6DD02E0AB43801860
:10B90000594170BC704770BC7047000090420CD128
:10B9100041EA030C50EA4C0C07D0994205D14FF490
:10B92000001C1CEB410F38BF8942704710B514460C
:10B9300000F002F8226010BDC1F30A5343B14A007F
:10B9400012F5001F28D2A3F2FE32A1EB025170477C
:10B9500050EA410C20D001F0004C31EA0C01B1FA60
:10B9600081F204BFB0FA80F3D2180B3AB2F120038F
:10B970002CBF00FA03F1914041EA0C013EBFC2F135
:10B98000200C20FA0CF319439040524240F2FD3350
:10B99000D21A01EB03517047002270474FF4001C8C
:10B9A0001CEB410F94BF1CEB430F09E041EA030C71
:10B9B00050EA4C0C52EA0C0C03D2994208BF904258
:10B9C000704714BF8B428242704700004FF4001C46
:10B9D0001CEB410F94BF1CEB430F09E041EA030C41
:10B9E00050EA4C0C52EA0C0C03D28B4208BF824244
:10B9F000704714BF9942904270470000F8B52DED92
:10BA00000A8B41EC1A0B48004015109D401C43EC7A
:10BA1000182B23D051EC1A0B31F0004108BF00283D
:10BA20001CD051EC180B48004015401C16D051ECAE
:10BA3000180B31F0004108BF00280FD051EC1A0B51
:10BA40000022DFF84833FFF7A9FF80F0A38055EC10
:10BA5000184B9FED800B05F00042ACE051EC1A0B47
:10BA600048004015401C02D1090340F0898151EC87
:10BA7000180B48004015401C01D1090353D151EC6B
:10BA8000180B31F0004308BF002A08D151EC1A0B03
:10BA900048004015401C46D1090344D10DE0480040
:10BAA0004015401C12D1090310D151EC1A0B48006B
:10BAB0004015401C37D1090335D1AFF30080BDECF0
:10BAC0000A8B4FF0FF306FF00041F4BD51EC1A0BC0
:10BAD00031F0004108BF002828D151EC180B480074
:10BAE000400D05EB000234D151EC180B31F0004150
:10BAF00008BF002806D02A4651EC180B00F0CAF9FE
:10BB000041EC180B51EC180B20F0000231F000430F
:10BB100008BF002A05D048004015401C03D1090386
:10BB200001D1AFF3008051EC180B2BE151EC1A0B53
:10BB300048004015401C26D1090324D153EC1A2B90
:10BB400051EC180BBDEC0A8B01B0BDE8F040FCF7DE
:10BB500013BA002AC8DD40F2FF70824209DB9FED74
:10BB60009F0B53EC102B01F000410B4343EC182BBF
:10BB7000C8E76FF31E5141EA025155EC184B0D46D0
:10BB800045EC184BBEE755EC184B9FED320B05F01A
:10BB9000004210E001227E4BFFF718FF11D89FED05
:10BBA0008F0B51EC100B55EC184BAFF3008005F0E8
:10BBB000004040EA010251EC100BBDEC0A8B11462B
:10BBC000F4BD53EC1A2B73487349FCF7D5F941ECDB
:10BBD000100B53EC102B9FED719B03F0004251ECC6
:10BBE000190B0C46144353EC192B51EC100B234644
:10BBF000FCF794FAFCF750FB0446F9F717FC41EC0C
:10BC00001B0B53EC1B2B4FF078406649FCF7B4F943
:10BC100002460B4651EC1A0BFFF706FE06460F468E
:10BC200053EC1B2B60486149FCF7A6F902460B4612
:10BC300030463946FFF7F8FD41EC1A0B21F0004180
:10BC400000225B4BFFF7AAFE08D2B0EE48AAF0EE46
:10BC500068AA55E0000000000000000053EC1A2B19
:10BC600051EC1A0BFCF788F941EC1B0B53EC1B2B26
:10BC700050485149FCF780F9504A514BFCF74EFAB5
:10BC800053EC1B2BFCF778F941EC1C0B53EC1B2BF2
:10BC90004C484D49FCF770F94C4A4D4BFCF73EFAC5
:10BCA00053EC1B2BFCF768F953EC192BFCF736FA15
:10BCB00053EC1A2BFCF760F941EC190B53EC1C2BDD
:10BCC000FCF72CFA9FED43AB53EC1A2BFCF726FA4A
:10BCD00006460F4651EC1C0B53EC192BFFF7A4FD45
:10BCE00053EC1A2BFCF71AFA02460B46304639463B
:10BCF000F9F7BEFB53EC182BFCF73EF941EC1A0B9D
:10BD000051EC1A0B2A194800400D02EB000319D020
:10BD1000002B17DD40F2FF70834209DB9FED2F0BF4
:10BD200053EC102B01F000410B4343EC1A2B16E0AF
:10BD30006FF31E5141EA035155EC1A4B0D4645EC89
:10BD40001A4B0CE051EC1A0B31F0004108BF0028EF
:10BD500005D051EC1A0B00F09DF841EC1A0B51EC98
:10BD60001A0B20F0000231F0004308BF002A05D072
:10BD700048004015401C03D1090301D1AFF30080F6
:10BD800051EC1A0BBDEC0A8BF4BD000000C89CC03E
:10BD900000C89C40FE822B654715F73F000000005D
:10BDA0000000E03F422EE63FF2E4D5BCE7E84B3E20
:10BDB0000000903C112E5781A03F503F5843128CF9
:10BDC0008F71BC3F4BE8A541B752013F0BBDF3DA81
:10BDD000E8708C3F000000000000F03F0000000011
:10BDE0000000F07FC9B202788A421AB11CBF10F875
:10BDF000012FF9E718BF00207047000080B500B997
:10BE000006A005490B681BB122220021984701E0DA
:10BE100000F054FF222002BD4C290020636F6E7396
:10BE2000747261696E742068616E646C65723A2028
:10BE3000626164206D65737361676500C9B28307D1
:10BE400006D0521E22D310F8013B9942F7D11FE0D1
:10BE5000083A13D302F1040241EA012141EA014107
:10BE600050F8043B121F21BF4B40A3F1013C2CEAC8
:10BE7000030C1CF0803FF3D0C9B2001F083210F849
:10BE8000013B521E28BF91EA030FF8D818BF0120CA
:10BE9000401E7047124254D440F2FF7C1CEA1153FA
:10BEA0000FD0634531D09B1863453CBF01EB025175
:10BEB000704701F0004141EA0C510020AFF30080CF
:10BEC000704750EA410320D001F0004C91EA0C0188
:10BED0001CD0B1FA81F30B3B9A420DD9D21A99408A
:10BEE00051EA0C01C3F1200C20FA0CFC614498408B
:10BEF000531C40F2FF7CD7E7914041EA0C01C2F1AC
:10BF0000200C20FA0CF3194390407047B0FA80F3EC
:10BF10001533202BE0D3202AEED3203A203B9A423F
:10BF200009D9D21A00FA03F141EA0C010020531C8E
:10BF300040F2FF7CB8E700FA02F141EA0C01002070
:10BF40007047524240F2FF7C1CEA11530DD063450A
:10BF5000DBD0B2EB030C3CBFA1EB025170470CF1FC
:10BF6000010221EA035141F4801150EA410CCCD086
:10BF700001F0004C352A27DC30B481EA0C01B2F123
:10BF8000200309DAC2F12003044601FA03F5D04088
:10BF90002843D1409C400CE0C3F12002450020FA28
:10BFA00003F418BF44F0010421FA03F091400C435C
:10BFB000002174F1004550F1000051EB0C012442C6
:10BFC00030BC7FF47BAF70476146002076E700000D
:10BFD000400D491840EA81200CD2490DA1F580613D
:10BFE000491C40F0004005DBD1F11F0154BFC8409F
:10BFF000C01770470020704700487047540C00205D
:10C0000080B52C482C4901604FF4827141600021B9
:10C0100081604FF4E061C160002101610021416154
:10C020004FF4007181610021C16100210162002192
:10C030004162002181620721C16200210163082160
:10C040004163FDF7A1FC002801D0FDF795FF01BD7C
:10C0500010B586B004001422002101A8FDF78EFF60
:10C0600020681549884222D11448016851F4804162
:10C070000160006810F4804000900098104801684A
:10C0800051F002010160006810F002000090009879
:10C090004FF42040019002200290002003900320E2
:10C0A00004900520059001A90648F5F755FD06B056
:10C0B00010BD0000E4250020003800405810024068
:10C0C0004C1002400004004810B500240320FEF785
:10C0D0006EFC0F2000F0C2FD002802D001200400F9
:10C0E00001E000F0EFFD2000C0B210BD70B586B0D9
:10C0F000142200216846FDF741FF6B48016851F0AA
:10C1000004010160016811F00401059105990168BD
:10C1100051F080010160016811F0800105910599DD
:10C12000016851F001010160016811F00101059100
:10C130000599016851F002010160016811F00201E6
:10C1400005910599016851F008010160006810F03F
:10C15000080005900598554C002243F2C13120009B
:10C16000F5F799FE00224FF4F8515FF09040F5F793
:10C1700092FE4F4D002204212800F5F78CFE4D4E13
:10C18000002238213000F5F786FE42F2C1300090DF
:10C1900001200190002002900020039069462000B9
:10C1A000F5F7DAFC4CF21E0000900320019000200D
:10C1B000029069462000F5F7CFFC0B200090032089
:10C1C00001900020029069463B48F5F7C5FC48F213
:10C1D000FF000090032001900020029069465FF06C
:10C1E0009040F5F7B9FC202000900020019001203C
:10C1F000029069462000F5F7AFFC07200090002070
:10C2000001900120029069463000F5F7A5FC4FF43B
:10C21000A640009003200190002002906946300063
:10C22000F5F79AFC4FF4F85000900120019000209F
:10C2300002900020039069465FF09040F5F78CFC77
:10C240004FF48050009001200190002002900320C4
:10C25000039069462000F5F77FFC04200090012040
:10C260000190002002900020039069462800F5F715
:10C2700073FC182000900120019000200290002003
:10C28000039069463000F5F767FC202000900120FC
:10C290000190002002900320039069463000F5F7DA
:10C2A0005BFC06B070BD00BF4C10024000080048A7
:10C2B000000C004800040048001C004880B51648E7
:10C2C000016851F002010160016811F00201009162
:10C2D0000099016851F001010160006810F001004F
:10C2E00000900098002200210D20FEF766FB0D2033
:10C2F000FEF778FB002200210F20FEF75EFB0F20E7
:10C30000FEF770FB002200214520FEF756FB45207A
:10C31000FEF768FB01BD00BF4810024018B591B0A0
:10C320001422002101A8FDF729FE042200216846FD
:10C33000FDF724FE2C22002106A8FDF71FFE484C25
:10C3400048482060002060607F20A060FF20E060FF
:10C3500000202061002060610020A0610020E061D9
:10C36000200000F0CBFC002801D0FDF705FE0020E6
:10C370008DF8040000208DF8050000208DF80600DF
:10C380000020049000200590012201A9200000F067
:10C390001AFD002801D0FDF7EFFD01208DF8000007
:10C3A00001208DF8010001208DF8020000208DF899
:10C3B000030001226946200000F0B3FD002801D0EF
:10C3C000FDF7DAFD00208DF8180000208DF8190027
:10C3D00000208DF81A00002007900020099000200E
:10C3E0000A9000200B9000200D9000200E9001205C
:10C3F0008DF83C004FF480701090012206A92000B7
:10C4000000F01EFE002801D0FDF7B6FD12B010BDF1
:10C4100010B598B00400602200216846FDF7AEFD1B
:10C4200020681049884219D15FF4003000904FF421
:10C43000007017906846FDF7ABFD002801D0FDF7AE
:10C440009BFD0948016851F4004101600022002170
:10C450002920FEF7B2FA2920FEF7C4FA18B010BD61
:10C460002C280020002800409010024010B5040045
:10C4700001F0EFF8012010BD38B50400DFF85814C2
:10C48000087800280ED101200870DFF85004808859
:10C49000DFF84C1408802100C9B2DFF84804F9F72E
:10C4A00046FB22E0DFF83804DFF83054AA8803881E
:10C4B0009A4212D100200870AA8829680220F5F754
:10C4C00071FD92A10220F5F783FD0121280001F002
:10C4D00065F92800F5F748FD07E0A98801802100EB
:10C4E000C9B2DFF80004F9F722FB012032BD10B514
:10C4F0000400FEF7F6FA012010BD10B50400DFF8C5
:10C50000E8130320F5F772FD0421DFF8D803F9F7EB
:10C510000EFB012010BD0100012070470100012029
:10C52000704701000120704780B500F0AFFF01F0B7
:10C5300023FA01BD1CB500F039F801F0AAFAF5F7AD
:10C54000D9FDF7F76FFEDFF8A443002000900FF24B
:10C55000291300225FF0FF31200000F0A1FFDFF877
:10C560009013200001F058F8200000F0BFFF13BD29
:10C57000F8B50024FFF7D8FFFFF7DCFF00F096F8CE
:10C58000012803D14FF4FA60FAF7D8FA002500F039
:10C590001DF806002E4301F087FA07003743F7F72E
:10C5A00063FE38430400F5F729FEEFE780B500F09D
:10C5B00099F800F09BF80FF2B500DFF83813086027
:10C5C0000FF2D100DFF83013086001BD70B5002014
:10C5D000002400252800C0B207283ADAC14E2800FE
:10C5E000C0B2000130444078012830D12800C0B2E8
:10C5F000042801D0012004002800C0B2000130440A
:10C60000406800280ED0F9F735F92900C9B20901B0
:10C6100031444968401A2900C9B209013144896886
:10C62000884214D300202900C9B20901314448705E
:10C63000F9F720F92900C9B20901314448602800FE
:10C64000C0B22900C9B209013144C96888476D1CCC
:10C65000C0E7A44A92F84100002803D10421100049
:10C66000F9F765FA2000C0B270BD000080B5002166
:10C670009C48F9F74DFA01BD10B504009F4903200D
:10C68000F5F7A6FC05219748F9F742FA00F001F802
:10C6900010BD704738B504000D004FF47A732A00BE
:10C6A00092B221009648FAF79AFA31BD38B50025C2
:10C6B0000024FEF71BFF0100880110D4C8000ED42F
:10C6C00088000CD448000AD4002908D4480102D5B7
:10C6D0000120040003E0080101D50120040020002E
:10C6E000C0B232BD80B5FAF721F801BD80B5012294
:10C6F00084498348FAF7D9FA002201214620FEF73F
:10C700005CF94620FEF76EF901BD00000D0A00003D
:10C7100070472DE9F0410400002500217A4A16886F
:10C720007A4FF869002823D16C48828812FA84F283
:10C73000B2F5966F01D3002282805FF00008414677
:10C74000220089B292B291420ED2016882881144CD
:10C75000424692B26E4BC4461FFA8CFC13F80C3062
:10C760008B5418F10108EAE781886118818077E02D
:10C770003000230080B29BB2984229D2A01B050052
:10C780005648838813FA85F3B3F5966F01D30023D7
:10C7900083805FF0000841462B0089B29BB299422A
:10C7A00012D201688388194443469BB2DFF860C106
:10C7B000C6461FFA8EFE1EFA86FE1CF80EC001F851
:10C7C00003C018F10108E6E781886918818046E016
:10C7D000D6F164000500414B988810FA84F010FAF5
:10C7E00085F0B0F5966F01D30020988000200100FD
:10C7F000AC4689B21FFA8CFC614513D21968B3F8B4
:10C8000004C0614484461FFA8CFCDFF804E18046D2
:10C810001FFA88F818FA86F81EF808E001F80CE00C
:10C82000401CE4E75FF000084046210080B289B276
:10C83000884210D2186899880844414689B2DFF8C6
:10C84000D0C0C6461FFA8EFE1CF80EC000F801C00C
:10C8500018F10108E8E7998828194118998014808F
:10C86000F86900280AD1642229492548FEF774F99D
:10C870003868006830F00400396808600121194800
:10C88000F9F746F9BDE8F081010022480160002077
:10C89000704780B52048016851F48041016001680B
:10C8A00031F4804101601648FAF7AAF8002002BD71
:10C8B00038B504000D00104A1068002804D0290083
:10C8C00089B2200012689047002012490968884701
:10C8D000002032BD0000000066290020DC05002099
:10C8E00058290020640500205CF400089C280020E2
:10C8F00080A90300382900204829002024F40008DA
:10C90000482100206529002056290020AC2600205F
:10C91000482600201C29002040100240DFF880003B
:10C92000006810F4C06070470200B2F5007F26D1A5
:10C93000DFF86C00036813F4C063B3F5007F2CD0FC
:10C94000036833F4C06353F400730360DFF85400EA
:10C95000036832204343DFF85000B3FBF0F0401C83
:10C960000100DFF8480003685B0503D5002901D00A
:10C97000491EF6E7006840050FD503200EE0DFF8FA
:10C980002000036813F4C063B3F5806F05D003681B
:10C9900033F4C06353F480630360002070470000E9
:10C9A000007000406005002040420F0014700040FD
:10C9B00080B5012217491848FAF777F900220121BA
:10C9C0002520FDF7FAFF2520FEF70CF801BD704782
:10C9D00038B504000D480F490A78036885885A5510
:10C9E0008288521C8280828840F2FF139A4201D3CF
:10C9F0000022828001220848FAF757F901200449F1
:10CA0000087002210548F9F792F831BD440C002066
:10CA10006F2900206E290020D0210020440700202B
:10CA20002DE9F84785B005000E0014001F00002016
:10CA3000ADF802005FF0000ADFF80C22107AA8427D
:10CA400002D27FF0040055E0D0683040B04202D0FE
:10CA50007FF005004EE05068002806D0002C04D07E
:10CA60000DF1020101A8526890470DF138084346C4
:10CA70003A004FF40071DFF8DC0101F020F9814643
:10CA800000F0CFF86946BDF8020010EB090080B253
:10CA900000F076F810F1010F28D05FF0000A504640
:10CAA000BDF8021080B2884210D201A8514689B266
:10CAB000405CDFF89811BDF800208854BDF80000F4
:10CAC000401CADF800001AF1010AE8E743463A00BD
:10CAD0004FF40071DFF87401BDF800C0604401F04C
:10CAE000EEF800F0A3F800F008F803E000F09EF87C
:10CAF0007FF0020006B0BDE8F08770B50024002585
:10CB000000F099F8002837D100F08BF84E4E308AAB
:10CB1000718A88422ED0B07801280ED13188308AAF
:10CB2000091AB1820220B07000203080B08A00283B
:10CB300003D10020B07000203082B07800280CD1E2
:10CB4000308A718A884204D2718A308A091AB18285
:10CB500003E0308AD0F58060B0823C48318A0844D6
:10CB6000050000F079F8B18A2800394A92689047A8
:10CB7000040001E000F05AF8200040B270BD00004F
:10CB800070B402005FF0FF302F4B5C8A1D8AAC420C
:10CB900016D15C8AD4F5806415002600ADB2B6B219
:10CBA000B5422BD315001E8AADB2B54226D201255F
:10CBB0009D705D8A1D801D8A2C0000255D821DE010
:10CBC0001C8A5D8AAC4216D25C8AD4F5806415005A
:10CBD0002600ADB2B6B2B54210D315001E8AADB272
:10CBE000B5420BD201259D705D8A1D801D8A2C00E7
:10CBF00000255D8202E01D8A5C8A2C1B1500260040
:10CC0000ADB2B6B2B54209D25D8A0D805D8A15FA21
:10CC100082F5AD05AD0D5D820023180000B270BC39
:10CC200070470948C18A491CC18270470648C18AB9
:10CC3000491EC18270470448C08A002801D10020E3
:10CC400000E00120704700008428002044150020E7
:10CC500088F80008481B00207047000038B5040021
:10CC600000251349087800281DD04FF47A70097800
:10CC7000B0FBF1F00F490968B1FBF0F0FDF7C0FE21
:10CC800000280DD1102C08D2002221005FF0FF30C7
:10CC9000FDF793FE0848046007E00120050004E06A
:10CCA0000120050001E0012005002800C0B232BDCE
:10CCB0008F0C0020600500203C050020012001F0C1
:10CCC000EFB8000081B00B48016851F0010101602C
:10CCD000006810F00100009000980748016851F0CA
:10CCE00080510160006810F080500090009801B001
:10CCF000704700BF601002405810024070B5040039
:10CD00000125002C5CD094F82100002805D10020DA
:10CD100084F820002000FFF77BFB022084F821002C
:10CD20002068C068C00642D4CA20216848625320E7
:10CD300021684862200000F02AFB06003000C0B2E3
:10CD400000281AD120688168DFF8E80601402068D1
:10CD5000816020688168626820690243A06902439B
:10CD6000114320688160E0682168086120680069DB
:10CD7000A16850EA014021680861200000F02DFB05
:10CD800005002800C0B200280DD12068C06C8008C2
:10CD900080002168C8642068C16CE2696069024350
:10CDA00011432068C164FF202168486201E000202F
:10CDB00005002800C0B2002802D1012084F821001B
:10CDC0002800C0B270BD2DE9F04705000E00140028
:10CDD00095F82000012801D102206DE0012085F89E
:10CDE0002000022085F82100CA20296848625320CB
:10CDF00029684862280000F0CAFA80464046C0B25E
:10CE000000284AD1002C20D128688068400601D42F
:10CE10000020F070307800F01FFB8246707800F040
:10CE20001BFB8146B07800F017FB5FFA8AFA5FFAC5
:10CE300089F95FEA092959EA0A49C0B250EA0909A1
:10CE4000F07859EA80594F4610E02868806840061B
:10CE500001D40020F07030787178090251EA004165
:10CE6000B0780143F07851EA80510F00DFF8C8052F
:10CE70003840296808602868806830F48020296874
:10CE8000886028688168F268306902431143286825
:10CE90008160280000F0A1FA8046FF2029684862DE
:10CEA0004046C0B2002802D1012085F821000020B0
:10CEB00085F820004046C0B2BDE8F087F8B505000F
:10CEC0000E0014002868806A7060286800694004B9
:10CED000400CB06028680768DFF85C050740380040
:10CEE000000C10F03F0030703800000A10F07F0096
:10CEF000707017F07F00B0703800800D10F00100E6
:10CF0000F070002C0BD1307800F0B4FA30707078EB
:10CF100000F0B0FA7070B07800F0ACFAB070002099
:10CF2000F2BD2DE9F04105000E00140095F8200037
:10CF3000012801D1022058E0012085F820000220BC
:10CF400085F82100002C07D17078C00604D57078D0
:10CF500010F0EF000A307070002C16D1F07800F05D
:10CF60007BFA8046707800F077FA0700B07800F01E
:10CF700073FA5FFA88F8FFB23F0257EA0847C0B277
:10CF80000743307857EA403709E0F07877783F0276
:10CF900057EA0047B0780743307857EA4037CA204D
:10CFA00029684862532029684862280000F0EFF998
:10CFB00080464046C0B2002808D1DFF880043840DF
:10CFC00029684860280000F008FA8046FF20296898
:10CFD00048624046C0B2002802D1012085F82100F5
:10CFE000002085F820004046C0B2BDE8F081F8B5C9
:10CFF00005000E00140028684768DFF84004074069
:10D000003800000CF0703800000A10F01F0070703B
:10D0100017F03F00B0703800400B10F00700307080
:10D02000002C0BD1F07800F025FAF070707800F049
:10D0300021FA7070B07800F01DFAB0700020F2BDD7
:10D040002DE9F84305000E00140095F82000012892
:10D0500001D10220E5E0012085F82000022085F8BA
:10D060002100002C2DD128688068400601D40020C2
:10D07000F070306A0028FFD0307800F0EDF980467B
:10D08000707800F0E9F90700B07800F0E5F9814622
:10D0900096F8240000F0E0F95FFA88F8FFB23F024A
:10D0A00057EA08475FFA89F959EA0707F17857EA1A
:10D0B0008157C0B257EA0067306A07437069074377
:10D0C00017E028688068400601D40020F0703078AE
:10D0D00077783F0257EA0047B0780743F07857EA7D
:10D0E000805796F8240057EA0067306A0743706952
:10D0F0000743D6F80480F06950EA0808CA20296876
:10D100004862532029684862B06AB0F5807F39D1FF
:10D110002868806830F48070296888602868C06852
:10D1200010F0800070F4C0702968C860F8F7A2FBA6
:10D1300081462868C068C00712D4F8F79BFBB0EBA3
:10D14000090040F2E9318842F3D3FF2029684862A0
:10D15000032085F82100002085F82000032060E0EE
:10D160002868C7612868C0F844802868806850F43F
:10D170008070296888602868806850F48050296829
:10D18000886038E02868806830F40070296888601A
:10D190002868C06810F0800070F420702968C860AA
:10D1A000F8F768FB81462868C068800712D4F8F752
:10D1B00061FBB0EB090040F2E9318842F3D3FF2074
:10D1C00029684862032085F82100002085F82000A6
:10D1D000032026E0286807622868C0F8488028688D
:10D1E000806850F40070296888602868806850F46E
:10D1F000005029688860DFF84802016851F48021F6
:10D200000160DFF84002016851F480210160FF20D5
:10D2100029684862012085F82100002085F8200057
:10D220000020BDE8F28370B504000D0094F82000E2
:10D23000012801D1022062E0012084F820000220B0
:10D2400084F82100CA20216848625320216848627E
:10D25000B5F5807F24D12068806830F48070216823
:10D2600088602068806830F4805021688860F8F712
:10D2700001FB06002068C068C00736D4F8F7FAFA48
:10D28000801B40F2E9318842F4D3FF2021684862D4
:10D29000032084F82100002084F8200003202EE0E1
:10D2A0002068806830F40070216888602068806899
:10D2B00030F4005021688860F8F7DCFA0600206836
:10D2C000C068800711D4F8F7D5FA801B40F2E93125
:10D2D0008842F4D3FF2021684862032084F82100AB
:10D2E000002084F82000032009E0FF202168486224
:10D2F000012084F82100002084F82000002070BD67
:10D3000010B504005FF480204F49086020688068F1
:10D31000C0040ED52068C068C0050AD52068C06862
:10D3200010F0800070F4C0702168C860200000F028
:10D3300049FE2068806880040ED52068C06880059A
:10D340000AD52068C06810F0800070F42070216851
:10D35000C860200000F082FF012084F8210010BD89
:10D3600038B5040039482168C860F8F783FA050029
:10D370002068C068800608D4F8F77CFA401B40F2A9
:10D38000E9318842F4D3032000E0002032BD70B5BB
:10D39000040000262068C06840061BD45FF0FF3000
:10D3A0002168C860F8F766FA05002068C068400682
:10D3B00010D43000C0B203280CD0F8F75BFA401B41
:10D3C00040F2E9318842F0D303200600032084F8BC
:10D3D0002100EAE73000C0B270BD70B5040000253E
:10D3E0001B48016831F0800101601A4E30688006E8
:10D3F0000AD42000FFF7B4FF002817D0032084F8D8
:10D4000021000320050011E0306830F0200030607A
:10D410002000FFF7A5FF002804D0032084F8210096
:10D4200003200500306850F0200030602800C0B2B2
:10D4300070BD0000BFFF8FFF7F7F7F003FFFFF00B9
:10D440000004014008040140140401405FFF030090
:10D450000C280040082800400100002208000300BA
:10D46000DBB20A2B02D3521C0A38F8E750EA02104A
:10D47000C0B270470100C9B209090A2211FB02F1CA
:10D4800010F00F004018C0B27047000080B50020B7
:10D49000DFF800130860DFF800030068804702BD72
:10D4A0002DE9F04104000D0016001F00DDF8188082
:10D4B000002C18D03800002815D00020206028004B
:10D4C000DFF8D412496A884760600020207200208B
:10D4D00060720020A072E760C4F81080E67200203D
:10D4E0006061002000E00120BDE8F0812DE9F047F7
:10D4F00004005FF00008002C3BD0200000F002F98F
:10D50000002836D1607A002833D160680700DFF840
:10D510008892D9F8200080470600B74200D2370031
:10D52000276000202072012060720020A072DFF8C6
:10D5300064A2DAF80000002806D1D9F8100080476C
:10D54000200000F019F916E0D9F81800804705000E
:10D550002068281820602068DAF8001009688842DE
:10D5600003D2200000F008F905E0200000F0EDF8FB
:10D5700001E0012080464046C0B2BDE8F0872DE9B9
:10D58000F04105000026002D40D0DFF80882D8F8D1
:10D590000070D8F800400120A872D8F800000028D8
:10D5A00036D000206872D8F80000A8421AD10020B6
:10D5B000D8F800100872D8F800004069002809D097
:10D5C000D8F800004069C8F80000D8F8000000F062
:10D5D000A6F818E0DFF8C001C06880470020C8F84E
:10D5E000000010E0002C0ED0AC4209D16069002888
:10D5F00002D064697C6102E0002004007C6102E0EA
:10D6000027006469EEE70020060001E00120060023
:10D610003000C0B2BDE8F08170B504000D000026F6
:10D62000002C02D10120060010E028005A49496A66
:10D6300088476060200000F065F8002806D02000D0
:10D64000FFF79DFF2000FFF751FF06003000C0B23A
:10D6500070BD2DE9F843504D686980470600286980
:10D6600080470700B7EB0608DFF82891D9F80000DB
:10D6700000280FD0D9F8000004002068804504D2AB
:10D680002068B0EB0800206001E0002020606469A1
:10D69000002CF2D1D9F80000002824D0D9F80000DD
:10D6A0000068002806D0A8698047D9F800100968EA
:10D6B000814218D2D9F800000400D9F8000040696E
:10D6C000C9F8000000202072002060722069E16823
:10D6D0008847E07A0128DDD1A07A0028DAD120003D
:10D6E000FFF704FFD6E7D9F80000002808D0D9F8E2
:10D6F0000000007A002803D1D9F8000000F00FF8EC
:10D70000BDE8F183020023480168002905D0914259
:10D7100001D1012002E04969F7E70020704770B5A8
:10D7200004001D4D286A8047060001202072A86968
:10D73000804721683018814203D2A8698047301899
:10D7400020602068A968884770BD10B411490A6834
:10D7500009684B695169002909D019680468A14218
:10D7600002D21A005B69F5E75061436102E0506143
:10D770000021416110BC704738B5050005480468B8
:10D78000002C01D0002121726C6105600068FFF758
:10D79000C6FF31BD3C290020E8F200082DE9FC4716
:10D7A00004000D005FF0FF3600226E4BD3E900014C
:10D7B000CDE900015FF000094846A18880B28842A7
:10D7C00024D22068494689B2405C3D2805D02068B3
:10D7D000494689B2405C3F2800D117E0206849469D
:10D7E00089B2405C41280EDB2068494689B2405C22
:10D7F0005B2808DA2068494689B2405C20302168FD
:10D800004A4692B2885419F10109D5E70027380039
:10D81000C0B2412880F2A280DFF84C81210038009C
:10D82000C0B200014044083000F019FD0600002E8F
:10D8300000F192803800C0B20001404440680028E6
:10D8400000F08A803800C0B20001404440680028DF
:10D8500008D14FF47A73A28821004448F9F7BFF940
:10D8600001207CE0DFF808A15046F4F77DFB0020A2
:10D87000010089B2A288921B914223DA21683144C7
:10D88000020092B2895C3F290AD02168314402002B
:10D8900092B2895C3D2903D0BAF80410802900DBDC
:10D8A00010E021683144020092B2895CDAF800206D
:10D8B000BAF80430D154BAF80410491CAAF804107C
:10D8C000401CD5E73900C9B209014144898916FADB
:10D8D00081F6B1464846A18880B2884226D22068A7
:10D8E000494689B2405C0D280CD1484680B2A188D7
:10D8F000491E884206DA2068494689B208444078C1
:10D900000A2813D0BDF8040080280CD220684946AC
:10D9100089B2405C0099BDF804208854BDF8040029
:10D92000401CADF8040019F10109D3E71148057056
:10D930002800C0B2401E012802D9801E09D009E08B
:10D94000002168463A00D2B2120142445268904720
:10D9500000E0FFE7012002E07F1C58E70020BDE85F
:10D96000F68700BFCCFA00082C08002048210020D0
:10D97000240800206B29002010B586B0DFF848404D
:10D98000002201A92000FFF799FA00226946200031
:10D99000FFF72DFBDFF834009DF8061081709DF82D
:10D9A000051041709DF8041001709DF80010C170C1
:10D9B0009DF8021001719DF8011041719DF803104E
:10D9C000817106B010BD00002C280020EC2800203A
:10D9D00010B50400012210215448F4F75CFA01202C
:10D9E00010BD70B50400524D524E307869788842AF
:10D9F00007D05148697850F8210000F02BF868787A
:10DA000030702100C9B24D48F8F791F8012070BD7F
:10DA100010B504004A48C078012802D14948F7F7F8
:10DA2000E8F803214548F8F782F84648F4F79CFAED
:10DA3000012010BD10B504003F483D49497850F819
:10DA4000210000F007F82100C9B23C48F8F76FF850
:10DA5000012010BD10B504003B483C490160446002
:10DA6000002181600021C160002101610C21416120
:10DA7000002181610021C161002101620021416218
:10DA8000F9F770F8002801D0FCF776FAFEF790FF5E
:10DA900010BD80B5F7F795F827482549497850F823
:10DAA0002100FFF7D7FF01BD70B50020002400253D
:10DAB0002800C0B2042836DA204E2800C0B2000187
:10DAC0003044407801282CD1012004002800C0B245
:10DAD00000013044406800280ED0F7F7CBFE290043
:10DAE000C9B2090131444968401A2900C9B2090183
:10DAF00031448968884214D300202900C9B2090141
:10DB000031444870F7F7B6FE2900C9B20901314423
:10DB100048602800C0B22900C9B209013144C9686F
:10DB200088476D1CC4E72000C0B270BD00040048E7
:10DB30008C0C0020672900201007002044070020DB
:10DB400024290020440C0020D0210020003801406E
:10DB5000020000201168097830290CDB116809786F
:10DB60003A2908DA11684B1C13600A23097803FB71
:10DB700000103038EEE770472DE9F04F91B0040007
:10DB8000DDF868801B9D1C9EDFF80803076870069F
:10DB900003D5DFF8040300680700022B01DB252B07
:10DBA00001DB002088E0F00702D55FF0300C01E0D7
:10DBB0005FF0200C5FF0000EB00706D5002A04D5F8
:10DBC0002D2086465242B8F101085FF00009002A74
:10DBD00006D13020EA460AF8090019F1010910E0DF
:10DBE000002A0ED010009A46B0FBFAFB0AFB1B007D
:10DBF000385CEA460AF8090019F10109B2FBF3F2B0
:10DC0000EEE74D4500DA4D46B8EB0508F0070DD4B8
:10DC10004046B0F10108012808DB20202070641C78
:10DC2000491E002901D1200046E0F1E77046C0B24C
:10DC3000002807D084F800E0641C491E002901D1A7
:10DC4000200039E04046B0F10108012808DB84F8E3
:10DC500000C0641C491E002901D120002CE0F1E71E
:10DC60002800451E814508DA30202070641C491EBA
:10DC7000002901D120001FE0F2E74846B0F1010978
:10DC800001280ADB684610F809002070641C491E50
:10DC9000002901D120000FE0EFE74046B0F1010874
:10DCA000012808DB20202070641C491E002901D1B6
:10DCB000200001E0F1E7200011B0BDE8F08F2DE970
:10DCC000F74F88B005001E000998012801DA0020EE
:10DCD000DDE0AA460A980078002806D1BAEB0500D4
:10DCE0000999491E8842C0F2CC80BAEB0500099917
:10DCF000491E884280F2C5800A980078252806D0FF
:10DD00000A9800788AF800001AF1010AB5E00020AC
:10DD100080460A98401C0A900A980078302801D161
:10DD200058F001085FF0FF3BD9460A980078302888
:10DD300007DB0A9800783A2803DA0AA8FFF708FFF9
:10DD40008146CDF81CB0CDF818B00A2005900A988D
:10DD50000078582843D063280AD0642844D0692822
:10DD600042D0732816D0752840D0782839D03EE0AC
:10DD7000B9F10109B9F1010F05DB20208AF8000093
:10DD80001AF1010AF4E73068361D8AF800001AF12A
:10DD9000010A72E03068361D0400002C01D13F48B2
:10DDA00004002000F7F70AFB04904846B0F101098F
:10DDB0000499814205DA20208AF800001AF1010A4C
:10DDC000F3E7002007000498874207DA20788AF8F2
:10DDD0000000641C1AF1010A7F1CF4E74DE058F0C2
:10DDE00040081020059026E058F0020823E00A9829
:10DDF0000078252804D025208AF800001AF1010AAD
:10DE0000BAEB05000999491E884214DA0A9800788D
:10DE1000002806D00A9800788AF800001AF1010A52
:10DE200002E00A98401E0A90BAEB05000999491EC3
:10DE3000884200DA21E006986C2803D13068361D4C
:10DE4000039009E05FEA887003D53068361D0390BF
:10DE500002E03068361D0390CDF8088007980190E5
:10DE6000CDF80090059B039A0999491EBAEB05006D
:10DE7000091A5046FFF780FE82460A98401C0A9015
:10DE800028E700208AF80000BAEB050528000BB04F
:10DE9000BDE8F08F4C0C0020500C0020D4FA000894
:10DEA00080B5AFF30080024A11001820ABBEFBE73B
:10DEB0002600020080B5DFF87003DFF87013016000
:10DEC000002141601F21816040F2FF31C1600021CB
:10DED000016100214161002181610021C161FEF7E2
:10DEE0000DFF002801D0FCF747F801BD38B5DFF879
:10DEF0004043207800280FD1FFF7DCFFDFF82853DC
:10DF00004FF480712800FFF78EF9280000F09AFA8C
:10DF100000F01CF801202070002032BD10B5040074
:10DF2000200000F055F8002010BD80B5DFF8F802A1
:10DF30000168C96811F0800171F4C0710268D16094
:10DF40004FF48071FFF76FF9002002BD10B5DFF8C4
:10DF5000E442211D14F1180000F01DF92060206832
:10DF600010BDDFF8D0020068704780B586B001A907
:10DF7000684600F010F9AF490968401A07B000BDC3
:10DF800010B586B00024AA480078012804D101A960
:10DF9000684600F000F90400200006B010BD032020
:10DFA000704700B58021A1FB00017D220023F9F715
:10DFB000CBFE00BD7D21A1FB0001C00940EA41600C
:10DFC000C909704710B504009B480068804710BD20
:10DFD0002DE9F04F99B004004021002209AD28003E
:10DFE000F7F700FF5FF000085FF0000A0026002747
:10DFF0005FF0000B8F4D04A8291D1422F9F760FE75
:10E00000A8690390FFF791FF40F2FF30059D451B83
:10E0100020008005800D4519A40A9DF80E908748C0
:10E02000844204D38648041919F10109F7E79DF8E1
:10E030001080B4F5616F04D3B4F5616418F1010880
:10E04000F7E79DF811703C2C02D33C3C7F1CFAE7AB
:10E050009DF81200210051FA80F6280080B2B0F538
:10E06000806F03DBB5F58065761CF6E7300080B283
:10E070003C2802D33C3E7F1CF8E7380080B23C28A5
:10E0800003D33C3F18F10108F7E7404680B2182857
:10E0900004D3B8F1180819F10109F6E79DF80F004B
:10E0A000042190FBF1F201FB1200002817D1654911
:10E0B0009DF80D00084410F8010C4A4680B292B257
:10E0C000904223D21FFA89F948469DF80D20114449
:10E0D00011F8011C90FBF1F901FB190916E05A49EE
:10E0E0009DF80D00084410F8010C4A4680B292B227
:10E0F00090420BD21FFA89F948469DF80D20114431
:10E1000011F8011C90FBF1F901FB1909DFF83CA1A2
:10E1100040F2FF31280080B2091ACAF804105FF0FB
:10E120002060CAF81C008AF802608AF801708AF838
:10E1300000808AF824909DF813008AF803000020DC
:10E14000CAF820005FF00040CAF814004FF4807055
:10E15000CAF828000020CAF80C000020CAF81000F5
:10E16000002251463048FEF76BFF002810D0DAF845
:10E17000040002909AF8020001909AF801000090C1
:10E180009AF800309AF82420314909A8F7F7FAFAEA
:10E1900019B0BDE8F08FF8B504000D000026224F3D
:10E1A000002221003800FEF722FF0022290038005B
:10E1B000FEF784FEE17840F2B5504143C91C89085E
:10E1C000E078042290FBF2F302FB1300002801D157
:10E1D000204A00E0204A63783D2043433C3B022034
:10E1E00093FBF0F041186078401EC0B2400013006D
:10E1F000C34013F00303C91AA078401E41180F480A
:10E200004143AB786E783C204643F3182E784FF4A8
:10E21000616000FB06335918890201F2FF3168681A
:10E22000091A0800F2BD00002C2800200028004038
:10E23000702900205028002038290020805101003A
:10E2400080AEFEFFFCF90008F0F90008B0270020BE
:10E25000D0F3000850554400A0AA990070472DE95A
:10E26000FE4F04000D000020002600270021ADF81D
:10E2700004105FF001085FF000095FF0000A2168F8
:10E280000978212901D101218A465FF0000B584607
:10E2900000B2A988884272DA20685146C9B2405C4F
:10E2A00029685A4612B2895C884265D101208046AD
:10E2B0005046C0B2401C0600002081460020ADF848
:10E2C0000400300000B2A18888424ADA2068310098
:10E2D00009B2405C7C281ED1BDF90400002804D19D
:10E2E0000120814616EB0B00070001A800903B00BF
:10E2F0001BB22A002100701C00B200F059F88046C1
:10E300004046C0B2012806D15146C9B2584600B2B3
:10E3100000F03DF839E04846C0B200280FD120682F
:10E32000310009B2405C29685A4612B211443200E9
:10E3300012B2895C884202D00020804611E0484633
:10E34000C0B2002801D1761CBBE73000BDF9041033
:10E3500000B2884203DABDF904000600B1E7761C7A
:10E36000AFE74046C0B2012806D15146C9B258466F
:10E3700000B200F00CF808E01BF1010B87E75146F2
:10E38000C9B25FF0FF3000F002F8BDE8FE8F020076
:10E390000800C0B2002802D1100000B207E010004F
:10E3A00000B2002802D45FF0FF3000E00020704788
:10E3B000F0B50400059D0120002637003FB207FAA2
:10E3C00084F7B1F804C067453ADA0F68A4460FFA3B
:10E3D0008CFC6744B4460FFA8CFC17F80C707C2F49
:10E3E00003D137192F8000B22BE09788B4460FFA7B
:10E3F0008CFC0CFA83FC674506DAB2F904707F1CCA
:10E400002F805FF0FF3738000F68A4460FFA8CFCAE
:10E410006744B4460FFA8CFC17F80C70D2F800C0B1
:10E420009E460FFA8EFEF444B6460FFA8EFE1CF896
:10E430000EC0674502D05FF0FF373800761CBCE79E
:10E4400000B2F0BD010091F82000012801D10220A6
:10E450001BE0012081F82000022081F82100CA2061
:10E460000A68506253200A6850620868806850F059
:10E4700020000A689060FF200A685062012081F83D
:10E480002100002081F820000020704700000000DB
:10E49000000000000000F0BF00000000000000804D
:10E4A00000000000000000800000000000000000EC
:10E4B000000000C05294EEBF00000048204E51BE44
:10E4C000000000F86467BCBC000000000000000011
:10E4D000000000208133EDBF00000080B3DB14BEDC
:10E4E000000000506706A3BC000000000000000010
:10E4F000000000D0E9DCEBBF00000008C39259BE69
:10E5000000000080B0D3B8BC000000000000000094
:10E5100000000070F98FEABF000000C0A51028BEFF
:10E52000000000E8BFC0B0BC000000000000000018
:10E5300000000070284CE9BF00000060134B42BE91
:10E54000000000C03D20B8BC00000000000000003A
:10E5500000000050FA10E8BF000000C05FF62BBEBC
:10E56000000000905C71A7BC0000000000000000EB
:10E5700000000020FCDDE6BF000000C0F8F154BE42
:10E5800000000018E9F6B9BC00000000000000001F
:10E59000000000D0C3B2E5BF00000070E43254BEFA
:10E5A00000000050DB06B4BC0000000000000000CA
:10E5B00000000010EF8EE4BF00000020F36252BEA6
:10E5C000000000C02A879ABC000000000000000084
:10E5D000000000B02272E3BF000000F0E8E056BE89
:10E5E00000000028352DBDBC000000000000000028
:10E5F000000000000A5CE2BF000000B0FA8E41BEDD
:10E6000000000040AE6FBDBC000000000000000034
:10E6100000000000564CE1BF000000F015CD5FBEC9
:10E6200000000000141C90BC00000000000000006E
:10E6300000000040BD42E0BF00000030F93457BE8A
:10E64000000000E06C1E93BC000000000000000011
:10E65000000000E0F57DDEBF000000B08A535EBE22
:10E6600000000080DA77AABC000000000000000073
:10E67000000000C09D81DCBF00000000FFA226BE9C
:10E680000000006057E2B0BC000000000000000085
:10E6900000000060F98FDABF000000580A8151BE07
:10E6A000000000F05F60B8BC000000000000000047
:10E6B0000000000098A8D8BF000000607A7F45BE27
:10E6C000000000D05433A3BC000000000000000094
:10E6D000000000600FCBD6BF000000D091CB40BE41
:10E6E000000000406D1BA0BC000000000000000006
:10E6F000000000A0FBF6D4BF00000098C5CE52BEBB
:10E70000000000003A397EBC00000000000000005C
:10E71000000000E0FE2BD3BF0000004073872BBE3B
:10E7200000000000926879BC0000000000000000BA
:10E7300000000040C069D1BF00000058F16353BE23
:10E7400000000080438D7CBC000000000000000041
:10E7500000000080D85FCFBF000000181F8354BEA8
:10E76000000000B03F42A2BC00000000000000001A
:10E770000000008067FCCBBF00000060FAFF53BEC2
:10E7800000000050E00DB8BC0000000000000000D8
:10E790000000000098A8C8BF000000607A7F35BE66
:10E7A000000000C0543393BC0000000000000000D3
:10E7B00000000000DC63C5BF00000058D6FF54BE57
:10E7C00000000000396490BC000000000000000060
:10E7D000000000C0AD2DC2BF00000080A45915BECE
:10E7E000000000E0484BABBC00000000000000004F
:10E7F000000000801A0BBEBF00000050BF3C5ABE94
:10E80000000000A0B364B6BC0000000000000000DF
:10E810000000008004D6B7BF00000040BBCF36BE6A
:10E820000000008076CEA8BC0000000000000000C0
:10E830000000008032BBB1BF000000402A0043BE90
:10E8400000000028C60CBDBC000000000000000055
:10E85000000000009473A7BF000000182B3B59BEB6
:10E86000000000C0E55DA5BC000000000000000045
:10E8700000000000EE4397BF000000A0E6C340BECA
:10E8800000000020958DB5BC0000000000000000D5
:10E890000000000000000080000000000000008078
:10E8A00000000000000000800000000000000000E8
:10E8B0000000000000000000000000000000000058
:10E8C0000000000000000000000000000000000048
:10E8D0000000000000000000000000000000000038
:10E8E0000000000000000000000000000000000028
:10E8F0000000000000000000000000000000000018
:10E900000000000000000000000000000000000007
:10E9100000000000000000000000000000000000F7
:10E9200000000000000000000000000000000000E7
:10E9300000000000000000000000000000000000D7
:10E940000000000000C0F0FCFFFEF8C00000000066
:10E9500000000000000000000000000000000000B7
:10E9600000000000000000000000000000000000A7
:10E970000000000000000000000000000000000097
:10E980000000000000000000000000000000000087
:10E990000000000000000000000000000000000077
:10E9A0000000000000000000000000000000000067
:10E9B0000000000000000000000000000000000057
:10E9C00000C0F0FCFFFFFFFFFFFFFFFFFFFCF0C0F8
:10E9D00000000000000000000000000080C0C0C077
:10E9E000C0E0F0F0F0F070383C3C3C3C3F3F0F039F
:10E9F0000000000000000000000000000000000017
:10EA00000000000000000000000000000000000006
:10EA100000000000000000000000000000000000F6
:10EA200000000000000000000000000000000000E6
:10EA300000000000000000000000000000C0F0FC2A
:10EA4000FFFFFFFFFF3F0F0F03070F3FFFFFFFFF1A
:10EA5000FFFC30383C3C1C0E8FCFC7C3C3C3E373ED
:10EA600071303030383C0C0000000070F8CCCC0C19
:10EA70000C0000C0F03C0CFCFC000000C0F01C0CC2
:10EA80000C8CFCF00000000000000CFCFC0000C03E
:10EA90003C0C00C0FCFC0C0000FCFCCCCCCCCC0C36
:10EAA000000C8CFCFC1C0C0C0C0000000000000096
:10EAB000000000000000000000C0F0FCFFFF7F3FEE
:10EAC0000F07C3C040303018CCCCC7C3033330105D
:10EAD0000C8CCCC4C3C3E3F33130303038380C0075
:10EAE000000000000000000000000C0C0C0C0F03E4
:10EAF000030C0F030303030F0F000000030F0C0CA4
:10EB00000C0F0301000000000000000F0F0C0300B9
:10EB100000000C0F0F0000000F0F0F0C0C0C00007A
:10EB200000000F0F000000000000000000000000C7
:10EB30000000000000C0F0FC3F3F0F0703000C0086
:10EB4000C3C13030CCCC03333300000C0C000303C2
:10EB50000300000001030F0F3C78C000000000001C
:10EB600000000000000000000000000000000000A5
:10EB70000000000000000000000000000000000095
:10EB80000000000000000000000000000000000085
:10EB90000000000000000000000000000000000075
:10EBA0000000000000000000000000000000000065
:10EBB0000000C0300F030300000000000000000050
:10EBC0000000000300000000000000000000000042
:10EBD0000000000000000000000000030C30C00036
:10EBE0000000000000000000000000000000000025
:10EBF0000000000000000000000000000000000015
:10EC00000000000000000000000000000000000004
:10EC100000000000000000000000000000000000F4
:10EC200000000000000000000000000000000000E4
:10EC300000000000000000000000000000000000D4
:10EC400000000000000000000000000000000000C4
:10EC500000000000000000000000000000000000B4
:10EC600000000000000000000000000000000000A4
:10EC70000000000000000000000000000000000094
:10EC80000000000000000000000000000000000084
:10EC90000000000000000000000000000000000074
:10ECA0000000000000000000000000000000000064
:10ECB0000600000000000000000F00000F00000F21
:10ECC00000000F0000000000000000000000000035
:10ECD000000000000000000000000000000007002D
:10ECE000001E00E01F00FF1FF8FF03FF1F00FF01D1
:10ECF000000F000000000000000000000000000005
:10ED00000000000000000000000000000E000000F5
:10ED1000C07F00F8FF01FCFF07FCFF073E800F0EDD
:10ED2000000E0E000E0E000E1E800FFCFF07FCFFF3
:10ED300007F8FF01C07F000000000E000000700017
:10ED40000E38000E38000E1C000E0E000EFEFF0FD7
:10ED5000FEFF0FFEFF0FFEFF0F00000E00000E0073
:10ED6000000E00000E0000000E00000060000F7892
:10ED7000800F7CC00F7CE00F1EF00F0EF80E0E7C93
:10ED80000E0E3E0E1E1F0EFE0F0EFC070EF8030E9B
:10ED9000F0010E0000000E000000308001388003FA
:10EDA0003C80073C800F1E000F0E0E0E0E0E0E0E46
:10EDB0000E0E1E1F0FFEFF0FFCFB07FCF903F0E019
:10EDC000010000000F00000000F00000F80000FE4D
:10EDD0000080EF00C0E700F0E1007CE0003EE000D2
:10EDE000FEFF0FFEFF0FFEFF0FFEFF0F00E0000013
:10EDF000E0000E000000008001F88703FE8707FE98
:10EE0000870FFE070F0E030E8E030E8E030E8E0766
:10EE10000F8EFF070EFF070EFE0300FC0000000030
:10EE20000E000000C07F00F0FF01F8FF07FCFF07A5
:10EE30003E0E0F0E070E0E070E0E070E1E0F0F3E94
:10EE4000FF0F3CFE0738FE0330F8010000000E0003
:10EE500000000E00000E00000E00000E000F0EE07D
:10EE60000F0EF80F0EFE0F8EFF00CE0F00FE0300F8
:10EE7000FE00003E00001E00000000000E0000002A
:10EE8000F0E001F8FB03FCFB07FEFF0F1E1F0F0E57
:10EE90000E0E0E0E0E0E0E0E1E1F0FFEFF0FFCFBB3
:10EEA00007FCFB03F0E0010000000E000000F0830F
:10EEB00001F88703FC8F07FE9F0F1E1E0F0E1C0E0E
:10EEC0000E1C0E0E1C0E1E8E0FFCFF07FCFF03F81F
:10EED000FF01C07F00000000000000000000005F94
:10EEE00000000007000700147F147F14242A7F2AE3
:10EEF00012231308646236495522500005030000AE
:10EF0000001C2241000041221C00082A1C2A08087B
:10EF1000083E080800503000000808080808006093
:10EF200060000020100804023E5149453E00427F27
:10EF3000400042615149462141454B311814127F2E
:10EF40001027454545393C4A4949300171090503B7
:10EF50003649494936064949291E0036360000001F
:10EF600056360000000814224114141414144122CF
:10EF70001408000201510906324979413E7E1111FF
:10EF8000117E7F494949363E414141227F4141221C
:10EF90001C7F494949417F090901013E41415132E4
:10EFA0007F0808087F00417F41002040413F017FEA
:10EFB000081422417F404040407F0204027F7F04CA
:10EFC00008107F3E4141413E7F090909063E4151FB
:10EFD000215E7F09192946464949493101017F01CE
:10EFE000013F4040403F1F2040201F7F2018207FCE
:10EFF0006314081463030478040361514945430012
:10F00000007F4141020408102041417F00000402BA
:10F0100001020440404040400001020400205454DA
:10F0200054787F4844443838444444203844444861
:10F030007F3854545418087E090102081454543C73
:10F040007F0804047800447D40002040443D0000D7
:10F050007F10284400417F40007C041804787C081D
:10F0600004047838444444387C14141408081414F4
:10F07000187C7C080404084854545420043F44403D
:10F08000203C4040207C1C2040201C3C4030403C28
:10F0900044281028440C5050503C4464544C4400C4
:10F0A0000836410000007F000000413608000808D3
:10F0B0002A1C08081C2A08086070787C7E1C362AE6
:10F0C000361C303E3F3E3007087F09077C444444ED
:10F0D000387C7C4444387C7C7C44387C7C7C7C3828
:10F0E0001E3276321E00000205020000FEE7FEE737
:10F0F000FEE7FEE7FEE770477047704780B500F017
:10F100005FF824480168491C016023480168491CD4
:10F1100001600168C92918D3002101601F490878DE
:10F12000002802D10120087001E000200870087852
:10F13000012805D1012201211948F2F7ACFE04E0B3
:10F14000002201211648F2F7A6FE01BD80B5154840
:10F15000FBF711FB01BD80B51348FBF70CFB01BDAC
:10F1600080B51248F7F7D0FD01BD80B51048F7F71C
:10F17000CBFD01BD80B50F48FEF7C2F801BD80B5DB
:10F180000D48FBF7F8FA01BD80B50C48F7F7BCFD58
:10F1900001BD00004029002018290020642900201A
:10F1A000000800483C270020F4260020D021002041
:10F1B000582200202C280020AC26002048210020C6
:10F1C00003480168034A127889180160704700BF3C
:10F1D000142900208F0C0020F0B4024610689568B6
:10F1E0001318506803EB5004C0071CD54D441AE0B7
:10F1F00013F8017B05F8017B491EF9D198B113F88A
:10F20000011BC6F38106032E08BF13F8016B01EB47
:10F2100006214942801C294405D011F8016B05F8EC
:10F22000016B401EF9D1A3420ED013F8016B16F00A
:10F23000030104BF13F8011BC91C30090F28DBD1DF
:10F2400013F8010B0F30D7E7F0BC02F10C00704748
:10F25000494420536C6176653A20000000000000AC
:10F26000000000000000000000000000000000009E
:10F27000000000000000000000000000000000008E
:10F2800000000000425220536C6176653A20000075
:10F29000000000000000000000000000000000006E
:10F2A000000000000000000000000000000000005E
:10F2B0000000000000000000A0860100400D0300D7
:10F2C000801A060000350C0040420F0080841E00AA
:10F2D00000093D0000127A000024F40000366E019F
:10F2E0000048E801006CDC02EDDE000800000000D0
:10F2F0001DDF00082BDF00084DDF000863DF00087A
:10F300006BDF000881DF00089FDF0008A3DF000833
:10F31000B5DF000830313233343536373839616281
:10F32000636465666768696A6B6C6D6E6F70717235
:10F33000737475767778797A000000003031323353
:10F340003435363738394142434445464748494ABF
:10F350004B4C4D4E4F505152535455565758595A85
:10F360000000000010B5074979441831064C7C4470
:10F37000163404E00A68081D114488470146A1427A
:10F38000F8D110BD2C000000480000004EF6885156
:10F39000CEF20001086840F470000860BFF34F8FA0
:10F3A000BFF36F8F4FF00070E1EE100A704700005E
:10F3B0004360FFFFE01C0000940C002000000000F0
:10F3C00019FEFFFF28080000DE0A000000000020F0
:10F3D000616C61726D206661696C3A2025642D252F
:10F3E000643A25643A25643A25640D0A0000000059
:10F3F00000F00DF8002801D0FFF7B4FFAFF3008054
:10F400000020AFF30080FAF758FD00F002F8012069
:10F41000704700F001B8000007463846FEF740FD8F
:10F42000FBE70000755F6170705F636F6D6D3A2080
:10F4300074782074696D65722063620D0A000000A3
:10F44000755F6170705F636F6D3A207561727420D3
:10F450002564206572726F72210D0A00755F6170FC
:10F46000705F636F6D6D3A207365742072746321F1
:10F470000D0A000073616F7669657467726F75704D
:10F480002E636F6D2E766E00535654485F53564D63
:10F490005F444C535F56315F315F310061742B72B2
:10F4A000646C617374666F726C6F673D000000007E
:10F4B00061742B72646C617374666F726F706572C5
:10F4C000613D000061742B72646C617374666F72CD
:10F4D0006576656E743D000061742B72646C6173B7
:10F4E00074666F726770733D0000000061742B7268
:10F4F0006573746F7265736C6176653F0000000020
:10F5000053565F454E56495F434D5F444F000000E0
:10F51000456E7465722050617373776F726400007A
:10F52000312E4D6F646275732052545500000000F7
:10F53000362E496E666F726D6174696F6E000000E1
:10F54000534554204D4F44425553205254550000CA
:10F55000312E49442020202020203A2000000000A5
:10F56000322E42617564726174653A2000000000B9
:10F5700043414C49422053454E534F520000000036
:10F58000312E43616C69622031303025000000006B
:10F5900052414E47452053455454494E47000000C0
:10F5A0005375636365737366756C6C792100000035
:10F5B0000000000000000000010203040607080923
:10F5C000526573746F7265204F4B210D0A00000065
:10F5D00061742B6D7174746D61696E3D0000000083
:10F5E00061742B6D7174746D61696E3F0000000071
:10F5F00061742B6D7174746261636B75703D000092
:10F6000061742B6D7174746261636B75703F00007F
:10F6100061742B726573657470756C73653F00005F
:10F6200061742B666C6F777468726573683D000057
:10F6300061742B666C6F777468726573683F000045
:10F6400061742B7175616E7468726573683D00003A
:10F6500061742B7175616E7468726573683F000028
:10F6600061742B6261747468726573683D00000098
:10F6700061742B6261747468726573683F00000086
:10F6800061742B65726173656D656D3F00000000EC
:10F6900061742B667776657273696F6E3F00000048
:10F6A00061742B6C6F67696E6465783F00000000C1
:10F6B00061742B72646C6173746C6F673F0000003F
:10F6C00061742B6C6576656C63616C69623D0000EA
:10F6D00061742B6C6576656C63616C69623F0000D8
:10F6E00061742B6C6576656C7468726573683D0037
:10F6F00061742B6C6576656C7468726573683F0025
:10F7000061742B65786261747468726573683D001A
:10F7100061742B65786261747468726573683F0008
:10F7200061742B776D6368616E6E656C3D000000DF
:10F7300061742B776D6368616E6E656C3F000000CD
:10F7400061742B6D6F64696E666F723D000000001E
:10F7500061742B6D6F64696E666F723F000000000C
:10F7600061742B7072657373696E666F723D000011
:10F7700061742B7072657373696E666F723F0000FF
:10F7800061742B7265736574736C6176653F0000FC
:10F790000148804701480047A1F7000809FA00081E
:10F7A0000248016851F470010160704788ED00E083
:10F7B000444F202020203A200000000054656D7046
:10F7C00020203A2000000000332E4F6666736574D7
:10F7D00000000000342E5761726E696E67000000F1
:10F7E000322E43616C69622030250000312E4F7843
:10F7F000795F4D203A200000322E4F78795F5020FB
:10F800003A200000332E54656D7020203A2000000D
:10F810005741524E494E4720444F0000312E4D6F04
:10F820006465203A20000000322E55707065723AEF
:10F8300020000000332E4C6F7765723A20000000E4
:10F84000312E555F444F20203A200000322E4C5F6D
:10F85000444F20203A200000332E555F54656D70D0
:10F860003A200000342E4C5F54656D703A20000041
:10F870002A56657273696F6E0000000057656273E7
:10F880006974653A0000000089C8000893C8000840
:10F89000B1C800085265736574204F4B210D0A00F2
:10F8A00061742B736572693D0000000061742B73F5
:10F8B0006572693F0000000061742B73696D7365A8
:10F8C00072693F0061742B7377736572766572009D
:10F8D00061742B647574793D0000000061742B64C1
:10F8E0007574793F0000000061742B667265716D5C
:10F8F000696E3D0061742B667265716D696E3F00C3
:10F9000061742B73617665626F783F0061742B6E52
:10F91000756D77616B653D0061742B726561646C18
:10F920006F673D0061742B70756C73653D0000005E
:10F9300061742B70756C73653F00000061742B64FB
:10F94000656275673D00000061742B6465627567D0
:10F950003F00000061742B6D72657365743F000099
:10F9600061742B7573657275726C3D0061742B75D3
:10F970007365726674703D0061742B746573746C8A
:10F980006F673F0061742B726561646C6F673F0045
:10F9900061742B736C6176653D00000061742B739C
:10F9A0006C6176653F00000061742B6F6E74656D4D
:10F9B000683F000061742B6F666674656D683F0078
:10F9C00061742B6964736C6176653F0061742B69A7
:10F9D00064736C6176653D0061742B6272736C6157
:10F9E00076653F0061742B6272736C6176653D00D1
:10F9F0001F1C1F1E1F1E1F1F1E1F1E1F1F1D1F1E21
:10FA00001F1E1F1F1E1F1E1FAFF30080FFF7BEFC2F
:10FA1000FFF7EEFC5053553A000000006D672F4C85
:10FA2000000000004C6F6767696E00005345545436
:10FA3000494E4700322E43616C696200352E526197
:10FA40006E676500444F3A2000000000332E526577
:10FA5000736574004F46465345540000206D672F70
:10FA60004C000000496E666F722E00002A4D6F64D4
:10FA7000656C000000000000010203046423002004
:10FA80000000000064240020000000004552524F96
:10FA90005200000000000000000000000000000014
:10FAA0000C000000000000000C00000061742B72CC
:10FAB00074633D0061742B7274633F0061742B6743
:10FAC00070733F0061742B656E640000E4240020B5
:10FAD000000000003C4E554C4C3E0000252E2A668E
:10FAE00000000000686A6C747A4C00004F464600C3
:10FAF0004F4E0000444F2E00202500002089430077
:10FB0000FFF7FEBFFFF7FEBFFFF7FEBFFFF7FEBF29
:10FB1000FFF7FEBFFFF7FEBFFFF7FEBFFFF7FEBF19
:10FB2000FFF7FEBFFFF7FEBFFFF7FEBFFFF7FEBF09
:10FB3000FFF7FEBFFFF7FEBFFFF7FEBFFFF7FEBFF9
:10FB4000FFF7FEBFFFF7FEBFFFF7FEBFFFF7FEBFE9
:10FB5000FFF7FEBFFFF7FEBFFFF7FEBFFFF7FEBFD9
:10FB6000FFF7FEBFFFF7FEBFFFF7FEBFFFF7FEBFC9
:10FB7000FFF7FEBFFFF7FEBFFFF7FEBFFFF7FEBFB9
:10FB8000FFF7FEBFFFF7FEBFFFF7FEBFFFF7FEBFA9
:10FB9000FFF7FEBFFFF7FEBFFFF7FEBFFFF7FEBF99
:10FBA000FFF7FEBFFFF7FEBFFFF7FEBFFFF7FEBF89
:10FBB000FFF7FEBFFFF7FEBFFFF7FEBFFFF7FEBF79
:10FBC000FFF7FEBFFFF7FEBFFFF7FEBFFFF7FEBF69
:10FBD000FFF7FEBFFFF7FEBFFFF7FEBFFFF7FEBF59
:10FBE000FFF7FEBFFFF7FEBFFFF7FEBFD0033132C6
:10FBF000333400014008F40100007B2200080101B9
:10FC00001A1003D0070000CD1052022912640850C8
:10FC100003752300080310100388130000F110522D
:10FC20000410212850036F2400080510120A08123E
:10FC3000A31012060852050412BB106178F00436B6
:10FC4000FEFFFEFEFE00011002F500080D4C123111
:10FC500001B2200120100000456E74657220746F9F
:10FC60002053657475700000201005576169746930
:10FC70006E670B4110200320446F6E65095200101F
:10FC800030034572726F721F400500ECFA0008F0F5
:10FC9000FAB852F4089207B8252F52141861FC479D
:10FCA00000461061012534471CFA2C210C43B0F7A3
:10FCB00030210C47F8FA24211C92BC1812FC1821A0
:10FCC000682154F2012478220134C310F518A002EF
:10FCD000021800019C610C20020330000129F2018E
:10FCE0002C481302090CE220482401120002C0D261
:10FCF0003430120318120B0CC3C8F7181204181270
:10FD00000C0CD2D4181205182598D23C48120618AB
:10FD1000120E0CD23078120718120F0CD2401811A4
:10FD2000011303100C8B50F5402101100302040055
:10FD3000031111526018698C12031812120CF2018F
:10FD400070481A04B7D70044B01003020500041429
:10FD50000CD280301003030E0004150CE2E0F01109
:10FD60001812160CD24CD812051812170CF60154A2
:10FD7000681305180C83ECF778125C24192413051A
:10FD8000190C92F8182910190013051A0C8304F89D
:10FD9000184AFC4013051B0CF30010F86013061CF6
:10FDA0000CD21C18116013061D0CC328F8781160C2
:10FDB00013061E0CD23418116013061F0CF60190A6
:10FDC000382E070C03D2403011601307210CF201CA
:10FDD0004C601307220CF20158C01307230CD264A5
:10FDE00018110823072418F501381308250CE270B0
:10FDF000D880031C000826000175B010020400081A
:10FE0000270CD26C48120430F2022830120530F26E
:10FE100003294810021800092A0CEAA010F0030177
:10FE200018020A100001E20114B3093D1260026DCC
:10FE3000C400082429688F79C4580521108FEFC4A5
:10FE40005805210112FB1052043112E8198F17C511
:10FE5000580521014F1DC5340461011223102802E9
:10FE600088F40008DCE002940C00208F1305444065
:10FE70008244842108120B10433944885201041231
:10FE8000B11043DF448C520204434D453C2D5C03CA
:10FE900052041452A714219452061443014614210B
:10FEA00010520814125B144FB546C804520A64433A
:10FEB0007947282124520B1452A9142D8C04520C7A
:10FEC0001452D9142138520D1443094814213852C0
:10FED0000E145239142138430010141269144F972C
:10FEE0004814064301108C1003134900086D0421C7
:10FEF0003852031410032D4A0008870412B0D91297
:10FF0000607D1EC035041A80711340381D124B0CE1
:10FF10001D30061300961812DA0812E1045403C2C9
:10FF20000100E423607F0100D8064FD1D938076172
:10FF30001047E3D958210C25E01711DA545120104D
:10FF400003E0930400351061401A10B147B12D9CB5
:10FF5000211012DC0583C32D40210447352E942146
:10FF60000C2DA80747752E9021102D8807172B2FD1
:10FF7000045150100360EA00003F10920610125B1B
:10FF80001022076111012DD8071709308051202D4B
:10FF9000D807128D106B20293823803F04CB6425AD
:10FFA0004847A0F8B451475300AC1069C847B8F8A7
:10FFB0009869C847D0F5946D940552E01052051029
:10FFC00047F0F58C79C842F6106D6C0352C450624C
:10FFD0000850517052091052DC10520A1052E83089
:10FFE000520B1052F410520C10521060620D708AB5
:10FFF000F9482101520C10520F105218106DF003E5
:020000040801F1
:1000000052204052111052301052121052401052D1
:1000100013105250105214104B60F690521510529B
:1000200070105216104F24F90003621760511052DD
:1000300018104FACFA480352191052B410521A104B
:10004000523C30521B10524810521C104F54F94C65
:1000500003521D104780F690521E10529090521F6E
:10006000105660006905526C1052211052A0405287
:10007000221052782052231052841052241052B071
:10008000605225101E9CB004255C6DC80512B0108E
:10009000254C52271052C4106DB80556C0506DB093
:1000A0000552D010522A1012E01025BC522B1052CB
:1000B000F010522C1056BC30522D1052D880522EB7
:1000C00010569030522F10529C105330000142F7BE
:1000D0005052311052101052321056A86052331044
:1000E00056B4006D690B4720F7005235105230109E
:1000F0005236104740F750523710525010523810B5
:100100004360F7F0523910527010523A105280107A
:10011000523B1052ECE0523C1052C0906D9A065285
:10012000CC10523E1052D810523F1052E41052419F
:10013000104FC4FADC054B481D1343481F08100339
:1001400014F300083C04F309B6560452FF01E36EB1
:0B01500054141D50040002032D010395
:040000050800FA09EC
:00000001FF
