:020000040800F2
:10000000382D0020F9F7000865F1000867F10008B5
:1000100069F100086BF100086DF1000800000000B4
:100020000000000000000000000000006FF1000868
:1000300071F100080000000073F1000875F100087C
:1000400065FB000869FB00086DFB000871FB0008F8
:1000500075FB000879FB00087DFB000881FB0008A8
:1000600085FB000889FB00088DFB000891FB000858
:1000700095FB0008C5F1000899FB0008CFF10008C6
:100080009DFB0008A1FB0008A5FB0008A9FB0008D8
:10009000ADFB0008B1FB0008B5FB0008B9FB000888
:1000A000BDFB0008C1FB0008C5FB0008C9FB000838
:1000B000CDFB00080000000000000000D1FB00089C
:1000C000D5FB0008D9FB0008DDFB0008E1FB0008B8
:1000D000E5FB0008D9F10008E9FB0008E3F100089E
:1000E000EDFB0008EDF1000800000000000000003A
:1000F0000000000000000000000000000000000000
:1001000000000000F1FB000800000000F5FB000803
:100110000000000000000000F9FB0008FDFB0008E3
:1001200001FC000805FC000809FC00080DFC0008A3
:1001300011FC0008000000000000000000000000AA
:1001400015FC000819FC00081DFC000821FC000833
:1001500025FC0008F7F1000801F2000829FC00085E
:100160002DFC000831FC000835FC000800000000F0
:1001700039FC00083DFC000841FC000800000000BC
:1001800045FC000849FC00084DFC000880B55348B8
:100190000078012806D0022807D0042808D00828B3
:1001A00009D00BE000F0A2F808E000F0E1FE05E065
:1001B00001F0B2F802E001F087FAFFE701BD2DE996
:1001C000F0470024464D2888002804D02888401E87
:1001D0002880002080E0414E307A00287BD1202109
:1001E000404801F09DFF002801D1012700E00027D1
:1001F000DFF8F4800421404601F092FF002802D18C
:100200005FF0010901E05FF000090221404601F0C2
:1002100087FF002802D15FF0010A01E05FF0000AC9
:100220000121404601F07CFF002801D1012000E0BF
:10023000002057EA490757EA8A073C0054EAC004FD
:100240002000C0B2012805D0022803D0042801D024
:10025000082836D17068401C7060706850282FD311
:10026000347001203072DFF8EC1C0868142801D2C9
:1002700019202880DFF8E00C22000378D2B29A42DD
:1002800019D10A68521C0A600A681E2A02D200218B
:10029000716014E00A68B42A02D2412171600EE054
:1002A0000A68F02A02D24621716008E04E2272608C
:1002B000F0220A6003E00022726000220A600470EB
:1002C00009E00020DFF8901C0870282070600020F2
:1002D000DFF8801C08603078BDE8F08740280020F7
:1002E000142900200008004800040048F8B584B034
:1002F000DFF8684CA078002817D001283AD00228EF
:100300006AD0032800F0FB80042800F07F810528D4
:1003100000F08782062800F00B83072800F0D683C0
:10032000092800F0DD8400F012BEDFF8345C002004
:10033000E860DFF8306C0A220021300001F076FF1F
:1003400030203070302070703020B0703020F0706D
:10035000E8680001801CC0B203900296052001905D
:1003600004200090052300220121A01C02F08CFD36
:1003700000F0EDBDDFF8E80BC168491CC160C16841
:1003800004291EDBDFF8DC0B02F099FD012815D1F2
:10039000A51C0622290014F1080001F095FFF120A8
:1003A0000390002002900C2001900720009007236A
:1003B00000220221280002F067FD0BE00020A0705F
:1003C00008E0C0680001801C0200D2B20021A01C1D
:1003D00002F037FD00F0BBBD207907280AD0C0F03D
:1003E0008C80092832D01BD30B285BD044D30C2837
:1003F0006ED082E0A51C0622290014F1080001F04D
:1004000063FFF1200390002002900F2001900E2046
:1004100000900E2300220321280002F035FD6CE03D
:10042000A51C0622290014F1080001F04DFFF1205F
:1004300003900020029016200190132000901323B7
:1004400000220421280002F01FFD56E0A51C062210
:10045000290014F1080001F037FFF120039000207B
:1004600002901920019018200090182300220521E5
:10047000280002F009FD40E0A51C0622290014F125
:10048000080001F021FFF1200390002002901D20C0
:1004900001901B2000901B2300220621280002F05F
:1004A000F3FC2AE0A51C0622290014F1080001F043
:1004B0000BFFF120039000200290222001901F20CA
:1004C00000901F2300220721280002F0DDFC14E029
:1004D000A51C0622290014F1080001F0F5FE0020F9
:1004E00003900020029025200190252000902523D4
:1004F00000220821280002F0C7FC00F028BD207966
:100500000E2802D00F2840D07EE0E078002802D0EC
:1005100001281FD038E0A61C0622310014F1080083
:1005200001F0D2FEDFF8385AF220039015F10C00EA
:1005300002900F2001900E2000900E23E278521CB2
:10054000D2B20321300002F09FFCDFF81C0A407891
:10055000E86019E0A51C0622290014F1080001F04A
:10056000B3FEF02003900020029028200190282064
:100570000090282300220921280002F085FC012098
:10058000DFF8E4190870FFE73EE0E078002802D0C9
:1005900001281FD038E0A61C0622310014F1080003
:1005A00001F092FEDFF8B859F220039015F10C002B
:1005B00002900F2001900F2000900F23E278521C30
:1005C000D2B20321300002F05FFCDFF89C094068E2
:1005D000E86019E0A51C0622290014F1080001F0CA
:1005E00073FEF02003900020029028200190282024
:1005F0000090282300220921280002F045FC012058
:10060000DFF864190870FFE700F0A1BC2079132817
:1006100009D0C0F00581152800F0918049D3162833
:1006200000F0E180FCE0E078002802D001281FD033
:100630003EE0A61C0622310014F1080001F044FE41
:10064000DFF81C59F220039015F10C0002901620DF
:100650000190132000901323E278521CD2B204219F
:10066000300002F011FCDFF80009C068E8601FE00C
:10067000A51C0622290014F1080001F025FEF02037
:100680000390002002902820019028200090282329
:1006900000220921280002F0F7FBDFF8D018DFF86C
:1006A000C008C06808800222012003F047F9FFE774
:1006B000B6E0E078002802D001281FD03EE0A61C5A
:1006C0000622310014F1080001F0FEFDDFF8905819
:1006D000F220039015F10C000290162001901320D7
:1006E00000901423E278521CD2B20421300002F0B0
:1006F000CBFBDFF87408C068E8601FE0A51C062289
:10070000290014F1080001F0DFFDF0200390002023
:1007100002902820019028200090282300220921FF
:10072000280002F0B1FBDFF84418DFF83408C06895
:1007300008800222022003F001F9FFE770E0E07870
:10074000002802D001281FD04CE0A61C0622310050
:1007500014F1080001F0B8FDDFF80458F22003900E
:1007600015F10C0002901620019013200090152323
:10077000E278521CD2B20421300002F085FBDFF88F
:10078000E807C06BE8602DE0A51C0622290014F1E3
:10079000080001F099FDF02003900020029028202D
:1007A000019028200090282300220921280002F02F
:1007B0006BFB0320DFF8B0170870322001F0E1FF77
:1007C000FE2003F0C3FE00EE100ADFF89407D0ED20
:1007D000030AF8EEE00AB8EE400A80EE800A03F061
:1007E000B3FAFFE71CE0A51C0622290014F108005B
:1007F00001F06AFDF0200390002002902820019073
:1008000028200090282300220921280002F03CFB28
:10081000DFF85817002008800222032003F08EF82A
:1008200095E32079182802D0192840D07FE0E0789D
:10083000002802D001281FD038E0A61C0622310073
:1008400014F1080001F040FDDFF81457F220039086
:1008500015F10C0002901920019018200090182327
:10086000E278521CD2B20521300002F00DFBDFF815
:10087000F806406AE86019E0A51C0622290014F178
:10088000080001F021FDF0200390002002902820B4
:10089000019028200090282300220921280002F03E
:1008A000F3FA0120DFF8C0160870FFE73FE0E078B8
:1008B000002802D001281FD038E0A61C06223100F3
:1008C00014F1080001F000FDDFF89456F2200390C7
:1008D00015F10C00029019200190182000901923A6
:1008E000E278521CD2B20521300002F0CDFADFF8D6
:1008F0007806806AE86019E0A51C0622290014F138
:10090000080001F0E1FCF020039000200290282074
:10091000019028200090282300220921280002F0BD
:10092000B3FA0120DFF840160870FFE7FFE70EE397
:1009300020791B2806D0C0F0C8801D2800F08580D3
:1009400043D3C2E0E078002802D0012822D03BE067
:10095000A71C0622390014F1080001F0B5FCDFF8ED
:10096000005615F10C06F220039002961D2001900E
:100970001B2000901B23E278521CD2B206213800C3
:1009800002F082FADFF88C090078E860DFF8D80519
:10099000066419E0A51C0622290014F1080001F0E4
:1009A00093FCF02003900020029028200190282042
:1009B0000090282300220921280002F065FA012076
:1009C000DFF8A4150870FFE77FE0E078002802D088
:1009D00001281FD038E0A61C0622310014F10800BF
:1009E00001F072FCDFF87855F220039015F10C004D
:1009F00002901D2001901B2000901C23E278521CC5
:100A0000D2B20621300002F03FFADFF85C05406BFD
:100A1000E86019E0A51C0622290014F1080001F085
:100A200053FCF02003900020029028200190282001
:100A30000090282300220921280002F025FA012035
:100A4000DFF824150870FFE73FE0E078002802D0C7
:100A500001281FD038E0A61C0622310014F108003E
:100A600001F032FCDFF8F854F220039015F10C008D
:100A700002901D2001901B2000901D23E278521C43
:100A8000D2B20621300002F0FFF9DFF8DC04806BFF
:100A9000E86019E0A51C0622290014F1080001F005
:100AA00013FCF020039000200290282001902820C1
:100AB0000090282300220921280002F0E5F90120F6
:100AC000DFF8A4140870FFE7FFE740E220791F2851
:100AD00009D0C0F00481212800F0858043D322286A
:100AE00000F0C080FBE0E078002802D001281FD091
:100AF00038E0A61C0622310014F1080001F0E4FBE6
:100B0000DFF85C54F220039015F10C0002902220D3
:100B100001901F2000901F23E278521CD2B20721BF
:100B2000300002F0B1F9DFF84004406CE86019E0F1
:100B3000A51C0622290014F1080001F0C5FBF020D5
:100B40000390002002902820019028200090282364
:100B500000220921280002F097F90120DFF808148B
:100B60000870FFE7BBE0E078002802D001281FD022
:100B700038E0A61C0622310014F1080001F0A4FBA5
:100B8000DFF8DC53F220039015F10C0002902220D4
:100B900001901F2000902023E278521CD2B207213E
:100BA000300002F071F9DFF8C003806CE86019E0F2
:100BB000A51C0622290014F1080001F085FBF02095
:100BC00003900020029028200190282000902823E4
:100BD00000220921280002F057F90120DFF88813CC
:100BE0000870FFE77BE0E078002802D001281FD0E2
:100BF00037E0A61C0622310014F1080001F064FB66
:100C0000DFF85C53F220039015F10C0002902220D3
:100C100001901F2000902123E278521CD2B20721BC
:100C2000300002F031F9DFF84003C06CE86018E0F2
:100C3000A51C0622290014F1080001F045FBF02054
:100C40000390002002902820019028200090282363
:100C500000220921280002F017F90120C24908707A
:100C6000FFE73CE0E078002802D001281DD035E005
:100C7000A61C0622310014F1080001F025FBB84D36
:100C8000F220039015F10C000290222001901F2009
:100C900000902223E278521CD2B20721300002F0E9
:100CA000F3F8B148006DE86018E0A51C06222900A1
:100CB00014F1080001F008FBF020039000200290DE
:100CC00028200190282000902823002209212800B4
:100CD00002F0DAF80120A4490870FFE7FFE736E1E7
:100CE000207A03280AD0C0F03181052838D0C0F01E
:100CF0002A81072800F0B28069D327E1322001F071
:100D000040FD032098490870A07A0E2802D00F28D1
:100D100009D024E0DFF8900941789148C068C0B25A
:100D200004F073F91BE000200100C9B20B290FDAAF
:100D3000DFF878190200D2B251F82210884AD2683E
:100D4000914203D1DFF86019487001E0401CEBE7E5
:100D5000DFF854094178007804F057F9FFE7F5E02F
:100D6000814D03202870322001F00BFDA07A182855
:100D700002D0192815D029E0287A03F0E7FB00EE0D
:100D8000100ADFF82C09D0ED080A754890ED031A17
:100D9000B8EEC11AB8EE400A81EE000A02F05FFE1A
:100DA00014E0687A03F0D2FB00EE100A6C48D0ED34
:100DB000030AF8EEE00AB8EE400AC0EE800ADFF857
:100DC000F00890ED070A02F04AFEFFE7BEE0664D2C
:100DD00003202870322001F0D4FCA07A1B2804D014
:100DE0003BD31D2823D00CD337E0DFF82805D0ED06
:100DF000020A90ED010A5A48C068C0B202F0E6FE4D
:100E00002BE0A87A03F0A2FB00EE100ADFF804053D
:100E10005349D1ED030AF8EEE00AB8EE400AC0EEFD
:100E2000800A90ED010A007802F0D0FE15E0A87A61
:100E300003F08CFB00EE100ADFF8D804D0ED020AB4
:100E4000474991ED031AB8EEC11AB8EE400A81EE97
:100E5000000A007802F0BAFEFFE777E0424D032077
:100E60002870322001F08DFCA07A1F2806D069D3AB
:100E7000212835D01BD322284BD063E0E87A03F039
:100E800065FB00EE100ADFF82C08D0ED031A90ED98
:100E9000021AD0ED010A324890ED032AB8EEC22AB8
:100EA000B8EE400A82EE000A02F09AFF4AE0E87AC1
:100EB00003F04CFB00EE100ADFF8F807D0ED031A40
:100EC00090ED021A2649D1ED030AF8EEE00AB8EED9
:100ED000400AC0EE800A90ED000A02F081FF31E086
:100EE000E87A03F033FB00EE100ADFF8C807D0ED14
:100EF000031A1B49D1ED030AF8EEE00AB8EE400AE6
:100F000080EE801AD0ED010A90ED000A02F068FF31
:100F100018E0E87A03F01AFB00EE100ADFF89407F5
:100F20000F49D1ED030AF8EEE00AB8EE400AC0EE30
:100F3000801A90ED021AD0ED010A90ED000A02F03D
:100F40004FFFFFE702E002F0E9FCFFE7FFE705B033
:100F5000F0BD0000CC280020242900208828002093
:100F600040280020000000207C00002016290020DE
:100F700010B5DFF84437987800280ED002281ED02C
:100F80000CD3042876D027D3062800F0F580C0F0D3
:100F9000C080072800F04981BBE1BAE1DFF81C07F7
:100FA000DFF81C17CA68825C521CCB68C254CA683E
:100FB000825C3A2A02DB3022C9684254A9E158799E
:100FC0001979884202D21879401E1871F122002145
:100FD000981C01F036FF9CE1D87800280CD1587994
:100FE0001979884202D21879401E1871F122002125
:100FF000981C01F026FF3CE018790E2802D00F283B
:1010000012D036E0D878002802D0012801D00AE0BA
:1010100009E0DFF8AC06C168B1F5807F02DAC1688B
:10102000491CC160FFE724E0D878002802D00128DD
:1010300001D01EE01DE000210800C0B20B2817DA25
:10104000DFF86826DFF878060B00DBB252F82330B1
:10105000C468A3420AD10B00DBB20A2B06DA0B00EC
:10106000DBB202EB83025268C26001E0491CE3E795
:10107000FFE74EE1D87800280CD1587919798842D9
:1010800002D21879401E1871F1220021981C01F03B
:10109000D8FE3DE01879132806D039D3152826D07C
:1010A00012D3162834D033E0D878002802D0012893
:1010B00001D008E007E0DFF80816C868002801D072
:1010C0000020C860FFE723E0D878002802D001287C
:1010D00001D00BE00AE0DFF8E805C16844F62062C1
:1010E000914202DAC168491CC160FFE710E0D8787C
:1010F000002802D0012801D009E008E0DFF8C0058F
:10110000C168642902DAC168491CC160FFE7FFE7D2
:10111000FFE0D87800280CD158791979884202D29A
:101120001879401E1871F1220021981C01F089FEE7
:1011300021E01879182802D019280ED01BE0D878A1
:10114000002802D0012801D006E005E0DFF8700594
:10115000C168491CC160FFE70DE0D878002802D0C3
:10116000012801D006E005E0DFF85405C168491CFC
:10117000C160FFE7FFE7CCE0D87800280CD15879B0
:101180001979884202D21879401E1871F122002183
:10119000981C01F056FE47E018791B2804D043D371
:1011A0001D282DD013D33FE0D878002802D0012885
:1011B00001D00BE00AE0DFF80815C868002802D16A
:1011C0000120C86001E00020C860FFE72CE0D8786B
:1011D000002802D0012801D011E010E0DFF8E4047B
:1011E000807A03F0B3F9DFF8D824D36844F620619D
:1011F0004843834202D2D068401CD060FFE713E02E
:10120000D878002802D0012801D00CE00BE0DFF8EC
:10121000B004C168DFF8AC24526B914202DAC168B5
:10122000491CC160FFE7FFE773E0D87800280CD1C4
:1012300058791979884202D21879401E1871F12222
:101240000021981C01F0FDFD62E018791F2806D0EE
:101250005ED3212830D01BD3222845D058E0D8783F
:10126000002802D0012801D011E010E0DFF854047A
:10127000C07A03F06BF9DFF84824D36844F62061A4
:101280004843834202D2D068401CD060FFE73FE071
:10129000D878002802D0012801D00CE00BE0DFF85C
:1012A0002004C168DFF81C24526C914202DAC16844
:1012B000491CC160FFE72BE0D878002802D0012844
:1012C00001D010E00FE0DFF8FC03C07A03F03EF934
:1012D000DFF8EC23D36850214843834202D2D06820
:1012E000401CD060FFE713E0D878002802D0012826
:1012F00001D00CE00BE0DFF8C803C168DFF8C423BD
:10130000D26C914202DAC168491CC160FFE7FFE775
:10131000FFE710BDB428002010B5DFF89C339878A3
:1013200000280ED002281ED00CD3042876D027D354
:10133000062800F0F380C0F0BE80072800F044814A
:10134000B1E1B0E1DFF87403DFF8701ACA68825CBB
:10135000521ECB68C254CA68825C302A02DA392233
:10136000C96842549FE118799979884202D2187964
:10137000401C1871F1220021981C01F062FD92E1DD
:10138000D87800280CD118799979884202D2187936
:10139000401C1871F1220021981C01F052FD3CE024
:1013A00018790E2802D00F2811D036E0D8780028FE
:1013B00002D0012801D009E008E0DFF8000AC16886
:1013C000012902DBC168491EC160FFE725E0D8782A
:1013D000002802D0012801D01FE01EE00A221000E0
:1013E000C0B2002818D0DFF8C432DFF8D0191000DE
:1013F000C0B253F82000CC68A0420BD11000C0B29C
:10140000002807D01000C0B203EB800050F8040C95
:10141000C86001E0521EE2E7FFE744E1D878002807
:101420000CD118799979884202D21879401C187128
:10143000F1220021981C01F004FD3BE018791328EB
:1014400006D037D3152824D012D3162832D031E055
:10145000D878002802D0012801D008E007E0DFF8A2
:101460005C19C868002801D00020C860FFE721E0AF
:10147000D878002802D0012801D009E008E0DFF880
:101480003C09C168012902DBC168491EC160FFE750
:1014900010E0D878002802D0012801D009E008E047
:1014A000DFF81809C168012902DBC168491EC16063
:1014B000FFE7FFE7F7E0D87800280CD11879997991
:1014C000884202D21879401C1871F1220021981C20
:1014D00001F0B7FC21E01879182802D019280ED0A5
:1014E0001BE0D878002802D0012801D006E005E0F2
:1014F000DFF8C808C168491EC160FFE70DE0D87871
:10150000002802D0012801D006E005E0DFF8AC0891
:10151000C168491EC160FFE7FFE7C4E0D878002832
:101520000CD118799979884202D21879401C187127
:10153000F1220021981C01F084FC44E018791B285A
:1015400004D040D31D2827D013D33CE0D8780028FE
:1015500002D0012801D00BE00AE0DFF86018C8686B
:10156000002802D10120C86001E00020C860FFE728
:1015700029E0D878002802D0012801D00BE00AE049
:10158000DFF838084F49896BC268914202DAC168B6
:10159000491EC160FFE716E0D878002802D0012874
:1015A00001D00FE00EE04748807A02F0CFFFDFF86D
:1015B0000C2800214843D168884202D2D068401EDE
:1015C000D060FFE7FFE76EE0D87800280CD11879EB
:1015D0009979884202D21879401C1871F1220021B1
:1015E000981C01F02EFC5DE018791F2806D059D315
:1015F00021282DD015D322283DD053E0D8780028BB
:1016000002D0012801D00BE00AE0DFF8B0072D4935
:10161000896CC268914202DAC168491EC160FFE765
:1016200040E0D878002802D0012801D00FE00EE079
:101630002448C07A02F08AFFDFF88027002148435F
:10164000D168884202D2D068401ED060FFE729E00E
:10165000D878002802D0012801D00BE00AE0DFF89A
:101660005C071849096DC268914202DAC168491ED7
:10167000C160FFE716E0D878002802D0012801D029
:101680000FE00EE00F48C07A02F060FFDFF82C2771
:1016900000214843D168884202D2D068401ED06001
:1016A000FFE7FFE7FFE710BD700C0020F806002001
:1016B00058270020982800208828002000000020BB
:1016C000402800207C0000207FB5DFF8F446A07899
:1016D000002814D0022816D012D3042800F08980E4
:1016E00014D3062800F0C981C0F05481082800F006
:1016F0005083C0F06D82092800F052835DE35CE303
:101700000020A07059E30020A07056E320790E2835
:1017100002D00F2836D06BE0E078002802D00128F4
:1017200016D02EE0A51CF1200390002002900C2082
:10173000019007200090072300220221280001F0D9
:10174000A3FB0622290014F1080000F0BDFD18E0FB
:10175000A51C0622290014F1080000F0B5FDF120B7
:101760000390DFF8600602900F2001900E20009099
:101770000E23E078421ED2B20321280001F084FB40
:10178000FFE735E0E078002802D0012816D02EE0EF
:10179000A51CF1200390002002900C20019007204E
:1017A0000090072300220221280001F06DFB062291
:1017B000290014F1080000F087FD18E0A51C06229E
:1017C000290014F1080000F07FFDF1200390DFF8FC
:1017D000F80502900F2001900E2000900F23E07872
:1017E000421ED2B20321280001F04EFBFFE7FFE7C3
:1017F000E3E22079132808D0C0F0CB8015287CD0F4
:101800003FD3162800F0AF80C3E0E078002802D074
:10181000012816D034E0A51CF1200390002002908E
:101820000C200190072000900823002202212800AC
:1018300001F02AFB0622290014F1080000F044FD03
:101840001EE0A61C0622310014F1080000F03CFD49
:10185000DFF87855F120039015F12C000290162046
:101860000190132000901323E078421ED2B204218D
:10187000300001F009FBDFF84405C068E862FFE7CB
:1018800087E0E078002802D0012816D034E0A51CBB
:10189000F1200390002002900C200190072000907E
:1018A000082300220221280001F0EEFA0622290076
:1018B00014F1080000F008FD1EE0A61C062231000D
:1018C00014F1080000F000FDDFF80055F12003904E
:1018D00015F130000290162001901320009014237F
:1018E000E078421ED2B20421300001F0CDFADFF8D8
:1018F000CC04C0682863FFE74BE0E078002802D002
:10190000012816D02EE0A51CF120039000200290A3
:101910000C200190072000900823002202212800BB
:1019200001F0B2FA0622290014F1080000F0CCFC04
:1019300018E0A51C0622290014F1080000F0C4FCE0
:10194000F1200390DFF88804029016200190132004
:1019500000901523E078421ED2B20421280001F045
:1019600093FAFFE715E0A51CF120039000200290F8
:101970000C2001900720009008230022022128005B
:1019800001F082FA0622290014F1080000F09CFC04
:10199000FFE712E22079182802D0192836D06BE030
:1019A000E078002802D0012816D02EE0A51CF120F6
:1019B0000390002002900C20019007200090092342
:1019C00000220221280001F05FFA0622290014F10A
:1019D000080000F079FC18E0A51C0622290014F18B
:1019E000080000F071FCF1200390DFF8E80302909A
:1019F00019200190182000901823E078421ED2B2DE
:101A00000521280001F040FAFFE735E0E0780028E2
:101A100002D0012816D02EE0A51CF1200390002052
:101A200002900C200190072000900923002202213F
:101A3000280001F029FA0622290014F1080000F01C
:101A400043FC18E0A51C0622290014F1080000F050
:101A50003BFCF1200390DFF88003029019200190F5
:101A6000182000901923E078421ED2B205212800E8
:101A700001F00AFAFFE7FFE79FE120791B2805D074
:101A8000C0F0A5801D286DD037D3A0E0E0780028F5
:101A900002D0012816D02FE0A51CF12003900020D1
:101AA00002900C200190072000900A2300220221BE
:101AB000280001F0E9F90622290014F1080000F0DD
:101AC00003FC19E0A51C0622290014F1080000F00F
:101AD000FBFBC24EF120039002961D2001901B20BB
:101AE00000901B23E078421ED2B20621280001F0AC
:101AF000CBF9B6480664FFE769E0E078002802D039
:101B0000012816D02DE0A51CF120039000200290A2
:101B10000C200190072000900A23002202212800B7
:101B200001F0B2F90622290014F1080000F0CCFB04
:101B300017E0A51C0622290014F1080000F0C4FBE0
:101B4000F1200390A64802901D2001901B200090D8
:101B50001C23E078421ED2B20621280001F094F93D
:101B6000FFE734E0E078002802D0012816D02DE00D
:101B7000A51CF1200390002002900C20019007206A
:101B800000900A2300220221280001F07DF906229C
:101B9000290014F1080000F097FB17E0A51C0622AD
:101BA000290014F1080000F08FFBF12003908D480C
:101BB00002901D2001901B2000901D23E078421E02
:101BC000D2B20621280001F05FF9FFE7FFE7F4E059
:101BD00020791F2808D0C0F0DB8021286ED038D3B0
:101BE000222800F0A080D3E0E078002802D001286D
:101BF00016D02DE0A51CF1200390002002900C20AF
:101C00000190072000900B2300220221280001F000
:101C10003BF90622290014F1080000F055FB17E0FB
:101C2000A51C0622290014F1080000F04DFBF1204C
:101C300003906D480290222001901F2000901F23E6
:101C4000E078421ED2B20721280001F01DF9FFE71B
:101C50009EE0E078002802D0012816D02DE0A51CD7
:101C6000F1200390002002900C20019007200090AA
:101C70000B2300220221280001F006F90622290088
:101C800014F1080000F020FB17E0A51C0622290033
:101C900014F1080000F018FBF12003905348029063
:101CA000222001901F2000902023E078421ED2B213
:101CB0000721280001F0E8F8FFE769E0E078002854
:101CC00002D0012816D02DE0A51CF12003900020A1
:101CD00002900C200190072000900B23002202218B
:101CE000280001F0D1F80622290014F1080000F0C4
:101CF000EBFA17E0A51C0622290014F1080000F0F9
:101D0000E3FAF12003903A480290222001901F202C
:101D100000902123E078421ED2B20721280001F072
:101D2000B3F8FFE734E0E078002802D0012816D0AD
:101D30002DE0A51CF1200390002002900C200190C2
:101D4000072000900B2300220221280001F09CF8BC
:101D50000622290014F1080000F0B6FA17E0A51CCD
:101D60000622290014F1080000F0AEFAF1200390D9
:101D700020480290222001901F2000902223E0782A
:101D8000421ED2B20721280001F07EF8FFE7FFE7EC
:101D900013E0062214F10801A01C00F095FA0CE0F3
:101DA0000A4D2878022807D0062214F10801A01C49
:101DB00000F08AFA00202870FFE77FBD402800204D
:101DC000882800207D000020800000207C0000206A
:101DD000B8000020A0000020A4000020B4280020AB
:101DE000B0000020B4000020C0000020C40000208B
:101DF000C8000020CC000020F8B4030000250868CB
:101E0000E840002800F0D78001260F6816FA05F098
:101E100007403A00002A00F0CC80087910F0030057
:101E2000012804D0087910F0030002281DD19F6812
:101E30005FF0030C2800C0B240001CFA00FC37EA37
:101E40000C07D1F80CC02800C0B240001CFA00FCFE
:101E50005CEA07079F605868AE40B0434E68C6F31F
:101E60000016AE40304304005C60087910F00300B7
:101E700003280ED0DE6803272800C0B24000874048
:101E8000BE438F682800C0B2400087403E43340004
:101E9000DC60087910F00300022818D12800C0087F
:101EA00003EB8000066A0F2715F00700C0B2800020
:101EB0008740BE430F6915F00700C0B2800087401D
:101EC0003E4334002800C00803EB800004621E6813
:101ED00003272800C0B240008740BE430F7917F0A7
:101EE00003072800C0B2400087403E4334001C6016
:101EF000486810F4403F5CD09548066856F00106EB
:101F00000660006810F0010000900098914F2800D2
:101F1000800857F820605FF00F0C15F00300C0B286
:101F200080001CFA00FC36EA0C06B3F1904F01D198
:101F3000002414E08848834201D101240FE087483F
:101F4000834201D102240AE08548834201D103245F
:101F500005E08448834201D1042400E0072415F001
:101F60000300C0B28000844026432800800847F860
:101F700020607D4C206890434F68FF0200D51043DD
:101F800020607A4E346894434F68BF0200D51443F2
:101F90003460774E306890434F68BF0300D51043DC
:101FA0003060744E346894434F68FF0300D5144387
:101FB00034606D1C23E7F1BC70472DE9F04103004C
:101FC00000250800E840002800F0A880012616FA45
:101FD00005F008400200002A00F09E80DFF874C17E
:101FE000280080085CF820000F2715F0030E5FFA28
:101FF0008EFE5FEA8E0E17FA0EFE1EEA0000040047
:10200000B3F1904F02D15FF0000E19E052488342C5
:1020100002D15FF0010E13E05048834202D15FF01D
:10202000020E0DE04E48834202D15FF0030E07E03E
:102030004C48834202D15FF0040E01E05FF0070ECE
:1020400015F00300C0B280001EFA00FE74452CD1CA
:102050004848D0F800E03EEA020EC0F800E04448EC
:10206000D0F800E03EEA020EC0F800E03F48D0F8A9
:1020700000E03EEA020EC0F800E03B48D0F800E085
:102080003EEA020EC0F800E015F00300C0B2800086
:1020900017FA00F00400280080085CF82000A04334
:1020A000AE465FEA9E0E4CF82E005FF0030C1868F7
:1020B000AE465FFA8EFE5FEA4E0E1CFA0EFE5EEA38
:1020C000000018602800C00803EB800E2800C0083C
:1020D00003EB8000D0F8208015F00700C0B280002C
:1020E000874038EA0707CEF8207098682F00FFB2C3
:1020F0007F001CFA07F7B84398605868AE4030EA92
:1021000006065E60DE682800C0B240001CFA00FCD3
:1021100036EA0C0CC3F80CC06D1C52E7BDE8F08128
:10212000020010690B009BB2184201D0012000E0B0
:102130000020C0B270471300DBB2002B03D00B00AD
:102140009BB2836102E00B009BB283627047000088
:1021500060100240080001400004004800080048E8
:10216000000C004800100048080401400C04014025
:10217000040401400004014038B504000D00DFF8FC
:10218000FC010168200000F006F8A84201D30120FC
:1021900000E0002032BD814204D25FF0FF32101A0D
:1021A000081800E0081A704738B52DED048B08EECA
:1021B000100A0C001500DFED438A2800C0B2FB288E
:1021C00010DBB8EEC89A2800C0B24042C0B200F09E
:1021D0008BF829EE009A00212000B0EE490A00F0A9
:1021E000B1F80EE0B8EEC89A2800C0B200F07CF852
:1021F00089EE009A2900C9B22000B0EE490A00F029
:10220000A1F8BDEC048B31BD10B400210A00838815
:1022100092B29A4206D2002203680C00A4B21A5568
:10222000491CF3E70022828010BC704710B4040000
:1022300013005A1E9BB2002B02D02170641CF7E7DA
:1022400010BC704770B504000D001600DFF82401C3
:1022500000782100C9B2884209D3DFF82421106830
:10226000002804D0310089B228001268904770BD60
:1022700038B504000D00280003F0DCF8020092B22B
:1022800029002000C0B2FFF7DDFF31BD70B50400AA
:102290000D00280003F0CEF8020092B229002000C1
:1022A000C0B2FFF7CFFFDFF8DC603068002807D04E
:1022B000280003F0BFF8010089B228003268904777
:1022C00070BD00000000000030B404000D001300D9
:1022D0005A1E9BB2002B04D02B7823706D1C641CFB
:1022E000F5E730BC7047000010B504002000C0B214
:1022F000FB2816DB2000C0B2D0F5807003F0D2F8C6
:1023000041EC110B9FED200B03F0E5F853EC102B83
:102310000020194903F0E8F803F00AFA00EE100A69
:102320000FE02000C0B203F037FA41EC110B9FED33
:10233000160B03F0D0F851EC100B03F0F9F900EE96
:10234000100A10BD38B52DED028B82B0B0EE408A78
:1023500004000D0018EE100A03F02CFACDE900017C
:102360002A000B49200003F049FA02B0BDEC028BB1
:1023700031BD0000740C00200000F03F0429002053
:102380000C29002008290020000000000000244043
:1023900044FB000880B500224FF40071DFF8940B75
:1023A000FFF7C9FE00224FF400715FF09040FFF785
:1023B000C2FE03F043FADFF8DC0BDFF8DC1B01643C
:1023C000DFF8D81B421CC1F85821021DC1F870214A
:1023D00010F118020A62027A81F8252010F1200219
:1023E0008A63427A81F83D2010F10C02C1F8A021E5
:1023F000027A81F8A52110F11002C1F8B821027A01
:1024000081F8BD2110F12C02C1F8D021027A81F8A7
:10241000D52110F13002C1F8E821027A81F8ED21CE
:1024200010F13C02C1F8002210F12402C1F8482248
:10243000027A81F84D2210F12802C1F86022427A16
:1024400081F8652210F13402C1F8A822827A81F85D
:10245000AD2210F13802C1F8C022827A81F8C5227B
:1024600010F14402C1F8F022C27A81F8F52210F18D
:102470004802C1F80823C27A81F80D2310F14C02FA
:10248000C1F82023C27A81F8252310F15002C1F847
:102490003823C07A81F83D03DFF8040B0068C1F8E7
:1024A0008003DFF8000B0068C1F8B00301BD38B548
:1024B000002000242000C0B2072835DADFF8EC5AEB
:1024C0002000C0B200012844407801282AD1200011
:1024D000C0B200012844406800280ED003F006FA7C
:1024E0002100C9B2090129444968401A2100C9B232
:1024F000090129448968884214D300202100C9B207
:1025000009012944487003F0F1F92100C9B2090119
:10251000294448602000C0B22100C9B20901294401
:10252000C9688847641CC5E7002032BD38B504007F
:10253000DFF8805A687800281FD100224FF400711C
:10254000DFF8F009FFF7F7FD00224FF400715FF0AC
:102550009040FFF7F0FD03F071F9892000902023EF
:1025600007220521DFF8500A03F0C6F90120687040
:102570000221DFF8380A03F007FB012032BD7CB5E9
:102580000400DFF8385A2878002803D0022823D026
:1025900003D33DE003F022FB3AE003F095FB8920F2
:1025A0000090202307220521DFF80C0A03F0A4F98C
:1025B000DFF80C2A03212C2003F0B8FADFF8042AF4
:1025C0000421082003F0B2FA03F0DBFB41F288306B
:1025D000DFF8D81988611BE00120DFF8D8194870AE
:1025E00089200090202307220521DFF8CC0903F081
:1025F00083F9DFF8B8690221300003F0C5FA03213E
:10260000300003F0C1FA0421300003F0BDFAFFE707
:102610002878401C28702100C9B2DFF8900903F027
:10262000C2FA012076BD70B5040000F0BCF8DFF8F6
:1026300084596878012803D1A87800F0D9FB04E018
:102640000021DFF8680903F09FFADFF87C09A97818
:102650000278914207D0A9780170DFF8700900680C
:10266000DFF86C190860A8780A2812D1DFF86069D1
:102670004FF4FA613068FFF77FFD012809D1DFF8D8
:102680004C0900683060062215F10801A81CFFF70C
:102690001BFE2100C9B2DFF8140903F084FA0120FF
:1026A00070BD10B50400DFF82C19DFF82C090069A3
:1026B000FFF762FD012827D1DFF820090178012901
:1026C00005D1002101700020DFF8E8188870DFF8DC
:1026D00010090188491C018042F21071DFF8CC28F2
:1026E0002300DBB21B011A449268B1FBF2F10288AD
:1026F0008A420DD300210180DFF8B81888780028BD
:1027000006D00020887003E00120DFF8D0180870A0
:102710002100C9B2DFF8940803F045FA012010BD8A
:1027200038B50400FDF74BFDDFF8AC58287A0128D6
:1027300008D10521DFF8740803F026FADFF88C08C9
:10274000006828612100C9B2DFF8600803F02BFAA5
:10275000012032BD10B50400FDF718FDDFF8780840
:102760000021017000210172012010BD10B504008C
:1027700000224FF40051DFF8BC07FFF7DCFC01201A
:1027800010BD10B5040001224FF40051DFF8A4077A
:10279000FFF7D1FCDFF81408210089B28166062119
:1027A00003F001FA10BD70B5DFF8E847DFF8340830
:1027B000216C097850F82100DFF8E017C1F8900289
:1027C000DFF8240801786170DFF82018407851F8AC
:1027D00020006060207A01F0B9FE00EE100ADFF8F8
:1027E0001058B8EE400AD5ED010A20EE200ABDEEE1
:1027F000C00A84ED030A207A01F0A8FE00EE100A58
:10280000B8EE400AD5ED020A20EE200ABDEEC00A5D
:1028100084ED040A607A01F099FE00EE100AB8EE29
:10282000400AD5ED030A20EE200ABDEEC00A84ED71
:10283000050A207A01F08AFE00EE100AB8EE400A7E
:10284000D5ED040A20EE200ABDEEC00A84ED060A8A
:10285000207A01F07BFE00EE100AB8EE400AD5EDBA
:10286000050A20EE200ABDEEC00A84ED070A607A50
:1028700001F06CFE00EE100AB8EE400AD5ED060A33
:1028800020EE200ABDEEC00A84ED080A207A01F08D
:102890005DFE00EE100AB8EE400AD5ED070A20EE04
:1028A000200ABDEEC00A84ED090A607A01F04EFEEE
:1028B00000EE100AB8EE400AD5ED080A20EE200A14
:1028C000BDEEC00A84ED0A0AA07A01F03FFE00EED8
:1028D000100ADFF8C466B8EE400AD6ED020A20EE10
:1028E000200ABDEEC00A84ED0D0AA07A01F02EFE8A
:1028F00000EE100AB8EE400AD6ED010A20EE200ADA
:10290000BDEEC00A84ED0E0AFE2001F01FFE00EEAF
:10291000100AB8EE400AD5ED090A20EE200ABDEEF5
:10292000C00A84ED0F0AE07A01F010FE00EE100AF2
:10293000DFF8C056B8EE400AD5ED000A20EE200AB6
:10294000BDEEC00A84ED110AE07A01F0FFFD00EE51
:10295000100AB8EE400AD5ED010A20EE200ABDEEBD
:10296000C00A84ED120AE07A01F0F0FD00EE100AD0
:10297000B8EE400AD5ED020A20EE200ABDEEC00AEC
:1029800084ED130AE07A01F0E1FD00EE100AB8EEE2
:10299000400AD5ED030A20EE200ABDEEC00A84ED00
:1029A000140A70BD2DE9F84F8AB0060020210022DC
:1029B00002AC200003F052FA0024002500208DF81C
:1029C000050000208DF806001827DFF8D0853000BC
:1029D000C0B27843404490F815903000C0B27843BC
:1029E00040444068002842D001213000C0B200F0CD
:1029F000A9F900280ED13000C0B2784340444268A3
:102A00003000C0B278434044017D4846C0B203F074
:102A10008DF81EE05FF0000A3000C0B278434044F9
:102A2000406802F007FD5146C9B2814207D220201A
:102A300002A95246D2B288541AF1010AECE702AA5E
:102A40003000C0B278434044017D4846C0B203F034
:102A50006DF83000C0B278434044406802F0EAFCB0
:102A6000DFF894150979491C484310FA89F93000B8
:102A7000C0B2784340448068002800F03A813000BA
:102A8000C0B278434044007B00280BD002281ED0FF
:102A900012D3042830D024D3062845D036D30728B3
:102AA0003ED044E03000C0B27843404480680078B3
:102AB000002104000D003AE03000C0B278434044E9
:102AC000806890F90000C11704000D002FE030006D
:102AD000C0B27843404480680088002104000D00A3
:102AE00025E03000C0B2784340448068B0F900006F
:102AF000C11704000D001AE03000C0B27843404412
:102B000080680068002104000D0010E03000C0B2B1
:102B10007843404480680068C11704000D0006E057
:102B200001208DF8050002E002208DF805009DF8D7
:102B3000050000280CD13000C0B278434044407BEF
:102B400040420200D2B202A92000FFF72DFB26E08E
:102B50009DF8050001281AD13000C0B278434044E6
:102B6000806802F067FC202819D23000C0B2784398
:102B70004044806802F05EFC020092B23000C0B2B5
:102B800078434044816802A8FFF79EFB07E03000CD
:102B9000C0B278434044806800788DF80800022174
:102BA0003000C0B200F0CEF8012823D13000C0B20E
:102BB00078434044807DC0B200098DF806009DF83E
:102BC00006000F2805D0202002A99DF80620885471
:102BD00010E05FF0000A02A802F02CFC5146C9B2D6
:102BE000814207D2202002A95246D2B288541AF15B
:102BF000010AF0E73000C0B201285ED15FF0000AA0
:102C000000208DF804003000C0B278434044407B7F
:102C1000002802D009208DF80400392000902E23CE
:102C200015220F21DFF8D40303F04CF902A802F0BB
:102C300001FC8346DFF8C0030079401C00FB0BFB5E
:102C40005846C0B2022190FBF1F01F280BDA58461B
:102C5000C0B2022190FBF1F0D0F140009DF80410C9
:102C600050FA81FA07E05846C0B2D0F15F009DF8F3
:102C7000041050FA81FA02AA3000C0B278434044EE
:102C8000007D401CC0B2DFF870134979D1EBC00160
:102C9000491EC9B25046C0B203F0BEFA5AFA8BF0D0
:102CA0009DF80490B0EB09098920009020230722A9
:102CB0000521C14802F020FE1BE08920009020235E
:102CC00007220521BC4802F017FE02AA3000C0B25C
:102CD00078434044017D4846C0B202F027FF02A875
:102CE00002F0A8FBC4490979491C484310FA89F04D
:102CF00081463000C0B278434044006900281ED0AD
:102D00003000C0B2784340448068002817D03000BB
:102D1000C0B2784340448068B94988420FD030003F
:102D2000C0B27843404402693000C0B207FB00F7EC
:102D300008EB0700017D4846C0B202F0F7FE0BB079
:102D4000BDE8F08FF8B504000D0094492200D2B21E
:102D50001820424301EB0200817D2800C0B20140EF
:102D60002800C0B281422FD1A826A64F4FF49671F9
:102D70002800C0B2704338442200D2B250F822007A
:102D8000FFF7FAF901282AD12800C0B206FB00F6A5
:102D900007EB06002100C9B28C4A126840F82120D6
:102DA0002A2099492A00D2B242430A442300DBB2C6
:102DB0002E00F6B200FB06F008442100C9B2405CC8
:102DC000D0F10100D0540AE08F492A00D2B22A2063
:102DD000424301EB02002100C9B2002242548A4959
:102DE000EDB22A20454301EB0500E4B2005DF2BDDF
:102DF00070B50400002602F067FF00F077F82000AD
:102E0000C0B200F07DF82000C0B200F095F80025B7
:102E1000280080B22A2811DA60492A0092B21820CC
:102E2000424301EB0200C07D2100C9B2884203D1B8
:102E30002800C0B2FFF7B6FD6D1CE9E702F0A1FF64
:102E400070BDF0B44271C47803792500EDB2AB4295
:102E50000AD3F025514E2700FFB218235F4306EB3B
:102E600007039D75641CEFE718234C4C85785D4380
:102E700025444679AE75002904D0857803FB05F317
:102E800023449960F0BC70472DE9F84F070088464D
:102E900091469A460A9E0B9DDDF830B00D9C87F84E
:102EA000008087F8019087F802A0FE703D71220033
:102EB000D2B259463800FFF7C4FFBDE8F18F10B415
:102EC000010000221000C0B204280CD21000C0B2D1
:102ED000085C4E4B1400E4B21B5D984201D0002008
:102EE00002E0521CEEE7012010BC704780B50120C3
:102EF000009008237F220821002003F011FA01BD71
:102F000010B504002000C0B2002812D13848007863
:102F1000002807D124A2214890F84410782002F01C
:102F200005FE06E022A21D4890F84410782002F029
:102F3000FDFD10BD000800480100C9B2092924D1D7
:102F400014490978002906D002290ED008D3042993
:102F500015D00FD318E02E49104AC2F8C81318E054
:102F60002C490E4AC2F8C81313E02B490B4AC2F889
:102F7000C8130EE02949094AC2F8C81309E02849D4
:102F8000064AC2F8C81304E003E02149034AC2F824
:102F9000C81370477C000020B428002034010020B2
:102FA000BC050020D0000020200000000C00002004
:102FB0004E0000008828002050EF0008252900203E
:102FC000E4F80008ECF40008262900200429002079
:102FD000DC28002080EE3600402800202729002031
:102FE000182900202C010020700C0020F806002079
:102FF0005827002098280020A828002028ED000845
:10300000720C0020281F0020B8220020D8000020C9
:10301000DC000020EC000020FC0000200C0100205F
:103020001C01002010B504000121DFF89C0D02F006
:10303000BAFD012010BD30B587B004001421002274
:1030400002AD280002F00AFFDFF8780BD0E9002378
:10305000CDE9002302A80090DFF86C5B2978684670
:1030600000F006FA28786870BDF80410009800F0A7
:10307000D6FC2878002801D000202870DFF8485DB1
:103080000221280002F080FD0321280002F08BFDC0
:103090002100C9B2280002F086FD012007B030BD32
:1030A00010B50400DFF8F41B8888002810D0DFF882
:1030B000F00B02888B889A4208D1002101800321FD
:1030C000DFF8040D02F060FD012008E0898801802E
:1030D0002100C9B2DFF8F00C02F065FD012010BD3F
:1030E0002DE9F041040000250026DFF8B07BB88808
:1030F00003283DDB3868B988084410F8010C3968AA
:10310000BA88114411F8021C51EA00210E00B98856
:10311000891E386803F09EF905002800310080B24E
:1031200089B288421DD10721DFF89C0C02F03BFDDB
:103130003868007801280DD1DFF88C8A012198F8D1
:10314000010000F0AEF998F80120D7E9000100F085
:1031500098F913E00021DFF8700A407800F0A1F937
:103160000CE00021DFF8600A407800F09AF905E0F1
:103170000021DFF8540A407800F093F9DFF8480A9C
:10318000407800F0E5F80221DFF83C0C02F01DFD6C
:103190000120BDE8F0810100DFF8A80D0278032AC4
:1031A00001D0042202700120704701000120704705
:1031B00010B50400DFF88C0B0178012936D1DFF857
:1031C0000C1CC978012931D1DFF8041C91ED040AE7
:1031D000D0ED020AB4EE600AF1EE10FA08DA91EDD1
:1031E000040AD0ED010AB4EE600AF1EE10FA0ED531
:1031F00001224FF400615FF09040FEF79CFF012236
:103200004FF480515FF09040FEF795FF1CE00022E4
:103210004FF400615FF09040FEF78DFF00224FF405
:1032200080515FF09040FEF786FF0DE000224FF4E2
:1032300000615FF09040FEF77EFF00224FF4805166
:103240005FF09040FEF777FFDFF87C0B4FF47A7168
:1032500081662100C9B202F0A6FC012010BD38B57C
:103260000400DFF8701B087800281FD101200870C7
:10327000DFF8645B012210212800FEF75CFF0022CA
:1032800008212800FEF757FF00220421DFF84C0B2D
:10329000FEF751FF4FF4FA60DFF82C1B886703F04C
:1032A000BBFA03F064FC03F053FC12E0002008704A
:1032B00001220821DFF8200BFEF73DFF0122042147
:1032C000DFF8180BFEF737FF4EF66020DFF8F81A2C
:1032D00088672100C9B2DFF8F00A02F064FC01201F
:1032E00032BD10B50400DFF8E81A0878002803D1D1
:1032F000002081F8280011E0DFF84C0C8278042AC5
:1033000005D08278092A06D1007A042803D1032047
:1033100081F8280002E0022081F82800DFF8AC0ADA
:10332000C078012806D1012081F82900012081F808
:103330002A0005E0002081F82900002081F82A00F9
:103340002100C9B2DFF8800A02F02DFC012010BD77
:1033500038B52DED028B04009FEDBC8A2000C0B271
:1033600000285AD1DFF8685A95ED010ADFEDB80A56
:1033700020EE200ABDEEC00A10EE100A00F0ECF9B3
:1033800085ED010A95ED010A00F054FA85ED040A75
:1033900095ED030A00F0AEFA85ED060A95ED060AF2
:1033A000D5ED080A30EE200ADFF8A00BD0ED020AB6
:1033B000F4EE400AF1EE10FA02D5D0ED020A0BE06D
:1033C000D0ED030AB4EE600AF1EE10FA02D5D0EDAA
:1033D000030A01E0F0EE400AC5ED060AD5ED040A45
:1033E00095ED071A30EE818AD0ED000AF4EE480A16
:1033F000F1EE10FA02D590ED000A0BE090ED010A13
:10340000B4EE408AF1EE10FA02D590ED010A01E027
:10341000B0EE480A85ED040AFFE7DFF8B4592878D2
:10342000002807D10020686095ED010A00F002FA3B
:1034300085ED040A2878002807D10020E86095ED82
:10344000030A00F057FA85ED060A95ED010AD5ED5D
:10345000090A20EE200A85ED020A95ED040AD5ED51
:10346000090A20EE200A85ED050ABDEC028B31BD6C
:1034700038B504000D002900C9B2200000F01BF887
:1034800031BD70B504000D00160020000078C0B2F8
:10349000012805D13200D2B22000290000F062F8E4
:1034A00070BD38B504000D002900C9B22000C0B2BB
:1034B00000F0D0F831BD3EB504000D002800C0B2C8
:1034C000002805D0022821D00BD3032833D047E0B1
:1034D00006200090002303220121200002F0D8FFE3
:1034E0003EE0DFF8D40D818802290ED101680191F8
:1034F0008088022190FBF1F080B200904FF480535D
:1035000006220121200003F011F829E0DFF8A80DC0
:10351000818802290ED1016801918088022190FBE7
:10352000F1F080B2009041F2040306220121200054
:1035300002F0FCFF14E0DFF8800D818802290ED133
:10354000016801918088022190FBF1F080B2009027
:1035500042F2200306220121200002F0E7FFFFE7EC
:1035600037BD00002DE9F84F2DED028B82B004002D
:103570000D0091460020ADF800009FED348A002632
:103580004846C0B2002803D0401E022856D958E051
:103590000320ADF8000002226946200000F00CFA7A
:1035A00008EE900A02226946200000F005FA8046E3
:1035B000DFF81C78B8EE680A10EE100A02F0FAF88C
:1035C00082468B46404602F0E7F841EC110B9FED36
:1035D000D10B01F080FF53EC102B5046594601F0FF
:1035E00083FF02F0A5F8786002226946200000F00F
:1035F000E3F900EE100AB0EE408A0222694620008C
:1036000000F0DAF90600B8EE480A10EE100A02F0EF
:10361000D1F882468B46300002F0BEF841EC110B27
:103620009FEDBC0B01F057FF53EC102B5046594651
:1036300001F05AFF02F07CF8F86002E000F05BF95C
:10364000FFE702B0BDEC028BBDE8F18F0000000087
:103650000000C8420200D2B2002A032A1BD80A0086
:10366000D2B2012A0ED1DFF868270023537001235C
:1036700013700200D2B2002A0CD10122DFF84C37BD
:10368000DA7007E0DFF848275378032B02DA537823
:103690005B1C5370FFE7DFF838375A78002A0CD0EC
:1036A0005A78032A09DB00221A7000225A6000228D
:1036B000DA600022DFF81437DA7070472DE9F04144
:1036C00000242500EDB20A2D43DA00252E00F6B2C3
:1036D000092E3CDA2E00F6B201EB860676682F0042
:1036E000FFB251F82770BE422FDA00262F00FFB23A
:1036F00051F82770AC465FFA8CFC01EB8C0CDCF8BF
:1037000004C0AE465FFA8EFE41F82EC0AC465FFAAA
:103710008CFC01EB8C0CCCF80470AC465FFA8CFC92
:1037200050F82CC0AE465FFA8EFE00EB8E0EDEF82F
:1037300004E0A8465FFA88F840F828E0AE465FFA51
:103740008EFE00EB8E0ECEF804C06D1CBEE7641C2E
:10375000B7E7BDE8F081000038B52DED028B04001D
:103760009FED948ADFF8F81A087800282AD1012002
:10377000087000210800C0B20A2815DA0800C0B29B
:10378000DFF8382B0B00DBB242F82300DFF8302BD8
:103790000800C0B252F82000002803D10800C0B2CF
:1037A00042F82040491CE5E7DFF8145B09230022BA
:1037B0002900DFF8080BFFF781FF95ED050AB8EE49
:1037C000C00A30E000200100C9B20A291EDADFF881
:1037D000EC1A0200D2B251F82220092A0BD10022A1
:1037E0000300DBB241F82320DFF8D41A0200D2B282
:1037F00041F8224008E00200D2B251F82220521CC7
:103800000300DBB241F82320401CDCE7DFF8B05AAC
:10381000092300222900DFF8A40AFFF74FFF95EDE6
:10382000050AB8EEC00ADFEDBC0A80EE200ABDEC46
:10383000028B31BDF0EE400A9FEDB81A9FEDB83A09
:10384000DFED5C3AF5EE400AF1EE10FA40D0F0EE12
:10385000603A9FEDB40ADFF8DC0B90ED004A34EEDD
:10386000634AB4EE404AF1EE10FA08DA90ED004AED
:1038700033EEC44AB4EE404AF1EE10FA03DB9FED9A
:10388000AA0A21EE001ADFF81C0B90ED000AF0EEF8
:10389000401ADFF8141B91ED000A30EE010AB0EE79
:1038A000402A32EE030A82EE000AF0EE402A33EE9E
:1038B000E10AB0EE614A00EE224A80ED004AB7EE1E
:1038C000000A30EE620A20EE020A81ED000A08E0EA
:1038D000DFF8D40A5FF07E510160DFF8C80A0021EA
:1038E0000160DFF8C00ADFF84C1B02680A6090ED47
:1038F000000A7047704780B50320DFF8481608704B
:103900000421DFF8C40402F060F93220FEF739FF29
:1039100001BD0000000000000000244080B5DFF879
:10392000180B0078A84908700220DFF818160870F4
:103930000421DFF8940402F036F901BD2DE9F041CD
:1039400004000D0016002F00DFF86C894046FEF7DA
:103950005BFC300080B2022802D004280BD01DE0AE
:103960007878D8F8001008703878D8F800104870C7
:10397000A8F8046015E07878D8F800100870387856
:10398000D8F800104870F878D8F800108870B87827
:10399000D8F80010C870A8F8046002E00020A8F869
:1039A0000400DFF8940A04700120DFF8001A0870A0
:1039B000BDE8F08100000000F0B4030000200C8896
:1039C0001500EDB2042D16D12500ADB21D44AE7820
:1039D0002500ADB21D44ED7855EA06252600B6B2A5
:1039E0009E5D2700BFB21F447F7857EA062757EA3B
:1039F000054738000DE01500EDB2022D09D1250074
:103A0000ADB25D5D2600B6B21E44767856EA052654
:103A100030000D8855FA82F50D80F0BC704770B506
:103A200004000D00DFF8146A01224FF480513000C9
:103A3000FEF781FB0A2003F0BDF803F081F84FF494
:103A40007A732A0092B22100DFF8F40903F003F937
:103A500000224FF480513000FEF76DFB70BD2DE960
:103A6000F0412DED028B8EB0F0EE408AB0EE608A10
:103A7000322100226C46200002F0F0F900270024D9
:103A80000025DFF84C83C8ED078A88ED088A98ED99
:103A9000070A00F04FFF060098ED080A00F04AFF01
:103AA000804668463100090E3A00D2B281547F1C2C
:103AB0003100090C3A00D2B281547F1C3100090A4E
:103AC0003A00D2B281547F1C3900C9B246547F1CDF
:103AD0004146090E3A00D2B281547F1C4146090C7E
:103AE0003A00D2B281547F1C4146090A3A00D2B250
:103AF00081547F1C3900C9B200F801807F1C3A0054
:103B0000D2B292B26946DFF83C0904F0C1F80EB0B7
:103B1000BDEC028BBDE8F0810000C84295BFD633F2
:103B200017B7D1380100004000007A4470B5002476
:103B30000025DFF810090078C0B2FF283AD0DFF87E
:103B400008090178C9B20906DFF800090078C0B297
:103B500051EA0041DFF8F8080078C0B251EA0021CC
:103B6000DFF8F0080078C0B201430C00DFF8E80885
:103B70000178C9B20906DFF8E4080078C0B251EA5A
:103B80000041DFF8DC080078C0B251EA0021DFF81C
:103B9000D4080078C0B201430D00DFF8CC6816F1FC
:103BA0001C01200000F0EEFD16F12001280000F0BD
:103BB000E9FD05E0DFF8B0080021C16100210162E4
:103BC00070BD0000FCFA0008202900202DE9F04714
:103BD0002DED028B8EB00400F0EE408AB0EE608ACC
:103BE000322100226D46280002F038F90025002617
:103BF0000027DFF850A18AF800408AED028ACAED5A
:103C0000018A9AED020A00F095FE80469AED010ABB
:103C100000F090FE814668469AF800102A00D2B261
:103C200081546D1C4146090E2A00D2B281546D1C8C
:103C30004146090C2A00D2B281546D1C4146090A42
:103C40002A00D2B281546D1C2900C9B200F801804B
:103C50006D1C4946090E2A00D2B281546D1C49469A
:103C6000090C2A00D2B281546D1C4946090A2A0067
:103C7000D2B281546D1C2900C9B200F801906D1CAC
:103C80002A00D2B292B26946DFF8E00704F000F8E9
:103C90000EB0BDEC028BBDE8F0870000200C0020C8
:103CA0001E29002070B500240025DFF8C007007829
:103CB000C0B2FF283CD0234EDFF8B4070078307044
:103CC000DFF8B0070178C9B20906DFF8AC07007861
:103CD000C0B251EA0041DFF8A4070078C0B251EA4F
:103CE0000021DFF89C070078C0B201430C00DFF828
:103CF00094070178C9B20906DFF88C070078C0B2D2
:103D000051EA0041DFF884070078C0B251EA00218F
:103D1000DFF87C070078C0B201430D0016F10801FE
:103D2000200000F02FFD311D280000F02BFD07E0E2
:103D3000044800210170DFF85C17816000214160B8
:103D400070BD0000B428002070B52DED028B8EB040
:103D5000B0EE408A322100226C46200002F07EF84C
:103D6000002500241A4880ED098A90ED090A00F028
:103D7000E1FD06006846DFF8201709782A00D2B274
:103D800081546D1C3100090E2A00D2B281546D1C81
:103D90003100090C2A00D2B281546D1C3100090A8D
:103DA0002A00D2B281546D1C2900C9B246546D1C40
:103DB0002A00D2B292B26946DFF8E00603F068FF4B
:103DC0000EB0BDEC028B70BD6C070020F028002007
:103DD000582700202D29002000040048000C00482E
:103DE0002DE9F84F2DED048B8EB0F0EE409AB0EE39
:103DF000608AF0EE418AB0EE619A3221002201AC75
:103E0000200002F02BF85FF0000B0020009000244F
:103E100000250026DFF834A1CAED009A8AED018A58
:103E2000CAED028A8AED039A9AED000A00F082FD3B
:103E300007009AED010A00F07DFD80469AED020A26
:103E400000F078FD81469AED030A00F073FD82468A
:103E500001A83900090E5A46D2B281541BF1010B58
:103E60003900090C5A46D2B281541BF1010B3900BA
:103E7000090A5A46D2B281541BF1010B5946C9B204
:103E800047541BF1010B4146090E5A46D2B28154E8
:103E90001BF1010B4146090C5A46D2B281541BF169
:103EA000010B4146090A5A46D2B281541BF1010B5B
:103EB0005946C9B200F801801BF1010B4946090EB1
:103EC0005A46D2B281541BF1010B4946090C5A469D
:103ED000D2B281541BF1010B4946090A5A46D2B2AB
:103EE00081541BF1010B5946C9B200F801901BF136
:103EF000010B5146090E5A46D2B281541BF1010BF7
:103F00005146090C5A46D2B281541BF1010B51465D
:103F1000090A5A46D2B281541BF1010B5946C9B263
:103F200000F801A01BF1010B5A46D2B292B201A9CE
:103F3000DFF86C0503F0ACFE0EB0BDEC048BBDE801
:103F4000F18F00007C0000208828002098280020A5
:103F50002DE9F0410024002500260027DFF8400568
:103F60000078C0B2FF2871D0DFF838050178C9B2F7
:103F70000906DFF834050078C0B251EA0041DFF8E5
:103F80002C050078C0B251EA0021DFF82405007842
:103F9000C0B201430C00DFF81C050178C9B2090664
:103FA000DFF814050078C0B251EA0041DFF80C05D3
:103FB0000078C0B251EA0021DFF804050078C0B2F1
:103FC00001430D00DFF8FC040178C9B20906DFF8EF
:103FD000F8040078C0B251EA0041DFF8F00400783C
:103FE000C0B251EA0021DFF8E8040078C0B2014312
:103FF0000E00DFF8E0040178C9B20906DFF8D80442
:104000000078C0B251EA0041DFF8D0040078C0B2B5
:1040100051EA0021DFF8C8040078C0B201430F0064
:10402000DFF8C0844146200000F0ACFB18F1040129
:10403000280000F0A7FB18F10801300000F0A2FBF7
:1040400018F10C01380000F09DFB0BE0DFF8940440
:10405000DFF84014016000214160DFF88C148160BA
:104060000021C160BDE8F08110B50024DFF82C0408
:104070000078C0B2FF2822D0DFF870040078DFF8A3
:1040800018140870DFF868040178C9B20906DFF86F
:1040900064040078C0B251EA0041DFF85C040078A3
:1040A000C0B251EA0021DFF854040078C0B20143E5
:1040B0000C00DFF84C14200000F064FB04E0DFF893
:1040C000A803DFF84014416210BD78B591B0040038
:1040D0000D003C21002202AE300001F0BFFE0020A6
:1040E000ADF804000321032000F08FFF0B200090A7
:1040F0000023DFF8142401A902A800F02DFB4FF4DF
:104100007A73BDF8042002A9DFF8000402F0A3FDD1
:1041100012B070BD78B591B004000D003C210022B2
:1041200002AE300001F09AFE0020ADF80400C54850
:1041300003F07EFDCD4803F07BFDD74800210170E0
:10414000D4498160002141600D2000900023DFF8F8
:10415000C02301A902A800F0FFFA4FF47A73BDF85A
:10416000042002A9DFF8A40302F075FD12B070BDAF
:1041700038B590B004000D0003A8DFF89813322280
:1041800003F0CAFDDFF89003D0E90023CDE9012355
:1041900003A801900023DFF88403027802A903A892
:1041A00000F065FA0220009000237CA202A903A877
:1041B00000F0D2FA4FF47A73BDF808200199D34881
:1041C00002F049FD11B030BDF8B504000D00002625
:1041D0002068007830283ADB206800783A2836DA00
:1041E000002700200100C9B2A28889B291420FD2F3
:1041F00021680200D2B2895C302905DB2168020007
:10420000D2B2895C3A2900DB02E07F1C401CE9E75E
:104210003900C9B2206800F057FB0600B6F5807F70
:104220000DD2BE4841783000C0B200F0EEFE4FF42F
:104230007A7302225AA1B54802F00DFD0EE04FF448
:104240007A730522B649B14802F005FD06E04FF445
:104250007A730522B249AD4802F0FDFCF1BD0000C1
:104260002E29002038B590B004000D0003A8AD49F8
:10427000322203F051FDAC48D0E90023CDE90123FF
:1042800003A801900023A548427802A903A800F0E2
:10429000EEF902200090002340A202A903A800F03A
:1042A0005BFA4FF47A73BDF808200199974802F041
:1042B000D2FC11B030BD0000FC070020B027002068
:1042C000D8270020F8B504000D00002620680078EB
:1042D000302839DB206800783A2835DA00270020BA
:1042E0000100C9B2A28889B291420FD221680200AE
:1042F000D2B2895C302905DB21680200D2B2895C28
:104300003A2900DB02E07F1C401CE9E73900C9B212
:10431000206800F0D9FA06000C2E0DD23100C9B287
:104320007E48007800F071FE4FF47A7302221CA1DF
:10433000764802F090FC0EE04FF47A73052278493B
:10434000724802F088FC06E04FF47A730522744943
:104350006E4802F080FCF1BD80B5FFF7E7FBFFF788
:10436000A1FCFFF7F5FDFFF77FFE70487049C0F82C
:10437000A4137049C0F8B4136F49C0F8C4136F494F
:10438000C0F8D4136E49C0F8E4136E49C0F8F413B2
:1043900002F0EDFB02F0DCFB01BD00000D0A0000A5
:1043A0004F4B0000F4280020040800207C0000206F
:1043B00070B50020002400252800C0B2092836DA94
:1043C000614E2800C0B200013044407801282CD151
:1043D000012004002800C0B20001304440680028D9
:1043E0000ED001F083FA2900C9B2090131444968AD
:1043F000401A2900C9B2090131448968884214D39E
:1044000000202900C9B209013144487001F06EFA58
:104410002900C9B20901314448602800C0B229000E
:10442000C9B209013144C96888476D1CC4E720003E
:10443000C0B270BDF82800202C29002000080048D8
:1044400030220020000802080208020803080208BF
:1044500004080208050802080608020807080208FE
:10446000080802080908020858270020001002085E
:1044700002100208031002080410020805100208C6
:1044800006100208071002080810020809100208A6
:104490000A10020800409C46B428002000280208A8
:1044A000002002080220020803200208042002085B
:1044B000052002080620020807200208082002083A
:1044C000092002080A2002080B2002080C2002081A
:1044D0000D2002080E2002080F20020810200208FA
:1044E00011200208982800200000A042022802089B
:1044F00003280208042802080528020806280208E2
:104500007C2700200AD7233FFCF800082021002048
:1045100028F60008C8F2000804FB0008700C002010
:10452000F4FA0008FCF200080CFB00081008002058
:10453000CB4000081541000871410008C94100083E
:1045400065420008C54200086C0700200100080011
:10455000C0B2002801D1012021E00800C0B2FF282C
:1045600001D10A201BE00800C0B2FE2801D164205E
:1045700015E00800C0B2FD2802D14FF47A700EE0B9
:104580000800C0B2FC2802D142F2107007E0080017
:10459000C0B2FB2802D1DFF8980300E00120704789
:1045A0002DE9F24F82469346002000210A2600277B
:1045B000B046B946009A1588BBF1000F08D5DBF16B
:1045C00000042D202A0092B20AF802006D1C00E0BF
:1045D0005C462000002142464B4603F0F1FB0029D7
:1045E00001D1002808D0A6FB080106FB091107FB32
:1045F000081180468946ECE7404649460A220023D6
:1046000003F0DEFB06000F00002F01D1002E28D0A2
:104610002000002132003B0003F0D2FB30302900A3
:1046200089B20AF801006D1CA0465FF00009200065
:10463000002132003B0003F0C3FBA6FB002306FB76
:10464000013307FB0033B8EB020079EB03010400F0
:10465000300039000A22002303F0B2FB06000F00ED
:10466000D2E7009805802800C0B2BDE8F28F2DE99E
:10467000FE4F06000F0090460020ADF8000000201D
:10468000002400215FF0000BB7F80090B8F1000F94
:1046900002D5D8F1000500E0454642463900300019
:1046A000FFF77EFFB7F800A0002D4FD09DF808005F
:1046B000FFF74CFF01008D4205D20A2045431BF154
:1046C000010B002DF7D15846C0B2002821D050462A
:1046D0000200D2B2324412F8012C2D2A06D0020078
:1046E000D2B24B4692B29BB29A4208D1302203001A
:1046F000DBB2F2541AF1010ABBF1010BE3E702004D
:10470000D2B2324412F8012C0300DBB2F254401E44
:10471000DEE70A20B1FBF0F450468346002C15D0AA
:104720000A20B4FBF0F45846C0B2304410F8010C33
:104730005946C9B27054BBF1010B002CEED12E20AA
:104740005946C9B270541AF1010AE7E7A7F800A068
:104750005046C0B2BDE8FE8FF0B4049C00252E0088
:10476000B6B2A6420BD20E88771C0F802F00BFB2C4
:1047700017FA83F7D75DB6B287556D1CEFE7F0BC2B
:10478000704700002DE9F34F81B02DED028B9FEDB6
:10479000658A002401250026F7EE008A00273800EC
:1047A000C0B2202864DA0398F84010F00100040039
:1047B0003800C0B2172829DA18EE900A00F0FAFF84
:1047C00082468B462000C0B200F0E6FF8046894654
:1047D0003800C0B2D0F117005FF0FF31484300F05D
:1047E00061FE41EC110B9FED500B00F074FE51EC9B
:1047F000100B42464B4603F0FBFB52465B4603F070
:10480000C9FC00F095FF08EE900A2FE03800C0B216
:104810001F2824DA3000C0B200F0BEFF82468B466B
:104820002000C0B200F0B8FF804689463800C0B210
:10483000173800F037FE41EC110B9FED3B0B00F0F9
:104840004AFE51EC100B42464B4603F0D1FB524658
:104850005B4603F09FFC03F05BFD060006E02000D2
:10486000C0B2012802D15FF0FF3005007F1C96E73F
:10487000280040B200F016FE804689463000C0B2E3
:104880007F3800F00FFE41EC110B9FED270B00F07D
:1048900022FE51EC100B42464B4603F0A9FB80462A
:1048A000894618EE900A00F085FF42464B4603F019
:1048B0009FFB00F03DFF00EE100A049880ED000A17
:1048C000BDEC028BBDE8F78F70B40300002200241A
:1048D000002000252A000E00D2B2F6B2B2421FD24A
:1048E0002A00D2B29A5C302A0ADB2A00D2B29A5C41
:1048F0003A2A05DA2A00D2B29A5C303A140001E072
:10490000002214002A00D2B2002A03D12200D2B21F
:10491000100003E00A22504350FA84F06D1CD9E7DE
:1049200070BC704700000000000000000000004064
:10493000A086010010B42DED010A00206A46002374
:10494000042B07D2D45C1900C9B2C9008C402043A3
:104950005B1CF5E712BC704702000020704730B4C2
:104960000200DFF8A00A0023046885886355838865
:104970005B1C8380DFF8903A1B7804688588635558
:1049800083885B1C8380012030BC7047F8B504002D
:104990000D00002000212E0022683300DBB2D25C23
:1049A00023683700FFB23B445F7857EA02273A009A
:1049B00092B2B2F5807F23DA380080B200281FD08F
:1049C000DFF8400A21683200D2B2895C026883882D
:1049D000D1548188491C818021683200D2B21144AF
:1049E000497802688388D1548188491C8180DFF826
:1049F000180A41783800C0B200F007FB012000E03F
:104A00000020F2BD30B40200DFF8F809002304688A
:104A10008588635583885B1C8380DFF8EC395B787D
:104A200004688588635583885B1C8380012030BCC3
:104A30007047F8B504000D00002000212E00226808
:104A40003300DBB2D25C23683700FFB23B445F78AF
:104A500057EA02273A0092B20B2A1FDADFF8A409BC
:104A600021683200D2B2895C02688388D15481887F
:104A7000491C818021683200D2B211444978026811
:104A80008388D1548188491C81803900C9B2DFF8FC
:104A90007809007800F0B9FA012000E00020F2BDAA
:104AA000F8B504000D000026DFF8600990ED040A57
:104AB000FFF740FF0100DFF84C090A00120A036803
:104AC0008788DA558288521C828002688388D15494
:104AD0008288521C82800A00120E03688788DA5589
:104AE0008288521C82800A00120C03688788DA557B
:104AF0008288521C82800120F2BDF8B504000D00AE
:104B00000026DFF8080990ED060AFFF713FF010001
:104B1000DFF8F0080A00120A03688788DA558288ED
:104B2000521C828002688388D1548288521C828001
:104B30000A00120E03688788DA558288521C828028
:104B40000A00120C03688788DA558288521C82801A
:104B50000120F2BDF8B504000D000026DFF8AC0816
:104B600090ED050AFFF7E6FE0100DFF898080A005D
:104B7000120A03688788DA558288521C828002688C
:104B80008388D1548288521C82800A00120E0368E6
:104B90008788DA558288521C82800A00120C0368CA
:104BA0008788DA558288521C82800120F2BD00007D
:104BB000F8B504000D0000269FEDBE0AFFF7BAFE0F
:104BC0000100DFF840080A00120A03688788DA55F6
:104BD0008288521C828002688388D1548288521C49
:104BE00082800A00120E03688788DA558288521C78
:104BF00082800A00120C03688788DA558288521C6A
:104C000082800120F2BD30B40200DFF8F8070023F3
:104C100004688588635583885B1C8380DFF8EC37E4
:104C200093F8283004688588635583885B1C8380EB
:104C3000012030BC704730B40200DFF8C807002301
:104C400004688588635583885B1C8380DFF8BC37E4
:104C500093F8293004688588635583885B1C8380BA
:104C6000012030BC704730B40200DFF89807002301
:104C700004688588635583885B1C8380DFF88C37E4
:104C800093F82A3004688588635583885B1C838089
:104C9000012030BC704730B40200DFF86807002301
:104CA00004688588635583885B1C8380DFF85C37E4
:104CB00093F8293004688588635583885B1C83805A
:104CC000012030BC704730B40200DFF83807002301
:104CD00004688588635583885B1C8380002304688F
:104CE0008588635583885B1C8380012030BC7047B6
:104CF00030B40200DFF80C07002304688588635590
:104D000083885B1C8380DFF808371B7804688588FC
:104D1000635583885B1C8380012030BC7047F8B5E5
:104D200004000D00002000212E0022683300DBB2B9
:104D3000D25C23683700FFB23B445F7857EA022712
:104D40003A0092B2012A03D0380080B2002822D162
:104D5000DFF8B00621683200D2B2895C026883882D
:104D6000D1548188491C818021683200D2B211441B
:104D7000497802688388D1548188491C8180DFF892
:104D80009006D0ED020A90ED010A3800C0B2FEF79D
:104D90001DFF012000E00020F2BDF8B504000D0069
:104DA0000026DFF86C0690ED020AFFF7C3FD010054
:104DB000DFF850060A00120A03688788DA558288ED
:104DC000521C828002688388D1548288521C82805F
:104DD0000A00120E03688788DA558288521C828086
:104DE0000A00120C03688788DA558288521C828078
:104DF0000120F2BD2DE9F84304000D00002600203B
:104E000000900027A84620684146C9B2084481782E
:104E100020684246D2B21044C07850EA012021688E
:104E20004246D2B2895C22684346DBB21A4492F809
:104E3000019059EA012959EA0049DFF8C8052168BB
:104E40004246D2B2895C02688388D1548188491C69
:104E5000818021684246D2B2114449780268838831
:104E6000D1548188491C818021684246D2B21144C4
:104E7000897802688388D1548188491C818021689F
:104E80004246D2B21144C97802688388D1548188DD
:104E9000491C818069464846FFF774FCDFF87005BD
:104EA000DDED000A90ED010A0078FEF78FFE01208B
:104EB000BDE8F28300000000F8B504000D000026F4
:104EC000DFF84C0590ED010AFFF734FD0100DFF833
:104ED00034050A00120A03688788DA558288521C52
:104EE000828002688388D1548288521C82800A00A2
:104EF000120E03688788DA558288521C82800A0065
:104F0000120C03688788DA558288521C828001203F
:104F1000F2BD2DE9F84304000D00002600200090AA
:104F20000027A84620684146C9B208448178206815
:104F30004246D2B21044C07850EA0120216842466D
:104F4000D2B2895C22684346DBB21A4492F80190DF
:104F500059EA012959EA0049DFF8A80421684246C4
:104F6000D2B2895C02688388D1548188491C8180CF
:104F700021684246D2B21144497802688388D154EC
:104F80008188491C818021684246D2B211448978C7
:104F900002688388D1548188491C818021684246F7
:104FA000D2B21144C97802688388D1548188491CDF
:104FB000818069464846FFF7E5FBDFF85404D0EDF1
:104FC000020A9DED000A0078FEF700FE0120BDE810
:104FD000F28370B504000D00DFF83864012220214F
:104FE0003000FDF7A8F80A2001F0E4FD4FF47A73D1
:104FF0002A0092B22100DFF8200401F02CFE0022EA
:1050000020213000FDF797F870BD7CB504000D003D
:10501000082100226E46300000F020FF0026DFF855
:10502000E80304704570694602783300DBB2CA5465
:10503000761C40783200D2B28854761C3200D2B24C
:1050400092B26946DFF8D40302F022FE73BDDFF8A6
:10505000CC030078C0B2FF280AD0DFF8AC03DFF839
:10506000C01309780170DFF8BC130978417005E0BE
:10507000DFF89403032101700321417070472DE98B
:10508000F04F87B0040000275FF000085FF00009D0
:105090000025DFF89423D2E90001CDE902010026C2
:1050A000DFF88823D2E90001CDE90401DFF854A339
:1050B0005046FDF7A9F8A0880828C0F29E81206814
:1050C000A188084410F8010C2168A288114411F845
:1050D000021C51EA0021ADF81810A188891E206831
:1050E00001F0B8F9ADF81A00BDF81A00BDF81810B3
:1050F000884240F0808120680078C349097888425E
:1051000040F07981206880782168CF7857EA0027BD
:1051100020684078032807D0042805D006286DD0E1
:10512000102800F0C48062E1206800792168497984
:1051300051EA00210D005FF001084046C0B20F287F
:1051400036DA5FF01409DFF8E8B24046C0B209FB76
:1051500000F058444068390089B2884225D12800BF
:1051600080B24146C9B209FB01F1594489688842BD
:105170001BDB002100204246D2B209FB02F25A4456
:10518000D268904701280FD14046C0B209FB00F019
:10519000584480682D1A4046C0B209FB00F90BEB59
:1051A00009008068C71900E002E018F10108C4E7AF
:1051B000BAF80400002820D0BAF80400022190FBBD
:1051C000F1F201FB1200002817D1DAF8000001907B
:1051D000BAF80400022190FBF1F080B200903B008D
:1051E0009BB2206842782068017804A801F012FA86
:1051F000BDF814100498FFF7ECFEFAE0042001005B
:10520000C9B2A288921E91420EDA21680200D2B27F
:10521000895C029ABDF80C30D154BDF80C10491CC1
:10522000ADF80C10401CEAE75FF001084046C0B240
:105230000F2817DA14227E4B4046C0B25043184460
:105240004068390089B2884209D1002102A8C446C9
:105250005FFA8CFC02FB0CF21A441269904718F1B9
:105260000108E3E7BAF8040000281FD0BAF80400E8
:10527000022190FBF1F201FB1200002816D1DAF8AE
:1052800000000190BAF80400022190FBF1F080B216
:1052900000903B009BB206222068017804A801F030
:1052A0000AFABDF814100498FFF793FEA1E000205D
:1052B0000600206800792168497951EA00210D0033
:1052C00007200100C9B2A288921E91420EDA21681D
:1052D0000200D2B2895C029ABDF80C30D154BDF8FC
:1052E0000C10491CADF80C10401CEAE7280080B2F5
:1052F00040002168897988424DD1BDF80C002168B1
:10530000897989B2884246D15FF001084046C0B22F
:105310000F2840DA5FF01409DFF814B14046C0B23C
:1053200009FB00F058444068390089B288422FD107
:10533000280080B24146C9B209FB01F1594489688D
:10534000884225DB310089B202A84246D2B209FB6D
:1053500002F25A4412699047012818D14046C0B25F
:1053600009FB00F058448068400010FA86F6404679
:10537000C0B209FB00F0584480682D1A4046C0B204
:1053800009FB00F90BEB09008068C71900E002E097
:1053900018F10108BAE7BAF80400002826D0BAF8D4
:1053A0000400022190FBF1F201FB120000281DD144
:1053B000206880782168C97851EA00210F00DAF866
:1053C00000000190BAF80400022190FBF1F080B2D5
:1053D00000903B009BB210222068017804A801F0E5
:1053E0006AF9BDF814100498FFF7F3FD01E00020FE
:1053F00004E0012002E0002000E0002007B0BDE84A
:10540000F08F000024070020700C00205827002097
:10541000B428002000040048A82100200000020851
:105420000200020803000208E4FA0008ECFA00088F
:10543000CC05002000F10103810704D010F8011B06
:10544000820781B1FAD10268A2F10131914311F0D2
:10545000803104BF50F8042FF6E709BAB1FA81F1A0
:1054600000EBD100401CC01A704730B4002513E097
:1054700050F8042BD30744BFA9F101039A18091F60
:10548000042942F8045BFAD213468C0744BF158006
:105490009B1CC90748BF1D7050F8041B0029E7D1A9
:1054A00030BC7047C11768B14840401AB0FA80F26A
:1054B0009040D21CC907C2F5846241EA025202EB55
:1054C000D021400570470268531C0360117070477B
:1054D00041EC100B01BD80B553EC112B51EC100BBE
:1054E00002F034FFF4E72E00F0B540F2FF7581EAD8
:1054F000030C0CF0004C15EA11541DBF15EA1357AC
:10550000AC42AF42E5E0BC41C1F31301C3F3130366
:10551000801A994143F4801304D2641E400049412B
:1055200080185941C90241EA5051B1FBF3F603FB1F
:105530001611A2FB0675D7EBC020A94102D2761E38
:1055400080185941C90241EA5051B1FBF3FE03FBF7
:105550001E11A2FB0E75D7EBC020A94103D2AEF1FC
:10556000010E80185941890241EA9051760546EAB8
:105570008E2EB1FBF3F603FB1611A2FB0675D7EBDB
:105580008020A94102D2761E80185941C90241EA01
:1055900050514EEA060EB1FBF3F603FB1611A2FBC7
:1055A0000675D7EBC020A94102D2761E801859415A
:1055B000C90241EA5051B1FBF3F703FB1711A2FBFB
:1055C0000735D3EBC020A94167F100070CBF0042AB
:1055D00047F0010766F3D5274FEA1E31B80814F5E6
:1055E000806412DDBD0775F1004250EB0E5051EBA7
:1055F000045111F5801F5CBF41EA0C01F0BD4CF075
:105600007F6141F0E0410020F0BDBD076D0840EA38
:105610000E5041F48011D4F10104B4F120060ADAED
:10562000C4F120060200E04001FA06F3E14018430D
:10563000B24015430EE0342C13DCC6F1200445EAD9
:1056400040056D0820FA06F2154321FA06F0A14044
:105650000D43002175F1004250F1000051EB0C01A7
:10566000F0BD00205FEA0C01F0BDCFB992185B419C
:10567000B3FA83F704BFB2FA82F6BF190B3FB7F152
:1056800020062FBF02FA06F3BB40C7F1200622FA1C
:1056900006F638BF3343BA401CB1E419641E33E741
:1056A0007F4231F00041B1FA81F404BFB0FA80F6D4
:1056B000A4190B3CB4F120062FBF00FA06F1A1405B
:1056C000C4F1200620FA06F638BF3143A0403C1B47
:1056D0001AE7AC421ABF05EA1357AF4212E050EA8C
:1056E00041061CBF52EA4306BFE750EA4107304675
:1056F00061461CBF41EA0551F0BD52EA430C08BFA8
:10570000C143F0BD00204FF4001616EB410F98BFC7
:1057100016EB430F08BF16EB410F24BFC14305E052
:1057200016EB430F0CBF61464CEA0551F0BD00007B
:1057300001F000428B1AA3F16051B1F5801F0ADB22
:10574000B1F17F6F1FD242EAC102C10071F1004185
:1057500042EB507070470B15C3F10903212B10D297
:10576000890241EA905180020128494141F00041FB
:1057700021FA03F0C3F12003994071F10041504137
:105780007047100070476FF0000013EB103F5CBFD4
:10579000000E42EAC0507047014648B1B0FA80F1AD
:1057A0008840C91CC1F58461090501EBD021400581
:1057B00070470000C0F3C75181B1FF2906D0C11066
:1057C000400721F0E04101F16051704741020CBFF8
:1057D00040F4E0016FF000410020704700F000410C
:1057E00000020AD0B0FA80FC00FA0CF001F160511E
:1057F000A1EB0C5101EBD021400570470CB430B542
:1058000083B00A4606A9029104460025019400953A
:1058100002AB01A9084878441E3003F00DF9019A43
:10582000157000284EBF04460198041B204603B0A3
:1058300030BC5DF80CFB00BF8FFCFFFF80B5012280
:1058400040212348FCF777FC2249234800F04EFA18
:1058500000F01EF8012000F005F800F0D1FA00F089
:105860001FFA01BD704711B581B0194C00224021CB
:105870002000FCF760FC4FF47A73012201A917485D
:1058800004F03AF9012240212000FCF754FC13BD3A
:1058900010B50F4C002240212000FCF74CFC0022E8
:1058A00080212000FCF747FC012000F019F80520BA
:1058B00000F016F8012280212000FCF73CFC0520B6
:1058C00000F00EF8012240212000FCF734FC10BD4E
:1058D00000080048D028002028110020B82500200A
:1058E00010B50400200001F065F910BD0148006802
:1058F000704700BFE028002070B4039CDFF880529E
:10590000286029716A71AB71EC7100262E7270BC2F
:1059100070472DE9F84F04000D00160000275FF0D6
:105920000008DFF85C9299F80500082880F2FC80F6
:10593000300099F80610C0B2884205D399F80700E4
:105940003100C9B2884201D22E200600402099F8C9
:105950000510491C90FBF1F02900C9B2814280F288
:10596000E38099F8040050FA84F0802880F2DC800B
:1059700099F805305B1C99F8050003FB05035B1CD7
:10598000DBB299F804201219D2B299F80500401C34
:1059900015FB00F1C9B22000C0B200F029F90021C6
:1059A000080099F80420C0B2904280F0BD80002029
:1059B00015FB00F00200D2B2082392FBF3F21700AD
:1059C000C0B2082290FBF2F302FB13008046FF22D4
:1059D0006C4BD3F800C03800C0B250FA85FE80206E
:1059E00000FB0EFE5EFA84FED3F800A03800C0B2C1
:1059F00050FA85FB802000FB0BFB5BFA84F01AF861
:105A000000A0D8F1080B100050FA0BF010EA0A0AB7
:105A10000CF80EA0D3F800C03800C0B250FA85FED2
:105A2000802000FB0EFE5EFA84F00090D3F800E0C8
:105A30003800C0B250FA85FA802000FB0AFA5AFA00
:105A400084F01EF800E0D9F800A0B3465FFA8BFBA3
:105A500099F80600BBEB000099F804B00BFB00FBC3
:105A60000AEB0B008A465FFA8AFA10F80A0010FA6D
:105A700008F050EA0E00DDF800E00CF80E00D3F854
:105A800000C03800C0B250FA85FE802000FB0EFE38
:105A90005EFA84F08444D3F800E03800C0B250FAD3
:105AA00085FA802000FB0AFA5AFA84F0704490F8D4
:105AB000800012FA08F202408CF880201A68380040
:105AC000C0B250FA85FC802000FB0CFC5CFA84F02C
:105AD00002441B683800C0B250FA85FC802000FBED
:105AE0000CFC5CFA84F0184490F88030D9F800C0BF
:105AF000B6465FFA8EFE99F80600BEEB000E99F8E6
:105B0000040000FB0EFE0CEB0E008C465FFA8CFCD2
:105B100010F80C00D8F1080C50FA0CF0034382F88E
:105B20008030641C491C3BE7BDE8F18FF8B50700E5
:105B30000C001600124D6879082820DA3078002809
:105B40001DD032782100C9B23800C0B2FFF7E1FEA3
:105B5000761C2879401CC719287950FA87F0401C18
:105B6000812802DB00200700641C40206979491C61
:105B700090FBF1F02100C9B28142DFDBFFE7F1BD0C
:105B8000A8280020D4280020020001200B00DBB24E
:105B90001B011344587000200B00DBB21B0113449F
:105BA00058600120704738B504000D00012029001D
:105BB000C9B2090121444870FFF798FE2900C9B213
:105BC000090121444860012032BD020000200B0081
:105BD000DBB21B01134458700120704780B50348A5
:105BE00000F024FC00F0CDF801BD000028E9000819
:105BF00070B40400E4B2802C01DB7F242000140088
:105C0000E4B2802C01DB7F2422000C00E4B2402CA3
:105C100001DB3F2421001C00E4B2402C01DB3F24C7
:105C20002300354C050026683678EDB2B54201D226
:105C3000256828702568AD781600F6B2B54201D205
:105C40002568AA700D0026687678EDB2B54201D2BB
:105C5000256869702568ED781E00F6B2B54201D25C
:105C60002468E37070BC704723487F21026811707C
:105C70000021026891703F21026851700021006884
:105C8000C17070471C480021026811707F210268B2
:105C900091700021026851703F210068C170704707
:105CA00070B54FF480640025144806682A0021006E
:105CB000300000F0D3F83F237F2200210020FFF7BF
:105CC00097FF00F05EF870BD70B54FF4806400255A
:105CD0000A4806682A002100300000F0BFF83F2380
:105CE0007F2200210020FFF783FF70BD034A106070
:105CF000014A116070470000D8280020D4280020F5
:105D000010B5040000224FF480713A48FCF713FAF2
:105D10002000C0B2FFF7A7FD10BD10B5040001229E
:105D20004FF480713348FCF706FA2000C0B2FFF749
:105D30009AFD10BD10B5040014F00F0050F0B00033
:105D4000C0B2FFF7DDFF10BD10B504002000C0B2E7
:105D500000F005F82000C0B200F00CF810BD10B53E
:105D600004002000C0B2000950F01000C0B2FFF7DC
:105D7000C7FF10BD10B5040014F00F00FFF7C0FFFF
:105D800010BD70B500242000C0B210282EDA1A4DC4
:105D9000286840782100C9B2491CB0EBC10F23DA52
:105DA0002868C0782100C9B2B0EBC10F1EDB20000B
:105DB000C0B2FFF7BFFF28680078FFF7C5FF28686B
:105DC0000678286880783100C9B288420CD30B4825
:105DD00001682200D2B28020424352FA86F0085C69
:105DE000FFF79BFF761CECE7641CCCE7FFF73CFF5A
:105DF00070BD000000080048D8280020D4280020EA
:105E000080B5AE20FFF77CFFA220FFF779FFA0202E
:105E1000FFF776FFC820FFF773FF2F20FFF770FF13
:105E2000322000F0C7FEA420FFF76AFF4020FFF7F2
:105E300067FF2520FFF764FF0A2000F0BBFE8120EA
:105E4000FFF75EFF1220FFF75BFFFFF729FFAF2090
:105E5000FFF756FF052000F0ADFE01BD62F30F22F3
:105E600062F31F42401810F0030308D0C91A1FD371
:105E7000DB0748BF00F8012D28BF20F8022D1300D2
:105E800030B414461546103928BF20E93C00FAD832
:105E9000490728BF20E90C0048BF40F8042D8900BD
:105EA00028BF20F8022D48BF00F8012D30BC7047F4
:105EB000C91818BF00F8012DCB0728BF00F8012D25
:105EC0007047000070B4039CDFF884532860297188
:105ED0006A71AB71EC7101262E7270BC70472DE9AE
:105EE000F74F04000D00DFF868639DF80800B179F2
:105EF000884204D3F0799DF80810884202D22E20FF
:105F00008DF80800307A002845D100273800317913
:105F1000C0B288423DD231689DF80820B079121A8B
:105F20003079424301EB02003900C9B210F8019008
:105F3000002080464046C0B2082828DA3800C0B2A7
:105F400050FA84F0802805DA4046C0B250FA85F055
:105F5000402801DB00205DE1012010FA08F04946ED
:105F6000C9B2014208D0012218EB0501C9B23819A3
:105F7000C0B200F06FF907E0002218EB0501C9B2CA
:105F80003819C0B200F066F918F10108D2E77F1C99
:105F9000BCE730793EE1307A012840F08E8070799C
:105FA000082190FBF1F201FB1200012806DB707959
:105FB000082190FBF1FB1BF1010B03E07079082134
:105FC00090FBF1FB31795846C0B24143491C8DF832
:105FD000011031689DF80820B079121A9DF801006F
:105FE000424301EB020001788DF80010401C019043
:105FF0005FF0000840469DF80010C0B2884259D2B8
:106000005FF0000948465946C0B2C9B288424ED234
:1060100001994246D2B25846C0B2424301EB020057
:106020004946C9B210F801A0002007003800C0B2EC
:10603000082839DA4046C0B250FA84F0802808DADD
:106040004846C0B2C00050FA85F050FA87F04028A8
:1060500001DB0020DEE04846C0B2C00050FA87F005
:10606000717988421EDA0121B9405046C0B2084217
:106070000CD001225FFA89F915EBC9017918C9B270
:1060800018EB0400C0B200F0E5F80BE000225FFA64
:1060900089F915EBC9017918C9B218EB0400C0B22F
:1060A00000F0D8F87F1CC1E719F10109AAE718F13F
:1060B00001089FE79DF80000ACE0307A022840F02C
:1060C000A8807079082190FBF1F0401C8DF8000049
:1060D00030799DF8001010FB01F08DF80200316856
:1060E0009DF80820B079121A9DF80200424301EB96
:1060F0000200019096F804B000208DF80100002104
:106100000020002210009DF80030C0B298420CD24E
:106110003079431E9DF801001B1A13FB02F0019B0E
:10612000C0B2185C0100521CECE70800C0B20028A5
:106130000BD1BBF1010B5846C0B2002805D09DF829
:106140000100401C8DF80100D9E7002738009DF8B8
:106150000010C0B2884259D25FF00008404659464C
:10616000C0B2C9B288424FD201993A00D2B2307956
:10617000424301EB02004146C9B210F801905FF0C2
:10618000000A5046C0B208283BDA4046C0B250FA76
:1061900084F0802808DA3800C0B2C00050FA85F0D8
:1061A00050FA8AF0402801DB002033E03800C0B20A
:1061B000C00050FA8AF0717988421FDA012111FA81
:1061C0000AF14846C0B208420CD00122FFB215EBDA
:1061D000C7011AEB0101C9B218EB0400C0B200F00C
:1061E00039F80BE00022FFB215EBC7011AEB0101F1
:1061F000C9B218EB0400C0B200F02CF81AF1010A81
:10620000BFE718F10108A9E77F1C9FE75846C0B215
:1062100000E00020BDE8FE8FF8B504000F00150077
:106220000B484079D0F13F003900C9B288420EDBFB
:10623000287800280BD02A783900C9B22000C0B2D3
:10624000FFF74DFE0600701C04196D1CF0E7F1BD50
:10625000A8280020F8B504000D0016002000C0B2E8
:10626000802803DA2800C0B2402800DB57E0300065
:10627000C0B2002824D02900C9B20822DFF8CC31EE
:106280002800C0B2082790FBF7F78020474357FA51
:1062900084F72800C0B25FF0080C90FBFCFC802063
:1062A00000FB0CFC5CFA84F0185C5FF0010C91FBC5
:1062B000F2FE02FB1E111CFA01F10143D95524E044
:1062C0002900C9B20822DFF884312800C0B20827AB
:1062D00090FBF7F78020474357FA84F72800C0B2B5
:1062E0005FF0080C90FBFCFC802000FB0CFC5CFACF
:1062F00084F0185C5FF0010C91FBF2FE02FB1E11B2
:106300001CFA01F130EA0101D9552B00DBB2220061
:10631000D2B22900C9B22000C0B2FFF769FCF1BDBA
:106320002DE9F84F05000E00170098460A9C38002A
:10633000C0B22900C9B2401A03F0F7FD81464046B9
:10634000C0B23100C9B2401A03F0EFFD814502DA54
:106350005FF0010B01E05FF0000B5846C0B200286F
:1063600005D0280035000600380047468046380032
:106370002900C0B2C9B2884205D228003D000700FA
:106380003000464680464346DBB23A00D2B2310086
:10639000C9B22800C0B2FFF72BFC781B8DF80000B3
:1063A0004046C0B23100C9B2401A03F0BEFD8DF8BC
:1063B00001009DF80000022190FBF1F930004146F8
:1063C000C0B2C9B2884202D25FF0010A01E05FF0B8
:1063D000FF3A38002900C0B2C9B2884224D35846D7
:1063E000C0B2002808D02200D2B22900C9B23000C1
:1063F000C0B2FFF72FFF07E02200D2B23100C9B2CE
:106400002800C0B2FFF726FF9DF80100B9EB000994
:10641000484640B2002805D51AEB06069DF8000054
:1064200010EB09096D1CD4E7BDE8F18FF8B5040045
:106430004FF480652600064807682A0031003800BE
:1064400001F06AFCFFF71EFCF1BD000028110020DE
:10645000D428002030B403004FF6FF7000248C4293
:1064600013DA1A5D50400822002A0CD0C50706D561
:1064700080B2400880F4204090F0010001E080B23A
:106480004008521EF0E7641CE9E780B230BC704758
:106490002DE9F84305000E0017009846089C5FF0B0
:1064A00000092868494689B2465419F1010928684B
:1064B000494689B2475419F10109404680B2000AA1
:1064C00029684A4692B2885419F101092868494658
:1064D00089B200F8018019F10109200080B2000A98
:1064E00029684A4692B2885419F101092868494638
:1064F00089B2445419F10109494689B22868FFF765
:10650000A9FF010028684A4692B2815419F1010995
:10651000080080B2000A2A684B469BB2D05419F199
:106520000109A5F804900120BDE8F2832DE9F84F98
:1065300006000F00904699460A9DDDF82CA0002425
:1065400000213068220092B28754641C3068220017
:1065500092B200F80280641C484680B2000A326899
:1065600023009BB2D054641C3068220092B200F821
:106570000290641C4046C0B2062802D0102807D002
:106580001CE0280080B2012801D0002040E015E086
:10659000280080B2000A326823009BB2D054641CE9
:1065A0003068220092B28554641C2800C0B24000BA
:1065B000326823009BB2D054641CFFE75FF0000BED
:1065C000584680B2290089B2B0EB410F0BDA584629
:1065D00080B21AF800003168220092B28854641C1C
:1065E0001BF1010BECE7210089B23068FFF732FFA5
:1065F00001003068220092B28154641C080080B20D
:10660000000A326823009BB2D054641CB48001207D
:10661000BDE8F28F2DE9F84F05000E0017009846EF
:106620000A9CDDF82C905FF0000B002029685A4688
:1066300092B28E541BF1010B29685A4692B28F54C4
:106640001BF1010B2100C9B249002A685B469BB2CD
:10665000D1541BF1010B5FF0000A504680B22100BB
:1066600089B2B0EB410F0CDA504680B219F8000045
:1066700029685A4692B288541BF1010B1AF1010A9B
:10668000EBE7594689B22868FFF7E4FE0100286865
:106690005A4692B281541BF1010B080080B2000AE5
:1066A0002A685B469BB2D0541BF1010BA5F804B0DD
:1066B0000120BDE8F28F2DE9F84F05000E0017000C
:1066C00098460A9CDDF82C905FF0000B5FF0000A02
:1066D0002868594689B246541BF1010B286859466F
:1066E00089B247541BF1010B404680B2000A296869
:1066F0005A4692B288541BF1010B2868594689B258
:1067000000F801801BF1010B3800C0B2062802D04E
:1067100010281DD02CE0200080B2012801D00020DC
:106720003EE000208246504680B2210089B2B0EBA4
:10673000410F0CDA504680B219F8000029685A4619
:1067400092B288541BF1010B1AF1010AEBE70FE03A
:10675000200080B2000A29685A4692B288541BF180
:10676000010B2868594689B244541BF1010BFFE71D
:10677000594689B22868FFF76DFE010028685A461D
:1067800092B281541BF1010B080080B2000A2A6802
:106790005B469BB2D0541BF1010BA5F804B001205D
:1067A000BDE8F28F80B5D448D44901605FF4E1318F
:1067B0004160002181600021C160002101610C2144
:1067C000416100218161002101620021416200F0EC
:1067D00005FA002801D003F00BFC01BD80B5C848C4
:1067E000C84901604FF416514160002181600021C9
:1067F000C160002101610C21416100218161002102
:10680000C161002101620021416200F0E7F9002826
:1068100001D003F0EDFB01BD80B5BB48BB49016071
:106820004FF416514160002181600021C1600021B8
:1068300001610C214161002181610021C1610021C0
:1068400001620021416200F0C9F9002801D003F083
:10685000CFFB01BD38B59EB004001422002168466C
:1068600003F0C8FB6022002106A803F0C3FB2068E8
:10687000A249884252D1202006900020119006A8FB
:1068800003F0C2FB002801D003F0B2FBA04801686E
:1068900051F001010160006810F0010005900598B9
:1068A0009C48016851F002010160006810F002008C
:1068B000059005984FF4406000900220019001205F
:1068C0000290032003900820049069469248FBF749
:1068D00093FA924D92482860042068600020A860D6
:1068E0000020E86080202861002068610020A86105
:1068F0000020E86100202862280003F0F9FD00284C
:1069000001D003F075FB6567AC62002200214620D0
:1069100004F08FF8462004F0A1F8ABE02068794934
:10692000884251D10120069000200E9006A803F065
:106930006BFB002801D003F05BFB7A48016851F43F
:1069400080410160006810F480400590059871480E
:10695000016851F002010160006810F0020005902A
:106960000598C02000900220019000200290032092
:1069700003900720049069466748FBF73DFA6A4D8B
:106980006A482860022068600020A8600020E86053
:1069900080202861002068610020A8610020E86153
:1069A00000202862280003F0A3FD002801D003F096
:1069B0001FFB6567AC6200220021252004F039F836
:1069C000252004F04BF855E020685049884251D109
:1069D000042006900020109006A803F015FB002864
:1069E00001D003F005FB5248016851F48021016099
:1069F000006810F48020059005984648016851F021
:106A000004010160006810F00400059005984FF43F
:106A1000406000900220019000200290032003902B
:106A20000720049069464348FBF7E6F9424D434886
:106A30002860022068600020A8600020E8608020B4
:106A40002861002068610020A8610020E861002022
:106A50002862280003F04CFD002801D003F0C8FA9A
:106A60006567AC6200220021272003F0E2FF2720A7
:106A700003F0F4FF1FB030BD10B5040020681F49BB
:106A8000884210D1224801684908490001604FF44A
:106A900040612148FBF791FA606F03F099FD4620B1
:106AA00003F0E3FF27E02068164988420FD11D4814
:106AB000016831F480410160C0211748FBF77DFA7D
:106AC000606F03F085FD252003F0CFFF13E0206801
:106AD0000E4988420FD11648016831F480210160C7
:106AE0004FF440611348FBF768FA606F03F070FDE4
:106AF000272003F0BAFF10BD2021002000800040B5
:106B0000A821002000380140302200200048004029
:106B10005C1002404C100240000400488026002017
:106B20008004024060100240C82600205800024045
:106B30005810024000080048102700203000024092
:106B400080B51848FBF760FB02201749087001BDAB
:106B500080B501221549164800F0E3F80022012112
:106B6000272003F066FF272003F078FF01BD704760
:106B700038B504000B480D490A78036885885A55D2
:106B80008288521C8280828840F2FF139A4201D38D
:106B9000002282800122064800F0C3F80120024949
:106BA000087031BD200C0020312900203029002040
:106BB0003022002070B50400FEF798FE0500260084
:106BC00016F1010F02D0044800783618FEF78EFE49
:106BD000401BB042FAD370BD730C002010B5040006
:106BE000002C01D1012035E0A0690028FFD1E06F21
:106BF000002805D1002084F878002000FFF72AFE45
:106C00002420E06720680068400840002168086090
:106C1000606A002802D0200000F0DEFB200000F0B7
:106C20005FFA012801D1012014E02068406830F4A7
:106C30009040216848602068806830F02A00216810
:106C400088602068006850F001002168086020001A
:106C500000F02FFC10BD2DE9FC4706000D001700C9
:106C60009846F06F202859D1002D03D0380080B20B
:106C7000002801D1012052E00020C6F88400212024
:106C8000F067FEF733FE8146A6F85070A6F8527002
:106C9000B068B0F5805F05D13069002802D10024CA
:106CA000AA4602E02C005FF0000AB6F85200002865
:106CB00022D0CDF800804B4600228021300000F029
:106CC00061FC002803D02020F067032027E0002C7F
:106CD00008D1BAF80000C005C00D316808851AF166
:106CE000020A03E0207831680885641CB6F8520077
:106CF000401EA6F85200D8E7CDF800804B4600228F
:106D00004021300000F03EFC002803D02020F06736
:106D1000032004E02020F067002000E00220BDE80E
:106D2000F68770B505000C001600D5F88000202805
:106D300024D1002C03D0300080B2002801D10120E2
:106D40001DE0002028662868DFF8901388420ED0E6
:106D50002868406800020AD5286850E8000F50F003
:106D6000806001002A6842E800100028F4D1320057
:106D700092B22100280000F054FC00E0022070BD17
:106D80002DE9F04706003068C7693068D0F8008008
:106D90003068D0F8089040F60F043C40002C0BD12E
:106DA000B80609D55FEA886006D5B06E002802D023
:106DB0003000B16E88478FE1002C00F0AA805FEAB6
:106DC000C97005D4DFF8080618EA000F00F0A180AA
:106DD00017F00100C0B200280BD05FEAC85008D5F8
:106DE000012031680862D6F8840050F00100C6F82E
:106DF0008400B8070DD519F00100C0B2002808D0F2
:106E0000022031680862D6F8840050F00400C6F809
:106E1000840078070DD519F00100C0B2002808D011
:106E2000042031680862D6F8840050F00200C6F8E9
:106E30008400380710D55FEA886004D419F0010097
:106E4000C0B2002808D0082031680862D6F8840053
:106E500050F00800C6F8840038050CD55FEA4810E9
:106E600009D54FF4006031680862D6F8840050F00C
:106E70002000C6F88400D6F88400002848D0B80660
:106E800008D55FEA886005D5B06E002802D03000D2
:106E9000B16E8847D6F884000500306880684006E7
:106EA00002D415F0280F2DD0300000F09EFC306881
:106EB0008068400622D53068083050E8000F30F076
:106EC00040000100306810F1080242E8001000287C
:106ED000F1D1706F00280DD0DFF8F804716F88636E
:106EE000706F03F055FC002812D0706F716F896BC2
:106EF00088470DE0300003F011FE09E0300003F098
:106F00000DFE05E0300003F009FE0020C6F8840005
:106F1000E2E0306E012840F0BD80F80640F1BA8012
:106F20005FEAC86040F1B6801020316808623068BE
:106F3000806840066DD5706F0068D0F804A0504698
:106F400080B2002852D05046B6F8581080B288421D
:106F50004CD2A6F85AA0706F00680068800639D439
:106F6000306850E8000F30F480700100326842E869
:106F700000100028F4D13068083050E8000F4008B5
:106F800040000100306810F1080242E800100028BB
:106F9000F1D13068083050E8000F30F040000100B7
:106FA000306810F1080242E800100028F1D12020DA
:106FB000C6F8800000203066306850E8000F30F0DE
:106FC00010000100326842E800100028F4D1706F10
:106FD00003F0B4FB02207066B6F85810B6F85A00F9
:106FE000091A89B2300003F07AFD11E05046B6F874
:106FF000581080B288420BD1706F0068006880061C
:1070000006D502207066B6F85810300003F067FD10
:1070100062E0B6F85800B6F85AA0B0EB0A0AB6F823
:107020005A00002835D0504680B2002831D0306850
:1070300050E8000F30F490700100326842E8001010
:107040000028F4D13068083050E8000F40084000B4
:107050000100306810F1080242E800100028F1D168
:107060002020C6F88000002030660020B06630681E
:1070700050E8000F30F010000100326842E80010C4
:107080000028F4D102207066514689B2300003F026
:1070900026FD21E0F8020AD55FEA492007D55FF412
:1070A000801031680862300003F0CAFD14E0380631
:1070B00009D55FEA086006D5F06E002802D03000DE
:1070C000F16E884708E0780606D55FEA486003D588
:1070D000300000F054FCFFE7BDE8F087008000407E
:1070E0002DE9F04704000026DFF8A819206888423F
:1070F000FFD0A2682069024360690243E06902434D
:1071000020680368DFF89009034013432068036098
:107110002068436833F44053E068034320684360C9
:10712000D4F818802068884202D0206A50EA080803
:107130002068806830F4306058EA0000226890606F
:107140002068DFF8482A904216D1DFF8440A006828
:1071500010F00300002805D0022805D006D303282C
:1071600006D007E0012760E002275EE004275CE02C
:1071700008275AE0102758E02068DFF8182A9042C4
:1071800017D1DFF80C0A006810F00C00002806D0B8
:10719000042808D0082804D00C2806D007E00027CF
:1071A00043E0022741E004273FE008273DE01027A5
:1071B0003BE02068DFF8E029904217D1DFF8D009E2
:1071C000006810F03000002806D0102808D02028D1
:1071D00004D0302806D007E0002726E0022724E06C
:1071E000042722E0082720E010271EE020688842BC
:1071F0001AD1DFF89C09006810F44060002809D01B
:10720000B0F5806F0AD0B0F5006F05D0B0F5406FD3
:1072100006D007E0002708E0022706E0042704E084
:10722000082702E0102700E010272068884246D196
:107230003800C0B2002806D0022808D0042809D09F
:1072400008280BD00DE004F06BF981460DE0DFF863
:107250004C990AE004F0F7F8814606E04FF4004943
:1072600003E05FF0000901200600B9F1000F00F013
:10727000A580616803204143894505D361684FF4C7
:1072800080504143494502D20120060096E04FF468
:107290008072606840080021E2FB090162680023F7
:1072A00000F08EFD0500B5F5407F05D3B5F5801FD4
:1072B00002D22068C56081E0012006007EE0E0691E
:1072C000B0F5004F41D13800C0B2002808D00128E5
:1072D0000AD002280CD004280DD008280FD011E0C5
:1072E00004F01EF9814611E004F027F981460DE013
:1072F000DFF8A8980AE004F0A6F8814606E04FF40B
:10730000004903E05FF0000901200600B9F1000F19
:1073100054D06068400810EB49006168B0FBF1F0A0
:107320000500102D0ED3B5F5803F0BD24FF6F0714E
:107330002940C5F3420001438A46504680B2216885
:10734000C8603BE00120060038E03800C0B20028E9
:1073500008D001280AD002280CD004280DD0082813
:107360000FD011E004F0DCF8814611E004F0E5F8FC
:1073700081460DE0DFF824980AE004F064F88146C5
:1073800006E04FF4004903E05FF000090120060029
:10739000B9F1000F12D0606819EB50006168B0FBC2
:1073A000F1F00500102D07D3B5F5803F04D2280079
:1073B00080B22168C86001E0012006000020A066BC
:1073C0000020E0663000C0B2BDE8F0870000000099
:1073D000200100046579000890F82410090707D5FA
:1073E00001684A6832F40042416B0A4301684A600E
:1073F00090F82410C90707D501684A6832F40032B2
:10740000816A0A4301684A6090F82410890707D509
:1074100001684A6832F48032C16A0A4301684A60EE
:1074200090F82410490707D501684A6832F4802291
:10743000016B0A4301684A6090F82410C90607D519
:1074400001688A6832F48052816B0A4301688A605D
:1074500090F82410890607D501688A6832F4005232
:10746000C16B0A4301688A6090F82410490613D55D
:1074700001684A6832F48012016C0A4301684A606C
:10748000016CB1F5801F07D101684A6832F4C0026F
:10749000416C0A4301684A6090F82410090607D538
:1074A00001684A6832F40022816C0A4301684A602C
:1074B000704738B504000020C4F88400FEF716FABF
:1074C00005002068006800071DD57FF07E40009011
:1074D0002B0000225FF40011200000F053F8002878
:1074E00011D0206850E8000F30F0800001002268C1
:1074F00042E800100028F4D12020E067002084F842
:10750000780003203DE02068006840072CD57FF01C
:107510007E4000902B0000225FF48001200000F0EC
:1075200031F8002820D0206850E8000F30F4907027
:107530000100226842E800100028F4D120680830D9
:1075400050E8000F400840000100206810F10802D8
:1075500042E800100028F1D12020C4F8800000206B
:1075600084F8780003200CE02020E0672020C4F895
:1075700080000020206600206066002084F87800EB
:10758000002032BD2DE9F04105000E0090461F009D
:10759000069C2868C0693040B04201D1012000E05B
:1075A00000204146C9B2884238D114F1010FF0D011
:1075B000FEF79CF9C01B844201D3002C01D10320AB
:1075C0002DE0286800684007E3D5802EE1D0402EEA
:1075D000DFD02868C06900070DD508202968086237
:1075E000280000F002F90820C5F88400002085F882
:1075F0007800012013E02868C0690005C9D54FF460
:10760000006029680862280000F0EFF82020C5F823
:107610008400002085F87800032000E00020BDE809
:10762000F08130B403005965A3F85820A3F85A201C
:10763000002098669868B0F5805F0BD11869002823
:1076400004D140F2FF10A3F85C0023E0FF20A3F870
:107650005C001FE0986800280AD11869002803D14F
:10766000FF20A3F85C0015E07F20A3F85C0011E088
:107670009868B0F1805F0AD11869002803D17F2093
:10768000A3F85C0006E03F20A3F85C0002E00020C5
:10769000A3F85C000020C3F884002220C3F8800017
:1076A0001868083050E8000F50F001000400186816
:1076B00010F1080545E800400028F1D19868B0F5C0
:1076C000805F06D11869002803D10FF2D130986687
:1076D00002E00FF2D5209866186900280BD01868D0
:1076E00050E8000F50F4907004001D6845E8004019
:1076F0000028F4D10AE0186850E8000F50F020008C
:1077000004001D6845E800400028F4D1002030BC8A
:10771000704770B504000D0016006565A4F8586048
:107720000020C4F884002220C4F88000606F002884
:1077300021D00FF21510616FC8620FF2B110616FA6
:1077400008630FF2D110616F48630020616F886396
:1077500033009BB2626D206810F12401606F02F06B
:10776000A1FF002807D01020C4F884002020C4F80E
:10777000800001202AE0206900280AD0206850E813
:10778000000F50F480700100226842E800100028C9
:10779000F4D12068083050E8000F50F001000100DB
:1077A000206810F1080242E800100028F1D120689A
:1077B000083050E8000F50F040000100206810F140
:1077C000080242E800100028F1D1002070BD0168D5
:1077D00051E8001F31F0C0010A00036843E80021AE
:1077E0000029F4D12021C1677047016851E8001FCA
:1077F00031F490710A00036843E800210029F4D1B4
:107800000168083151E8001F490849000A00016871
:1078100011F1080343E800210029F1D1016E01298B
:107820000AD1016851E8001F31F010010A00036815
:1078300043E800210029F4D12021C0F88010002164
:10784000016600218166704738B50400A56A20688A
:10785000006880063AD40020A5F85A00286850E84D
:10786000000F30F4807001002A6842E80010002800
:10787000F4D12868083050E8000F400840000100AB
:10788000286810F1080242E800100028F1D12868A9
:10789000083050E8000F30F040000100286810F177
:1078A000080242E800100028F1D12020C5F880002D
:1078B000286E01280AD1286850E8000F30F0100027
:1078C00001002A6842E800100028F4D10020686610
:1078D000286E012805D1B5F85810280003F0FFF8EC
:1078E00002E0280003F0E0F831BD000038B50400E4
:1078F000A56A01206866286E012807D1B5F85810DE
:10790000490889B2280003F0EAF802E0280003F0F1
:1079100097FE31BDF8B50400A56AEE6FD5F880700A
:1079200028688068000607D5212E05D10020A5F81B
:1079300052002800FFF74BFF28688068400607D5F3
:10794000222F05D10020A5F85A002800FFF74DFF8F
:10795000D5F8840050F01000C5F88400280003F02A
:10796000DDF8F1BD38B50400A56A0020A5F85A007D
:107970000020A5F85200280003F0D0F831BD10B562
:107980000400206850E8000F30F040000100226839
:1079900042E800100028F4D12020E0670020E066D3
:1079A000200003F04EFE10BD70B50500B5F85C6018
:1079B000D5F88000222866D12868808C040016EA59
:1079C0000400696D0870686D401C6865B5F85A0060
:1079D000401EA5F85A00B5F85A00002859D1286869
:1079E00050E8000F30F4907001002A6842E800105F
:1079F0000028F4D12868083050E8000F4008400003
:107A00000100286810F1080242E800100028F1D1B6
:107A10002020C5F880000020A8660020686628683D
:107A20001C4988420ED02868406800020AD52868A0
:107A300050E8000F30F0806001002A6842E8001032
:107A40000028F4D1286E012819D100202866286862
:107A500050E8000F30F0100001002A6842E80010E2
:107A60000028F4D12868C069C00602D51020296812
:107A70000862B5F85810280003F031F809E0280032
:107A800003F012F805E02868008B50F00800296820
:107A9000088370BD00800040F369FFEFF8B5050072
:107AA000B5F85C70D5F88000222867D12868808CF2
:107AB0000400686D060017EA04003080686D801CC1
:107AC0006865B5F85A00401EA5F85A00B5F85A0086
:107AD000002859D1286850E8000F30F49070010058
:107AE0002A6842E800100028F4D12868083050E8DD
:107AF000000F400840000100286810F1080242E829
:107B000000100028F1D12020C5F880000020A866D0
:107B1000002068662868224988420ED0286840689C
:107B200000020AD5286850E8000F30F0806001009C
:107B30002A6842E800100028F4D1286E012819D1E3
:107B400000202866286850E8000F30F0100001007F
:107B50002A6842E800100028F4D12868C069C006ED
:107B600002D5102029680862B5F85810280002F0E4
:107B7000B6FF09E0280002F097FF05E02868008BB7
:107B800050F0080029680883F1BD0000003801406A
:107B90008810024000440040004800400024F400E7
:107BA000008000402DE9F74F82B000265FF0000A08
:107BB0005FF0000B54465D46002000900127DDF881
:107BC0000C80DDF80890049810F0070F2BD1049872
:107BD000C008002182468B4603F08CFD4FF47A707A
:107BE00003F0A0FD00200600300080B200215945BE
:107BF00017D801D3504514D2D8E9000104000D0074
:107C000022002B004946002003F01CFD070038002D
:107C1000C0B2012805D019F1080918F10808761C2E
:107C2000E2E703F078FD3800C0B205B0BDE8F08FA0
:107C300070B50400012503F05DFD06004FF47A7075
:107C400003F070FD3000C0B200280FD1C4F3CC2087
:107C5000B0F5807F05D20121C4F3CC2003F0CEFD26
:107C600004E00121C4F3CC2003F0C8FD4FF47A7086
:107C700003F058FD05000548016831F0020101607C
:107C800003F049FD2800C0B270BD0000142002407E
:107C90002DE9F041C0B004000D00160000274FF49C
:107CA00080710022E8464046FEF7D8F82000FFF732
:107CB000BFFFA5208DF8000030008DF801005FF0B7
:107CC00000084046310080B289B288420AD240465C
:107CD00080B2285C6946424692B21144887018F11D
:107CE0000108EEE7B61C300080B20821B6B20836B3
:107CF000361A90FBF1F001FB0066320092B2694641
:107D00002000FFF74FFF002801D0002000E00120F5
:107D100040B0BDE8F081000062B38B0708D0521E6E
:107D200011F8013B00F8013B00F024808B07F6D1ED
:107D3000830740F0208000BF103A07D330B4B1E889
:107D40003810103AA0E83810F9D230BC530724BFDD
:107D5000B1E80810A0E8081044BF51F8043B40F80F
:107D6000043BD20724BF31F8022B20F8022B44BF7A
:107D70000B7803707047121F17D35B0009D151F8BD
:107D8000043B20F8023B1B0C121F20F8023BF6D2EA
:107D90000BE051F8043B00F8013B1B0A20F8023BC2
:107DA0001B0C121F00F8013BF3D238BF121D521EEC
:107DB00024BF11F8013B00F8013BF8D870470000E0
:107DC000BBBBE1B1B2F5803F80F07E80022A1ED9B4
:107DD0008C46B1FBF2F102FB11C31B0443EA1043D2
:107DE000B3FBF2FC02FB1C3380B240EA0343B3FB5B
:107DF000F2F002FB103240EA0C4000237047022AE6
:107E000005D98446B0FBF2F002FB10C270474AB1BC
:107E100005D100F0010249085FEA300070470022F6
:107E20000023704703F03ABD0B0002000021002040
:107E30007047904271EB030CF6D3B3F5803F2FD21D
:107E4000F0B5B3FA83F7B1FA81F4A7F10F0E3D1B39
:107E50005340CEF1200602FA0EF2F3415340B5F141
:107E60000F0746D80F3C2C444140C4F12006A040E7
:107E7000F1414140B1FBF3F603FB1611A2FB0645AD
:107E8000001BA94102D2761E8018594180EA0102E6
:107E900021FA0EF362FA0EF200215A403046F0BD8C
:107EA00030B4B1FBF3FC03FB1C11A2FB0C45001B1F
:107EB000A94103D2ACF1010C8018594130BC0246F3
:107EC0000B46604600217047B2F1807F65D3F0B564
:107ED000B2FA82F7B1FA81F4C7F10F063D1B22FA1C
:107EE00006F307F1110EF24120355A40B5F10F07A4
:107EF000B8D94140C4F12006A040F1414140B1FB56
:107F0000F3FC03FB1C11A2FB0C45001BA94103D28F
:107F1000BCF1010C801859410F2F12D30F3FC90338
:107F200041EA5041B1FBF3F603FB1611A2FB0645F3
:107F3000D4EBC030A94102D2761E8018594146EADE
:107F4000CC3C07B34140C7F12006B840F141414065
:107F5000B1FBF3F603FB1611A2FB0645001BA9417A
:107F600002D2761E8018594180EA010221FA0EF3EE
:107F7000C7F1200462FA0EF20CFA07F05A402CFA0C
:107F800004F13043F0BD80EA010221FA0EF3002132
:107F900062FA0EF260465A40F0BD8C46B1FBF2F137
:107FA00002FB11C31B0243EA1063B3FBF2FC02FBAA
:107FB0001C331B024CEA002043EA1063B3FBF2FCC3
:107FC00002FB1C331B024CEA002043EA1063B3FBA4
:107FD000F2FC02FB1C331B024CEA002043EA106354
:107FE000B3FBF2FC02FB1C324CEA0020002370477A
:107FF000B0B581EA030C0CF0004C40F2FF7515EAB5
:1080000011541DBF15EA1357AC42AF4239E0E419D1
:1080100023EA455343F48013C90241F0004141EA89
:10802000505EC7021100A7FB020200284FF00000BB
:10803000EEFB01204FF00001E3FB072118BF42F0E7
:108040000102401800214941E3FB0E01A4F58064C0
:108050000F0302D252004041494154F101046CDD4A
:10806000470872F1004250F1000051EB0451A1F5B4
:1080700080115CBF41EA0C01B0BD4CEA0551002003
:10808000B0BD05EA1357AC4214BFAF4241E050EA1D
:10809000410E1CBF52EA430E02E061460020B0BD13
:1080A00024423C441BD15FEA070EF6D0090302BF0D
:1080B00001460020AEF1140EB1FA81F7AEEB0704D1
:1080C00001FA07FE0C37C7F1200100FA07F7C84094
:1080D0004EEA000E23EA455343F48013A2E733F03F
:1080E0000043B3FA83F704BFB2FA82FE77440B3F32
:1080F000E41BB7F1200E2FBF02FA0EF3BB40C7F10D
:10810000200E22FA0EFE38BF43EA0E03BA40641C6A
:1081100082E750EA410E14BF52EA430E6FF00001AD
:108120004FF4001717EB430F8ABF194617EB410FA7
:10813000B5E74CEA05510020B0BDD4F10104B4F11B
:1081400020070FDAC4F12007520828BF42F00102CD
:1081500010FA07F501FA07F7E1BF2A43E040384378
:10816000E1400FE0352C98DCC7F1200452EA4002D0
:1081700020FA07F218BF42F0010231FA07F0A140DD
:108180000A43002172F1004250F1000051EB0C0152
:10819000B0BD000070B44FF0004591EA030F43F109
:1081A00087836B40841A71EB030604D26E40001B78
:1081B000B141121973414FF4001C1CEB410F34BF45
:1081C0007CEB430683E00C0DA4EB1356362E00F334
:1081D0007C80012E45EAC32341DC43EA525312BF9F
:1081E000D20292025B08240545EAC12141EA5051BE
:1081F000D2EBC020994125D407D1B0FA80F610FA0D
:1082000006F162D00020203608E0B1FA81F6B140D4
:10821000C6F1200220FA02F21143B0404FEAF47492
:10822000B4EB465434F001064FEA74040AD8D6F58C
:108230000016760D04F00044F04061FA06F250405A
:10824000F1404840C00A40EA415021F0004128BFB7
:108250005FEA500550F1000044EBD12135E0DB0A24
:1082600045EAC121C90AB6F120050EDD42EA024203
:10827000120CC5F1200603FA06F6EB4042EA0605A9
:108280006D42984161F100010DE062FA06F5F2409D
:10829000554063FA06FC82EA0C02F3405A406D42F4
:1082A000904161EB030111F4801F05D1641E62054A
:1082B00002D06D004041494121F48011430875F11D
:1082C000004350F1000041EB045170BC70471CEBBF
:1082D000410F15D223F0004352EA43060BD04FEA78
:1082E0004C0CBCEB410F04D80C0D661E342EB7DDD0
:1082F000EBE7801A994150EA410608BF0021E4E704
:1083000008BF1CEB430F28BF6FF00001DDE7000042
:10831000C1F30A5340F2FE329B1A14DDD3F120035D
:108320004FEAE17208DDC90241EA505141F00040D4
:10833000D84080185040704703F2E13010B1D2436A
:1083400082F0004070470020704700002DE9F04D9A
:108350002DED0A8B41EC190B43EC182B51EC180B4B
:1083600020F0000431F0004508BF002C84B000F07C
:10837000088353EC192B0020DFF88C1603F002FB66
:1083800000F0FF82DFF8141603F0FCFA08D151EC7C
:10839000180B48004015401C02D1090300F0F1827F
:1083A00051EC190B48004015401C00F00E8251ECB6
:1083B000190B31F0004108BF002800F0068251EC93
:1083C000180B48004015401C00F0FF8151EC180BC1
:1083D0004B0043EAD0734200002B08BF002A04D1AF
:1083E000B0EE48AAF0EE68AA19E040F23344A4EBDC
:1083F0005352352A04DB00F0000001F000410CE08C
:10840000202A03DD203AD140914000E001D1002034
:1084100003E0002AC4BFD040904041EC1A0B51EC5D
:10842000190BC80F0BD053EC182B51EC1A0B03F09F
:10843000A9FA04D0AFF300809FED3F9BA3E253EC79
:10844000192B23F00041B1F5801F22F000000DD25E
:108450000022002908BF0028009216D06A4651EC7D
:10846000190B03F09FFA41EC190B0EE0DFF8AC4555
:10847000DFF82C7504EB115000903B40DFF8240529
:10848000924643EA000B4BEC19AB51EC190BC80FA9
:1084900036D021F0004053EC192B034643EC192B46
:1084A00051EC1A0B4B0043EAD0734200002B08BF7B
:1084B000002A04D1B0EE4A0AF0EE6A0A19E040F24E
:1084C0003444A4EB5352352A04DB00F0000001F0E1
:1084D00000410CE0202A03DD203AD140914000E029
:1084E00001D1002003E0002AC4BFD040904041ECFD
:1084F000100B53EC1A2B51EC100B03F043FA01D183
:10850000002600E00126009801281DD151EC190B2E
:10851000DFF89424DFF8943403F07CFA14D253EC9F
:10852000192B00204FF08041FFF762FD00279FEDDF
:1085300004BB41EC190B27E0FFFFFFFFFFFFFF7FAC
:10854000000000000000F03F53EC192B0020DFF882
:108550006014FFF74DFD9FED78AB53EC1A2BFFF73E
:1085600019FEFFF7D5FEA0F120042046FCF79AFF84
:108570000022DFF84034FFF73BFD53EC1A2BFFF7E6
:1085800009FE41EC1B0B670151EC190B53EC1B2B43
:1085900003F086F941EC1A0B53EC192B51EC1B0B31
:1085A000FFF7F8FD02460B4651EC1A0BFCF79CFF57
:1085B00041EC190B53EC192BFFF71AFD41EC1C0B86
:1085C00053EC1C2BDFF8F003DFF8F013FFF710FD7E
:1085D000DFF8EC23DFF8EC33FFF7DCFD53EC1C2B6A
:1085E000FFF706FDDFF8E023DFF8E033FFF7D2FD09
:1085F00053EC1C2BFFF7FCFCDFF8D423DFF8D4335B
:10860000FFF7C8FD53EC1C2BFFF7F2FCDFF8C82383
:10861000DFF8C833FFF7BEFD53EC1C2BFFF7E8FC77
:10862000DFF8BC23DFF8BC33FFF7B4FD53EC1C2BA1
:10863000FFF7DEFCDFF8B023DFF8B033FFF7AAFD69
:1086400053EC1C2BFFF7D4FC53EC1A2B03F028F946
:1086500004460D460020DFF8B01353EC1B2B03F04B
:108660001FF900224FF08043FFF7C2FC22462B4641
:10867000FFF790FD53EC192BFFF7BAFC41EC100B00
:10868000DFF86C03784400F55A70074453EC1A2B5A
:1086900051EC100BFFF77EFD41EC190B0098FCF735
:1086A00001FFD7E90023FFF775FD41EC1A0B53ECEE
:1086B000192BDFF84003DFF84013FFF799FC53EC68
:1086C0001A2BFFF767FD53EC182BFFF791FC0022E4
:1086D000DFF8283303F09EF941EC1B0B69D301222C
:1086E000C74B03F0AFF961D9C80F53EC1B2B1ABF6E
:1086F0000020C449AB49FFF74DFDFFF709FE0022FA
:10870000C14BCDE901238046CDF8008053EC192BF5
:1087100051EC180BFFF76CFC04460D46D7E902013B
:10872000D7E90423FFF736FD53EC182BFFF760FC65
:108730009FEDB6BB04E000BF000000000000E03F7A
:1087400053EC1B2BFFF754FC22462B46FFF722FD70
:1087500007468B4653EC1A2B51EC180BFFF748FCDD
:1087600004460D464046FCF79DFE02460B46204659
:10877000294603F095F853EC1B2BFFF739FC3A46DA
:108780005B46FFF707FDDDE9012303F073F941ECD8
:10879000190B31F0004108BF00280AD051EC190B29
:1087A00048004015401C06D1090304D19FEDA09B51
:1087B00001E09FED9B9B002E00F0E58051EC190B32
:1087C00081F0004141EC190BDDE051EC190B480040
:1087D0004015401C02D1090340F0D58051EC180B24
:1087E00048004015401C06D1090304D0B0EE489A59
:1087F000F0EE689AC7E051EC180B480001244015D0
:10880000401C61D051EC180B4B0043EAD07342007E
:10881000002B08BF002A04D1B0EE48AAF0EE68AAE7
:1088200019E040F23345A5EB5352352A04DB00F042
:10883000000001F000410CE0202A03DD203AD14085
:10884000914000E001D1002003E0002AC4BFD040E5
:10885000904041EC1A0B53EC182B51EC1A0B03F01F
:1088600091F818BF00244B0043EAD0734200002B5C
:1088700008BF002A04D1B0EE4A0AF0EE6A0A19E0F5
:1088800040F23445A5EB5352352A04DB00F00000DA
:1088900001F000410CE0202A03DD203AD140914054
:1088A00000E001D1002003E0002AC4BFD040904086
:1088B00041EC100B44B153EC1A2B51EC100B03F0AC
:1088C00061F80CBF0024012451EC190B480040153D
:1088D000401C0AD1090308D151EC190BC80F21D152
:1088E00053EC182BDA0F49D040E051EC180B48003C
:1088F0004015401C1ED109031CD153EC192B23F049
:108900000041B1F5801F22F0000021D20022002991
:1089100008BF002800921FD06A4651EC190B03F0E3
:1089200041F819E051EC180BC80F01D1002C21E0DF
:10893000E4B10AE0002C1ABF51EC190BC80F00205B
:1089400053EC182BDA0F14D180B19FED329B1AE053
:10895000324C04EB1150009051EC180BC80F0098EA
:1089600002D100280ADC01E0002807DD9FED2C9BE6
:1089700009E0002818BF9FED2C9B04D19FED2C9B94
:1089800001E09FED049B04B051EC190BBDEC0A8B88
:10899000BDE8F08D000000000000F03F0000F0BFD7
:1089A000FFFF0F800000E03FCD3B7F669EA0E63FCB
:1089B000000050400000903FF7DE29BFD8F8C23FCA
:1089C000F4B3FECC1A99C33F62CB68D96F46C73F58
:1089D000C6C912DAC471CC3F4AE98A942449D23F0D
:1089E000F75F97999999D93FBC5555555555E53F2E
:1089F000185B0000FE822B654715F73F0000E0C0C2
:108A00000000E0400000E0BF0000F03FEF39FAFE58
:108A1000422EE63F000000000000008002FCFFFF45
:108A20000000000000000000000000000000F0FF57
:108A3000000000000000F07F2DE9F14FB0B0924639
:108A400004910DF142013A9A2B9199464A70002007
:108A50000AE01AF8011B0498309A90470028049005
:108A600000F0B6860D98401C0D909AF8000050B1A9
:108A70002528EED1002100220791089209910A923F
:108A80000B910C9204E00D9800F0A4BE41F001019E
:108A90001AF8010F2028F9D023280CD02B2804D055
:108AA0002D2805D0302809D00BE041F00201EFE776
:108AB00041F00401ECE741F00801E9E741F0100161
:108AC000E6E72A280FD1D9F8002052F8040BC9F89C
:108AD000002000280F9003D540420F9041F0040180
:108AE0000AF1010A14E00F92DFF828380AE00F9823
:108AF000984205DA00EB800402EB4402303A0F9210
:108B00000AF1010A9AF80020A2F130000A28EED3F7
:108B10009AF800002E2803D04FF0FF320E9229E081
:108B20001AF8010F2A2809D1D9F8000050F8042BAF
:108B3000C9F800000E920AF1010A1BE02D280CBFB3
:108B40000AF1010A002000220E92DFF8C8470BE06C
:108B500040B90E9AA24205DA02EB820503EB450307
:108B6000303B0E930AF1010A9AF80030A3F130026B
:108B70000A2AEDD3ADF84010DFF89C07784400F5E1
:108B8000F3609AF8001003F069F908B11AF8010BC4
:108B90008DF842009DF84200682805D19AF800003F
:108BA00068280CD1622106E06C2804BF9AF8000006
:108BB0006C2804D171218DF842100AF1010A12A823
:108BC00006901AF801BBBBF125012CD01C3900F02E
:108BD000D081091F022940F2CC81133900F023858E
:108BE000093900F0C681891E00F0B885491E00F0E1
:108BF0006585491E022940F2BC81091F00F05E858F
:108C0000491F00F02881491E00F00D85491E00F023
:108C1000D080C91E0DD0891E00F00585C91E00F048
:108C2000028500F0A6BD25238DF84830012100F013
:108C3000ABBDD9F8000050F8044BC9F80000002C77
:108C4000059440F0A3802B994878002800F0998083
:108C50004FF0FF340FF6843003F00CF9201A40F087
:108C6000B78500F092BD6D1E40F0A9853096079D36
:108C700012AF75B1309E17F8012B02A9304600F0F3
:108C800073FE002801D46D1EF5D10028309640F007
:108C90009F850A9D3020002D8DF804000CDD309E4C
:108CA000012301AA02A9304600F06EFE002840F020
:108CB0008F856D1EF4D13096059F089D75B1309E4D
:108CC00017F8012B02A9304600F04EFE002801D40F
:108CD0006D1EF5D10028309640F07A850B9D30202E
:108CE000002D8DF804000CDD309E012301AA02A99D
:108CF000304600F049FE002840F06A856D1EF4D130
:108D0000309605980899099D471875B1309E17F857
:108D1000012B02A9304600F027FE002801D46D1E69
:108D2000F5D10028309640F053850C9D3020002D61
:108D30008DF804000CDD309E012301AA02A9304603
:108D400000F022FE002840F043856D1EF4D13096DD
:108D50009DF8400041077FF588AE2020002C8DF85B
:108D600004007FF782AE309D012301AA02A92846A4
:108D700000F00AFE002840F02B85641EF4D13095E7
:108D800073E60FF66440059000F0FFBC0E9D002DC9
:108D900004D52046FCF74EFB044607E02A46204651
:108DA00003F088F8002814BF041B2C46089400F038
:108DB000ECBCD9F8001051F8040BC9F8001020F0F1
:108DC0000004002121F0FF3512ABCDE902450593E7
:108DD000DDE9022306993C2413B90AB90E9898B12B
:108DE00002F00F053035641EEEB23A2EA8BF2735CB
:108DF000120942EA03721B090D5508BF002A03D06D
:108E000005980D19A842EBD308190590C4F13C024E
:108E10000E98089282420ADABDF84010821A4FF684
:108E2000EF7001400A92ADF8401000F0AEBC00288F
:108E300040F1AB849DF8400000F01400102840F091
:108E4000A4840F9B07990A985B1A1B1A9A1A002A86
:108E500040F39B84E5E32B99487820B14FF0FF3431
:108E60000FF65430F8E69DF84200622861D0682879
:108E700017D06A283FD06C2806D0712847D07428B4
:108E80002CD07A281DD064E0D9F8001051F8040BDA
:108E9000C9F80010002868D14FF0FF340FF63030C9
:108EA000DAE6D9F8001051F8040BC9F8001020B91F
:108EB0004FF0FF340FF61830CEE60D99018000F028
:108EC00064BCD9F8001051F8040BC9F80010002850
:108ED0004BD14FF0FF340FF6F820BDE6D9F8001063
:108EE00051F8040BC9F8001000283ED14FF0FF34B0
:108EF0000FF6DC20B0E6D9F8001051F8040BC9F8E1
:108F0000001080B94FF0FF340FF6C420A4E6D9F862
:108F1000001051F8040BC9F8001020B94FF0FF34CD
:108F20000FF6AC2098E60D9AD317C0E9002300F0A5
:108F30002CBCD9F8001051F8040BC9F8001020B966
:108F40004FF0FF340FF6882086E60D99017000F08F
:108F50001CBCD9F8001051F8040BC9F8001020B956
:108F60004FF0FF340FF6682076E60D99016000F0AF
:108F70000CBCD9F80020D21D22F00702C9F800204D
:108F8000D2E900010832C9F80020CDE90201C80F7A
:108F900002D007982D210AE0BDF84000810702D5D4
:108FA00007982B2103E0C00705D50798202112AAB6
:108FB0001154401C0790DDE90223079912A8CDE95E
:108FC0002C2308444BF020016129059021AC0BD0E3
:108FD0000E99002902D506210E9105E001BF4BF044
:108FE0002001672901220E92DDE90223590049156B
:108FF000491C0DD11A030BD0ABF1610503211A2DC9
:10900000089102D20FF6E41110E00FF6E4110DE022
:1090100059004915491C0DD11A030BD1ABF161055B
:1090200003211A2D089119D30FF6CC110322FEF754
:1090300073FEAAE3DDE90201CDE92E01DDE92E236D
:1090400023F00047B7F5801F22F000060DD2002262
:10905000002F08BF002E009203D116E00FF69411E6
:10906000E4E76A4602F09EFC0FE0DFF8DC08DFF878
:10907000DC1800EB17500090DDE92E234FF0FF3095
:109080001940DFF8CC7810403943CDE902014BF0AC
:10909000200061280DD1059830210170821CBBF1A0
:1090A000610F05920CBF7821582141700798801CF0
:1090B0000790DDE9020120F0000231F0004308BF13
:1090C000002A02D10026002568E14BF02008B8F103
:1090D000610F40F0B4800E98002847BF2121019114
:1090E000401C0190019FDDE92C017F1C0022002320
:1090F000DDE9024502F08EFC00998DF8842038BF2E
:1091000085F00045091F002F00910DF1850653DD04
:10911000204629460022002302F094FC4CD248004D
:10912000400D00F11C0212D0002A10DD40F2FF7346
:109130009A4206DBDFF81C1805F0004001430020CE
:1091400011E06FF31E5141EA025120460BE024F07A
:10915000000035F0004108BF00280FBF29461C223F
:10916000294602F0D3FE04460D46FFF7D1F8FF1F53
:10917000002F804609DDFCF795F902460B46204694
:10918000294602F08DFB04460D46F01D0721B8F17B
:10919000000F0CDD491E5EBF08F00F0200F8012D24
:1091A0004FEA2818F3D502E0002200F8012D491EED
:1091B000FAD5C61D002FABDC0DF18500361A0198DB
:1091C0008642D8BF304600280DF1850430D4B04225
:1091D00006DA0DF185010A5C082AA8BF0F2100DA22
:1091E0000021024621AB134400E0401E13F8015950
:1091F000521E8D42F9D00F2904D10DF185018B5CEF
:109200005B1C8B54002A04D50099091D21AC401C1D
:109210000091411E0CD46218ABF13A06137830333A
:10922000DDB23A2DA8BFF318491E02F80139F5D571
:109230000E99002940F1B080421E0E92ACE00099D8
:10924000DFF8142747F29750414391FBF2F2DDE932
:109250002C45009225F00045D2F1070204DD20469E
:10926000294600F04EFB0BE052420020DFF8EC16DE
:1092700000F047FB02460B4620462946FCF734F92E
:109280000446B8F1660F0E9806BF009F0A370627FE
:109290003F18142FC8BF142730200D468DF88400C6
:1092A0000DF18506002F39DD2046294602F0CCFE5F
:1092B00001460A4606F1080304200A26B2FBF6F628
:1092C00006EB860EA2EB4E02303203F8012C0A2286
:1092D000B6FBF2F202EB820EA6EB4E063036401ED3
:1092E00003F8026DE9D1083F002F03F10806D9DD2C
:1092F0000846FCF751FA02460B462046294602F082
:10930000CFFA0022DFF85836FEF772FE04460D460B
:10931000CAE700BFCBCCCC0C346800000DF185004F
:10932000361A0DF1850404E00098401E761E009068
:10933000641C20783028F7D0B8F1660F02D100996C
:10934000491C04E0B8F1650F0CBF012100210E9803
:1093500008188642B8BF701E00281DD4B04204DA37
:10936000215C3429C8BF392100DC30210246631E4C
:109370009D1800E0401E15F80169521E8E42F9D07A
:10938000392902D1A15C491CA154002A04D50099B5
:10939000491C1C46401C00910646009D02F068FED8
:1093A000406A0778DDF8388030B2002802DC0126F8
:1093B0000FF248644BF02000662808BF6D1C16D0E1
:1093C000672846D128B210F1040F48DB404546DA41
:1093D0009DF840006D1C010703D430B24045B8BF72
:1093E000804628B2B8EB000848BF4FF000080FFADB
:1093F00085FBBBF1000F00F3B5800898411C089174
:10940000302205990A54B8F1000F03DC9DF84000A2
:10941000010704D50898411C089105990F5418EBD1
:109420000B0FB8BFC8F100052DB268420B90A844DD
:1094300032B29045B8BF4646059B089836B20996A9
:10944000324621461844FEF767FCA8EB06000C9054
:10945000D2E0BBF1610F17D14FF0700B19E030B2C1
:10946000404504DA9DF840100A0758BF8046B8F11D
:10947000010848BF4FF00008BBF1670F14BF4FF061
:10948000450B4FF0650B04E0BBF1410F08BF4FF0F7
:10949000500B0898411C0891B8F1000F059914F879
:1094A000012B0A5403DC9DF8400001071AD50898E7
:1094B000411C0891B8F1000F05990F5412DD761E7A
:1094C00030B280450598089BB8BF464632B2214667
:1094D0001844FEF721FC089936B271180891A8EBE0
:1094E00006000B9005980899084429B2002980F8D5
:1094F00000B003D42B224270821C04E02D22427063
:109500000D46821C6D4200212CAB28460AE0044621
:109510000A2094FBF0F000EB8005A4EB450403F86F
:10952000014B491C00B20028F1DC012906DC4BF09C
:109530002000652804BF302002F8010B00292CAB65
:1095400008D1302002F8010B06E0491E585C30308B
:1095500002F8010B0029F8DC059908980844121A52
:10956000099249E030B229B288421CDA0598089B7A
:1095700032B221461844FEF7CFFB089936B2711873
:10958000ABEB0606B8F1000F08910B9603DC9DF8D3
:109590004000020704D5059847540999491C0991D0
:1095A000CDF8308028E00598089B2AB2214618445F
:1095B000FEF7B2FB0898761B5844B8F1000F0890EC
:1095C00003DC9DF840100A0703D5411C089105995A
:1095D0000F5430B280450598089BB8BF464632B25A
:1095E00004EB0B011844FEF797FB089836B23018CD
:1095F0000890A8EB06000B909DF8400000F01400C6
:10960000102840F0C280079A08990B988A18099987
:1096100082180C988A1882180F98824280F2B580BE
:10962000821A0A92B1E09DF84200622808D06828A8
:109630000ED06A2814D06C281FD0712810D01CE0DE
:10964000D9F8001051F8040BC9F80010C0B21AE0A4
:10965000D9F8001051F8040BC9F8001080B212E0DC
:10966000D9F80020D21D22F00702C9F80020D2E963
:1096700000010832C9F8002006E0D9F8001051F8BE
:10968000040BC9F800100021CDE902019DF840004B
:1096900001075AD5DDE90223002B08BF002A54D068
:1096A0004BF02000782850D1079812A930220A5494
:1096B000401C431C079301F800B046E09DF84200AF
:1096C000622808D068280ED06A2814D06C281FD0D1
:1096D000712810D01CE0D9F8001051F8040BC9F81B
:1096E000001040B21AE0D9F8001051F8040BC9F884
:1096F000001000B212E0D9F80020D21D22F00702BB
:10970000C9F80020D2E900010832C9F8002006E0BB
:10971000D9F8001051F8040BC9F80010C117CDE9B1
:109720000201002902D507982D210AE0BDF840006A
:10973000810702D507982B2103E0C00705D50798BC
:10974000202112AA1154401C079012A80799014425
:10975000059102A8594600F04FF816E00120079045
:10976000D9F8000050F8041BC9F800008DF8481023
:109770000BE025210122BBF1000F8DF84810079264
:1097800003D08DF849B0022107910F9A07980A99E2
:109790000C9C121A0898521A0B99121A0998521A0C
:1097A000121A9DF84000141B41073FF560AA2020C3
:1097B000002C8DF804007FF75AAA309E254601231D
:1097C00001AA02A9304600F0DFF800283FF44BAAB6
:1097D0004FF0FF3031B0BDE8F08F00007072696E5D
:1097E00074665F733A20626164202573206172673A
:1097F000756D656E740000002DE9FC4307466F2906
:109800003E6908BF082405D041F02000782814BF25
:109810000A2410243C25D7E90023642918BF6929AC
:109820009046994605D1002B03D5D8F1000869EB85
:109830004909B9F1000F08BFB8F1000F0CD1386B1E
:1098400050B9082C39D197F83800010735D53020A8
:109850003B2586F83B0030E08DF800104046494635
:109860002246E317FEF7ACFA3032D0B26D1E3A282A
:10987000019504DB9DF80000A0F151018A18725592
:10988000404649462246E317FEF79AFA80465FEAC9
:10989000010908BFB8F1000F03D0F86871198842B8
:1098A000DCD3082C09D197F83800010705D5705D85
:1098B000302802D06D1E30207055C5F13C02BA61CF
:1098C0007119F960386B824208DA821A3A624FF6EF
:1098D000EF70398F01403987BDE8F38300280ED53A
:1098E00097F8380000F01400102808D17B6B7969D4
:1098F000386A5B1A1B1A9A1A002AC8BF3A62BDE876
:10990000F3832DE9D04306460F4614464FF0000876
:10991000DFF8509012E0E00707D542464B4630464C
:109920003946FEF765FB06460F4640464946424625
:109930004B46FEF75DFB641080468946002CEAD159
:1099400030463946BDE8D08302FCFFFFFFFF0F80A1
:109950000000E03F0000F07FA08601000000F03F23
:1099600084D797410000244010B503460C461146A9
:10997000A0689847A06020B1E06A401CE062002027
:1099800010BD4FF0FF3010BDF8B505460E46174626
:109990001C4600205CB117F8011BB068A847B060F6
:1099A00030B1F06A401CF0620020641EF3D1F2BDB9
:1099B0004FF0FF30F2BD00007072696E74665F7325
:1099C0003A20256E20646973616C6C6F7765640062
:1099D0007072696E74663A2062616420256E20613F
:1099E0007267756D656E7400000000006E616E0038
:1099F0004E414E00696E6600494E46003000000040
:109A000010B50400002C01D1012074E0606A002828
:109A100006D16068B0F5827F06D00020E06103E0E7
:109A200000202061002060610020A06294F85D00A9
:109A3000002805D1002084F85C00200002F044FBDF
:109A4000022084F85D002068006830F04000216842
:109A50000860E06840F20171884201D3002101E012
:109A60004FF48051E068B0F5706F05D0E068B0F554
:109A7000E06F01D00020A062606810F48270A268DC
:109A800012F404421043227C12F002021043227DA1
:109A900012F001021043A26912F400721043227FF7
:109AA00012F03802104394F8202012F08002104384
:109AB000A26A12F40052104322681060A269120CCC
:109AC00012F0040294F8240010F01000024394F8FD
:109AD000340010F008000243E06810F470600243A4
:109AE00011F480500243206842600020206601206B
:109AF00084F85D00002010BD2DE9F84306000D003C
:109B000017001C00FBF7F2FE8046B94696F85D0090
:109B1000012801D00220ECE0002D03D0380080B2F3
:109B2000002801D10120E4E096F85C00012801D171
:109B30000220DEE0012086F85C00032086F85D004C
:109B400000203066B563B787F787002030640020B7
:109B5000A6F844000020A6F846000020306500204A
:109B6000F064B068B0F5004F0BD13068006830F099
:109B70004000316808603068006850F48040316807
:109B8000086030680068400605D43068006850F00E
:109B9000400031680860F06840F20171884235D3B6
:109BA0007068002803D0484680B2012809D1B06B04
:109BB00000883168C860B06B801CB063F08F401EB5
:109BC000F087F08F002873D03068806880070AD54E
:109BD000B06B00883168C860B06B801CB063F08FD8
:109BE000401EF087EDE7FBF781FEB0EB0800A042D6
:109BF00002D314F1010F01D1002CE2D1012086F82B
:109C00005D00002086F85C00032072E07068002888
:109C100003D0484680B2012817D1F08F02280AD31A
:109C2000B06B00883168C860B06B801CB063F08F87
:109C3000801EF08709E0B06B007831680873B06B64
:109C4000401CB063F08F401EF087F08F00282FD0AB
:109C500030688068800718D5F08F02280AD3B06B6F
:109C600000883168C860B06B801CB063F08F801EC4
:109C7000F087EAE7B06B007831680873B06B401C7E
:109C8000B063F08F401EF087DFE7FBF72FFEB0EBED
:109C90000800A04202D314F1010F01D1002CD4D14D
:109CA000012086F85D00002086F85C00032020E09B
:109CB00042462100300000F003F9002801D02020A6
:109CC0003066B068002808D1002000903068C06875
:109CD00000903068806800900098012086F85D0050
:109CE000002086F85C00306E002801D0012000E0E2
:109CF0000020BDE8F2832DE9FC4705000E001700A7
:109D00009846DDF82890FBF7F1FD0400B8EB040459
:109D100019EB0404FBF7EAFD82466848006840013D
:109D2000000D00FB04F00090286880683040B042CD
:109D300001D1012000E000203900C9B2884243D09F
:109D400018F1010FF0D0FBF7D1FDB0EB0A00A042F3
:109D500001D2002C2FD12868406830F0E00029683B
:109D600048606868B0F5827F0DD1A868B0F5004FF3
:109D700003D0A868B0F5806F05D12868006830F07E
:109D8000400029680860A86AB0F5005F0BD1286818
:109D9000006830F40050296808602868006850F4B2
:109DA000005029680860012085F85D00002085F8D2
:109DB0005C00032009E00098002801D10020040085
:109DC0000098401E0090AFE70020BDE8F6872DE91F
:109DD000FE4F06000F0014009846DDF8309000207A
:109DE0008DF80000FBF782FD0500B8EB050519EBC7
:109DF0000505FBF77BFD8246306810F10C0B2F4800
:109E0000016823204143090D01FB05F101913068F0
:109E100080683840A0424ED0B7F5C06F07D1002C03
:109E200005D19BF800008DF800009DF8000018F1A6
:109E3000010FECD0FBF75AFDB0EB0A00A84201D2AB
:109E4000002D2FD13068406830F0E0003168486064
:109E50007068B0F5827F0DD1B068B0F5004F03D0C7
:109E6000B068B0F5806F05D13068006830F0400010
:109E700031680860B06AB0F5005F0BD130680068E7
:109E800030F40050316808603068006850F40050C9
:109E900031680860012086F85D00002086F85C00CB
:109EA000032009E00198002801D100200500019855
:109EB000401E0190ABE70020BDE8FE8F4805002062
:109EC0007CB504000D00160000962B0000224FF414
:109ED000C0512000FFF77BFF002805D0206E50F016
:109EE0002000206603201FE000962B000022802126
:109EF0002000FFF700FF002805D0206E50F0200062
:109F00002066032010E000962B0000224FF4C06171
:109F10002000FFF75CFF002805D0206E50F02000E5
:109F20002066032000E0002076BD002848BF4042A4
:109F3000704780B502F004F900F011F802F012F950
:109F400002F0F8F9FCF72EFC02F024FA02F094F883
:109F5000FCF744FCFCF760FC02F046FBFEE710B5A2
:109F600096B04421002205AC2000FBF777FF1421B6
:109F700000226C462000FBF771FF4FF4007002F0E6
:109F80000FFD002801D000F033F8182005900120C3
:109F90000A9001200B9000200C9060200D90022070
:109FA0000F9001201090012011902820129007207E
:109FB0001390022014900220159005A800F042FE94
:109FC000002801D000F014F80F2000900320019029
:109FD0000020029000200390002004900421684695
:109FE00001F074F9002801D000F002F816B010BD9D
:109FF00072B6FEE710B5044610460A4601462046F2
:10A00000FBF72CFF204610BD2DE9F84F05005FF04F
:10A01000000800272868000527D5686C00280DD0A7
:10A02000B0F5000F03D0B0F5400F0DD00DE0DFF814
:10A030002403016851F48031016008E00021281DEB
:10A0400000F092F9804602E001E00120804640469F
:10A05000C0B2002808D1DFF80C130A6832F44002BD
:10A06000686C02430A6000E04746286880037AD59E
:10A070005FF00009DFF8E0A2DAF80000C0000DD4BC
:10A08000DAF8000050F08050CAF80000DAF800005A
:10A0900010F080500090009801208146DFF8BCB29B
:10A0A000DBF8000050F48070CBF80000FBF71EFCDA
:10A0B0000600DBF80000C00506D4FBF717FC801B88
:10A0C0000328F6D3032080464046C0B200283FD183
:10A0D000DFF88CB2DBF8000010F440700400002CB4
:10A0E00015D0E86D844212D0DBF8000030F44070E7
:10A0F0000400DBF8000050F48030CBF80000DBF8FF
:10A10000000030F48030CBF80000CBF80040E007CE
:10A110000FD5FBF7EBFB0600DBF80000800708D447
:10A12000FBF7E4FB801B41F289318842F4D3032022
:10A1300080464046C0B2002808D1DBF8001031F458
:10A140004071E86D0143CBF8001002E0474600E0A3
:10A1500047464846C0B2012805D1DAF8000030F081
:10A160008050CAF800002878C00707D5DFF8F4113E
:10A170000A6892089200286A02430A6028788007D9
:10A1800007D5DFF8E0110A6832F00C02686A024372
:10A190000A602878400707D5DFF8C8110A6832F04E
:10A1A0003002A86A02430A602878800607D5DFF8E3
:10A1B000B4110A6832F44062E86A02430A6028680F
:10A1C000800507D5DFF89C110A6832F44022E86B5D
:10A1D00002430A602868400507D5DFF888110A683D
:10A1E00032F44012286C02430A602878400607D5F2
:10A1F000DFF870110A6832F44052286B02430A609B
:10A200002878000607D5DFF85C110A6832F440426E
:10A21000686B02430A602868C00507D5DFF844115F
:10A220000A6832F44032A86B02430A60286880044E
:10A2300020D5DFF830110A6832F04062A86C024382
:10A240000A60A86CB0F1006F06D1DFF80801016860
:10A2500051F4801101600DE0A86CB0F1806F09D15C
:10A260000121281D00F080F880464046C0B2002839
:10A2700000D047462868000320D5DFF8E8100A68B8
:10A2800032F04062E86C02430A60E86CB0F1006FA3
:10A2900006D1DFF8C000016851F4801101600DE0C3
:10A2A000E86CB0F1806F09D10121281D00F05CF845
:10A2B00080464046C0B2002800D047462868400388
:10A2C00020D5DFF8A0100A6832F04062286D024302
:10A2D0000A60286DB0F1006F06D1DFF878000168E0
:10A2E00051F4801101600DE0286DB0F1806F09D14B
:10A2F0000121281D00F038F880464046C0B20028F1
:10A3000000D047462868400415D5DFF858100A6881
:10A3100032F04052686D02430A60686DB0F1805FB0
:10A3200009D10221281D00F01FF880464046C0B226
:10A33000002800D047462868000407D5DFF824101D
:10A340000A6832F08042A86D02430A603800C0B249
:10A35000BDE8F28F0C10024058100240007000401F
:10A3600090100240881002402DE9F04105000C00D9
:10A3700000275949086810F0030F12D0086810F040
:10A3800003002A68904209D12868002806D008688E
:10A39000C0F30210401C6968884232D001200700D7
:10A3A0002FE02868012804D01BD303280FD007D33F
:10A3B00017E04A480068800701D40120070012E036
:10A3C00046480068400501D4012007000BE04348DF
:10A3D0000268920304D40068400301D401200700FE
:10A3E00001E0012007003800C0B2002809D10A6846
:10A3F00032F07302286802436868401E52EA001275
:10A400000A603800C0B2002861D1DFF8D080D8F8E7
:10A41000000030F08060C8F80000FBF767FA060023
:10A42000D8F80000000106D5FBF760FA801B03286E
:10A43000F6D3032007003800C0B2002847D1002C13
:10A440000BD127490A6827480240A86852EA00222F
:10A45000E86852EAC0620A601CE0012C0DD1204974
:10A460000A6821480240A86852EA00222869400888
:10A47000401E52EA40520A600CE019490A681B4823
:10A480000240A86852EA002268694008401E52EA69
:10A4900040620A60D8F8000050F08060C8F8000000
:10A4A000FBF724FA0600D8F80000000106D4FBF7F9
:10A4B0001DFA801B0328F6D3032007003800C0B222
:10A4C000002804D106490A68A86902430A603800D6
:10A4D000C0B2BDE8F08100000C1002400010024044
:10A4E00010100240FF80FF07FF809FFFFF80FFF9F1
:10A4F00030B40100002901D1012067E00868624AF8
:10A5000090420AD20A68614882181420B2FBF0F027
:10A51000800048645E48086409E00A685D48821863
:10A520001420B2FBF0F0800048645B48086402200D
:10A5300081F82500086802686FF30E128B68C868FE
:10A540000343086903434869034388690343C869AF
:10A550000343086A03431A43086802608868B0F539
:10A56000804F2AD0086C4A4B984213D14B4803685D
:10A570000F2491F8445015F01C05AC40A343036030
:10A5800003684C6891F8445015F01C05AC40234317
:10A59000036012E0424803680F2491F8445015F01C
:10A5A0001C05AC40A343036003684C6891F8445019
:10A5B00015F01C05AC40234303600020C863012054
:10A5C00081F82500002081F82400002030BC70476D
:10A5D00010B40100002901D1012053E0086800688F
:10A5E000400840000A6810600868274A90420AD272
:10A5F0000A68264882181420B2FBF0F080004864F4
:10A600002348086409E00A68224882181420B2FB33
:10A61000F0F0800048642048086400200A68106058
:10A62000012091F8442012F01C0290400A6C506006
:10A63000086C174A90420AD1184802680F2391F813
:10A64000444014F01C04A3409A43026009E01448FB
:10A6500002680F2391F8444014F01C04A3409A436D
:10A6600002600020C86200200863002048630020C8
:10A6700088630020C863002081F82500002081F84D
:10A680002400002010BC704708040240F8FFFDBF02
:10A6900000000240F8FBFDBF00040240A800024099
:10A6A000A80402402DE9F04104000D0016001F002F
:10A6B0005FF0000894F82400012801D102203BE05B
:10A6C000012084F8240094F8250001282DD10220CF
:10A6D00084F825000020E0632068006840084000FE
:10A6E000216808603B0032002900200000F0F8F8E3
:10A6F000206B002806D02068006850F00E0021680A
:10A7000008600BE02068006830F0040021680860F1
:10A710002068006850F00A0021680860206800681E
:10A7200050F001002168086004E0002084F8240053
:10A73000022080464046C0B2BDE8F0810100002200
:10A7400091F82500022806D00420C863002081F873
:10A75000240001201BE00868006830F00E000B6840
:10A76000186008680068400840000B681860012005
:10A7700091F8443013F01C0398400B6C5860012092
:10A7800081F82500002081F824001000C0B2704735
:10A7900038B50400002594F82500022804D00420D0
:10A7A000E063012005001FE02068006830F00E0023
:10A7B000216808602068006840084000216808603F
:10A7C000012094F8441011F01C018840216C48606D
:10A7D000012084F82500002084F82400A06B0028C4
:10A7E00002D02000A16B88472800C0B232BD70B5EE
:10A7F0000400206C056820680668042094F8441062
:10A8000011F01C0110FA01F10D4219D0710717D592
:10A8100021680968890605D42168096831F00401B6
:10A820002268116094F8441011F01C018840216CDA
:10A830004860206B002852D02000216B88474EE0F2
:10A84000022094F8441011F01C0110FA01F10D429D
:10A850001FD0B1071DD521680968890608D4216871
:10A86000096831F00A0122681160012184F825107D
:10A8700094F8441011F01C018840216C48600020BD
:10A8800084F82400E06A002829D02000E16A884783
:10A8900025E0082094F8441011F01C01884005427E
:10A8A0001DD030071BD52068006830F00E002168ED
:10A8B0000860012094F8441011F01C018840216CBC
:10A8C00048600120E063012084F82500002084F81E
:10A8D0002400606B002802D02000616B884770BDA7
:10A8E00030B4012490F8445015F01C05AC40056CC0
:10A8F0006C60046863608468102C04D10468A260F2
:10A900000468E16003E00468A1600468E26030BCB0
:10A910007047000010B410F00703DFF868412268A8
:10A920004FF6FF010A40DFF8601151EA03210A43A4
:10A93000226010BC7047DFF84C010068C0F30220B1
:10A9400070470000010049B200290AD4012210F02A
:10A950001F018A40DFF8341103005BB25B0941F844
:10A9600023207047010049B200290DD4012210F0C4
:10A970001F018A40464903005BB25B0941F823206E
:10A98000BFF34F8FBFF36F8F704710B4020052B206
:10A99000002A05D40A013F4B040064B21A5508E0AE
:10A9A0000A013D4B040064B214F00F04234403F881
:10A9B000042C10BC704770B4030013F00704D4F1EA
:10A9C0000700052801D3042001E0D4F10700251D6C
:10A9D000072D01D2002500E0E51E012616FA00F041
:10A9E000401E0140A94016FA05F56D1E2A4011438C
:10A9F000080070BC704710B50400601EB0F1807F85
:10AA000001D301200EE0601E244908600F215FF091
:10AA1000FF30FFF7BAFF00202149086007202149D5
:10AA20000860002010BD10B504002000FFF772FF81
:10AA300010BD2DE9F04104000D0016000027FFF7BE
:10AA40007AFF8046320029004046FFF7B4FF01003C
:10AA5000200040B2FFF799FFBDE8F08110B5040077
:10AA6000200040B2FFF76EFF10BD10B504002000BB
:10AA700040B2FFF777FF10BD10B504002000FFF7CC
:10AA8000BAFF10BD0CED00E00000FA0500E100E0A7
:10AA900080E100E000E400E018ED00E014E000E0F8
:10AAA00018E000E010E000E010B504002068414923
:10AAB0000968884202D1012001F067FE20683E4902
:10AAC0000968884202D1012001F0BEFF20683B499D
:10AAD0000968884202D10120FCF74AF810BD38B558
:10AAE00004000D00206833490968884203D128001A
:10AAF00080B201F04AFE20682F490968884203D1DC
:10AB0000280080B201F0A0FF20682C490968884223
:10AB100003D1280080B2FCF72BF831BD10B504003A
:10AB2000206824490968884202D10020244908701D
:10AB3000206821490968884202D102202049087012
:10AB400020681E490968884202D104201C49087007
:10AB500002211C48FBF718F810BD1CB5184C2078D2
:10AB60000090194B00220021032001F095FF20786E
:10AB700000280ED101F008FE14480188491C01800C
:10AB80000188142903DB0021018001F0E7FD01F0B9
:10AB9000E9FD20782078022803D101F054FF01F06C
:10ABA00043FF20782078042803D1FBF7E0FFFBF770
:10ABB000CFFF13BD20210020A8210020302200203B
:10ABC000352900204C050020B8F400082229002077
:10ABD00070B505000C001600D5F8800020282DD196
:10ABE000002C03D0300080B2002801D1012026E0E3
:10ABF0000120286600206866320092B221002800F9
:10AC0000FCF787FD01000800C0B2002813D1286EB0
:10AC100001280ED110202A681062286850E8000F21
:10AC200050F0100002002B6843E800200028F4D107
:10AC300001E0012001000800C0B200E0022070BD68
:10AC4000704700002DE9FE4F0500002D01D10120C5
:10AC50003AE3DFF80499D9F8004014F00C04DFF867
:10AC60001889D8F8007017F003072878C00640F15B
:10AC7000C680002C03D00C2C7AD1012F78D1DFF8BC
:10AC8000D4A8DAF80000800704D5A869002801D10B
:10AC9000012019E3DAF80000000704D5DAF8000013
:10ACA00010F0F00005E0DFF860090068000910F01E
:10ACB000F000296A88421ED2286A00F05FFC002852
:10ACC00001D0012000E3DAF8000050F00800CAF8D3
:10ACD0000000DAF8001031F0F001286A0143CAF8E8
:10ACE0000010DFF82809016831F47F41EA6951EA70
:10ACF000022101601FE0DAF8000050F00800CAF8F5
:10AD00000000DAF8001031F0F001286A0143CAF8B7
:10AD10000010DFF8F808016831F47F41EA6951EA70
:10AD200002210160002C06D1286A00F027FC0028CF
:10AD300001D00120C8E200F086FBDFF8D418D9F872
:10AD40000020C2F30312895C11F01F01C840DFF834
:10AD50000C180860DFF80808006801F0BBFF8DF8E8
:10AD600000009DF80000002849D09DF80000ABE2EB
:10AD7000A86900282DD0DFF8DC97D9F8000050F042
:10AD80000100C9F80000FAF7B1FD0600D9F800008B
:10AD9000800706D4FAF7AAFD801B0328F6D3032008
:10ADA00092E2D9F8000050F00800C9F80000D9F884
:10ADB000001031F0F001286A0143C9F80010DFF8F3
:10ADC0004C08016831F47F41EA6951EA02210160CF
:10ADD00015E0DFF88097D9F8000040084000C9F876
:10ADE0000000FAF783FD0600D9F80000800706D5B9
:10ADF000FAF77CFD801B0328F6D3032064E2287851
:10AE0000C00754D5082C03D00C2C0BD1032F09D12B
:10AE1000DFF840070068800349D56868002846D1FC
:10AE2000012051E26868B0F5803F06D1DFF82407C1
:10AE3000016851F48031016018E06868B0F5A02F16
:10AE40000AD1DFF81007016851F480210160016820
:10AE500051F48031016009E0DFF8F806016831F44F
:10AE600080310160016831F4802101606868002848
:10AE70000ED0FAF73BFD0600DFF8D8060068800325
:10AE800015D4FAF733FD801B6528F5D303201BE2A8
:10AE9000FAF72CFD0600DFF8BC060068800306D533
:10AEA000FAF724FD801B6528F5D303200CE22878EF
:10AEB000800752D5042C03D00C2C15D1022F13D1AE
:10AEC000DFF890060068400504D5E868002801D145
:10AED0000120F9E1DFF83407016831F0F8512A69FF
:10AEE00051EA0261016038E0E86800281FD0DFF80D
:10AEF0006496D9F8000050F48070C9F80000FAF7A1
:10AF0000F5FC0600D9F80000400506D4FAF7EEFC7F
:10AF1000801B0328F6D30320D6E1DFF8F006016892
:10AF200031F0F8512A6951EA0261016015E0DFF859
:10AF30002496D9F8000030F48070C9F80000FAF7C0
:10AF4000D5FC0600D9F80000400506D5FAF7CEFC7E
:10AF5000801B0328F6D30320B6E1287800072ED5FE
:10AF60006869002815D0DFF8A096D9F8000050F0E5
:10AF70000100C9F80000FAF7B9FC0600D9F8000092
:10AF800080071CD4FAF7B2FC801B0328F6D30320F9
:10AF90009AE1DFF87496D9F8000040084000C9F83B
:10AFA0000000FAF7A3FC0600D9F80000800706D5D8
:10AFB000FAF79CFC801B0328F6D3032084E1287851
:10AFC000400740F181805FF00009DFF848A6DAF819
:10AFD0000000C0000DD4DAF8000050F08050CAF82C
:10AFE0000000DAF8000010F0805001900198012074
:10AFF0008146DFF824B6DBF80000C00513D4DBF887
:10B00000000050F48070CBF80000FAF76FFC0600E7
:10B01000DBF80000C00506D4FAF768FC801B0328A3
:10B02000F6D3032050E1A868012806D1DFF8EC052B
:10B03000016851F00101016017E0A86805280AD1F4
:10B04000DFF8D805016851F004010160016851F092
:10B050000101016009E0DFF8C40501684908490001
:10B060000160016831F004010160A868002810D077
:10B07000FAF73CFC0600DFF8A4050068800719D445
:10B08000FAF734FC801B41F289318842F3D3032064
:10B090001AE1FAF72BFC0600DFF88005006880074C
:10B0A00008D5FAF723FC801B41F289318842F3D39B
:10B0B000032009E14846C0B2012805D1DAF80000B2
:10B0C00030F08050CAF80000287880062ED5686AD3
:10B0D000002815D0DFF84895D9F8000050F001009D
:10B0E000C9F80000FAF702FC0600D9F80000800752
:10B0F0001CD4FAF7FBFB801B0328F6D30320E3E004
:10B10000DFF81C95D9F8000040084000C9F800009D
:10B11000FAF7ECFB0600D9F80000800706D5FAF72D
:10B12000E5FB801B0328F6D30320CDE0A86A0028A6
:10B1300000F0C980A86A022840F0A380D8F8000077
:10B14000070017F00300E96A884222D117F0700067
:10B15000296B491EB0EB011F1BD117F4FE40696B30
:10B16000B0EB012F15D117F07840A96BB0EBC16F90
:10B170000FD117F4C000E96B4908491EB0EB415FDD
:10B1800007D117F0C060296C4908491EB0EB416F28
:10B1900057D00C2C53D0DFF8BCA3DAF800004001E4
:10B1A00001D5012090E0DAF8000030F08070CAF894
:10B1B0000000FAF79BFB8146DAF80000800107D512
:10B1C000FAF794FBB0EB09000328F5D303207BE0EA
:10B1D000D8F80010DFF84C040140E86A0143286BFE
:10B1E000401E51EA0011686B51EA0021E86B4008EB
:10B1F000401E51EA4051286C4008401E51EA40610F
:10B20000A86B51EAC061C8F80010DAF8000050F0ED
:10B210008070CAF80000D8F8000050F08070C8F8BC
:10B220000000FAF763FB0600DAF8000080014AD458
:10B23000FAF75CFB801B0328F6D3032044E00120CF
:10B2400042E0DFF81093D9F8000080013BD4D9F830
:10B25000000050F08070C9F80000D8F8000050F0ED
:10B260008070C8F80000FAF741FB0600D9F800002A
:10B27000800128D4FAF73AFB801B0328F6D3032079
:10B2800022E00C2C1DD0DFF8CC92D9F8000030F071
:10B290008070C9F80000FAF729FB0600D9F8000011
:10B2A000800106D5FAF722FB801B0328F6D3032082
:10B2B0000AE0D8F80010DFF870030140C8F8001069
:10B2C00001E0012000E00020BDE8FE8F2DE9F04103
:10B2D00004000D00002C01D10120B2E0DFF84C7316
:10B2E000386810F00700A8420BD23868C008C000C8
:10B2F00028433860386810F00700A84201D00120C8
:10B300009FE0207880070DD5DFF84C12086810F018
:10B31000F000A268904205D20A6832F0F002A068FC
:10B3200002430A602078C00742D56068032806D12E
:10B33000DFF82002006880011CD4012081E06068F1
:10B34000022806D1DFF80C020068800312D4012025
:10B3500077E06068002806D1DFF8F8010068800710
:10B3600008D401206DE0DFF8EC010068400501D44D
:10B37000012066E0DFF8E081D8F800108908890034
:10B3800060680143C8F80010FAF7B0FA0600D8F870
:10B39000000010F00C006168B0EB810F08D0FAF7E4
:10B3A000A5FA801B41F289318842F0D3032048E09E
:10B3B000207880070CD56849A0680A6812F0F0026E
:10B3C000904205D20A6832F0F002A06802430A6097
:10B3D000386810F0070085420BD23868C008C000FA
:10B3E00028433860386810F00700A84201D00120D7
:10B3F00027E02078400706D557490A6832F4E06212
:10B40000E06802430A602078000707D552480168C7
:10B4100031F46051226951EAC201016000F013F871
:10B42000DFF8EC114C4A1268C2F30312895C11F088
:10B430001F01C840494908604948006801F04AFCBA
:10B44000C0B2BDE8F0812DE9F0410026002042495C
:10B45000096811F00C01DFF820C1DCF8007017F06A
:10B460000307002903D00C291AD1012F18D1DFF8C6
:10B47000E4E0DEF800805FEA087806D4DFF888E1CF
:10B48000DEF800E0CEF3032E03E0DEF800E0CEF3BA
:10B49000031E674E56F82E6000290CD130000AE0DA
:10B4A000042903D1DFF88CE1704604E0082902D1B9
:10B4B000DFF884E170460C292DD1DCF800E01EF0A5
:10B4C000030E73469E46BEF1020F03D0BEF1030F7A
:10B4D00003D005E0DFF85CE103E0DFF85CE100E0C9
:10B4E000B646DCF80020C2F30212521C1500DCF84C
:10B4F0000020C2F3062202FB0EFEBEFBF5F2DCF8D2
:10B5000000C0CCF3416C1CF1010C5FEA4C0C6446AA
:10B51000B2FBF4FC6046BDE8F0811048006870475B
:10B5200080B5FFF7FAFF45490B4A1268C2F30222C1
:10B53000895C11F01F01C84002BD80B5FFF7EDFF27
:10B540003E49054A1268C2F3C222895C11F01F010C
:10B55000C84002BD0010024008100240480500200B
:10B56000240500202849086810F07E400A6852F43B
:10B5700000020A60704700000C1002407CB5040015
:10B580000025244E3068C00003D501F003FA010005
:10B590000FE0306850F080503060306810F080501C
:10B5A0000090009801F0F6F90100306830F080500A
:10B5B0003060B1F5007F09D1812C15D3A12C02D3C5
:10B5C0000220050010E0012005000DE0812C02D3CF
:10B5D0000320050008E0802C02D10220050003E0D2
:10B5E000702C01D10120050010480268D208D20059
:10B5F0002A430260006810F00700A84201D0012031
:10B6000000E0002076BD00009410024004100240CB
:10B6100018F60008581002400070004090100240D8
:10B62000981002408C809D01FCFFEEFE002002403D
:10B6300030F300080024F40000127A00DCFA00085D
:10B64000704770472DE9F84F82468B4614001D0065
:10B650000026DFF884713878012801D1022047E004
:10B66000012038704CF25038404600F05BF88146BB
:10B670004846C0B2002837D100207860DFF85C016E
:10B680000168490506D5016831F480610160022036
:10B69000387701E000203877BAF1000F07D1220097
:10B6A0002B00584600F071F8012006000FE0BAF1B7
:10B6B000010F02D0BAF1020F09D12100584600F063
:10B6C00071F8BAF1020F02D15FF480200600404603
:10B6D00000F028F88146002E04D0DFF8040101684C
:10B6E000B143016000F09FF8002038704846C0B2B6
:10B6F000BDE8F28F00203A490A68002A09D53C4A81
:10B700003C4B13603C4B13600968002901D50121B3
:10B710000800C0B270473248016851F00041016032
:10B720000020704770B50400FAF7E0F805002D4AD4
:10B730001068C00309D514F1010FF8D0FAF7D6F854
:10B74000401BA042F3D303201EE0116826480140AD
:10B75000002913D0204843680B43436011F0404F49
:10B7600005D0224B1E6811F0404006431E60880041
:10B7700002D021F040401060012005E01068C007B1
:10B7800001D501201060002070BD10B414490C6870
:10B7900054F001040C600260BFF36F8F011D0B6059
:10B7A00010BC704770B4402304000D000C4A1668AA
:10B7B00056F480261660EFF3108272B62E6826606B
:10B7C000241D2D1D5B1E1E00F6B2002EF6D182F345
:10B7D000108870BC7047000028050020002002403F
:10B7E0001420024010200240FAC302001820024038
:10B7F0000820024023016745AB89EFCD10B4DFF884
:10B800009820136833F47E73C40014F4FF64234358
:10B810001360136853F002031360136853F480330A
:10B82000136010BC7047DFF86800017F0A00D2B2D5
:10B83000012A03D00A00D2B2032A11D1DFF8542022
:10B84000136833F400731360136853F400631360D8
:10B85000136833F400631360136853F400731360C8
:10B860000A00D2B2022A03D00A00D2B2032A0CD1B3
:10B87000084A136853F480531360136833F48053F9
:10B880001360136853F480631360002202777047DB
:10B8900028050020002002401420024070470000CC
:10B8A00070B44FF0004591EA030F7CF57BAC6B4020
:10B8B000841A71EB030603D2001BB14112197341C4
:10B8C0004FF4001C1CEB410F34BF7CEB430442E0FF
:10B8D0000C0DA4EB1356352E4FDC45EAC323DB0ACF
:10B8E00045EAC121C912B6F120050DDD63FA05F65E
:10B8F000EB4086EA0305124218BF45F00105C01867
:10B9000051F100010CD213E062FA06F5F240554005
:10B91000F3415A40B340F3405A408018594107D38D
:10B9200049085FEA30005FEA350528BF45F00105A8
:10B9300001F58011420875F1004250F1000041EB21
:10B9400004514E0016F5001F70BC38BF7047002030
:10B95000090D090570471CEB410F10D252EA43064E
:10B960000BD0BCEB410F05D80C0DAB43661E342E3B
:10B97000B6DD02E0AB438018594170BC704770BC23
:10B980007047000090420CD141EA030C50EA4C0C85
:10B9900007D0994205D14FF4001C1CEB410F38BF72
:10B9A0008942704710B5144600F002F8226010BDBD
:10B9B000C1F30A5343B14A0012F5001F28D2A3F283
:10B9C000FE32A1EB0251704750EA410C20D001F049
:10B9D000004C31EA0C01B1FA81F204BFB0FA80F3F5
:10B9E000D2180B3AB2F120032CBF00FA03F19140B8
:10B9F00041EA0C013EBFC2F1200C20FA0CF31943BE
:10BA00009040524240F2FD33D21A01EB035170478D
:10BA1000002270474FF4001C1CEB410F94BF1CEB3D
:10BA2000430F09E041EA030C50EA4C0C52EA0C0CBB
:10BA300003D2994208BF9042704714BF8B428242A2
:10BA4000704700004FF4001C1CEB410F94BF1CEB2F
:10BA5000430F09E041EA030C50EA4C0C52EA0C0C8B
:10BA600003D28B4208BF8242704714BF9942904272
:10BA700070470000F8B52DED0A8B41EC1A0B480019
:10BA80004015109D401C43EC182B23D051EC1A0B91
:10BA900031F0004108BF00281CD051EC180B4800C1
:10BAA0004015401C16D051EC180B31F0004108BF76
:10BAB00000280FD051EC1A0B0022DFF84833FFF7B3
:10BAC000A9FF80F0A38055EC184B9FED800B05F08B
:10BAD0000042ACE051EC1A0B48004015401C02D16A
:10BAE000090340F0898151EC180B48004015401CB7
:10BAF00001D1090353D151EC180B31F0004308BFB9
:10BB0000002A08D151EC1A0B48004015401C46D1C0
:10BB1000090344D10DE048004015401C12D109032F
:10BB200010D151EC1A0B48004015401C37D10903C5
:10BB300035D1AFF30080BDEC0A8B4FF0FF306FF0D2
:10BB40000041F4BD51EC1A0B31F0004108BF002850
:10BB500028D151EC180B4800400D05EB000234D100
:10BB600051EC180B31F0004108BF002806D02A46DE
:10BB700051EC180B00F0CAF941EC180B51EC180B02
:10BB800020F0000231F0004308BF002A05D0480031
:10BB90004015401C03D1090301D1AFF3008051ECE3
:10BBA000180B2BE151EC1A0B48004015401C26D114
:10BBB000090324D153EC1A2B51EC180BBDEC0A8B62
:10BBC00001B0BDE8F040FCF713BA002AC8DD40F22E
:10BBD000FF70824209DB9FED9F0B53EC102B01F0AD
:10BBE00000410B4343EC182BC8E76FF31E5141EAA9
:10BBF000025155EC184B0D4645EC184BBEE755EC81
:10BC0000184B9FED320B05F0004210E001227E4BF5
:10BC1000FFF718FF11D89FED8F0B51EC100B55EC6F
:10BC2000184BAFF3008005F0004040EA010251ECF0
:10BC3000100BBDEC0A8B1146F4BD53EC1A2B734864
:10BC40007349FCF7D5F941EC100B53EC102B9FED29
:10BC5000719B03F0004251EC190B0C46144353EC5A
:10BC6000192B51EC100B2346FCF794FAFCF750FB10
:10BC70000446F9F717FC41EC1B0B53EC1B2B4FF060
:10BC800078406649FCF7B4F902460B4651EC1A0BB2
:10BC9000FFF706FE06460F4653EC1B2B6048614932
:10BCA000FCF7A6F902460B4630463946FFF7F8FD89
:10BCB00041EC1A0B21F0004100225B4BFFF7AAFE7A
:10BCC00008D2B0EE48AAF0EE68AA55E000000000E5
:10BCD0000000000053EC1A2B51EC1A0BFCF788F90A
:10BCE00041EC1B0B53EC1B2B50485149FCF780F9DE
:10BCF000504A514BFCF74EFA53EC1B2BFCF778F9EA
:10BD000041EC1C0B53EC1B2B4C484D49FCF770F9D4
:10BD10004C4A4D4BFCF73EFA53EC1B2BFCF768F9F1
:10BD200053EC192BFCF736FA53EC1A2BFCF760F99D
:10BD300041EC190B53EC1C2BFCF72CFA9FED43AB99
:10BD400053EC1A2BFCF726FA06460F4651EC1C0B57
:10BD500053EC192BFFF7A4FD53EC1A2BFCF71AFA3E
:10BD600002460B4630463946F9F7BEFB53EC182B1A
:10BD7000FCF73EF941EC1A0B51EC1A0B2A1948005A
:10BD8000400D02EB000319D0002B17DD40F2FF70CD
:10BD9000834209DB9FED2F0B53EC102B01F0004188
:10BDA0000B4343EC1A2B16E06FF31E5141EA03518B
:10BDB00055EC1A4B0D4645EC1A4B0CE051EC1A0BA6
:10BDC00031F0004108BF002805D051EC1A0B00F0FB
:10BDD0009DF841EC1A0B51EC1A0B20F0000231F0E7
:10BDE000004308BF002A05D048004015401C03D17D
:10BDF000090301D1AFF3008051EC1A0BBDEC0A8BA3
:10BE0000F4BD000000C89CC000C89C40FE822B65A9
:10BE10004715F73F000000000000E03F422EE63FDC
:10BE2000F2E4D5BCE7E84B3E0000903C112E578170
:10BE3000A03F503F5843128C8F71BC3F4BE8A54147
:10BE4000B752013F0BBDF3DAE8708C3F00000000F1
:10BE50000000F03F000000000000F07FC9B202784F
:10BE60008A421AB11CBF10F8012FF9E718BF002051
:10BE70007047000080B500B906A005490B681BB1EA
:10BE800022220021984701E000F054FF222002BD49
:10BE900010290020636F6E73747261696E7420687C
:10BEA000616E646C65723A20626164206D657373C3
:10BEB00061676500C9B2830706D0521E22D310F80D
:10BEC000013B9942F7D11FE0083A13D302F1040273
:10BED00041EA012141EA014150F8043B121F21BF10
:10BEE0004B40A3F1013C2CEA030C1CF0803FF3D043
:10BEF000C9B2001F083210F8013B521E28BF91EA58
:10BF0000030FF8D818BF0120401E7047124254D4C6
:10BF100040F2FF7C1CEA11530FD0634531D09B18CF
:10BF200063453CBF01EB0251704701F0004141EA1B
:10BF30000C510020AFF30080704750EA410320D03D
:10BF400001F0004C91EA0C011CD0B1FA81F30B3BDB
:10BF50009A420DD9D21A994051EA0C01C3F1200C32
:10BF600020FA0CFC61449840531C40F2FF7CD7E758
:10BF7000914041EA0C01C2F1200C20FA0CF3194364
:10BF800090407047B0FA80F31533202BE0D3202A7D
:10BF9000EED3203A203B9A4209D9D21A00FA03F193
:10BFA00041EA0C010020531C40F2FF7CB8E700FA84
:10BFB00002F141EA0C0100207047524240F2FF7C3E
:10BFC0001CEA11530DD06345DBD0B2EB030C3CBF30
:10BFD000A1EB025170470CF1010221EA035141F437
:10BFE000801150EA410CCCD001F0004C352A27DCFE
:10BFF00030B481EA0C01B2F1200309DAC2F1200366
:10C00000044601FA03F5D0402843D1409C400CE09F
:10C01000C3F12002450020FA03F418BF44F00104E4
:10C0200021FA03F091400C43002174F1004550F1D6
:10C03000000051EB0C01244230BC7FF47BAF704711
:10C040006146002076E70000400D491840EA812053
:10C050000CD2490DA1F58061491C40F0004005DB80
:10C06000D1F11F0154BFC840C0177047002070476E
:10C0700000487047380C002080B52C482C490160DE
:10C080004FF482714160002181604FF4E061C16032
:10C0900000210161002141614FF4007181610021A3
:10C0A000C1610021016200214162002181620721FA
:10C0B000C1620021016308214163FDF7A1FC002852
:10C0C00001D0FDF795FF01BD10B586B00400142224
:10C0D000002101A8FDF78EFF20681549884222D172
:10C0E0001448016851F480410160006810F48040F8
:10C0F000009000981048016851F00201016000684A
:10C1000010F00200009000984FF4204001900220AF
:10C11000029000200390032004900520059001A9BF
:10C120000648F5F769FE06B010BD0000B8250020EE
:10C1300000380040581002404C10024000040048F3
:10C1400010B500240320FEF76EFC0F2000F0C2FDA6
:10C15000002802D00120040001E000F0EFFD2000E3
:10C16000C0B210BD70B586B0142200216846FDF73C
:10C1700041FF6B48016851F004010160016811F052
:10C18000040105910599016851F080010160016881
:10C1900011F0800105910599016851F001010160DC
:10C1A000016811F0010105910599016851F0020142
:10C1B0000160016811F0020105910599016851F0D3
:10C1C00008010160006810F0080005900598554CC2
:10C1D000002243F2C1312000F5F7ADFF00224FF4F9
:10C1E000F8515FF09040F5F7A6FF4F4D0022042173
:10C1F0002800F5F7A0FF4D4E002238213000F5F75A
:10C200009AFF42F2C130009001200190002002907C
:10C210000020039069462000F5F7EEFD4CF21E0069
:10C220000090032001900020029069462000F5F75D
:10C23000E3FD0B200090032001900020029069464E
:10C240003B48F5F7D9FD48F2FF000090032001902C
:10C250000020029069465FF09040F5F7CDFD202068
:10C260000090002001900120029069462000F5F71F
:10C27000C3FD072000900020019001200290694634
:10C280003000F5F7B9FD4FF4A6400090032001906F
:10C290000020029069463000F5F7AEFD4FF4F850EB
:10C2A0000090012001900020029000200390694638
:10C2B0005FF09040F5F7A0FD4FF480500090012012
:10C2C0000190002002900320039069462000F5F7BA
:10C2D00093FD042000900120019000200290002096
:10C2E000039069462800F5F787FD1820009001208B
:10C2F0000190002002900020039069463000F5F77D
:10C300007BFD20200090012001900020029003205E
:10C31000039069463000F5F76FFD06B070BD00BFB1
:10C320004C10024000080048000C0048000400487F
:10C33000001C004880B51648016851F002010160F8
:10C34000016811F0020100910099016851F00101AA
:10C350000160006810F001000090009800220021A8
:10C360000D20FEF766FB0D20FEF778FB0022002172
:10C370000F20FEF75EFB0F20FEF770FB002200216E
:10C380004520FEF756FB4520FEF768FB01BD00BFC8
:10C390004810024018B591B01422002101A8FDF701
:10C3A00029FE042200216846FDF724FE2C220021EC
:10C3B00006A8FDF71FFE484C48482060002060603A
:10C3C0007F20A060FF20E0600020206100206061ED
:10C3D0000020A0610020E061200000F0CBFC0028DC
:10C3E00001D0FDF705FE00208DF8040000208DF837
:10C3F000050000208DF80600002004900020059024
:10C40000012201A9200000F01AFD002801D0FDF74B
:10C41000EFFD01208DF8000001208DF801000120C2
:10C420008DF8020000208DF80300012269462000EB
:10C4300000F0B3FD002801D0FDF7DAFD00208DF8F3
:10C44000180000208DF8190000208DF81A00002037
:10C4500007900020099000200A9000200B900020F7
:10C460000D9000200E9001208DF83C004FF480705C
:10C470001090012206A9200000F01EFE002801D025
:10C48000FDF7B6FD12B010BD10B598B004006022E3
:10C4900000216846FDF7AEFD20681049884219D199
:10C4A0005FF4003000904FF4007017906846FDF77D
:10C4B000ABFD002801D0FDF79BFD0948016851F450
:10C4C00000410160002200212920FEF7B2FA292054
:10C4D000FEF7C4FA18B010BD002800200028004064
:10C4E0009010024010B5040001F0EFF8012010BDDB
:10C4F00038B50400DFF85814087800280ED1012060
:10C500000870DFF850048088DFF84C1408802100A0
:10C51000C9B2DFF84804F9F746FB22E0DFF8380437
:10C52000DFF83054AA8803889A4212D1002008709C
:10C53000AA8829680220F5F785FE92A10220F5F766
:10C5400097FE0121280001F065F92800F5F75CFE4F
:10C5500007E0A98801802100C9B2DFF80004F9F7DB
:10C5600022FB012032BD10B50400FEF7F6FA0120CF
:10C5700010BD10B50400DFF8E8130320F5F786FEC0
:10C580000421DFF8D803F9F70EFB012010BD0100EC
:10C590000120704701000120704701000120704711
:10C5A00080B500F0AFFF01F023FA01BD1CB500F02B
:10C5B00039F801F0AAFAF5F7EDFEF7F7CDFEDFF84E
:10C5C000A443002000900FF2291300225FF0FF31F6
:10C5D000200000F0A1FFDFF89013200001F058F8D0
:10C5E000200000F0BFFF13BDF8B50024FFF7D8FF0F
:10C5F000FFF7DCFF00F096F8012803D14FF4FA6052
:10C60000FAF7D8FA002500F01DF806002E4301F0D5
:10C6100087FA07003743F7F7CBFE38430400F5F7F6
:10C6200046FFEFE780B500F099F800F09BF80FF2B5
:10C63000B500DFF8381308600FF2D100DFF83013CF
:10C64000086001BD70B50020002400252800C0B29C
:10C6500007283ADAC14E2800C0B2000130444078C1
:10C66000012830D12800C0B2042801D001200400E4
:10C670002800C0B200013044406800280ED0F9F70D
:10C6800035F92900C9B2090131444968401A290025
:10C69000C9B2090131448968884214D300202900B5
:10C6A000C9B2090131444870F9F720F92900C9B22B
:10C6B0000901314448602800C0B22900C9B209010B
:10C6C0003144C96888476D1CC0E7A44A92F841000C
:10C6D000002803D104211000F9F765FA2000C0B248
:10C6E00070BD000080B500219C48F9F74DFA01BDEE
:10C6F00010B504009F490320F5F7BAFD05219748BE
:10C70000F9F742FA00F001F810BD704738B504009F
:10C710000D004FF47A732A0092B221009648FAF77E
:10C720009AFA31BD38B500250024FEF71BFF010041
:10C73000880110D4C8000ED488000CD448000AD454
:10C74000002908D4480102D50120040003E00801B3
:10C7500001D5012004002000C0B232BD80B5FAF737
:10C7600021F801BD80B5012284498348FAF7D9FA3E
:10C77000002201214620FEF75CF94620FEF76EF903
:10C7800001BD00000D0A000070472DE9F0410400D2
:10C79000002500217A4A16887A4FF869002823D1AB
:10C7A0006C48828812FA84F2B2F5966F01D30022A7
:10C7B00082805FF000084146220089B292B2914225
:10C7C0000ED2016882881144424692B26E4BC44632
:10C7D0001FFA8CFC13F80C308B5418F10108EAE7AF
:10C7E00081886118818077E03000230080B29BB29D
:10C7F000984229D2A01B05005648838813FA85F376
:10C80000B3F5966F01D3002383805FF000084146A3
:10C810002B0089B29BB2994212D2016883881944D5
:10C8200043469BB2DFF860C1C6461FFA8EFE1EFA71
:10C8300086FE1CF80EC001F803C018F10108E6E7F7
:10C8400081886918818046E0D6F164000500414B7B
:10C85000988810FA84F010FA85F0B0F5966F01D33D
:10C860000020988000200100AC4689B21FFA8CFCA1
:10C87000614513D21968B3F804C0614484461FFAB5
:10C880008CFCDFF804E180461FFA88F818FA86F875
:10C890001EF808E001F80CE0401CE4E75FF0000837
:10C8A0004046210080B289B2884210D21868998827
:10C8B0000844414689B2DFF8D0C0C6461FFA8EFE52
:10C8C0001CF80EC000F801C018F10108E8E79988CB
:10C8D0002819411899801480F86900280AD1642227
:10C8E00029492548FEF774F93868006830F00400DB
:10C8F0003968086001211948F9F746F9BDE8F08167
:10C900000100224801600020704780B5204801687E
:10C9100051F480410160016831F4804101601648A2
:10C92000FAF7AAF8002002BD38B504000D00104A3D
:10C930001068002804D0290089B2200012689047AE
:10C940000020124909688847002032BD000000001D
:10C950002A290020C40500201C2900204C050020A5
:10C96000D4F400087028002080A90300FC280020CF
:10C970000C2900209CF400082021002029290020F7
:10C980001A290020802600201C260020E8280020EC
:10C9900040100240DFF88000006810F4C06070476B
:10C9A0000200B2F5007F26D1DFF86C00036813F4B3
:10C9B000C063B3F5007F2CD0036833F4C06353F435
:10C9C00000730360DFF85400036832204343DFF84C
:10C9D0005000B3FBF0F0401C0100DFF84800036892
:10C9E0005B0503D5002901D0491EF6E70068400524
:10C9F0000FD503200EE0DFF82000036813F4C063B6
:10CA0000B3F5806F05D0036833F4C06353F48063DB
:10CA100003600020704700000070004048050020BF
:10CA200040420F001470004080B501221749184899
:10CA3000FAF777F9002201212520FDF7FAFF2520DA
:10CA4000FEF70CF801BD704738B504000D480F49DA
:10CA50000A78036885885A558288521C82808288A9
:10CA600040F2FF139A4201D300228280012208483B
:10CA7000FAF757F901200449087002210548F9F72F
:10CA800092F831BD280C00203329002032290020E3
:10CA9000A82100202C0700202DE9F84785B00500CB
:10CAA0000E0014001F000020ADF802005FF0000A25
:10CAB000DFF80C22107AA84202D27FF0040055E081
:10CAC000D0683040B04202D07FF005004EE05068A0
:10CAD000002806D0002C04D00DF1020101A85268F4
:10CAE00090470DF1380843463A004FF40071DFF8E3
:10CAF000DC0101F020F9814600F0CFF86946BDF86D
:10CB0000020010EB090080B200F076F810F1010F7E
:10CB100028D05FF0000A5046BDF8021080B288426B
:10CB200010D201A8514689B2405CDFF89811BDF8D7
:10CB300000208854BDF80000401CADF800001AF138
:10CB4000010AE8E743463A004FF40071DFF8740148
:10CB5000BDF800C0604401F0EEF800F0A3F800F06A
:10CB600008F803E000F09EF87FF0020006B0BDE890
:10CB7000F08770B50024002500F099F8002837D11F
:10CB800000F08BF84E4E308A718A88422ED0B078F1
:10CB900001280ED13188308A091AB1820220B07082
:10CBA00000203080B08A002803D10020B07000201F
:10CBB0003082B07800280CD1308A718A884204D241
:10CBC000718A308A091AB18203E0308AD0F5806018
:10CBD000B0823C48318A0844050000F079F8B18AF7
:10CBE0002800394A92689047040001E000F05AF8A2
:10CBF000200040B270BD000070B402005FF0FF3052
:10CC00002F4B5C8A1D8AAC4216D15C8AD4F58064B5
:10CC100015002600ADB2B6B2B5422BD315001E8A60
:10CC2000ADB2B54226D201259D705D8A1D801D8A58
:10CC30002C0000255D821DE01C8A5D8AAC4216D264
:10CC40005C8AD4F5806415002600ADB2B6B2B54258
:10CC500010D315001E8AADB2B5420BD201259D70CE
:10CC60005D8A1D801D8A2C0000255D8202E01D8AE0
:10CC70005C8A2C1B15002600ADB2B6B2B54209D2B3
:10CC80005D8A0D805D8A15FA82F5AD05AD0D5D8278
:10CC90000023180000B270BC70470948C18A491CC3
:10CCA000C18270470648C18A491EC1827047044844
:10CCB000C08A002801D1002000E001207047000058
:10CCC0005828002028150020F0F800082819002016
:10CCD0007047000038B50400002513490878002883
:10CCE0001DD04FF47A700978B0FBF1F00F49096854
:10CCF000B1FBF0F0FDF7C0FE00280DD1102C08D2DA
:10CD0000002221005FF0FF30FDF793FE0848046029
:10CD100007E00120050004E00120050001E00120FA
:10CD200005002800C0B232BD730C00204805002069
:10CD300024050020012001F0EFB8000081B00B486D
:10CD4000016851F001010160006810F001000090DD
:10CD500000980748016851F080510160006810F0A8
:10CD600080500090009801B0704700BF60100240F2
:10CD70005810024070B504000125002C5CD094F8D6
:10CD80002100002805D1002084F820002000FFF7B2
:10CD90007BFB022084F821002068C068C00642D4D2
:10CDA000CA2021684862532021684862200000F0B0
:10CDB0002AFB06003000C0B200281AD12068816822
:10CDC000DFF8E806014020688160206881686268B9
:10CDD00020690243A0690243114320688160E06832
:10CDE0002168086120680069A16850EA0140216853
:10CDF0000861200000F02DFB05002800C0B20028CB
:10CE00000DD12068C06C800880002168C86420684B
:10CE1000C16CE2696069024311432068C164FF206C
:10CE20002168486201E0002005002800C0B2002807
:10CE300002D1012084F821002800C0B270BD2DE984
:10CE4000F04705000E00140095F82000012801D1DC
:10CE500002206DE0012085F82000022085F82100E5
:10CE6000CA2029684862532029684862280000F0D7
:10CE7000CAFA80464046C0B200284AD1002C20D1D0
:10CE800028688068400601D40020F070307800F0F7
:10CE90001FFB8246707800F01BFB8146B07800F0E3
:10CEA00017FB5FFA8AFA5FFA89F95FEA092959EAFA
:10CEB0000A49C0B250EA0909F07859EA80594F4648
:10CEC00010E028688068400601D40020F0703078B7
:10CED0007178090251EA0041B0780143F07851EAD3
:10CEE00080510F00DFF8C8053840296808602868BD
:10CEF000806830F480202968886028688168F2683A
:10CF000030690243114328688160280000F0A1FACB
:10CF10008046FF20296848624046C0B2002802D1FE
:10CF2000012085F82100002085F820004046C0B28D
:10CF3000BDE8F087F8B505000E0014002868806A87
:10CF40007060286800694004400CB0602868076879
:10CF5000DFF85C0507403800000C10F03F0030702F
:10CF60003800000A10F07F00707017F07F00B0707A
:10CF70003800800D10F00100F070002C0BD13078DB
:10CF800000F0B4FA3070707800F0B0FA7070B078D9
:10CF900000F0ACFAB0700020F2BD2DE9F0410500C0
:10CFA0000E00140095F82000012801D1022058E05D
:10CFB000012085F82000022085F82100002C07D1EF
:10CFC0007078C00604D5707810F0EF000A307070E9
:10CFD000002C16D1F07800F07BFA8046707800F0D3
:10CFE00077FA0700B07800F073FA5FFA88F8FFB2BA
:10CFF0003F0257EA0847C0B20743307857EA403744
:10D0000009E0F07877783F0257EA0047B0780743A5
:10D01000307857EA4037CA20296848625320296887
:10D020004862280000F0EFF980464046C0B2002870
:10D0300008D1DFF88004384029684860280000F0F3
:10D0400008FA8046FF20296848624046C0B200289E
:10D0500002D1012085F82100002085F820004046FB
:10D06000C0B2BDE8F081F8B505000E0014002868D4
:10D070004768DFF8400407403800000CF0703800C3
:10D08000000A10F01F00707017F03F00B0703800F9
:10D09000400B10F007003070002C0BD1F07800F03E
:10D0A00025FAF070707800F021FA7070B07800F016
:10D0B0001DFAB0700020F2BD2DE9F84305000E0006
:10D0C000140095F82000012801D10220E5E001209C
:10D0D00085F82000022085F82100002C2DD1286839
:10D0E0008068400601D40020F070306A0028FFD02C
:10D0F000307800F0EDF98046707800F0E9F907002B
:10D10000B07800F0E5F9814696F8240000F0E0F9E7
:10D110005FFA88F8FFB23F0257EA08475FFA89F9D9
:10D1200059EA0707F17857EA8157C0B257EA006712
:10D13000306A07437069074317E028688068400633
:10D1400001D40020F070307877783F0257EA00472A
:10D15000B0780743F07857EA805796F8240057EAEA
:10D160000067306A074370690743D6F80480F069A6
:10D1700050EA0808CA202968486253202968486292
:10D18000B06AB0F5807F39D12868806830F480704B
:10D19000296888602868C06810F0800070F4C0704A
:10D1A0002968C860F8F7A2FB81462868C068C007F4
:10D1B00012D4F8F79BFBB0EB090040F2E93188424A
:10D1C000F3D3FF2029684862032085F8210000205E
:10D1D00085F82000032060E02868C7612868C0F84F
:10D1E00044802868806850F48070296888602868C6
:10D1F000806850F480502968886038E0286880682A
:10D2000030F40070296888602868C06810F08000D9
:10D2100070F420702968C860F8F768FB81462868B8
:10D22000C068800712D4F8F761FBB0EB090040F248
:10D23000E9318842F3D3FF2029684862032085F84A
:10D240002100002085F82000032026E028680762DE
:10D250002868C0F848802868806850F40070296801
:10D2600088602868806850F4005029688860DFF87A
:10D270004802016851F480210160DFF84002016832
:10D2800051F480210160FF2029684862012085F85F
:10D290002100002085F820000020BDE8F28370B551
:10D2A00004000D0094F82000012801D1022062E062
:10D2B000012084F82000022084F82100CA2021687F
:10D2C0004862532021684862B5F5807F24D12068E8
:10D2D000806830F48070216888602068806830F44D
:10D2E000805021688860F8F701FB06002068C0685C
:10D2F000C00736D4F8F7FAFA801B40F2E9318842C9
:10D30000F4D3FF2021684862032084F82100002024
:10D3100084F8200003202EE02068806830F400703C
:10D32000216888602068806830F400502168886037
:10D33000F8F7DCFA06002068C068800711D4F8F717
:10D34000D5FA801B40F2E9318842F4D3FF202168EE
:10D350004862032084F82100002084F82000032084
:10D3600009E0FF2021684862012084F821000020A4
:10D3700084F82000002070BD10B504005FF4802008
:10D380004F49086020688068C0040ED52068C068D6
:10D39000C0050AD52068C06810F0800070F4C07025
:10D3A0002168C860200000F049FE20688068800481
:10D3B0000ED52068C06880050AD52068C06810F0C6
:10D3C000800070F420702168C860200000F082FFA7
:10D3D000012084F8210010BD38B5040039482168C7
:10D3E000C860F8F783FA05002068C068800608D492
:10D3F000F8F77CFA401B40F2E9318842F4D303206D
:10D4000000E0002032BD70B5040000262068C0682E
:10D4100040061BD45FF0FF302168C860F8F766FA59
:10D4200005002068C068400610D43000C0B2032850
:10D430000CD0F8F75BFA401B40F2E9318842F0D398
:10D4400003200600032084F82100EAE73000C0B280
:10D4500070BD70B5040000251B48016831F08001E3
:10D4600001601A4E306880060AD42000FFF7B4FF2E
:10D47000002817D0032084F821000320050011E0C4
:10D48000306830F0200030602000FFF7A5FF002852
:10D4900004D0032084F8210003200500306850F0F8
:10D4A000200030602800C0B270BD0000BFFF8FFFB9
:10D4B0007F7F7F003FFFFF00000401400804014020
:10D4C000140401405FFF03000C28004008280040BE
:10D4D0000100002208000300DBB20A2B02D3521C19
:10D4E0000A38F8E750EA0210C0B270470100C9B22A
:10D4F00009090A2211FB02F110F00F004018C0B216
:10D500007047000080B50020DFF800130860DFF8E6
:10D5100000030068804702BD2DE9F04104000D00C2
:10D5200016001F00DDF81880002C18D038000028E5
:10D5300015D0002020602800DFF8D412496A8847FF
:10D54000606000202072002060720020A072E760FE
:10D55000C4F81080E67200206061002000E0012025
:10D56000BDE8F0812DE9F04704005FF00008002CD1
:10D570003BD0200000F002F9002836D1607A002864
:10D5800033D160680700DFF88892D9F8200080471F
:10D590000600B74200D23700276000202072012029
:10D5A00060720020A072DFF864A2DAF800000028A0
:10D5B00006D1D9F810008047200000F019F916E0D4
:10D5C000D9F81800804705002068281820602068D6
:10D5D000DAF800100968884203D2200000F008F948
:10D5E00005E0200000F0EDF801E001208046404613
:10D5F000C0B2BDE8F0872DE9F04105000026002DFE
:10D6000040D0DFF80882D8F80070D8F80040012038
:10D61000A872D8F80000002836D000206872D8F828
:10D620000000A8421AD10020D8F800100872D8F8DB
:10D6300000004069002809D0D8F800004069C8F807
:10D640000000D8F8000000F0A6F818E0DFF8C001EC
:10D65000C06880470020C8F8000010E0002C0ED001
:10D66000AC4209D16069002802D064697C6102E0A3
:10D67000002004007C6102E027006469EEE70020DE
:10D68000060001E0012006003000C0B2BDE8F081D4
:10D6900070B504000D000026002C02D10120060008
:10D6A00010E028005A49496A88476060200000F06D
:10D6B00065F8002806D02000FFF79DFF2000FFF747
:10D6C00051FF06003000C0B270BD2DE9F843504D47
:10D6D000686980470600286980470700B7EB06089D
:10D6E000DFF82891D9F8000000280FD0D9F8000001
:10D6F00004002068804504D22068B0EB0800206058
:10D7000001E0002020606469002CF2D1D9F800000B
:10D71000002824D0D9F800000068002806D0A869A5
:10D720008047D9F800100968814218D2D9F8000062
:10D730000400D9F800004069C9F8000000202072F8
:10D74000002060722069E1688847E07A0128DDD115
:10D75000A07A0028DAD12000FFF704FFD6E7D9F835
:10D760000000002808D0D9F80000007A002803D172
:10D77000D9F8000000F00FF8BDE8F183020023485B
:10D780000168002905D0914201D1012002E04969D8
:10D79000F7E70020704770B504001D4D286A8047E8
:10D7A000060001202072A869804721683018814254
:10D7B00003D2A8698047301820602068A96888478C
:10D7C00070BD10B411490A6809684B695169002994
:10D7D00009D019680468A14202D21A005B69F5E712
:10D7E0005061436102E050610021416110BC70470B
:10D7F00038B5050005480468002C01D000212172CD
:10D800006C6105600068FFF7C6FF31BD002900208C
:10D8100060F300082DE9FC4704000D005FF0FF36BF
:10D8200000226E4BD3E90001CDE900015FF0000951
:10D830004846A18880B2884224D22068494689B2ED
:10D84000405C3D2805D02068494689B2405C3F28AD
:10D8500000D117E02068494689B2405C41280EDBC0
:10D860002068494689B2405C5B2808DA206849464E
:10D8700089B2405C203021684A4692B2885419F13E
:10D880000109D5E700273800C0B2412880F2A28004
:10D89000DFF84C8121003800C0B20001404408305C
:10D8A00000F019FD0600002E00F192803800C0B291
:10D8B000000140444068002800F08A803800C0B26F
:10D8C000000140444068002808D14FF47A73A288D0
:10D8D00021004448F9F7BFF901207CE0DFF808A1F6
:10D8E0005046F4F791FC0020010089B2A288921BF7
:10D8F000914223DA21683144020092B2895C3F29C7
:10D900000AD021683144020092B2895C3D2903D0DB
:10D91000BAF80410802900DB10E0216831440200CD
:10D9200092B2895CDAF80020BAF80430D154BAF81F
:10D930000410491CAAF80410401CD5E73900C9B2EC
:10D9400009014144898916FA81F6B1464846A18801
:10D9500080B2884226D22068494689B2405C0D28B0
:10D960000CD1484680B2A188491E884206DA206858
:10D97000494689B2084440780A2813D0BDF804000B
:10D9800080280CD22068494689B2405C0099BDF8D5
:10D9900004208854BDF80400401CADF8040019F1BF
:10D9A0000109D3E7114805702800C0B2401E0128C4
:10D9B00002D9801E09D009E0002168463A00D2B29F
:10D9C000120142445268904700E0FFE7012002E064
:10D9D0007F1C58E70020BDE8F68700BF34FB000835
:10D9E0001008002020210020080800202F290020F6
:10D9F00010B586B0DFF84840002201A92000FFF7EB
:10DA000099FA002269462000FFF72DFBDFF8340069
:10DA10009DF8061081709DF8051041709DF8041066
:10DA200001709DF80010C1709DF8021001719DF801
:10DA3000011041719DF80310817106B010BD000006
:10DA400000280020C028002010B504000122102169
:10DA50005448F4F770FB012010BD70B50400524D1E
:10DA6000524E30786978884207D05148697850F82A
:10DA7000210000F02BF8687830702100C9B24D48C1
:10DA8000F8F791F8012070BD10B504004A48C0783D
:10DA9000012802D14948F7F7F2FA03214548F8F77F
:10DAA00082F84648F4F7B0FB012010BD10B5040021
:10DAB0003F483D49497850F8210000F007F821001F
:10DAC000C9B23C48F8F76FF8012010BD10B504004A
:10DAD0003B483C4901604460002181600021C160F5
:10DAE000002101610C214161002181610021C1619E
:10DAF0000021016200214162F9F770F8002801D08D
:10DB0000FCF776FAFEF790FF10BD80B5F7F79FFAA5
:10DB100027482549497850F82100FFF7D7FF01BD74
:10DB200070B50020002400252800C0B2042836DA91
:10DB3000204E2800C0B200013044407801282CD18A
:10DB4000012004002800C0B20001304440680028D1
:10DB50000ED0F7F7CBFE2900C9B20901314449685C
:10DB6000401A2900C9B2090131448968884214D396
:10DB700000202900C9B2090131444870F7F7B6FE08
:10DB80002900C9B20901314448602800C0B2290007
:10DB9000C9B209013144C96888476D1CC4E7200037
:10DBA000C0B270BD00040048700C00202B2900207A
:10DBB000F80600202C070020F0280020280C002068
:10DBC000A8210020003801400200002011680978D7
:10DBD00030290CDB116809783A2908DA11684B1CE6
:10DBE00013600A23097803FB00103038EEE7704712
:10DBF0002DE9F04F91B00400DDF868801B9D1C9E5C
:10DC0000DFF808030768700603D5DFF8040300682F
:10DC10000700022B01DB252B01DB002088E0F00749
:10DC200002D55FF0300C01E05FF0200C5FF0000ED9
:10DC3000B00706D5002A04D52D2086465242B8F1F9
:10DC400001085FF00009002A06D13020EA460AF8F0
:10DC5000090019F1010910E0002A0ED010009A46BF
:10DC6000B0FBFAFB0AFB1B00385CEA460AF8090025
:10DC700019F10109B2FBF3F2EEE74D4500DA4D462A
:10DC8000B8EB0508F0070DD44046B0F101080128B3
:10DC900008DB20202070641C491E002901D12000CF
:10DCA00046E0F1E77046C0B2002807D084F800E0F3
:10DCB000641C491E002901D1200039E04046B0F122
:10DCC0000108012808DB84F800C0641C491E0029F3
:10DCD00001D120002CE0F1E72800451E814508DA3B
:10DCE00030202070641C491E002901D120001FE053
:10DCF000F2E74846B0F1010901280ADB684610F84E
:10DD000009002070641C491E002901D120000FE089
:10DD1000EFE74046B0F10108012808DB2020207021
:10DD2000641C491E002901D1200001E0F1E7200018
:10DD300011B0BDE8F08F2DE9F74F88B005001E0047
:10DD40000998012801DA0020DDE0AA460A98007847
:10DD5000002806D1BAEB05000999491E8842C0F295
:10DD6000CC80BAEB05000999491E884280F2C58033
:10DD70000A980078252806D00A9800788AF80000CA
:10DD80001AF1010AB5E0002080460A98401C0A906A
:10DD90000A980078302801D158F001085FF0FF3B65
:10DDA000D9460A980078302807DB0A9800783A2884
:10DDB00003DA0AA8FFF708FF8146CDF81CB0CDF8BA
:10DDC00018B00A2005900A980078582843D0632894
:10DDD0000AD0642844D0692842D0732816D0752808
:10DDE00040D0782839D03EE0B9F10109B9F1010FEE
:10DDF00005DB20208AF800001AF1010AF4E73068F8
:10DE0000361D8AF800001AF1010A72E03068361DEA
:10DE10000400002C01D13F4804002000F7F70AFB62
:10DE200004904846B0F101090499814205DA2020A6
:10DE30008AF800001AF1010AF3E7002007000498AD
:10DE4000874207DA20788AF80000641C1AF1010A78
:10DE50007F1CF4E74DE058F040081020059026E0C4
:10DE600058F0020823E00A980078252804D02520DD
:10DE70008AF800001AF1010ABAEB05000999491E57
:10DE8000884214DA0A980078002806D00A980078A8
:10DE90008AF800001AF1010A02E00A98401E0A906E
:10DEA000BAEB05000999491E884200DA21E006987C
:10DEB0006C2803D13068361D039009E05FEA887052
:10DEC00003D53068361D039002E03068361D03909C
:10DED000CDF8088007980190CDF80090059B039A33
:10DEE0000999491EBAEB0500091A5046FFF780FE52
:10DEF00082460A98401C0A9028E700208AF8000011
:10DF0000BAEB050528000BB0BDE8F08F300C0020FF
:10DF1000340C00203CFB000880B5AFF30080024ABF
:10DF200011001820ABBEFBE72600020080B5DFF829
:10DF30007003DFF870130160002141601F218160D0
:10DF400040F2FF31C16000210161002141610021E7
:10DF500081610021C161FEF70DFF002801D0FCF7AF
:10DF600047F801BD38B5DFF84043207800280FD1CD
:10DF7000FFF7DCFFDFF828534FF480712800FFF72C
:10DF80008EF9280000F09AFA00F01CF801202070A9
:10DF9000002032BD10B50400200000F055F800202C
:10DFA00010BD80B5DFF8F8020168C96811F0800182
:10DFB00071F4C0710268D1604FF48071FFF76FF99E
:10DFC000002002BD10B5DFF8E442211D14F1180055
:10DFD00000F01DF92060206810BDDFF8D002006855
:10DFE000704780B586B001A9684600F010F9AF49C6
:10DFF0000968401A07B000BD10B586B00024AA48D1
:10E000000078012804D101A9684600F000F9040055
:10E01000200006B010BD0320704700B58021A1FB91
:10E0200000017D220023F9F7CBFE00BD7D21A1FB7D
:10E030000001C00940EA4160C909704710B50400F9
:10E040009B480068804710BD2DE9F04F99B004004F
:10E050004021002209AD2800F7F700FF5FF000081B
:10E060005FF0000A002600275FF0000B8F4D04A828
:10E07000291D1422F9F760FEA8690390FFF791FFAC
:10E0800040F2FF30059D451B20008005800D45199D
:10E09000A40A9DF80E908748844204D38648041948
:10E0A00019F10109F7E79DF81080B4F5616F04D309
:10E0B000B4F5616418F10108F7E79DF811703C2C84
:10E0C00002D33C3C7F1CFAE79DF81200210051FA74
:10E0D00080F6280080B2B0F5806F03DBB5F580656F
:10E0E000761CF6E7300080B23C2802D33C3E7F1C11
:10E0F000F8E7380080B23C2803D33C3F18F1010810
:10E10000F7E7404680B2182804D3B8F1180819F18F
:10E110000109F6E79DF80F00042190FBF1F201FBE5
:10E120001200002817D165499DF80D00084410F829
:10E13000010C4A4680B292B2904223D21FFA89F96A
:10E1400048469DF80D20114411F8011C90FBF1F98F
:10E1500001FB190916E05A499DF80D00084410F812
:10E16000010C4A4680B292B290420BD21FFA89F952
:10E1700048469DF80D20114411F8011C90FBF1F95F
:10E1800001FB1909DFF83CA140F2FF31280080B201
:10E19000091ACAF804105FF02060CAF81C008AF857
:10E1A00002608AF801708AF800808AF824909DF84D
:10E1B00013008AF803000020CAF820005FF0004036
:10E1C000CAF814004FF48070CAF828000020CAF87A
:10E1D0000C000020CAF81000002251463048FEF71B
:10E1E0006BFF002810D0DAF8040002909AF80200C1
:10E1F00001909AF8010000909AF800309AF82420D3
:10E20000314909A8F7F7FAFA19B0BDE8F08FF8B567
:10E2100004000D000026224F002221003800FEF7E6
:10E2200022FF002229003800FEF784FEE17840F248
:10E23000B5504143C91C8908E078042290FBF2F3F1
:10E2400002FB1300002801D1204A00E0204A637835
:10E250003D2043433C3B022093FBF0F041186078A3
:10E26000401EC0B240001300C34013F00303C91A9C
:10E27000A078401E41180F484143AB786E783C208F
:10E280004643F3182E784FF4616000FB06335918AB
:10E29000890201F2FF316868091A0800F2BD000026
:10E2A00000280020002800403429002024280020D5
:10E2B000FC2800208051010080AEFEFF64FA0008B7
:10E2C00058FA00088427002048F4000850554400FC
:10E2D000A0AA990070472DE9FE4F04000D00002010
:10E2E000002600270021ADF804105FF001085FF060
:10E2F00000095FF0000A21680978212901D1012174
:10E300008A465FF0000B584600B2A988884272DA4C
:10E3100020685146C9B2405C29685A4612B2895CED
:10E32000884265D1012080465046C0B2401C06009C
:10E33000002081460020ADF80400300000B2A18822
:10E3400088424ADA2068310009B2405C7C281ED13C
:10E35000BDF90400002804D10120814616EB0B0012
:10E36000070001A800903B001BB22A002100701C8E
:10E3700000B200F059F880464046C0B2012806D1EC
:10E380005146C9B2584600B200F03DF839E048465F
:10E39000C0B200280FD12068310009B2405C296862
:10E3A0005A4612B21144320012B2895C884202D03D
:10E3B0000020804611E04846C0B2002801D1761CFA
:10E3C000BBE73000BDF9041000B2884203DABDF9A2
:10E3D00004000600B1E7761CAFE74046C0B2012852
:10E3E00006D15146C9B2584600B200F00CF808E018
:10E3F0001BF1010B87E75146C9B25FF0FF3000F017
:10E4000002F8BDE8FE8F02000800C0B2002802D169
:10E41000100000B207E0100000B2002802D45FF044
:10E42000FF3000E000207047F0B50400059D01209A
:10E43000002637003FB207FA84F7B1F804C06745F9
:10E440003ADA0F68A4460FFA8CFC6744B4460FFA18
:10E450008CFC17F80C707C2F03D137192F8000B279
:10E460002BE09788B4460FFA8CFC0CFA83FC6745C6
:10E4700006DAB2F904707F1C2F805FF0FF37380096
:10E480000F68A4460FFA8CFC6744B4460FFA8CFC64
:10E4900017F80C70D2F800C09E460FFA8EFEF444B6
:10E4A000B6460FFA8EFE1CF80EC0674502D05FF02C
:10E4B000FF373800761CBCE700B2F0BD010091F8D0
:10E4C0002000012801D102201BE0012081F820005A
:10E4D000022081F82100CA200A68506253200A688D
:10E4E00050620868806850F020000A689060FF2041
:10E4F0000A685062012081F82100002081F8200084
:10E500000020704700000000000000000000F0BF85
:10E5100000000000000000800000000000000080FB
:10E520000000000000000000000000C05294EEBF98
:10E5300000000048204E51BE000000F86467BCBCDB
:10E540000000000000000000000000208133EDBF4B
:10E5500000000080B3DB14BE000000506706A3BCBF
:10E560000000000000000000000000D0E9DCEBBF6C
:10E5700000000008C39259BE00000080B0D3B8BCB0
:10E58000000000000000000000000070F98FEABFEA
:10E59000000000C0A51028BE000000E8BFC0B0BC4D
:10E5A000000000000000000000000070284CE9BFDF
:10E5B00000000060134B42BE000000C03D20B8BC0C
:10E5C000000000000000000000000050FA10E8BF4A
:10E5D000000000C05FF62BBE000000905C71A7BC7D
:10E5E000000000000000000000000020FCDDE6BF8D
:10E5F000000000C0F8F154BE00000018E9F6B9BCF4
:10E600000000000000000000000000D0C3B2E5BF21
:10E6100000000070E43254BE00000050DB06B4BCC1
:10E62000000000000000000000000010EF8EE4BFBA
:10E6300000000020F36252BE000000C02A879ABC8E
:10E640000000000000000000000000B02272E3BFE4
:10E65000000000F0E8E056BE00000028352DBDBCEB
:10E660000000000000000000000000000A5CE2BFA3
:10E67000000000B0FA8E41BE00000040AE6FBDBC8D
:10E68000000000000000000000000000564CE1BF48
:10E69000000000F015CD5FBE00000000141C90BC0F
:10E6A000000000000000000000000040BD42E0BF8C
:10E6B00000000030F93457BE000000E06C1E93BC2F
:10E6C0000000000000000000000000E0F57DDEBF5B
:10E6D000000000B08A535EBE00000080DA77AABC5A
:10E6E0000000000000000000000000C09D81DCBFB1
:10E6F00000000000FFA226BE0000006057E2B0BC90
:10E70000000000000000000000000060F98FDABF88
:10E71000000000580A8151BE000000F05F60B8BCE4
:10E7200000000000000000000000000098A8D8BF12
:10E73000000000607A7F45BE000000D05433A3BCC7
:10E740000000000000000000000000600FCBD6BFFA
:10E75000000000D091CB40BE000000406D1BA0BC6B
:10E760000000000000000000000000A0FBF6D4BF85
:10E7700000000098C5CE52BE000000003A397EBCB1
:10E780000000000000000000000000E0FE2BD3BFEE
:10E790000000004073872BBE00000000926879BC27
:10E7A000000000000000000000000040C069D1BF70
:10E7B00000000058F16353BE00000080438D7CBC14
:10E7C000000000000000000000000080D85FCFBF04
:10E7D000000000181F8354BE000000B03F42A2BCDE
:10E7E00000000000000000000000008067FCCBBFBC
:10E7F00000000060FAFF53BE00000050E00DB8BCFE
:10E8000000000000000000000000000098A8C8BF41
:10E81000000000607A7F35BE000000C0543393BC16
:10E82000000000000000000000000000DC63C5BF25
:10E8300000000058D6FF54BE00000000396490BCB0
:10E840000000000000000000000000C0AD2DC2BFAD
:10E8500000000080A45915BE000000E0484BABBC8E
:10E860000000000000000000000000801A0BBEBF86
:10E8700000000050BF3C5ABE000000A0B364B6BC0C
:10E8800000000000000000000000008004D6B7BFB8
:10E8900000000040BBCF36BE0000008076CEA8BC92
:10E8A00000000000000000000000008032BBB1BF8B
:10E8B000000000402A0043BE00000028C60CBDBC7A
:10E8C0000000000000000000000000009473A7BFDB
:10E8D000000000182B3B59BE000000C0E55DA5BC40
:10E8E000000000000000000000000000EE4397BFA1
:10E8F000000000A0E6C340BE00000020958DB5BC1E
:10E900000000000000000000000000000000008087
:10E9100000000000000000800000000000000080F7
:10E9200000000000000000000000000000000000E7
:10E9300000000000000000000000000000000000D7
:10E9400000000000000000000000000000000000C7
:10E9500000000000000000000000000000000000B7
:10E9600000000000000000000000000000000000A7
:10E970000000000000000000000000000000000097
:10E980000000000000000000000000000000000087
:10E990000000000000000000000000000000000077
:10E9A0000000000000000000000000000000000067
:10E9B00000000000000000000000000000C0F0FCAB
:10E9C000FFFEF8C000000000000000000000000092
:10E9D0000000000000000000000000000000000037
:10E9E0000000000000000000000000000000000027
:10E9F0000000000000000000000000000000000017
:10EA00000000000000000000000000000000000006
:10EA100000000000000000000000000000000000F6
:10EA200000000000000000000000000000000000E6
:10EA3000000000000000000000C0F0FCFFFFFFFF2E
:10EA4000FFFFFFFFFFFCF0C000000000000000001F
:10EA50000000000080C0C0C0C0E0F0F0F0F07038EE
:10EA60003C3C3C3C3F3F0F03000000000000000026
:10EA70000000000000000000000000000000000096
:10EA80000000000000000000000000000000000086
:10EA90000000000000000000000000000000000076
:10EAA0000000000000000000000000000000000066
:10EAB0000000000000C0F0FCFFFFFFFFFF3F0F0F52
:10EAC00003070F3FFFFFFFFFFFFC30383C3C1C0EED
:10EAD0008FCFC7C3C3C3E37371303030383C0C00F1
:10EAE00000000070F8CCCC0C0C0000C0F03C0CFC1A
:10EAF000FC000000C0F01C0C0C8CFCF000000000BE
:10EB000000000CFCFC0000C03C0C00C0FCFC0C0035
:10EB100000FCFCCCCCCCCC0C000C8CFCFC1C0C0CFD
:10EB20000C000000000000000000000000000000D9
:10EB300000C0F0FCFFFF7F3F0F07C3C0403030181C
:10EB4000CCCCC7C3033330100C8CCCC4C3C3E3F3A9
:10EB50003130303038380C00000000000000000078
:10EB600000000C0C0C0C0F03030C0F030303030F2A
:10EB70000F000000030F0C0C0C0F0301000000003D
:10EB80000000000F0F0C030000000C0F0F0000002E
:10EB90000F0F0F0C0C0C000000000F0F0000000006
:10EBA00000000000000000000000000000C0F0FCB9
:10EBB0003F3F0F0703000C00C3C13030CCCC033300
:10EBC0003300000C0C0003030300000001030F0FCF
:10EBD0003C78C000000000000000000000000000C1
:10EBE0000000000000000000000000000000000025
:10EBF0000000000000000000000000000000000015
:10EC00000000000000000000000000000000000004
:10EC100000000000000000000000000000000000F4
:10EC200000000000000000000000C0300F030300DF
:10EC300000000000000000000000000300000000D1
:10EC400000000000000000000000000000000000C4
:10EC5000000000030C30C0000000000000000000B5
:10EC600000000000000000000000000000000000A4
:10EC70000000000000000000000000000000000094
:10EC80000000000000000000000000000000000084
:10EC90000000000000000000000000000000000074
:10ECA0000000000000000000000000000000000064
:10ECB0000000000000000000000000000000000054
:10ECC0000000000000000000000000000000000044
:10ECD0000000000000000000000000000000000034
:10ECE0000000000000000000000000000000000024
:10ECF0000000000000000000000000000000000014
:10ED00000000000000000000000000000000000003
:10ED100000000000000000000000000000000000F3
:10ED200000000000000000000600000000000000DD
:10ED3000000F00000F00000F00000F000000000097
:10ED400000000000000000000000000000000000C3
:10ED50000000000000000700001E00E01F00FF1F71
:10ED6000F8FF03FF1F00FF01000F0000000000007C
:10ED70000000000000000000000000000000000093
:10ED8000000000000E000000C07F00F8FF01FCFF43
:10ED900007FCFF073E800F0E000E0E000E0E000E49
:10EDA0001E800FFCFF07FCFF07F8FF01C07F00007B
:10EDB00000000E00000070000E38000E38000E1C1F
:10EDC000000E0E000EFEFF0FFEFF0FFEFF0FFEFFF8
:10EDD0000F00000E00000E00000E00000E000000EC
:10EDE0000E00000060000F78800F7CC00F7CE00FE9
:10EDF0001EF00F0EF80E0E7C0E0E3E0E1E1F0EFEA7
:10EE00000F0EFC070EF8030EF0010E0000000E00BE
:10EE100000003080013880033C80073C800F1E00DA
:10EE20000F0E0E0E0E0E0E0E0E0E1E1F0FFEFF0FFD
:10EE3000FCFB07FCF903F0E0010000000F000000FC
:10EE400000F00000F80000FE0080EF00C0E700F0D6
:10EE5000E1007CE0003EE000FEFF0FFEFF0FFEFF42
:10EE60000FFEFF0F00E00000E0000E000000008039
:10EE700001F88703FE8707FE870FFE070F0E030EBC
:10EE80008E030E8E030E8E070F8EFF070EFF070EEA
:10EE9000FE0300FC000000000E000000C07F00F038
:10EEA000FF01F8FF07FCFF073E0E0F0E070E0E07CF
:10EEB0000E0E070E1E0F0F3EFF0F3CFE0738FE031F
:10EEC00030F8010000000E0000000E00000E0000EF
:10EED0000E00000E000F0EE00F0EF80F0EFE0F8E4C
:10EEE000FF00CE0F00FE0300FE00003E00001E00EB
:10EEF000000000000E000000F0E001F8FB03FCFB46
:10EF000007FEFF0F1E1F0F0E0E0E0E0E0E0E0E0E24
:10EF10001E1F0FFEFF0FFCFB07FCFB03F0E00100D0
:10EF200000000E000000F08301F88703FC8F07FE4D
:10EF30009F0F1E1E0F0E1C0E0E1C0E0E1C0E1E8E84
:10EF40000FFCFF07FCFF03F8FF01C07F000000007B
:10EF5000000000000000005F000000070007001430
:10EF60007F147F14242A7F2A1223130864623649EF
:10EF70005522500005030000001C224100004122E0
:10EF80001C00082A1C2A0808083E08080050300007
:10EF9000000808080808006060000020100804024B
:10EFA0003E5149453E00427F400042615149462161
:10EFB00041454B311814127F1027454545393C4ACD
:10EFC000494930017109050336494949360649491D
:10EFD000291E0036360000005636000000081422B4
:10EFE000411414141414412214080002015109069A
:10EFF000324979413E7E1111117E7F494949363EA1
:10F00000414141227F4141221C7F494949417F09B9
:10F010000901013E414151327F0808087F00417FCC
:10F0200041002040413F017F081422417F40404081
:10F03000407F0204027F7F0408107F3E4141413E31
:10F040007F090909063E4151215E7F09192946467B
:10F050004949493101017F01013F4040403F1F20A4
:10F0600040201F7F2018207F631408146303047856
:10F070000403615149454300007F414102040810E7
:10F080002041417F00000402010204404040404012
:10F09000000102040020545454787F484444383816
:10F0A00044444420384444487F3854545418087E1B
:10F0B000090102081454543C7F0804047800447D7C
:10F0C00040002040443D00007F10284400417F4024
:10F0D000007C041804787C080404783844444438DC
:10F0E0007C14141408081414187C7C0804040848C0
:10F0F00054545420043F4440203C4040207C1C2079
:10F1000040201C3C4030403C44281028440C5050C7
:10F11000503C4464544C44000836410000007F00D9
:10F1200000004136080008082A1C08081C2A0808A4
:10F130006070787C7E1C362A361C303E3F3E30079D
:10F14000087F09077C444444387C7C4444387C7CF8
:10F150007C44387C7C7C7C381E3276321E00000277
:10F1600005020000FEE7FEE7FEE7FEE7FEE7704768
:10F170007047704780B500F05FF824480168491C6B
:10F18000016023480168491C01600168C92918D33E
:10F19000002101601F490878002802D10120087071
:10F1A00001E0002008700878012805D10122012122
:10F1B0001948F2F7C0FF04E0002201211648F2F7D7
:10F1C000BAFF01BD80B51548FBF711FB01BD80B545
:10F1D0001348FBF70CFB01BD80B51248F7F7D0FDD3
:10F1E00001BD80B51048F7F7CBFD01BD80B50F48D4
:10F1F000FEF7C2F801BD80B50D48FBF7F8FA01BD76
:10F2000080B50C48F7F7BCFD01BD000004290020C3
:10F21000E4280020282900200008004810270020AA
:10F22000C8260020A821002030220020002800202D
:10F23000802600202021002003480168034A12781C
:10F2400089180160704700BFE0280020730C00207F
:10F25000F0B40246106895681318506803EB500428
:10F26000C0071CD54D441AE013F8017B05F8017B5B
:10F27000491EF9D198B113F8011BC6F38106032E7C
:10F2800008BF13F8016B01EB06214942801C294499
:10F2900005D011F8016B05F8016B401EF9D1A342AE
:10F2A0000ED013F8016B16F0030104BF13F8011B15
:10F2B000C91C30090F28DBD113F8010B0F30D7E739
:10F2C000F0BC02F10C007047494420536C61766534
:10F2D0003A200000000000000000000000000000D4
:10F2E000000000000000000000000000000000001E
:10F2F0000000000000000000000000004252205307
:10F300006C6176653A2000000000000000000000FB
:10F3100000000000000000000000000000000000ED
:10F3200000000000000000000000000000000000DD
:10F33000A0860100400D0300801A060000350C0075
:10F3400040420F0080841E0000093D0000127A0038
:10F350000024F40000366E010048E801006CDC0275
:10F3600065DF00080000000095DF0008A3DF00084B
:10F37000C5DF0008DBDF0008E3DF0008F9DF000875
:10F3800017E000081BE000082DE0000830313233A0
:10F390003435363738396162636465666768696A2F
:10F3A0006B6C6D6E6F707172737475767778797A35
:10F3B00000000000303132333435363738394142BD
:10F3C000434445464748494A4B4C4D4E4F50515295
:10F3D000535455565758595A0000000010B5074964
:10F3E00079441831064C7C44163404E00A68081D40
:10F3F000114488470146A142F8D110BD2C000000FD
:10F40000480000004EF68851CEF20001086840F432
:10F4100070000860BFF34F8FBFF36F8F4FF0007025
:10F42000E1EE100A704700004360FFFFC01C0000BF
:10F43000780C00200000000019FEFFFF14080000F7
:10F44000B40A000000000020616C61726D206661EA
:10F45000696C3A2025642D25643A25643A25643A7E
:10F4600025640D0A0000000000F00DF8002801D00E
:10F47000FFF7B4FFAFF300800020AFF30080FAF78E
:10F4800058FD00F002F80120704700F001B80000BC
:10F4900007463846FEF740FDFBE70000755F6170E8
:10F4A000705F636F6D6D3A2074782074696D65725A
:10F4B0002063620D0A000000755F6170705F636F0A
:10F4C0006D3A2075617274202564206572726F72C6
:10F4D000210D0A00755F6170705F636F6D6D3A207A
:10F4E00073657420727463210D0A000073616F7676
:10F4F00069657467726F75702E636F6D2E766E001E
:10F50000535654485F53564D5F444C535F56315FDA
:10F51000315F310061742B72646C617374666F7259
:10F520006C6F673D0000000061742B72646C617346
:10F5300074666F726F706572613D000061742B724A
:10F54000646C617374666F726576656E743D0000FD
:10F5500061742B72646C617374666F726770733D53
:10F560000000000061742B726573746F7265736CB8
:10F570006176653F0000000053565F454E56495F77
:10F58000434D5F4543000000456E74657220506135
:10F590007373776F72640000312E4D6F6462757300
:10F5A0002052545500000000362E496E666F726D71
:10F5B0006174696F6E000000534554204D4F444202
:10F5C0005553205254550000312E4944202020200C
:10F5D00020203A2000000000322E426175647261E2
:10F5E00074653A200000000043414C4942205345D5
:10F5F0004E534F520000000052414E4745205345A4
:10F600005454494E47000000537563636573736635
:10F61000756C6C7921000000000000000000000003
:10F620000102030406070809526573746F726520AE
:10F630004F4B210D0A00000061742B6D7174746DC5
:10F6400061696E3D0000000061742B6D7174746D12
:10F6500061696E3F0000000061742B6D717474620B
:10F6600061636B75703D000061742B6D7174746221
:10F6700061636B75703F000061742B726573657414
:10F6800070756C73653F000061742B666C6F7774E6
:10F6900068726573683D000061742B666C6F7774E7
:10F6A00068726573683F000061742B7175616E74D8
:10F6B00068726573683D000061742B7175616E74CA
:10F6C00068726573683F000061742B6261747468CE
:10F6D000726573683D00000061742B626174746828
:10F6E000726573683F00000061742B657261736519
:10F6F0006D656D3F0000000061742B667776657262
:10F7000073696F6E3F00000061742B6C6F67696EE8
:10F710006465783F0000000061742B72646C617353
:10F72000746C6F673F00000061742B6C6576656CCC
:10F7300063616C69623D000061742B6C6576656C79
:10F7400063616C69623F000061742B6C6576656C67
:10F750007468726573683D0061742B6C6576656CC6
:10F760007468726573683F0061742B6578626174B8
:10F770007468726573683D0061742B6578626174AA
:10F780007468726573683F0061742B776D6368619C
:10F790006E6E656C3D00000061742B776D6368616F
:10F7A0006E6E656C3F00000061742B6D6F64696E56
:10F7B000666F723D0000000061742B6D6F64696EAE
:10F7C000666F723F0000000061742B707265737386
:10F7D000696E666F723D000061742B7072657373A1
:10F7E000696E666F723F000061742B726573657499
:10F7F000736C6176653F000001488047014800470F
:10F8000009F8000871FA00080248016851F4700113
:10F810000160704788ED00E054656D7020203A204B
:10F8200000000000332E4F66667365740000000010
:10F83000342E5761726E696E67000000312E5A6572
:10F84000726F20203A200000322E536C6F706520BA
:10F850003A200000332E466163746F723A20000034
:10F86000312E454320203A2000000000322E5465FE
:10F870006D70203A200000005741524E494E4720FB
:10F8800045430000312E4D6F6465203A2000000092
:10F89000322E55707065723A20000000332E4C6F86
:10F8A0007765723A20000000312E555F45432020D5
:10F8B0003A200000322E4C5F454320203A200000C1
:10F8C000332E555F54656D703A200000342E4C5F26
:10F8D00054656D703A2000002A56657273696F6E28
:10F8E00000000000576562736974653A000000000B
:10F8F00001C900080BC9000829C9000852657365D1
:10F9000074204F4B210D0A0061742B736572693DA1
:10F910000000000061742B736572693F00000000F5
:10F9200061742B73696D736572693F0061742B7329
:10F93000777365727665720061742B647574793DB6
:10F940000000000061742B647574793F00000000B2
:10F9500061742B667265716D696E3D0061742B6612
:10F960007265716D696E3F0061742B7361766562BB
:10F970006F783F0061742B6E756D77616B653D002C
:10F9800061742B726561646C6F673D0061742B70EC
:10F99000756C73653D00000061742B70756C736548
:10F9A0003F00000061742B64656275673D000000D4
:10F9B00061742B64656275673F00000061742B6D94
:10F9C00072657365743F000061742B7573657275A1
:10F9D000726C3D0061742B757365726674703D00C6
:10F9E00061742B746573746C6F673F0061742B7264
:10F9F0006561646C6F673F0061742B736C61766541
:10FA00003D00000061742B736C6176653F0000005F
:10FA100061742B6F6E74656D683F000061742B6FAD
:10FA2000666674656D683F0061742B6964736C6110
:10FA300076653F0061742B6964736C6176653D0087
:10FA400061742B6272736C6176653F0061742B6226
:10FA500072736C6176653D001F1C1F1E1F1E1F1FE9
:10FA60001E1F1E1F1F1D1F1E1F1E1F1F1E1F1E1FAE
:10FA7000AFF30080FFF7C6FCFFF7F6FC75532F636A
:10FA80006D0000004C6F6767696E00005345545469
:10FA9000494E4700322E43616C696200352E526137
:10FAA0006E6765004543203A200000005444533AF5
:10FAB000200000002075532F636D0000342E526526
:10FAC000736574004F46465345540000496E666F97
:10FAD000722E00002A4D6F64656C0000000000006B
:10FAE0000102030438230020000000003824002015
:10FAF000000000004552524F52000000000000007C
:10FB000000000000000000000C00000000000000E9
:10FB10000C00000061742B7274633D0061742B72E1
:10FB200074633F0061742B6770733F0061742B65D1
:10FB30006E640000B8240020000000003C4E554CCC
:10FB40004C3E0000252E2A6600000000686A6C7496
:10FB50007A4C00004F4646004F4E000045432E00B1
:10FB600020894300FFF7FEBFFFF7FEBFFFF7FEBF90
:10FB7000FFF7FEBFFFF7FEBFFFF7FEBFFFF7FEBFB9
:10FB8000FFF7FEBFFFF7FEBFFFF7FEBFFFF7FEBFA9
:10FB9000FFF7FEBFFFF7FEBFFFF7FEBFFFF7FEBF99
:10FBA000FFF7FEBFFFF7FEBFFFF7FEBFFFF7FEBF89
:10FBB000FFF7FEBFFFF7FEBFFFF7FEBFFFF7FEBF79
:10FBC000FFF7FEBFFFF7FEBFFFF7FEBFFFF7FEBF69
:10FBD000FFF7FEBFFFF7FEBFFFF7FEBFFFF7FEBF59
:10FBE000FFF7FEBFFFF7FEBFFFF7FEBFFFF7FEBF49
:10FBF000FFF7FEBFFFF7FEBFFFF7FEBFFFF7FEBF39
:10FC0000FFF7FEBFFFF7FEBFFFF7FEBFFFF7FEBF28
:10FC1000FFF7FEBFFFF7FEBFFFF7FEBFFFF7FEBF18
:10FC2000FFF7FEBFFFF7FEBFFFF7FEBFFFF7FEBF08
:10FC3000FFF7FEBFFFF7FEBFFFF7FEBFFFF7FEBFF8
:10FC4000FFF7FEBFFFF7FEBFFFF7FEBFFFF7FEBFE8
:10FC5000D0033132333400014008F40100002D2577
:10FC6000000801011A1003D00700007F105202297A
:10FC7000126408500327260008031010038813009D
:10FC800000A310520410212850032127000805105A
:10FC9000120A08125510120608520504126D10714E
:10FCA00078F338FE0001100378F500080D4F12318B
:10FCB00001B2200120100000456E74657220746F3F
:10FCC00020536574757000002010055761697469D0
:10FCD0006E670B4110200320446F6E6509520010BF
:10FCE00030034572726F721F40050054FB000858C4
:10FCF000FBB8525C089207BB92010C251C477CFAAA
:10FD00001425104318F830211812603C2138210CBA
:10FD1000F30084FA48220134C388F51890030218CE
:10FD200000010560611824020330000158F2018CC3
:10FD30004822020CE29848200112000211D29430AD
:10FD400012031812090CC324F81812041825C0D283
:10FD50003018120518120B0CD29C48120618120CFF
:10FD60000CD2A8781207182598D2B81811011303DD
:10FD70000E0C9BC8F51011011003020400030F11B3
:10FD800052D818695C12031812100CF201E84813DB
:10FD900004110C52A490652C230205C3D00100006D
:10FDA000AC1812031819B78001003CF81846B4B01B
:10FDB0001304140CD2481811081304150C625418BB
:10FDC00059B4157C1304160BD6BC0811081304177C
:10FDD0000CF601C4981305180CD2606019241305A1
:10FDE000190C926C182928192413051A0CD678803E
:10FDF000110113061B0CD28418114813061C0CD2D7
:10FE00009060114813061D0CF2019CF013061E0CA5
:10FE1000F601F85013071F0CF201A8A82E070C03D7
:10FE2000F201B4601307210CD2C0C0116013072285
:10FE30000CD2CC18110823072318F501201308242D
:10FE40000CE2D8D880031C000825000179B8100204
:10FE5000040008260CD2D448120430F202273012D3
:10FE60000530F20328481002180009290CC308F6CF
:10FE700048F004010318020A100001E20114B3095A
:10FE80003D126002E5C400082429508FF1C44005EA
:10FE900021108F67C54005210112731052043112E1
:10FEA000E8198F8FC5400521014F95C540056101B7
:10FEB000129B101600B429C4E002780C00208F8039
:10FEC00004594900085949842108125F10438D499B
:10FED000885201044004054A0008334A8C52020447
:10FEE00043A14A3C2D74036DC00452FB142194526B
:10FEF000061443554B14211052081452B1142540D6
:10FF0000520A6443074C142124520B145237142D07
:10FF10007404520C145267142138520D1452971461
:10FF20002138520E1452C71421384300101412F114
:10FF3000144F1F4DFC054301108C129B1012F50449
:10FF4000213852031417B94E3410024F0008B0D9AB
:10FF500012607D1EC01D041A80591340381D124BBB
:10FF60000C1D18061300961812DA0812E104540347
:10FF7000C20100B823607F0100C0064F49DA2007A4
:10FF80006110475BDA58210C25E0128910520320DA
:10FF90001003E0930400AD1061401A10994725301A
:10FFA0009C211012DC0583373040210447A1309496
:10FFB000210C2D900747E1309021102D70071797E5
:10FFC000318C5150100360EA0000AB109206101201
:10FFD000B11022076111012DC007175F3280512037
:10FFE0002DC00712E3106BEC2838C802803F38257B
:10FFF000444708F9B051435300141069C44720F92D
:020000040801F1
:100000009469C44738F6906DA805524810520510FF
:100010004758F68869C45268106D6803522C5062C4
:1000200008505170520910524410520A1052503068
:10003000520B10525C10520C10527860620D708A94
:10004000F9442101527410520F105280106DEC03CC
:1000500052884052111052981052121052A8105249
:10006000131052B8105214104BC8F68C521510527F
:10007000D8105216104B8CF9FC62176051105218B0
:10008000105E142408521910521C10521A1052A457
:1000900030521B1052B010521C104FBCF948035282
:1000A0001D1056E890521E1052F890521F1056C85C
:1000B00000690552D4105221104308F74052221013
:1000C00052E02052231052EC105224104318F760D3
:1000D0006DB4051E14AC04255C52261012281025A0
:1000E0004C6DA405523C106D9C054728F7505229D1
:1000F00010523810522A1012481025BC522B1052A0
:100100005810522C10562430522D10525080522E1E
:100110001056F830522F104304FA10523010526823
:10012000505231105278105232104710FA60523348
:1001300010471CFA006D4D0B56880052351052982E
:100140001052361056A85052371052B8105238106C
:1001500052C8F052391052D810523A1052E8105288
:100160003B105264E0523C105228906D9606523477
:1001700010523E10524010523F10524C105241103B
:100180004F2CFBD8054B281B1343281D0810038C4C
:10019000F30008B404F3092E570452FF01E3E654B8
:0A01A000141D50040002032D01039A
:040000050800FA7184
:00000001FF
