:020000040800F2
:10000000D82C0020C1F500084DEF00084FEF000884
:1000100051EF000853EF000855EF00080000000002
:1000200000000000000000000000000057EF000882
:1000300059EF0008000000005BEF00085DEF0008CA
:1000400015F9000819F900081DF9000821F9000840
:1000500025F9000829F900082DF9000831F90008F0
:1000600035F9000839F900083DF9000841F90008A0
:1000700045F90008ADEF000849F90008B7EF00089E
:100080004DF9000851F9000855F9000859F9000820
:100090005DF9000861F9000865F9000869F90008D0
:1000A0006DF9000871F9000875F9000879F9000880
:1000B0007DF90008000000000000000081F9000840
:1000C00085F9000889F900088DF9000891F9000800
:1000D00095F90008C1EF000899F90008CBEF000876
:1000E0009DF90008D5EF00080000000000000000A6
:1000F0000000000000000000000000000000000000
:1001000000000000A1F9000800000000A5F90008A7
:100110000000000000000000A9F90008ADF9000887
:10012000B1F90008B5F90008B9F90008BDF90008EF
:10013000C1F90008000000000000000000000000FD
:10014000C5F90008C9F90008CDF90008D1F900087F
:10015000D5F90008DFEF0008E9EF0008D9F9000839
:10016000DDF90008E1F90008E5F9000800000000E9
:10017000E9F90008EDF90008F1F9000800000000B5
:10018000F5F90008F9F90008FDF9000880B55448B0
:100190000078012806D0022807D0042808D00828B3
:1001A00009D00BE000F0A0F808E000F089FE05E0BF
:1001B00001F058F802E001F01BFAFFE701BD2DE95C
:1001C000F0470024474D2888002804D02888401E86
:1001D0002880002081E0424E307A00287CD1202106
:1001E000DFF8BC0C01F0F6FE002801D1012700E089
:1001F0000027DFF8B08C0421404601F0EBFE002818
:1002000002D15FF0010901E05FF0000902214046E0
:1002100001F0E0FE002802D15FF0010A01E05FF08A
:10022000000A0121404601F0D5FE002801D101203D
:1002300000E0002057EA490757EA8A073C0054EAE1
:10024000C0042000C0B2012805D0022803D0042831
:1002500001D0082836D17068401C70607068502842
:100260002FD3347001203072DFF83C1C086814284A
:1002700001D219202880DFF8340C22000378D2B292
:100280009A4219D10A68521C0A600A681E2A02D2D0
:100290000021716014E00A68B42A02D24121716021
:1002A0000EE00A68F02A02D24621716008E04E2270
:1002B0007260F0220A6003E00022726000220A608D
:1002C000047009E00020DFF8E41B0870282070604B
:1002D0000020DFF8D41B08603078BDE8F08700000C
:1002E000E0270020B4280020F8B584B0DFF8C04B28
:1002F000A078002817D001283AD002286AD0032815
:1003000000F0FB80042800F07F81052800F0308297
:10031000062800F0B482072800F07F83092800F047
:10032000868400F0BBBDDFF88C5B0020E860DFF85E
:10033000886B0A220021300001F0D2FE302030709C
:10034000302070703020B0703020F070E86800010C
:10035000801CC0B2039002960520019004200090FA
:10036000052300220121A01C02F0B0FC00F096BD84
:10037000DFF8400BC168491CC160C16804291EDB5D
:10038000DFF8340B02F0BDFC012815D1A51C0622B4
:10039000290014F1080001F0F1FEF1200390002083
:1003A00002900C20019007200090072300220221D8
:1003B000280002F08BFC0BE00020A07008E0C06871
:1003C0000001801C0200D2B20021A01C02F05BFCE4
:1003D00000F064BD207907280AD0C0F08C8009287D
:1003E00032D01BD30B285BD044D30C286ED082E0D4
:1003F000A51C0622290014F1080001F0BFFEF1201F
:100400000390002002900F2001900E2000900E23F8
:1004100000220321280002F059FC6CE0A51C0622F2
:10042000290014F1080001F0A9FEF120039000203A
:100430000290142001901220009012230022042127
:10044000280002F043FC56E0A51C0622290014F106
:10045000080001F093FEF120039000200290172085
:10046000019016200090162300220521280002F09A
:100470002DFC40E0A51C0622290014F1080001F023
:100480007DFEF1200390002002901B200190192096
:100490000090192300220621280002F017FC2AE010
:1004A000A51C0622290014F1080001F067FEF120C6
:1004B000039000200290202001901D2000901D2319
:1004C00000220721280002F001FC14E0A51C0622EE
:1004D000290014F1080001F051FE002003900020D3
:1004E0000290232001902320009023230022082142
:1004F000280002F0EBFB00F0D1BC20790E2802D0DE
:100500000F2840D07EE0E078002802D001281FD0DC
:1005100038E0A61C0622310014F1080001F02EFE7E
:10052000DFF89059F220039015F10C0002900F2093
:1005300001900E2000900E23E278521CD2B20321CB
:10054000300002F0C3FBDFF874094078E86019E07E
:10055000A51C0622290014F1080001F00FFEF0206E
:100560000390002002902620019026200090262350
:1005700000220921280002F0A9FB0120DFF83C1924
:100580000870FFE73EE0E078002802D001281FD085
:1005900038E0A61C0622310014F1080001F0EEFD3F
:1005A000DFF81059F220039015F10C0002900F2093
:1005B00001900F2000900F23E278521CD2B2032149
:1005C000300002F083FBDFF8F4084068E86019E0CF
:1005D000A51C0622290014F1080001F0CFFDF0202F
:1005E00003900020029026200190262000902623D0
:1005F00000220921280002F069FB0120DFF8BC1865
:100600000870FFE700F04ABC2079122806D0C0F03D
:10061000AE80142800F08E8046D3A8E0E078002851
:1006200002D001281FD03EE0A61C0622310014F1A2
:10063000080001F0A3FDDFF87C58F220039015F1CB
:100640000C00029014200190122000901223E278F6
:10065000521CD2B20421300002F038FBDFF85C08F3
:10066000C068E8601FE0A51C0622290014F10800FC
:1006700001F084FDF02003900020029026200190DC
:1006800026200090262300220921280002F01EFBCC
:10069000DFF8C81BDFF81C08C068088002220320AE
:1006A00003F0B1F8FFE762E0E078002802D001280B
:1006B0001FD03EE0A61C0622310014F1080001F014
:1006C0005DFDDFF8F057F220039015F10C00029069
:1006D00014200190122000901323E278521CD2B211
:1006E0000421300002F0F2FADFF8D007C068E860B9
:1006F0001FE0A51C0622290014F1080001F03EFDB0
:10070000F0200390002002902620019026200090E7
:10071000262300220921280002F0D8FADFF83C1B2A
:10072000DFF89007C06808800222042003F06BF80D
:10073000FFE71CE0A51C0622290014F1080001F0C7
:100740001DFDF0200390002002902620019026201D
:100750000090262300220921280002F0B7FADFF8D2
:10076000FC1A002008800222052003F04CF895E3D3
:100770002079162802D0172840D07FE0E0780028A2
:1007800002D001281FD038E0A61C0622310014F147
:10079000080001F0F3FCDFF81C57F220039015F17C
:1007A0000C00029017200190162000901623E2788A
:1007B000521CD2B20521300002F088FADFF8FC06A4
:1007C000C069E86019E0A51C0622290014F10800A0
:1007D00001F0D4FCF020039000200290262001902C
:1007E00026200090262300220921280002F06EFA1C
:1007F0000120DFF8C8160870FFE73FE0E078002826
:1008000002D001281FD038E0A61C0622310014F1C6
:10081000080001F0B3FCDFF89C56F220039015F1BC
:100820000C00029017200190162000901723E27808
:10083000521CD2B20521300002F048FADFF87C06E3
:10084000006AE86019E0A51C0622290014F10800DE
:1008500001F094FCF02003900020029026200190EB
:1008600026200090262300220921280002F02EFADB
:100870000120DFF848160870FFE7FFE70EE3207954
:10088000192806D0C0F0C8801B2800F0858043D30B
:10089000C2E0E078002802D0012822D03BE0A71C6B
:1008A0000622390014F1080001F068FCDFF8045654
:1008B00015F10C06F220039002961B2001901920DE
:1008C00000901923E278521CD2B20621380002F0BF
:1008D000FDF9DFF88C090078E860DFF8E005466391
:1008E00019E0A51C0622290014F1080001F046FCBD
:1008F000F0200390002002902620019026200090F6
:10090000262300220921280002F0E0F90120DFF867
:10091000AC150870FFE77FE0E078002802D00128DE
:100920001FD038E0A61C0622310014F1080001F0A7
:1009300025FCDFF88055F220039015F10C000290A1
:100940001B200190192000901A23E278521CD2B289
:100950000621300002F0BAF9DFF86005C06AE860ED
:1009600019E0A51C0622290014F1080001F006FC7C
:10097000F020039000200290262001902620009075
:10098000262300220921280002F0A0F90120DFF827
:100990002C150870FFE73FE0E078002802D001281E
:1009A0001FD038E0A61C0622310014F1080001F027
:1009B000E5FBDFF80055F220039015F10C000290E2
:1009C0001B200190192000901B23E278521CD2B208
:1009D0000621300002F07AF9DFF8E004006BE860ED
:1009E00019E0A51C0622290014F1080001F0C6FB3D
:1009F000F0200390002002902620019026200090F5
:100A0000262300220921280002F060F90120DFF8E6
:100A1000AC140870FFE7FFE740E220791D2809D0F9
:100A2000C0F004811F2800F0858043D3202800F007
:100A3000C080FBE0E078002802D001281FD038E019
:100A4000A61C0622310014F1080001F097FBDFF824
:100A50006454F220039015F10C00029020200190C4
:100A60001D2000901D23E278521CD2B207213000D5
:100A700002F02CF9DFF84404806BE86019E0A51C53
:100A80000622290014F1080001F078FBF020039001
:100A9000002002902620019026200090262300228C
:100AA0000921280002F012F90120DFF81014087063
:100AB000FFE7BBE0E078002802D001281FD038E033
:100AC000A61C0622310014F1080001F057FBDFF8E4
:100AD000E453F220039015F10C00029020200190C5
:100AE0001D2000901E23E278521CD2B20721300054
:100AF00002F0ECF8DFF8C403C06BE86019E0A51C55
:100B00000622290014F1080001F038FBF0200390C0
:100B1000002002902620019026200090262300220B
:100B20000921280002F0D2F80120DFF890130870A4
:100B3000FFE77BE0E078002802D001281FD037E0F3
:100B4000A61C0622310014F1080001F017FBDFF8A3
:100B50006453F220039015F10C00029020200190C4
:100B60001D2000901F23E278521CD2B207213000D2
:100B700002F0ACF8DFF84403006CE86018E0A51C54
:100B80000622290014F1080001F0F8FAF020039081
:100B9000002002902620019026200090262300228B
:100BA0000921280002F092F80120C4490870FFE7EB
:100BB0003CE0E078002802D001281DD035E0A61CDA
:100BC0000622310014F1080001F0D8FAB94DF220E4
:100BD000039015F10C000290202001901D20009040
:100BE0002023E278521CD2B20721300002F06EF8C6
:100BF000B248406CE86018E0A51C0622290014F1F8
:100C0000080001F0BBFAF02003900020029026209B
:100C1000019026200090262300220921280002F0BE
:100C200055F80120A5490870FFE7FFE736E1207A73
:100C300003280AD0C0F03181052838D0C0F02A81BD
:100C4000072800F0B28069D327E1322001F0E8FCE8
:100C500003209A490870A07A0E2802D00F2809D0E4
:100C600024E0DFF86C0941789248C068C0B203F014
:100C7000A0FE1BE000200100C9B20B290FDADFF84B
:100C800054190200D2B251F822108A4AD268914215
:100C900003D1DFF83C19487001E0401CEBE7DFF8B6
:100CA00030094178007803F084FEFFE7F5E0834DDA
:100CB00003202870322001F0B3FCA07A162802D05D
:100CC000172815D029E0287A04F088F800EE100AD9
:100CD000DFF80409D0ED060A764890ED031AB8EE65
:100CE000C11AB8EE400A81EE000A02F01EFE14E0BE
:100CF000687A04F073F800EE100A6E48D0ED030A2B
:100D0000F8EEE00AB8EE400AC0EE800ADFF8C80844
:100D100090ED050A02F009FEFFE7BEE0674D0320F3
:100D20002870322001F07CFCA07A192804D03BD333
:100D30001B2823D00CD337E0DFF82405D0ED020ABE
:100D400090ED010A5B48C068C0B202F0A7FE2BE03C
:100D5000A87A04F043F800EE100ADFF804055549BC
:100D6000D1ED030AF8EEE00AB8EE400AC0EE800AC0
:100D700090ED010A007802F091FE15E0A87A04F0E7
:100D80002DF800EE100ADFF8D804D0ED020A494928
:100D900091ED031AB8EEC11AB8EE400A81EE000ACE
:100DA000007802F07BFEFFE777E0444D03202870D7
:100DB000322001F035FCA07A1D2806D069D31F2807
:100DC00035D01BD320284BD063E0E87A04F006F836
:100DD00000EE100ADFF80408D0ED031A90ED021AB5
:100DE000D0ED010A334890ED032AB8EEC22AB8EEDE
:100DF000400A82EE000A02F019FF4AE0E87A03F0A6
:100E0000EDFF00EE100ADFF8D407D0ED031A90EDE5
:100E1000021A2849D1ED030AF8EEE00AB8EE400ABA
:100E2000C0EE800A90ED000A02F000FF31E0E87A9F
:100E300003F0D4FF00EE100ADFF8A007D0ED031A8C
:100E40001C49D1ED030AF8EEE00AB8EE400A80EE44
:100E5000801AD0ED010A90ED000A02F0E7FE18E0DA
:100E6000E87A03F0BBFF00EE100ADFF870071149C3
:100E7000D1ED030AF8EEE00AB8EE400AC0EE801A9F
:100E800090ED021AD0ED010A90ED000A02F0CEFEBC
:100E9000FFE702E002F0A8FCFFE7FFE705B0F0BDC6
:100EA00000080048000400486C280020C4280020E6
:100EB00028280020E0270020000000207C000020DF
:100EC00010B5DFF81C37987800280ED002281ED005
:100ED0000CD3042876D027D3062800F0F180C0F088
:100EE000BC80072800F04581B7E1B6E1DFF8F406E1
:100EF000DFF8F416CA68825C521CCB68C254CA6818
:100F0000825C3A2A02DB3022C9684254A5E1587952
:100F10001979884202D21879401E1871F1220021F5
:100F2000981C01F0B0FE98E1D87800280CD15879CF
:100F30001979884202D21879401E1871F1220021D5
:100F4000981C01F0A0FE3CE018790E2802D00F2872
:100F500012D036E0D878002802D0012801D00AE06B
:100F600009E0DFF88406C168B1F5807F02DAC16864
:100F7000491CC160FFE724E0D878002802D001288E
:100F800001D01EE01DE000210800C0B20B2817DAD6
:100F9000DFF84026DFF850060B00DBB252F82330B2
:100FA000C468A3420AD10B00DBB20A2B06DA0B009D
:100FB000DBB202EB83025268C26001E0491CE3E746
:100FC000FFE74AE1D87800280CD15879197988428E
:100FD00002D21879401E1871F1220021981C01F0EC
:100FE00052FE39E01879122804D035D3142833D0B2
:100FF00019D331E0D878002802D0012801D011E0BF
:1010000010E0DFF8E805007A03F0E8FEDFF8D82505
:10101000D3684FF47A714843834202D2D068401CAF
:10102000D060FFE718E0D878002802D0012801D06E
:1010300011E010E0DFF8B405007A03F0CFFEDFF82E
:10104000A825D3684FF47A714843834202D2D0680E
:10105000401CD060FFE7FFE7FFE0D87800280CD104
:1010600058791979884202D21879401E1871F122F4
:101070000021981C01F007FE21E01879162802D003
:1010800017280ED01BE0D878002802D0012801D004
:1010900006E005E0DFF85005C168491CC160FFE7C4
:1010A0000DE0D878002802D0012801D006E005E044
:1010B000DFF83405C168491CC160FFE7FFE7CCE0F9
:1010C000D87800280CD158791979884202D2187939
:1010D000401E1871F1220021981C01F0D4FD47E058
:1010E0001879192804D043D31B282DD013D33FE0FF
:1010F000D878002802D0012801D00BE00AE0DFF800
:10110000E814C868002802D10120C86001E000206E
:10111000C860FFE72CE0D878002802D0012801D071
:1011200011E010E0DFF8C404807A03F057FEDFF826
:10113000B824D3684FF47A714843834202D2D0680E
:10114000401CD060FFE713E0D878002802D00128C7
:1011500001D00CE00BE0DFF89004C168DFF88C24CC
:10116000D26A914202DAC168491CC160FFE7FFE719
:1011700073E0D87800280CD158791979884202D2C6
:101180001879401E1871F1220021981C01F07BFD96
:1011900062E018791D2806D05ED31F2830D01BD3FB
:1011A000202845D058E0D878002802D0012801D066
:1011B00011E010E0DFF83404C07A03F00FFEDFF82E
:1011C0002824D3684FF47A714843834202D2D0680E
:1011D000401CD060FFE73FE0D878002802D001280B
:1011E00001D00CE00BE0DFF80004C168DFF8FC235D
:1011F000926B914202DAC168491CC160FFE72BE0A3
:10120000D878002802D0012801D010E00FE0DFF8E4
:10121000DC03C07A03F0E2FDDFF8CC23D368502171
:101220004843834202D2D068401CD060FFE713E0FD
:10123000D878002802D0012801D00CE00BE0DFF8BC
:10124000A803C168DFF8A423126C914202DAC168D6
:10125000491CC160FFE7FFE7FFE710BDB62800208B
:101260005428002010B5DFF87833987800280ED085
:1012700002281ED00CD3042876D027D3062800F0ED
:10128000E180C0F0AC80072800F032819FE19EE150
:10129000DFF85003DFF8DC19CA68825C521ECB68A5
:1012A000C254CA68825C302A02DA3922C9684254C0
:1012B0008DE118799979884202D21879401C187109
:1012C000F1220021981C01F0DEFC80E1D878002892
:1012D0000CD118799979884202D21879401C18717A
:1012E000F1220021981C01F0CEFC3CE018790E2878
:1012F00002D00F2811D036E0D878002802D001287B
:1013000001D009E008E0DFF86C09C168012902DBBF
:10131000C168491EC160FFE725E0D878002802D0E7
:10132000012801D01FE01EE00A221000C0B20028F0
:1013300018D0DFF8A032DFF83C191000C0B253F823
:101340002000CC68A0420BD11000C0B2002807D00A
:101350001000C0B203EB800050F8040CC86001E03C
:10136000521EE2E7FFE732E1D87800280CD1187965
:101370009979884202D21879401C1871F122002113
:10138000981C01F080FC29E01879122804D025D39C
:10139000142823D011D321E0D878002802D00128C6
:1013A00001D009E008E0DFF8CC08C168012902DBC0
:1013B000C168491EC160FFE710E0D878002802D05C
:1013C000012801D009E008E0DFF8A808C168012978
:1013D00002DBC168491EC160FFE7FFE7F7E0D8788C
:1013E00000280CD118799979884202D21879401CCA
:1013F0001871F1220021981C01F045FC21E01879B8
:10140000162802D017280ED01BE0D878002802D06A
:10141000012801D006E005E0DFF85808C168491E40
:10142000C160FFE70DE0D878002802D0012801D084
:1014300006E005E0DFF83C08C168491EC160FFE72F
:10144000FFE7C4E0D87800280CD118799979884250
:1014500002D21879401C1871F1220021981C01F069
:1014600012FC44E01879192804D040D31B2827D057
:1014700013D33CE0D878002802D0012801D00BE03B
:101480000AE0DFF8F017C868002802D10120C86020
:1014900001E00020C860FFE729E0D878002802D0EA
:1014A000012801D00BE00AE0DFF8C8074F49096BBB
:1014B000C268914202DAC168491EC160FFE716E0C6
:1014C000D878002802D0012801D00FE00EE047486C
:1014D000807A03F083FCDFF89C2700214843D16821
:1014E000884202D2D068401ED060FFE7FFE76EE07E
:1014F000D87800280CD118799979884202D21879C5
:10150000401C1871F1220021981C01F0BCFB5DE029
:1015100018791D2806D059D31F282DD015D320287F
:101520003DD053E0D878002802D0012801D00BE04C
:101530000AE0DFF840072D49C96BC268914202DA20
:10154000C168491EC160FFE740E0D878002802D09A
:10155000012801D00FE00EE02448C07A03F03EFCE1
:10156000DFF8102700214843D168884202D2D068B2
:10157000401ED060FFE729E0D878002802D001287B
:1015800001D00BE00AE0DFF8EC061849496CC268AC
:10159000914202DAC168491EC160FFE716E0D878BF
:1015A000002802D0012801D00FE00EE00F48C07AD9
:1015B00003F014FCDFF8BC2600214843D1688842C0
:1015C00002D2D068401ED060FFE7FFE7FFE710BD02
:1015D000340C0020BC06002078270020382800208A
:1015E0002828002000000020E02700207C000020A8
:1015F0007FB5DFF88446A078002814D0022816D0E2
:1016000012D3042800F0898014D3062800F09081BA
:10161000C0F01B81082800F01783C0F0348209282D
:1016200000F0198324E323E30020A07020E30020CE
:10163000A0701DE320790E2802D00F2836D06BE071
:10164000E078002802D0012816D02EE0A51CF12059
:101650000390002002900C200190072000900723A7
:1016600000220221280001F031FB0622290014F19A
:10167000080000F083FD18E0A51C0622290014F1E3
:10168000080000F07BFDF1200390DFF8F0050290E8
:101690000F2001900E2000900E23E078421ED2B25F
:1016A0000321280001F012FBFFE735E0E078002875
:1016B00002D0012816D02EE0A51CF12003900020B6
:1016C00002900C20019007200090072300220221A5
:1016D000280001F0FBFA0622290014F1080000F0AE
:1016E0004DFD18E0A51C0622290014F1080000F0A9
:1016F00045FDF1200390DFF8880502900F2001904E
:101700000E2000900F23E078421ED2B20321280061
:1017100001F0DCFAFFE7FFE7AAE22079122805D002
:10172000C0F09280142879D03CD38DE0E078002876
:1017300002D0012816D034E0A51CF120039000202F
:1017400002900C2001900720009008230022022123
:10175000280001F0BBFA0622290014F1080000F06D
:101760000DFD1EE0A61C0622310014F1080000F059
:1017700005FDDFF81055F120039015F124000290CB
:1017800014200190122000901223E078421ED2B261
:101790000421300001F09AFADFF8D804C0686862CA
:1017A000FFE751E0E078002802D0012816D034E0AD
:1017B000A51CF1200390002002900C20019007202E
:1017C0000090082300220221280001F07FFA06225F
:1017D000290014F1080000F0D1FC1EE0A61C06222E
:1017E000310014F1080000F0C9FCDFF89854F12032
:1017F000039015F12800029014200190122000900F
:101800001323E078421ED2B20421300001F05EFAC8
:10181000DFF86004C068A862FFE715E0A51CF120AE
:101820000390002002900C200190072000900823D4
:1018300000220221280001F049FA0622290014F1B1
:10184000080000F09BFCFFE712E22079162802D086
:10185000172836D06BE0E078002802D0012816D097
:101860002EE0A51CF1200390002002900C20019096
:1018700007200090092300220221280001F026FA07
:101880000622290014F1080000F078FC18E0A51CDD
:101890000622290014F1080000F070FCF1200390EA
:1018A000DFF8E40302901720019016200090162321
:1018B000E078421ED2B20521280001F007FAFFE7C6
:1018C00035E0E078002802D0012816D02EE0A51CD3
:1018D000F1200390002002900C200190072000903E
:1018E000092300220221280001F0F0F90622290034
:1018F00014F1080000F042FC18E0A51C06222900A3
:1019000014F1080000F03AFCF1200390DFF87C03AA
:10191000029017200190162000901723E078421EB5
:10192000D2B20521280001F0D1F9FFE7FFE79FE1DE
:101930002079192805D0C0F0A5801B286DD037D399
:10194000A0E0E078002802D0012816D02FE0A51CE6
:10195000F1200390002002900C20019007200090BD
:101960000A2300220221280001F0B0F906222900F2
:1019700014F1080000F002FC19E0A51C0622290061
:1019800014F1080000F0FAFBC14EF120039002961A
:101990001B200190192000901923E078421ED2B23A
:1019A0000621280001F092F9B6484663FFE769E096
:1019B000E078002802D0012816D02DE0A51CF120E7
:1019C0000390002002900C200190072000900A2331
:1019D00000220221280001F079F90622290014F1E1
:1019E000080000F0CBFB17E0A51C0622290014F12B
:1019F000080000F0C3FBF1200390A64802901B20D2
:101A00000190192000901A23E078421ED2B20621DC
:101A1000280001F05BF9FFE734E0E078002802D00D
:101A2000012816D02DE0A51CF12003900020029083
:101A30000C200190072000900A2300220221280098
:101A400001F044F90622290014F1080000F096FB89
:101A500017E0A51C0622290014F1080000F08EFBF7
:101A6000F12003908C4802901B20019019200090D7
:101A70001B23E078421ED2B20621280001F026F98D
:101A8000FFE7FFE7F4E020791D2808D0C0F0DB80F5
:101A90001F286ED038D3202800F0A080D3E0E07853
:101AA000002802D0012816D02DE0A51CF1200390BB
:101AB000002002900C200190072000900B230022B0
:101AC0000221280001F002F90622290014F1080081
:101AD00000F054FB17E0A51C0622290014F10800B1
:101AE00000F04CFBF12003906C4802902020019004
:101AF0001D2000901D23E078421ED2B2072128004D
:101B000001F0E4F8FFE79EE0E078002802D0012829
:101B100016D02DE0A51CF1200390002002900C208F
:101B20000190072000900B2300220221280001F0E1
:101B3000CDF80622290014F1080000F01FFB17E081
:101B4000A51C0622290014F1080000F017FBF12063
:101B5000039053480290202001901D2000901E23E6
:101B6000E078421ED2B20721280001F0AFF8FFE76B
:101B700069E0E078002802D0012816D02DE0A51CED
:101B8000F1200390002002900C200190072000908B
:101B90000B2300220221280001F098F806222900D8
:101BA00014F1080000F0EAFA17E0A51C062229004B
:101BB00014F1080000F0E2FAF12003903948029095
:101BC000202001901D2000901F23E078421ED2B2F9
:101BD0000721280001F07AF8FFE734E0E0780028D8
:101BE00002D0012816D02DE0A51CF1200390002082
:101BF00002900C200190072000900B23002202216C
:101C0000280001F063F80622290014F1080000F012
:101C1000B5FA17E0A51C0622290014F1080000F00F
:101C2000ADFAF120039020480290202001901D2061
:101C300000902023E078421ED2B20721280001F054
:101C400045F8FFE7FFE713E0062214F10801A01CA6
:101C500000F094FA0CE00B4D2878022807D00622F9
:101C600014F10801A01C00F089FA00202870FFE799
:101C70007FBD0000E0270020282800207D000020F4
:101C8000800000207C000020980000209C000020A4
:101C900054280020A8000020AC000020B400002040
:101CA000B8000020BC000020C0000020F8B40300F1
:101CB00000250868E840002800F0D78001260F685A
:101CC00016FA05F007403A00002A00F0CC800879A7
:101CD00010F00300012804D0087910F00300022856
:101CE0001DD19F685FF0030C2800C0B240001CFAB1
:101CF00000FC37EA0C07D1F80CC02800C0B2400045
:101D00001CFA00FC5CEA07079F605868AE40B043CD
:101D10004E68C6F30016AE40304304005C6008799C
:101D200010F0030003280ED0DE6803272800C0B29D
:101D300040008740BE438F682800C0B24000874003
:101D40003E433400DC60087910F00300022818D10B
:101D50002800C00803EB8000066A0F2715F0070073
:101D6000C0B280008740BE430F6915F00700C0B2C3
:101D7000800087403E4334002800C00803EB800009
:101D800004621E6803272800C0B240008740BE439B
:101D90000F7917F003072800C0B2400087403E4388
:101DA00034001C60486810F4403F5CD095480668D9
:101DB00056F001060660006810F0010000900098DF
:101DC000914F2800800857F820605FF00F0C15F045
:101DD0000300C0B280001CFA00FC36EA0C06B3F126
:101DE000904F01D1002414E08848834201D101249E
:101DF0000FE08748834201D102240AE085488342EC
:101E000001D1032405E08448834201D1042400E089
:101E1000072415F00300C0B2800084402643280048
:101E2000800847F820607D4C206890434F68FF028F
:101E300000D5104320607A4E346894434F68BF0247
:101E400000D514433460774E306890434F68BF0329
:101E500000D510433060744E346894434F68FF03DC
:101E600000D5144334606D1C23E7F1BC70472DE9A5
:101E7000F041030000250800E840002800F0A88099
:101E8000012616FA05F008400200002A00F09E80A4
:101E9000DFF874C1280080085CF820000F2715F0D7
:101EA000030E5FFA8EFE5FEA8E0E17FA0EFE1EEA32
:101EB00000000400B3F1904F02D15FF0000E19E072
:101EC0005248834202D15FF0010E13E05048834232
:101ED00002D15FF0020E0DE04E48834202D15FF066
:101EE000030E07E04C48834202D15FF0040E01E08C
:101EF0005FF0070E15F00300C0B280001EFA00FE6E
:101F000074452CD14848D0F800E03EEA020EC0F8F3
:101F100000E04448D0F800E03EEA020EC0F800E0DD
:101F20003F48D0F800E03EEA020EC0F800E03B482F
:101F3000D0F800E03EEA020EC0F800E015F0030021
:101F4000C0B2800017FA00F00400280080085CF896
:101F50002000A043AE465FEA9E0E4CF82E005FF0D4
:101F6000030C1868AE465FFA8EFE5FEA4E0E1CFA4E
:101F70000EFE5EEA000018602800C00803EB800E29
:101F80002800C00803EB8000D0F8208015F007007F
:101F9000C0B28000874038EA0707CEF82070986802
:101FA0002F00FFB27F001CFA07F7B843986058680B
:101FB000AE4030EA06065E60DE682800C0B240002F
:101FC0001CFA00FC36EA0C0CC3F80CC06D1C52E77E
:101FD000BDE8F081020010690B009BB2184201D0ED
:101FE000012000E00020C0B270471300DBB2002BDC
:101FF00003D00B009BB2836102E00B009BB28362B3
:1020000070470000601002400800014000040048D2
:1020100000080048000C0048001000480804014077
:102020000C040140040401400004014038B50400E0
:102030000D00DFF8FC010168200000F006F8A8425E
:1020400001D3012000E0002032BD814204D25FF0C4
:10205000FF32101A081800E0081A704738B52DED45
:10206000048B08EE100A0C001500DFED438A2800EF
:10207000C0B2FB2810DBB8EEC89A2800C0B24042BC
:10208000C0B200F08BF829EE009A00212000B0EEDB
:10209000490A00F0B1F80EE0B8EEC89A2800C0B2C4
:1020A00000F07CF889EE009A2900C9B22000B0EE59
:1020B000490A00F0A1F8BDEC048B31BD10B4002139
:1020C0000A00838892B29A4206D2002203680C006A
:1020D000A4B21A55491CF3E70022828010BC704755
:1020E00010B4040013005A1E9BB2002B02D02170C2
:1020F000641CF7E710BC704770B504000D001600B3
:10210000DFF8240100782100C9B2884209D3DFF842
:1021100024211068002804D0310089B228001268F8
:10212000904770BD38B504000D00280003F05CF83E
:10213000020092B229002000C0B2FFF7DDFF31BDDE
:1021400070B504000D00280003F04EF8020092B2B2
:1021500029002000C0B2FFF7CFFFDFF8DC60306855
:10216000002807D0280003F03FF8010089B22800BA
:102170003268904770BD00000000000030B40400D9
:102180000D0013005A1E9BB2002B04D02B78237035
:102190006D1C641CF5E730BC7047000010B50400EE
:1021A0002000C0B2FB2816DB2000C0B2D0F5807042
:1021B00003F052F841EC110B9FED200B03F065F892
:1021C00053EC102B0020194903F068F803F08AF94A
:1021D00000EE100A0FE02000C0B203F0B7F941ECA6
:1021E000110B9FED160B03F050F851EC100B03F0A0
:1021F00079F900EE100A10BD38B52DED028B82B0D2
:10220000B0EE408A04000D0018EE100A03F0ACF99D
:10221000CDE900012A000B49200003F0C9F902B002
:10222000BDEC028B31BD0000380C00200000F03FF7
:10223000A4280020AC280020A828002000000000CE
:1022400000002440F4F8000880B500224FF400712B
:10225000DFF8800BFFF7C9FE00224FF400715FF03A
:102260009040FFF7C2FE03F0C3F9DFF86C0BDFF814
:102270006C1B4163DFF8681B421CC1F85821021D2A
:10228000C1F8702110F114020A62027A81F8252047
:1022900010F118028A63427A81F83D2010F10C0295
:1022A000C1F8A021027A81F8A52110F12402C1F819
:1022B000B821027A81F8BD2110F12802C1F8D0219D
:1022C000027A81F8D52110F11C02C1F81822027A95
:1022D00081F81D2210F12002C1F83022427A81F8E3
:1022E000352210F12C02C1F87822827A81F87D2201
:1022F00010F13002C1F89022827A81F8952210F113
:102300003802C1F8C022C27A81F8C52210F13C021D
:10231000C1F8D822C27A81F8DD2210F14002C1F85A
:10232000F022C27A81F8F52210F14402C1F80823A4
:10233000C07A81F80D03DFF8B40A0068C1F85003D1
:10234000DFF8AC0A0068C1F8800301BD38B5002091
:1023500000242000C0B2072835DADFF8985A2000A0
:10236000C0B200012844407801282AD12000C0B220
:1023700000012844406800280ED003F091F92100A4
:10238000C9B2090129444968401A2100C9B20901AA
:1023900029448968884214D300202100C9B2090168
:1023A0002944487003F07CF92100C9B2090129448D
:1023B00048602000C0B22100C9B209012944C9689F
:1023C0008847641CC5E7002032BD38B50400DFF83B
:1023D000285A687800281FD100224FF40071DFF8D6
:1023E000F409FFF702FE00224FF400715FF0904005
:1023F000FFF7FBFD03F0FCF8892000902023072263
:102400000521DFF8F80903F051F901206870022175
:10241000DFF8E00903F092FA012032BD7CB5040038
:10242000DFF8DC592878002803D0022823D003D312
:102430003DE003F0ADFA3AE003F020FB8920009084
:10244000202307220521DFF8B40903F02FF9DFF874
:10245000B42903212C2003F043FADFF8AC2904212E
:10246000082003F03DFA03F066FB41F28830DFF804
:10247000841988611BE00120DFF87C1948708920ED
:102480000090202307220521DFF8700903F00EF9E0
:10249000DFF860690221300003F050FA03213000B8
:1024A00003F04CFA0421300003F048FAFFE72878E3
:1024B000401C28702100C9B2DFF8380903F04DFA3A
:1024C000012076BD70B5040000F0BCF8DFF8285993
:1024D0006878012803D1A87800F0ACFB04E0002163
:1024E000DFF8100903F02AFADFF82009A97802784A
:1024F000914207D0A9780170DFF814090068DFF86D
:1025000014190860A8780A2812D1DFF808694FF476
:10251000FA613068FFF78AFD012809D1DFF8F00879
:1025200000683060062215F10801A81CFFF726FE9E
:102530002100C9B2DFF8BC0803F00FFA012070BD1A
:1025400010B50400DFF8D018DFF8D0080069FFF7F5
:102550006DFD012827D1DFF8C8080178012905D1D0
:10256000002101700020DFF890188870DFF8B408AF
:102570000188491C018042F21071DFF8782823009D
:10258000DBB21B011A449268B1FBF2F102888A4265
:102590000DD300210180DFF860188878002806D06C
:1025A0000020887003E00120DFF874180870210013
:1025B000C9B2DFF8400803F0D0F9012010BD38B5EA
:1025C0000400FDF7FCFDDFF85458287A012808D1F3
:1025D0000521DFF8200803F0B1F9DFF834080068BE
:1025E00028612100C9B2DFF80C0803F0B6F9012018
:1025F00032BD10B50400FDF7C9FDDFF82008002149
:10260000017000210172012010BD10B504000022EC
:102610004FF40051DFF8BC07FFF7E7FC012010BDC5
:1026200010B5040001224FF40051DFF8A807FFF7AE
:10263000DCFCDFF8C007210089B28166062103F0C7
:102640008CF910BD38B5DFF89047DFF8DC07616B17
:10265000097850F82100DFF88817C1F86002DFF828
:10266000CC0701786170DFF8C817407851F8200076
:102670006060207A02F0B2FB00EE100ADFF8B45777
:10268000B8EE400AD5ED010A20EE200ABDEEC00AE0
:1026900084ED030A607A02F0A1FB00EE100AB8EEA6
:1026A000400AD5ED020A20EE200ABDEEC00A84EDF4
:1026B000040A207A02F092FB00EE100AB8EE400AFB
:1026C000D5ED030A20EE200ABDEEC00A84ED050A0E
:1026D000607A02F083FB00EE100AB8EE400AD5EDF6
:1026E000040A20EE200ABDEEC00A84ED060A207A14
:1026F00002F074FB00EE100AB8EE400AD5ED050AB0
:1027000020EE200ABDEEC00A84ED070A607A02F0CE
:1027100065FB00EE100AB8EE400AD5ED060A20EE81
:10272000200ABDEEC00A84ED080AA07A02F056FB2A
:1027300000EE100ADFF8A456B8EE400AD5ED020A02
:1027400020EE200ABDEEC00A84ED0B0AA07A02F04A
:1027500045FB00EE100AB8EE400AD5ED010A20EE66
:10276000200ABDEEC00A84ED0C0AE07A02F036FBC6
:1027700000EE100ADFF8C056B8EE400AD5ED000AA8
:1027800020EE200ABDEEC00A84ED0E0AE07A02F0C7
:1027900025FB00EE100AB8EE400AD5ED010A20EE46
:1027A000200ABDEEC00A84ED0F0AE07A02F016FBA3
:1027B00000EE100AB8EE400AD5ED020A20EE200A1B
:1027C000BDEEC00A84ED100AE07A02F007FB00EECD
:1027D000100AB8EE400AD5ED030A20EE200ABDEE3D
:1027E000C00A84ED110A31BD2DE9F84F8AB0060008
:1027F0002021002202AC200003F00AFA0024002568
:1028000000208DF8050000208DF806001827DFF85D
:10281000D0853000C0B27843404490F81590300025
:10282000C0B2784340444068002842D001213000C3
:10283000C0B200F0A9F900280ED13000C0B2784330
:10284000404442683000C0B278434044017D48466D
:10285000C0B203F045F81EE05FF0000A3000C0B2DD
:1028600078434044406802F0BFFC5146C9B28142FF
:1028700007D2202002A95246D2B288541AF1010A86
:10288000ECE702AA3000C0B278434044017D4846DC
:10289000C0B203F025F83000C0B27843404440682D
:1028A00002F0A2FCDFF894150979491C484310FA9C
:1028B00089F93000C0B2784340448068002800F0B5
:1028C0003A813000C0B278434044007B00280BD0EE
:1028D00002281ED012D3042830D024D3062845D095
:1028E00036D307283ED044E03000C0B2784340449D
:1028F00080680078002104000D003AE03000C0B28A
:1029000078434044806890F90000C11704000D002E
:102910002FE03000C0B27843404480680088002136
:1029200004000D0025E03000C0B2784340448068C8
:10293000B0F90000C11704000D001AE03000C0B269
:102940007843404480680068002104000D0010E0D6
:102950003000C0B27843404480680068C11704006A
:102960000D0006E001208DF8050002E002208DF840
:1029700005009DF8050000280CD13000C0B2784356
:102980004044407B40420200D2B202A92000FFF73F
:1029900065FB26E09DF8050001281AD13000C0B281
:1029A00078434044806802F01FFC202819D2300090
:1029B000C0B278434044806802F016FC020092B234
:1029C0003000C0B278434044816802A8FFF7D6FBCC
:1029D00007E03000C0B278434044806800788DF84A
:1029E000080002213000C0B200F0CEF8012823D147
:1029F0003000C0B278434044807DC0B200098DF8F9
:102A000006009DF806000F2805D0202002A99DF899
:102A10000620885410E05FF0000A02A802F0E4FBF0
:102A20005146C9B2814207D2202002A95246D2B2F1
:102A300088541AF1010AF0E73000C0B201285ED1D3
:102A40005FF0000A00208DF804003000C0B2784327
:102A50004044407B002802D009208DF80400392032
:102A600000902E2315220F21DFF8D40303F004F980
:102A700002A802F0B9FB8346DFF8C0030079401CCE
:102A800000FB0BFB5846C0B2022190FBF1F01F285F
:102A90000BDA5846C0B2022190FBF1F0D0F14000B1
:102AA0009DF8041050FA81FA07E05846C0B2D0F100
:102AB0005F009DF8041050FA81FA02AA3000C0B2FB
:102AC00078434044007D401CC0B2DFF87013497960
:102AD000D1EBC001491EC9B25046C0B203F076FA2C
:102AE0005AFA8BF09DF80490B0EB09098920009008
:102AF000202307220521C14802F0D8FD1BE08920D0
:102B00000090202307220521BC4802F0CFFD02AA35
:102B10003000C0B278434044017D4846C0B202F064
:102B2000DFFE02A802F060FBC4490979491C484352
:102B300010FA89F081463000C0B278434044006901
:102B400000281ED03000C0B278434044806800287E
:102B500017D03000C0B2784340448068B9498842F9
:102B60000FD03000C0B27843404402693000C0B298
:102B700007FB00F708EB0700017D4846C0B202F0F2
:102B8000AFFE0BB0BDE8F08FF8B504000D0094491E
:102B90002200D2B21820424301EB0200817D2800BE
:102BA000C0B201402800C0B281422FD1A026A64F5A
:102BB0004FF496712800C0B2704338442200D2B25C
:102BC00050F82200FFF732FA01282AD12800C0B2BB
:102BD00006FB00F607EB06002100C9B28C4A12681A
:102BE00040F82120282099492A00D2B242430A44C1
:102BF0002300DBB22E00F6B200FB06F008442100F1
:102C0000C9B2405CD0F10100D0540AE08F492A00DB
:102C1000D2B22820424301EB02002100C9B20022B7
:102C200042548A49EDB22820454301EB0500E4B245
:102C3000005DF2BD70B50400002602F01FFF00F039
:102C400077F82000C0B200F07DF82000C0B200F09C
:102C500093F80025280080B2282811DA60492A005C
:102C600092B21820424301EB0200C07D2100C9B29C
:102C7000884203D12800C0B2FFF7B6FD6D1CE9E71A
:102C800002F059FF70BDF0B44271C4780379250099
:102C9000EDB2AB420AD3F025514E2700FFB2182304
:102CA0005F4306EB07039D75641CEFE718234C4C4C
:102CB00085785D4325444679AE75002904D0857832
:102CC00003FB05F323449960F0BC70472DE9F84FEE
:102CD0000700884691469A460A9E0B9DDDF830B063
:102CE0000D9C87F8008087F8019087F802A0FE709D
:102CF0003D712200D2B259463800FFF7C4FFBDE84B
:102D0000F18F10B4010000221000C0B204280CD2D0
:102D10001000C0B2085C4E4B1400E4B21B5D984238
:102D200001D0002002E0521CEEE7012010BC7047E9
:102D300080B50120009008237F220821002003F0A5
:102D4000C9F901BD10B504002000C0B2002812D19D
:102D500038480078002807D122A2214890F8441072
:102D6000782002F0BDFD06E01FA21D4890F8441037
:102D7000782002F0B5FD10BD0100C9B2092924D1A7
:102D800015490978002906D002290ED008D3042954
:102D900015D00FD318E02F49114AC2F8981318E044
:102DA0002D490F4AC2F8981313E02C490C4AC2F877
:102DB00098130EE02A490A4AC2F8981309E02949F3
:102DC000074AC2F8981304E003E02249044AC2F813
:102DD00098137047000800487C0000205428002009
:102DE00028010020200000004E0000008005002087
:102DF000C40000200C0000202828002038ED000826
:102E0000C528002094F60008B4F20008C628002067
:102E1000A42800207C28002080EE3600E027002037
:102E2000C7280020B828002020010020340C0020F2
:102E3000BC060020782700203828002048280020E1
:102E400010EB0008360C0020EC1E0020E4240020CB
:102E5000CC000020D0000020E0000020F000002086
:102E6000000100201001002010B504000121DFF84E
:102E7000FC0C02F072FD012010BD30B587B00400DB
:102E80001421002202AD280002F0C2FEDFF8FC0B84
:102E9000D0E90023CDE9002302A80090DFF8F05B21
:102EA0002978684600F0FAF928786870BDF80410AF
:102EB000009800F01AFD00202870DFF8B05C0221B5
:102EC000280002F03BFD0321280002F046FD21000E
:102ED000C9B2280002F041FD012007B030BD10B595
:102EE0000400DFF8B01B8888002810D0DFF8A80B9A
:102EF00002888B889A4208D1002101800321DFF8E3
:102F00006C0C02F01BFD012008E089880180210083
:102F1000C9B2DFF8580C02F020FD012010BD2DE9E8
:102F2000F041040000250026DFF8687BB8880328FC
:102F30003DDB3868B988084410F8010C3968BA8854
:102F4000114411F8021C51EA00210E00B988891EB3
:102F5000386803F059F905002800310080B289B2C1
:102F600088421DD10721DFF8040C02F0F6FC386816
:102F7000007807280DD1DFF8188B012198F801009F
:102F800000F0A5F998F80120D7E9000100F08FF9C9
:102F900013E00021DFF8F80A407800F098F90CE01F
:102FA0000021DFF8EC0A407800F091F905E00021FB
:102FB000DFF8DC0A407800F08AF9DFF8D40A4078BC
:102FC00000F0ECF80221DFF8A40B02F0D8FC01209D
:102FD000BDE8F0810100DFF8B80D0278032A01D0C6
:102FE000042202700120704710B504002100C9B20C
:102FF000DFF8780B02F0B1FC012010BD10B5040021
:10300000DFF86C0B0178012936D1DFF80C1CC97888
:10301000012931D1DFF8041C91ED030AD0ED020A39
:10302000B4EE600AF1EE10FA08DA91ED030AD0ED81
:10303000010AB4EE600AF1EE10FA0ED501224FF447
:1030400000615FF09040FEF7D0FF01224FF4805105
:103050005FF09040FEF7C9FF1CE000224FF40061D2
:103060005FF09040FEF7C1FF00224FF480515FF007
:103070009040FEF7BAFF0DE000224FF400615FF0D0
:103080009040FEF7B2FF00224FF480515FF0904075
:10309000FEF7ABFFDFF8D40A4FF47A7181662100A6
:1030A000C9B202F05AFC012010BD38B50400DFF8A7
:1030B000701B087800281FD101200870DFF8645BBE
:1030C000012210212800FEF790FF0022082128008D
:1030D000FEF78BFF00220421DFF84C0BFEF785FF83
:1030E0004FF4FA60DFF8841A886703F06FFA03F090
:1030F00018FC03F007FC12E00020087001220821F0
:10310000DFF8200BFEF771FF01220421DFF8180B16
:10311000FEF76BFF4EF66020DFF8501A886721003B
:10312000C9B2DFF8480A02F018FC012032BD10B520
:103130000400DFF8E81A0878002803D1002081F89D
:10314000240011E0DFF84C0C8278042A05D0827844
:10315000092A06D1007A042803D1032081F824002B
:1031600002E0022081F82400DFF8AC0AC0780128D0
:1031700006D1012081F82500012081F8260005E014
:10318000002081F82500002081F826002100C9B226
:10319000DFF8D80902F0E1FB012010BD38B52DEDB4
:1031A000028B04009FED858A2000C0B200285AD10E
:1031B000DFF8685A95ED010ADFED810A20EE200A5A
:1031C000BDEEC00A10EE100A00F02EFA85ED010ADD
:1031D00095ED010A00F09AFA85ED030A95ED020AD1
:1031E00000F0F4FA85ED040A95ED040AD5ED060A1F
:1031F00030EE200ADFF8A00BD0ED020AF4EE400A10
:10320000F1EE10FA02D5D0ED020A0BE0D0ED030A80
:10321000B4EE600AF1EE10FA02D5D0ED030A01E037
:10322000F0EE400AC5ED040AD5ED030A95ED051A46
:1032300030EE818AD0ED000AF4EE480AF1EE10FA81
:1032400002D590ED000A0BE090ED010AB4EE408A41
:10325000F1EE10FA02D590ED010A01E0B0EE480A55
:1032600085ED030AFFE7DFF8B4592878002807D175
:103270000020686095ED010A00F048FA85ED030A28
:103280002878002807D10020A86095ED020A00F0F8
:103290009DFA85ED040ABDEC028B31BD38B5040002
:1032A0000D002900C9B2200000F01BF831BD70B537
:1032B00004000D00160020000078C0B2072805D1D8
:1032C0003200D2B22000290000F07CF870BD38B581
:1032D00004000D002900C9B22000C0B200F01CF9A2
:1032E00031BD3EB504000D002800C0B2002808D052
:1032F000022819D00ED3042835D01FD3052847D073
:103300005BE004200090002303220721200002F04C
:1033100099FF52E0012000904FF4805303220721CF
:10332000200002F08FFF48E00120009041F20403EA
:1033300003220721200002F085FF3EE0DFF8580D50
:10334000818802290ED1016801918088022190FBB9
:10335000F1F080B200904FF4805306220721200044
:1033600002F0BEFF29E0DFF8300D818802290ED17E
:10337000016801918088022190FBF1F080B20090F9
:1033800041F2040306220721200002F0A9FF14E005
:10339000DFF8040D818802290ED10168019180882F
:1033A000022190FBF1F080B2009042F2200306224D
:1033B0000721200002F094FFFFE737BD0000000066
:1033C0000000C8422DE9F84F2DED028B82B00400B9
:1033D0000D0091460020ADF800009FED6B8A00269D
:1033E0004846C0B200280BD0022876D05ED304280D
:1033F00000F08A80C0F08880052800F0858086E093
:103400000320ADF8000002226946200000F03AFADD
:1034100008EE900A02226946200000F033FA804646
:10342000DFF8F877B8EE680A10EE100A02F09CF8A0
:1034300082468B46404602F089F841EC110B9FED25
:10344000B10B01F022FF53EC102B5046594601F00E
:1034500025FF02F047F8786002226946200000F05C
:1034600011FA00EE100AB0EE408A022269462000EE
:1034700000F008FA0600B8EE480A10EE100A02F052
:1034800073F882468B46300002F060F841EC110B75
:103490009FED9C0B01F0F9FE53EC102B5046594662
:1034A00001F0FCFE02F01EF8B86030E00320ADF839
:1034B000000002226946200000F0E4F900EE100A44
:1034C000B0EE408AB8EE480AF2EE040A80EE200A16
:1034D000DFF8480780ED070A19E00320ADF8000087
:1034E00002226946200000F0CDF900EE100AB0EE8D
:1034F000408AB8EE480AF2EE040A80EE200ADFF8AD
:103500001C0780ED080A02E000F061F9FFE702B055
:10351000BDEC028BBDE8F18F0200D2B2002A052A71
:103520001BD80A00D2B2012A0ED1DFF8F026002300
:103530005370012313700200D2B2002A0CD1012271
:10354000DFF8D436DA7007E0DFF8D0265378032BA3
:1035500002DA53785B1C5370FFE7DFF8C0365A7805
:10356000002A10D05A78032A0DDB00221A7000229C
:103570005A6000229A600022DA6100221A62002258
:10358000DFF89436DA707047000000002DE9F04152
:1035900000242500EDB20A2D43DA00252E00F6B2F4
:1035A000092E3CDA2E00F6B201EB860676682F0073
:1035B000FFB251F82770BE422FDA00262F00FFB26B
:1035C00051F82770AC465FFA8CFC01EB8C0CDCF8F0
:1035D00004C0AE465FFA8EFE41F82EC0AC465FFADC
:1035E0008CFC01EB8C0CCCF80470AC465FFA8CFCC4
:1035F00050F82CC0AE465FFA8EFE00EB8E0EDEF861
:1036000004E0A8465FFA88F840F828E0AE465FFA82
:103610008EFE00EB8E0ECEF804C06D1CBEE7641C5F
:10362000B7E7BDE8F081000038B52DED028B04004E
:103630009FED938ADFF8F81A087800282AD1012034
:10364000087000210800C0B20A2815DA0800C0B2CC
:10365000DFF8E02A0B00DBB242F82300DFF81C2B76
:103660000800C0B252F82000002803D10800C0B200
:1036700042F82040491CE5E7DFF8005B09230022FF
:103680002900DFF8B00AFFF781FF95ED050AB8EED3
:10369000C00A30E000200100C9B20A291EDADFF8B2
:1036A000941A0200D2B251F82220092A0BD100222A
:1036B0000300DBB241F82320DFF8C01A0200D2B2C7
:1036C00041F8224008E00200D2B251F82220521CF8
:1036D0000300DBB241F82320401CDCE7DFF89C5AF2
:1036E000092300222900DFF84C0AFFF74FFF95ED70
:1036F000050AB8EEC00ADFEDBB0A80EE200ABDEC79
:10370000028B31BD0000000000002440F0EE400AB2
:103710009FEDB51A9FEDB53ADFED593AF5EE400A47
:10372000F1EE10FA40D0F0EE603A9FEDB10ADFF80A
:10373000D80A90ED004A34EE634AB4EE404AF1EE06
:1037400010FA08DA90ED004A33EEC44AB4EE404A6B
:10375000F1EE10FA03DB9FEDA70A21EE001ADFF865
:10376000AC0A90ED000AF0EE401ADFF8A41A91EDD1
:10377000000A30EE010AB0EE402A32EE030A82EE71
:10378000000AF0EE402A33EEE10AB0EE614A00EEA4
:10379000224A80ED004AB7EE000A30EE620A20EEBF
:1037A000020A81ED000A08E0DFF8640A5FF07E514A
:1037B0000160DFF8580A00210160DFF8500ADFF8E5
:1037C000481A02680A6090ED000A7047704780B599
:1037D0000320DFF8BC1508700421E44802F0CFF89C
:1037E0003220FEF71DFF01BD80B5DFF8280A007802
:1037F000A74908700220DFF8981508700421DB48FB
:1038000002F0ABF801BD2DE9F04104000D001600F7
:103810002F00DFF884884046FEF750FC300080B26D
:10382000022802D004280BD01DE07878D8F80010C8
:1038300008703878D8F800104870A8F8046015E0CF
:103840007878D8F8001008703878D8F800104870E8
:10385000F878D8F800108870B878D8F80010C870D8
:10386000A8F8046002E00020A8F80400DFF8A4092A
:1038700004700120DFF8A0190870BDE8F081000095
:1038800000000000F0B4030000200C881500EDB229
:10389000042D16D12500ADB21D44AE782500ADB281
:1038A0001D44ED7855EA06252600B6B29E5D270038
:1038B000BFB21F447F7857EA062757EA054738000A
:1038C0000DE01500EDB2022D09D12500ADB25D5D10
:1038D0002600B6B21E44767856EA052630000D88DA
:1038E00055FA82F50D80F0BC704770B504000D00EC
:1038F000DFF8286901224FF480513000FEF775FB94
:103900000A2003F031F802F0F5FF4FF47A732A0031
:1039100092B22100DFF8080903F077F800224FF493
:1039200080513000FEF761FB70BD2DE9F0412DEDB7
:10393000028B8EB0F0EE408AB0EE608A3221002217
:103940006C46200002F064F9002700240025DFF80F
:10395000CC82C8ED058A88ED068A98ED050A01F04B
:1039600031FC060098ED060A01F02CFC8046684602
:103970003100090E3A00D2B281547F1C3100090C8B
:103980003A00D2B281547F1C3100090A3A00D2B207
:1039900081547F1C3900C9B246547F1C4146090E30
:1039A0003A00D2B281547F1C4146090C3A00D2B28F
:1039B00081547F1C4146090A3A00D2B281547F1CCF
:1039C0003900C9B200F801807F1C3A00D2B292B22D
:1039D0006946DFF8500804F035F80EB0BDEC028BF4
:1039E000BDE8F0810000C84295BFD63317B7D13883
:1039F0000100A04100007A4470B500240025DFF8E2
:103A000024080078C0B2FF2839D0DFF81C080178FC
:103A1000C9B20906DFF814080078C0B251EA0041C3
:103A2000DFF80C080078C0B251EA0021DFF8040882
:103A30000078C0B201430C00DFF8FC070178C9B27E
:103A40000906DFF8F8070078C0B251EA0041DFF854
:103A5000F0070078C0B251EA0021DFF8E8070078EB
:103A6000C0B201430D006D4E16F11401200001F0AB
:103A7000D1FA16F11801280001F0CCFA04E06748E9
:103A8000002141610021816170BD0000ACF8000897
:103A9000C0280020E40B0020BE2800202DE9F047BC
:103AA0002DED028B8EB00400F0EE408AB0EE608AFD
:103AB000322100226D46280002F0AAF800250026D7
:103AC0000027DFF8ACA08AF800408AED028ACAED30
:103AD000018A9AED020A01F075FB80469AED010A0F
:103AE00001F070FB814668469AF800102A00D2B2B5
:103AF00081546D1C4146090E2A00D2B281546D1CBE
:103B00004146090C2A00D2B281546D1C4146090A73
:103B10002A00D2B281546D1C2900C9B200F801807C
:103B20006D1C4946090E2A00D2B281546D1C4946CB
:103B3000090C2A00D2B281546D1C4946090A2A0098
:103B4000D2B281546D1C2900C9B200F801906D1CDD
:103B50002A00D2B292B26946DFF8EC0603F072FF97
:103B60000EB0BDEC028BBDE8F087000030070020EE
:103B70005428002070B500240025DFF8CC0600781A
:103B8000C0B2FF283DD0DFF8C466DFF8C406007875
:103B90003070DFF8C0060178C9B20906DFF8B80650
:103BA0000078C0B251EA0041DFF8B0060078C0B238
:103BB00051EA0021DFF8A8060078C0B201430C00EA
:103BC000DFF8A0060178C9B20906DFF89C06007884
:103BD000C0B251EA0041DFF894060078C0B251EA61
:103BE0000021DFF88C060078C0B201430D0016F109
:103BF0000801200001F00EFA311D280001F00AFA38
:103C000008E0DFF8480600210170DFF868168160DF
:103C10000021416070BD000090280020782700201E
:103C2000CD28002000040048000C00482DE9F84F82
:103C30002DED048B8EB0F0EE409AB0EE608AF0EE7F
:103C4000418AB0EE619A3221002201AC200001F0DD
:103C5000DFFF5FF0000B002000900024002500260D
:103C6000DFF834A1CAED009A8AED018ACAED028A12
:103C70008AED039A9AED000A01F0A4FA07009AED82
:103C8000010A01F09FFA80469AED020A01F09AFAC1
:103C900081469AED030A01F095FA824601A839009F
:103CA000090E5A46D2B281541BF1010B3900090C9E
:103CB0005A46D2B281541BF1010B3900090A5A4607
:103CC000D2B281541BF1010B5946C9B247541BF1C2
:103CD000010B4146090E5A46D2B281541BF1010B29
:103CE0004146090C5A46D2B281541BF1010B4146A0
:103CF000090A5A46D2B281541BF1010B5946C9B286
:103D000000F801801BF1010B4946090E5A46D2B258
:103D100081541BF1010B4946090C5A46D2B2815419
:103D20001BF1010B4946090A5A46D2B281541BF1D4
:103D3000010B5946C9B200F801901BF1010B514625
:103D4000090E5A46D2B281541BF1010B5146090C9F
:103D50005A46D2B281541BF1010B5146090A5A4608
:103D6000D2B281541BF1010B5946C9B200F801A02F
:103D70001BF1010B5A46D2B292B201A9DFF8F80446
:103D800003F060FE0EB0BDEC048BBDE8F18F0000C7
:103D90007C00002028280020382800202DE9F04150
:103DA0000024002500260027DFF8CC040078C0B2EC
:103DB000FF2871D0DFF8C4040178C9B20906DFF822
:103DC000C0040078C0B251EA0041DFF8B8040078BE
:103DD000C0B251EA0021DFF8B0040078C0B201435C
:103DE0000C00DFF8A8040178C9B20906DFF8A004C6
:103DF0000078C0B251EA0041DFF898040078C0B200
:103E000051EA0021DFF890040078C0B201430D00B0
:103E1000DFF888040178C9B20906DFF88404007865
:103E2000C0B251EA0041DFF87C040078C0B251EA28
:103E30000021DFF874040078C0B201430E00DFF8FF
:103E40006C040178C9B20906DFF864040078C0B2D6
:103E500051EA0041DFF85C040078C0B251EA002169
:103E6000DFF854040078C0B201430F00DFF84C843F
:103E70004146200001F0CEF818F10401280001F0BD
:103E8000C9F818F10801300001F0C4F818F10C016C
:103E9000380001F0BFF80BE0DFF82004DFF8D4139E
:103EA000016000214160DFF8181481600021C160C9
:103EB000BDE8F08178B591B004000D003C210022EE
:103EC00002AE300001F0A4FE0020ADF80400032192
:103ED000042000F06EFD0B2000900023DFF8E423A7
:103EE00001A902A801F080F84FF47A73BDF804200C
:103EF00002A9DFF8D40302F088FD12B070BD78B5D6
:103F000091B004000D003C21002202AE300001F00F
:103F10007FFE0020ADF80400C24803F063FDCA48EC
:103F200003F060FDC94800210170D2498160002181
:103F300041600D2000900023DFF8902301A902A822
:103F400001F052F84FF47A73BDF8042002A9DFF8AB
:103F5000780302F05AFD12B070BD38B590B004007D
:103F60000D0003A8DFF86813322203F0AFFDDFF87D
:103F70006403D0E90023CDE9012303A801900023C5
:103F8000D548027802A903A800F0B9FF02200090EA
:103F9000002379A202A903A801F026F84FF47A734E
:103FA000BDF808200199C84802F02FFD11B030BDBE
:103FB000F8B504000D0000262068007830283ADBB0
:103FC000206800783A2836DA002700200100C9B2BC
:103FD000A28889B291420FD221680200D2B2895CD4
:103FE000302905DB21680200D2B2895C3A2900DB66
:103FF00002E07F1C401CE9E73900C9B2206801F0EB
:10400000ABF80600B6F5807F0DD2B348417830009A
:10401000C0B200F0CEFC4FF47A73022279A1AA4814
:1040200002F0F3FC0EE04FF47A730522AB49A64888
:1040300002F0EBFC06E04FF47A730522A749A24890
:1040400002F0E3FCF1BD38B590B004000D0003A808
:10405000A349322203F03AFDA248D0E90023CDE97A
:10406000012303A8019000239B48427802A903A8DA
:1040700000F045FF0220009000233FA202A903A800
:1040800000F0B2FF4FF47A73BDF8082001998E4812
:1040900002F0BBFC11B030BDC0070020F8B5040031
:1040A0000D00002620680078302839DB2068007871
:1040B0003A2835DA002700200100C9B2A28889B267
:1040C00091420FD221680200D2B2895C302905DB0F
:1040D00021680200D2B2895C3A2900DB02E07F1C31
:1040E000401CE9E73900C9B2206801F035F8060044
:1040F0000C2E0DD23100C9B27748007800F059FC7F
:104100004FF47A7302223FA16F4802F07EFC0EE06A
:104110004FF47A73052271496B4802F076FC06E091
:104120004FF47A7305226D49674802F06EFCF1BDC9
:10413000CE2800202827002080B5FFF75DFCFFF780
:1041400019FDFFF72BFE68486849C0F8A4136849B9
:10415000C0F8B4136749C0F8C4136749C0F8D41352
:104160006649C0F8E4136649C0F8F41302F0D9FBBD
:1041700002F0C8FB01BD00000D0A0000502700201E
:1041800070B50020002400252800C0B2092836DAC6
:104190005C4E2800C0B200013044407801282CD188
:1041A000012004002800C0B200013044406800280B
:1041B0000ED001F075FA2900C9B2090131444968ED
:1041C000401A2900C9B2090131448968884214D3D0
:1041D00000202900C9B209013144487001F060FA99
:1041E0002900C9B20901314448602800C0B2290041
:1041F000C9B209013144C96888476D1CC4E7200071
:10420000C0B270BD4F4B00009828002094280020B9
:10421000C8070020CC2800207C00002000080048AF
:10422000DC21002000080208020802080308020836
:104230000408020805080208060802080708020820
:104240000808020809080208001002085428002083
:1042500002100208031002080410020805100208E8
:1042600006100208071002080810020809100208C8
:104270000A10020800007A44002002080220020806
:104280000320020804200208052002080620020874
:104290000720020808200208092002080A20020854
:1042A0000B2002080C2002080D2002080E20020834
:1042B0000F200208102002081120020838280020D0
:1042C0000000A042ACF60008CC200020F0F300086B
:1042D000B8E20008B4F80008340C0020A4F8000884
:1042E000B0F00008BCF80008D4070020B53E000874
:1042F000FF3E00085B3F0008B13F00084740000850
:104300009D4000083007002002000020704730B4B4
:104310000200DFF8980A00230468858863558388C3
:104320005B1C8380DFF8883A1B78046885886355B6
:1043300083885B1C8380012030BC7047F8B5040083
:104340000D00002000212E0022683300DBB2D25C79
:1043500023683700FFB23B445F7857EA02273A00F0
:1043600092B2B2F5807F23DA380080B200281FD0E5
:10437000DFF8380A21683200D2B2895C026883888B
:10438000D1548188491C818021683200D2B2114405
:10439000497802688388D1548188491C8180DFF87C
:1043A000100A41783800C0B200F003FB012000E0A1
:1043B0000020F2BD30B40200DFF8F00900230468E9
:1043C0008588635583885B1C8380DFF8E4395B78DC
:1043D00004688588635583885B1C8380012030BC1A
:1043E0007047F8B504000D00002000212E0022685F
:1043F0003300DBB2D25C23683700FFB23B445F7806
:1044000057EA02273A0092B20B2A1FDADFF89C091A
:1044100021683200D2B2895C02688388D1548188D5
:10442000491C818021683200D2B211444978026867
:104430008388D1548188491C81803900C9B2DFF852
:104440007009007800F0B5FA012000E00020F2BD0C
:10445000F8B504000D000026DFF8580990ED030AB6
:1044600000F0B0FE0100DFF844090A00120A0368F8
:104470008788DA558288521C828002688388D154EA
:104480008288521C82800A00120E03688788DA55DF
:104490008288521C82800A00120C03688788DA55D1
:1044A0008288521C82800120F2BDF8B504000D0004
:1044B0000026DFF8000990ED040A00F083FE0100F9
:1044C000DFF8E8080A00120A03688788DA5582884C
:1044D000521C828002688388D1548288521C828058
:1044E0000A00120E03688788DA558288521C82807F
:1044F0000A00120C03688788DA558288521C828071
:104500000120F2BDF8B504000D0000269FEDA30ABE
:1045100000F058FE0100DFF894080A00120A036850
:104520008788DA558288521C828002688388D15439
:104530008288521C82800A00120E03688788DA552E
:104540008288521C82800A00120C03688788DA5520
:104550008288521C82800120F2BD0000F8B5040060
:104560000D0000269FED8D0A00F02CFE0100DFF803
:104570003C080A00120A03688788DA558288521CB0
:10458000828002688388D1548288521C82800A000B
:10459000120E03688788DA558288521C82800A00CE
:1045A000120C03688788DA558288521C82800120A9
:1045B000F2BD30B40200DFF8F407002304688588F8
:1045C000635583885B1C8380DFF8E83793F82430D9
:1045D00004688588635583885B1C8380012030BC18
:1045E000704730B40200DFF8C407002304688588F0
:1045F000635583885B1C8380DFF8B83793F82530D8
:1046000004688588635583885B1C8380012030BCE7
:10461000704730B40200DFF89407002304688588EF
:10462000635583885B1C8380DFF8883793F82630D6
:1046300004688588635583885B1C8380012030BCB7
:10464000704730B40200DFF86407002304688588EF
:10465000635583885B1C83800023046885886355C9
:1046600083885B1C8380012030BC704730B402001B
:10467000DFF83807002304688588635583885B1C4E
:104680008380002304688588635583885B1C83804E
:10469000012030BC704730B40200DFF8100700235F
:1046A00004688588635583885B1C8380DFF808373E
:1046B0001B7804688588635583885B1C8380012090
:1046C00030BC7047F8B504000D00002000212E001A
:1046D00022683300DBB2D25C23683700FFB23B4470
:1046E0005F7857EA02273A0092B2012A03D03800D5
:1046F00080B2002822D1DFF8B40621683200D2B29D
:10470000895C02688388D1548188491C8180216832
:104710003200D2B21144497802688388D15481882A
:10472000491C8180DFF89006D0ED020A90ED010A65
:104730003800C0B2FFF7B2F9012000E00020F2BD5E
:10474000F8B504000D000026DFF86C0690ED020AB3
:1047500000F038FD0100DFF854060A00120A036871
:104760008788DA558288521C828002688388D154F7
:104770008288521C82800A00120E03688788DA55EC
:104780008288521C82800A00120C03688788DA55DE
:104790008288521C82800120F2BD000000000000CF
:1047A0002DE9F84304000D000026002000900027AA
:1047B000A84620684146C9B208448178206842462C
:1047C000D2B21044C07850EA012021684246D2B2E9
:1047D000895C22684346DBB21A4492F8019059EA98
:1047E000012959EA0049DFF8C40521684246D2B2DE
:1047F000895C02688388D1548188491C8180216842
:104800004246D2B21144497802688388D1548188E3
:10481000491C818021684246D2B2114489780268DD
:104820008388D1548188491C818021684246D2B254
:104830001144C97802688388D1548188491C8180D9
:104840006946484600F0E6FBDFF86C05DDED000A3E
:1048500090ED010A0078FFF721F90120BDE8F2830D
:10486000F8B504000D000026DFF84C0590ED010AB4
:1048700000F0A8FC0100DFF834050A00120A036802
:104880008788DA558288521C828002688388D154D6
:104890008288521C82800A00120E03688788DA55CB
:1048A0008288521C82800A00120C03688788DA55BD
:1048B0008288521C82800120F2BD2DE9F843040059
:1048C0000D000026002000900027A84620684146E1
:1048D000C9B20844817820684246D2B21044C078F8
:1048E00050EA012021684246D2B2895C22684346E0
:1048F000DBB21A4492F8019059EA012959EA0049B9
:10490000DFF8A80421684246D2B2895C0268838835
:10491000D1548188491C818021684246D2B2114419
:10492000497802688388D1548188491C8180216834
:104930004246D2B21144897802688388D154818872
:10494000491C818021684246D2B21144C97802686C
:104950008388D1548188491C81806946484600F08B
:1049600059FBDFF85404D0ED020A9DED000A0078EF
:10497000FFF794F80120BDE8F28370B504000D0044
:10498000DFF83864012220213000FDF72EFB0A20D9
:1049900001F0EAFF4FF47A732A0092B22100DFF8A7
:1049A000200402F032F8002220213000FDF71DFB28
:1049B00070BD7CB504000D00082100226E46300059
:1049C00001F026F90026DFF8E80304704570694617
:1049D00002783300DBB2CA54761C40783200D2B27F
:1049E0008854761C3200D2B292B26946DFF8D40302
:1049F00003F028F873BDDFF8CC030078C0B2FF28BD
:104A00000AD0DFF8AC03DFF8C01309780170DFF8D3
:104A1000BC130978417005E0DFF8940304210170AC
:104A20000321417070472DE9F04F87B00400002743
:104A30005FF000085FF000090025DFF89423D2E959
:104A40000001CDE902010026DFF88823D2E9000148
:104A5000CDE90401DFF854A35046FDF72FFBA088F1
:104A60000828C0F29E812068A188084410F8010C33
:104A70002168A288114411F8021C51EA0021ADF806
:104A80001810A188891E206801F0BEFBADF81A003D
:104A9000BDF81A00BDF81810884240F080812068E7
:104AA0000078C3490978884240F07981206880788D
:104AB0002168CF7857EA002720684078032807D07C
:104AC000042805D006286DD0102800F0C48062E1CB
:104AD000206800792168497951EA00210D005FF0D2
:104AE00001084046C0B20F2836DA5FF01409DFF83B
:104AF000E8B24046C0B209FB00F0584440683900B3
:104B000089B2884225D1280080B24146C9B209FB4A
:104B100001F15944896888421BDB0021002042468C
:104B2000D2B209FB02F25A44D268904701280FD151
:104B30004046C0B209FB00F0584480682D1A404638
:104B4000C0B209FB00F90BEB09008068C71900E04F
:104B500002E018F10108C4E7BAF80400002820D0E8
:104B6000BAF80400022190FBF1F201FB12000028C8
:104B700017D1DAF800000190BAF80400022190FB86
:104B8000F1F080B200903B009BB220684278206830
:104B9000017804A801F018FCBDF814100498FFF780
:104BA000ECFEFAE004200100C9B2A288921E9142F4
:104BB0000EDA21680200D2B2895C029ABDF80C308C
:104BC000D154BDF80C10491CADF80C10401CEAE79C
:104BD0005FF001084046C0B20F2817DA14227E4B5E
:104BE0004046C0B2504318444068390089B28842F8
:104BF00009D1002102A8C4465FFA8CFC02FB0CF22A
:104C00001A441269904718F10108E3E7BAF8040062
:104C100000281FD0BAF80400022190FBF1F201FB3A
:104C20001200002816D1DAF800000190BAF804004A
:104C3000022190FBF1F080B200903B009BB2062273
:104C40002068017804A801F010FCBDF81410049845
:104C5000FFF793FEA1E0002006002068007921689C
:104C6000497951EA00210D0007200100C9B2A2884C
:104C7000921E91420EDA21680200D2B2895C029A39
:104C8000BDF80C30D154BDF80C10491CADF80C1017
:104C9000401CEAE7280080B24000216889798842F8
:104CA0004DD1BDF80C002168897989B2884246D17E
:104CB0005FF001084046C0B20F2840DA5FF01409E7
:104CC000DFF814B14046C0B209FB00F05844406818
:104CD000390089B288422FD1280080B24146C9B23A
:104CE00009FB01F159448968884225DB310089B20A
:104CF00002A84246D2B209FB02F25A441269904716
:104D0000012818D14046C0B209FB00F05844806821
:104D1000400010FA86F64046C0B209FB00F0584445
:104D200080682D1A4046C0B209FB00F90BEB090060
:104D30008068C71900E002E018F10108BAE7BAF884
:104D40000400002826D0BAF80400022190FBF1F2FA
:104D500001FB120000281DD1206880782168C978E5
:104D600051EA00210F00DAF800000190BAF80400BF
:104D7000022190FBF1F080B200903B009BB2102228
:104D80002068017804A801F070FBBDF814100498A5
:104D9000FFF7F3FD01E0002004E0012002E0002025
:104DA00000E0002007B0BDE8F08F0000E80600201A
:104DB000340C0020782700205428002000040048EC
:104DC000542100200000020802000208030002082B
:104DD00094F800089CF800089005002001000800E5
:104DE000C0B2002801D1012021E00800C0B2FF2894
:104DF00001D10A201BE00800C0B2FE2801D16420C6
:104E000015E00800C0B2FD2802D14FF47A700EE020
:104E10000800C0B2FC2802D142F2107007E008007E
:104E2000C0B2FB2802D1DFF8980300E001207047F0
:104E30002DE9F24F82469346002000210A260027E2
:104E4000B046B946009A1588BBF1000F08D5DBF1D2
:104E500000042D202A0092B20AF802006D1C00E026
:104E60005C462000002142464B4602F083FE0029AA
:104E700001D1002808D0A6FB080106FB091107FB99
:104E8000081180468946ECE7404649460A2200233D
:104E900002F070FE06000F00002F01D1002E28D076
:104EA0002000002132003B0002F064FE3030290077
:104EB00089B20AF801006D1CA0465FF000092000CD
:104EC000002132003B0002F055FEA6FB002306FB4A
:104ED000013307FB0033B8EB020079EB0301040058
:104EE000300039000A22002302F044FE06000F00C1
:104EF000D2E7009805802800C0B2BDE8F28F2DE906
:104F0000FE4F06000F0090460020ADF80000002084
:104F1000002400215FF0000BB7F80090B8F1000FFB
:104F200002D5D8F1000500E0454642463900300080
:104F3000FFF77EFFB7F800A0002D4FD09DF80800C6
:104F4000FFF74CFF01008D4205D20A2045431BF1BB
:104F5000010B002DF7D15846C0B2002821D0504691
:104F60000200D2B2324412F8012C2D2A06D00200DF
:104F7000D2B24B4692B29BB29A4208D13022030081
:104F8000DBB2F2541AF1010ABBF1010BE3E70200B4
:104F9000D2B2324412F8012C0300DBB2F254401EAC
:104FA000DEE70A20B1FBF0F450468346002C15D012
:104FB0000A20B4FBF0F45846C0B2304410F8010C9B
:104FC0005946C9B27054BBF1010B002CEED12E2012
:104FD0005946C9B270541AF1010AE7E7A7F800A0D0
:104FE0005046C0B2BDE8FE8FF0B4049C00252E00F0
:104FF000B6B2A6420BD20E88771C0F802F00BFB22C
:1050000017FA83F7D75DB6B287556D1CEFE7F0BC92
:10501000704700002DE9F34F81B02DED028B9FED1D
:10502000658A002401250026F7EE008A0027380053
:10503000C0B2202864DA0398F84010F001000400A0
:105040003800C0B2172829DA18EE900A00F08CFA5E
:1050500082468B462000C0B200F078FA804689462E
:105060003800C0B2D0F117005FF0FF31484300F0C4
:10507000F3F841EC110B9FED500B00F006F951ECE9
:10508000100B42464B4602F08DFE52465B4602F044
:105090005BFF00F027FA08EE900A2FE03800C0B25C
:1050A0001F2824DA3000C0B200F050FA82468B4646
:1050B0002000C0B200F04AFA804689463800C0B2EB
:1050C000173800F0C9F841EC110B9FED3B0B00F0D5
:1050D000DCF851EC100B42464B4602F063FE5246A0
:1050E0005B4602F031FF02F0EDFF060006E0200013
:1050F000C0B2012802D15FF0FF3005007F1C96E7A7
:10510000280040B200F0A8F8804689463000C0B2BE
:105110007F3800F0A1F841EC110B9FED270B00F058
:10512000B4F851EC100B42464B4602F03BFE804671
:10513000894618EE900A00F017FA42464B4602F0F4
:1051400031FE00F0CFF900EE100A049880ED000A5D
:10515000BDEC028BBDE8F78F70B403000022002481
:10516000002000252A000E00D2B2F6B2B2421FD2B1
:105170002A00D2B29A5C302A0ADB2A00D2B29A5CA8
:105180003A2A05DA2A00D2B29A5C303A140001E0D9
:10519000002214002A00D2B2002A03D12200D2B287
:1051A000100003E00A22504350FA84F06D1CD9E746
:1051B00070BC7047000000000000000000000040CC
:1051C000A086010010B42DED010A00206A460023DC
:1051D000042B07D2D45C1900C9B2C9008C4020430B
:1051E0005B1CF5E712BC704700F10103810704D096
:1051F00010F8011B820781B1FAD10268A2F10131D6
:10520000914311F0803104BF50F8042FF6E709BA3A
:10521000B1FA81F100EBD100401CC01A704730B4E4
:10522000002513E050F8042BD30744BFA9F1010374
:105230009A18091F042942F8045BFAD213468C0716
:1052400044BF15809B1CC90748BF1D7050F8041B44
:105250000029E7D130BC7047C11768B14840401AF7
:10526000B0FA80F29040D21CC907C2F5846241EACC
:10527000025202EBD021400570470268531C0360C4
:105280001170704741EC100B01BD80B553EC112B30
:1052900051EC100B02F034FFF4E72E00F0B540F2B1
:1052A000FF7581EA030C0CF0004C15EA11541DBF88
:1052B00015EA1357AC42AF42E5E0BC41C1F313011C
:1052C000C3F31303801A994143F4801304D2641E7C
:1052D0004000494180185941C90241EA5051B1FB8F
:1052E000F3F603FB1611A2FB0675D7EBC020A9410C
:1052F00002D2761E80185941C90241EA5051B1FBD1
:10530000F3FE03FB1E11A2FB0E75D7EBC020A941D3
:1053100003D2AEF1010E80185941890241EA905141
:10532000760546EA8E2EB1FBF3F603FB1611A2FBBF
:105330000675D7EB8020A94102D2761E801859410C
:10534000C90241EA50514EEA060EB1FBF3F603FBE7
:105350001611A2FB0675D7EBC020A94102D2761E1A
:1053600080185941C90241EA5051B1FBF3F703FBE0
:105370001711A2FB0735D3EBC020A94167F1000745
:105380000CBF004247F0010766F3D5274FEA1E31F4
:10539000B80814F5806412DDBD0775F1004250EBCA
:1053A0000E5051EB045111F5801F5CBF41EA0C0116
:1053B000F0BD4CF07F6141F0E0410020F0BDBD0741
:1053C0006D0840EA0E5041F48011D4F10104B4F1AB
:1053D00020060ADAC4F120060200E04001FA06F3D2
:1053E000E1401843B24015430EE0342C13DCC6F103
:1053F000200445EA40056D0820FA06F2154321FA1B
:1054000006F0A1400D43002175F1004250F100006B
:1054100051EB0C01F0BD00205FEA0C01F0BDCFB9EB
:1054200092185B41B3FA83F704BFB2FA82F6BF1950
:105430000B3FB7F120062FBF02FA06F3BB40C7F1BE
:10544000200622FA06F638BF3343BA401CB1E419ED
:10545000641E33E77F4231F00041B1FA81F404BFAA
:10546000B0FA80F6A4190B3CB4F120062FBF00FA65
:1054700006F1A140C4F1200620FA06F638BF3143F8
:10548000A0403C1B1AE7AC421ABF05EA1357AF42D3
:1054900012E050EA41061CBF52EA4306BFE750EA59
:1054A0004107304661461CBF41EA0551F0BD52EA52
:1054B000430C08BFC143F0BD00204FF4001616EBAB
:1054C000410F98BF16EB430F08BF16EB410F24BFE7
:1054D000C14305E016EB430F0CBF61464CEA055192
:1054E000F0BD000001F000428B1AA3F16051B1F54C
:1054F000801F0ADBB1F17F6F1FD242EAC102C100F7
:1055000071F1004142EB507070470B15C3F1090374
:10551000212B10D2890241EA905180020128494191
:1055200041F0004121FA03F0C3F12003994071F1E9
:10553000004150417047100070476FF0000013EBBE
:10554000103F5CBF000E42EAC0507047014648B1B0
:10555000B0FA80F18840C91CC1F58461090501EBEE
:10556000D021400570470000C0F3C75181B1FF2929
:1055700006D0C110400721F0E04101F160517047B1
:1055800041020CBF40F4E0016FF000410020704781
:1055900000F0004100020AD0B0FA80FC00FA0CF0E2
:1055A00001F16051A1EB0C5101EBD0214005704796
:1055B0000CB430B583B00A4606A902910446002512
:1055C0000194009502AB01A9084878441E3003F00D
:1055D0000DF9019A157000284EBF04460198041B6E
:1055E000204603B030BC5DF80CFB00BF8FFCFFFF12
:1055F00080B5012240212348FCF7F7FC22492348CB
:1056000000F04EFA00F01EF8012000F005F800F05E
:10561000D1FA00F01FFA01BD704711B581B0194CE5
:10562000002240212000FCF7E0FC4FF47A730122B5
:1056300001A9174804F03AF9012240212000FCF7A3
:10564000D4FC13BD10B50F4C002240212000FCF704
:10565000CCFC002280212000FCF7C7FC012000F0D8
:1056600019F8052000F016F8012280212000FCF72F
:10567000BCFC052000F00EF8012240212000FCF7C0
:10568000B4FC10BD0008004870280020EC10002079
:105690005C25002010B50400200001F065F910BD64
:1056A00001480068704700BF8028002070B4039C48
:1056B000DFF88052286029716A71AB71EC710026A5
:1056C0002E7270BC70472DE9F84F04000D001600D3
:1056D00000275FF00008DFF85C9299F805000828C1
:1056E00080F2FC80300099F80610C0B2884205D3E1
:1056F00099F807003100C9B2884201D22E20060075
:10570000402099F80510491C90FBF1F02900C9B21E
:10571000814280F2E38099F8040050FA84F08028F6
:1057200080F2DC8099F805305B1C99F8050003FBDA
:1057300005035B1CDBB299F804201219D2B299F868
:105740000500401C15FB00F1C9B22000C0B200F0FA
:1057500029F90021080099F80420C0B2904280F095
:10576000BD80002015FB00F00200D2B2082392FB9E
:10577000F3F21700C0B2082290FBF2F302FB130011
:105780008046FF226C4BD3F800C03800C0B250FAFC
:1057900085FE802000FB0EFE5EFA84FED3F800A09A
:1057A0003800C0B250FA85FB802000FB0BFB5BFA8F
:1057B00084F01AF800A0D8F1080B100050FA0BF092
:1057C00010EA0A0A0CF80EA0D3F800C03800C0B2E4
:1057D00050FA85FE802000FB0EFE5EFA84F00090F9
:1057E000D3F800E03800C0B250FA85FA802000FB00
:1057F0000AFA5AFA84F01EF800E0D9F800A0B3467D
:105800005FFA8BFB99F80600BBEB000099F804B037
:105810000BFB00FB0AEB0B008A465FFA8AFA10F8D2
:105820000A0010FA08F050EA0E00DDF800E00CF86B
:105830000E00D3F800C03800C0B250FA85FE8020B8
:1058400000FB0EFE5EFA84F08444D3F800E03800DA
:10585000C0B250FA85FA802000FB0AFA5AFA84F0A6
:10586000704490F8800012FA08F202408CF8802010
:105870001A683800C0B250FA85FC802000FB0CFC8E
:105880005CFA84F002441B683800C0B250FA85FC10
:10589000802000FB0CFC5CFA84F0184490F8803007
:1058A000D9F800C0B6465FFA8EFE99F80600BEEB46
:1058B000000E99F8040000FB0EFE0CEB0E008C4667
:1058C0005FFA8CFC10F80C00D8F1080C50FA0CF0C0
:1058D000034382F88030641C491C3BE7BDE8F18F2C
:1058E000F8B507000C001600124D6879082820DA78
:1058F000307800281DD032782100C9B23800C0B2FB
:10590000FFF7E1FE761C2879401CC719287950FA68
:1059100087F0401C812802DB00200700641C402027
:105920006979491C90FBF1F02100C9B28142DFDBAB
:10593000FFE7F1BD48280020742800200200012064
:105940000B00DBB21B011344587000200B00DBB2CC
:105950001B01134458600120704738B504000D0046
:1059600001202900C9B2090121444870FFF798FEBF
:105970002900C9B2090121444860012032BD02005A
:1059800000200B00DBB21B0113445870012070474C
:1059900080B5034800F024FC00F0CDF801BD000004
:1059A00010E7000870B40400E4B2802C01DB7F240F
:1059B00020001400E4B2802C01DB7F2422000C00C4
:1059C000E4B2402C01DB3F2421001C00E4B2402C57
:1059D00001DB3F242300354C050026683678EDB204
:1059E000B54201D2256828702568AD781600F6B258
:1059F000B54201D22568AA700D0026687678EDB20E
:105A0000B54201D2256869702568ED781E00F6B2AE
:105A1000B54201D22468E37070BC704723487F21EF
:105A2000026811700021026891703F210268517074
:105A300000210068C17070471C4800210268117085
:105A40007F21026891700021026851703F21006837
:105A5000C170704770B54FF4806400251448066823
:105A60002A002100300000F0D3F83F237F220021DC
:105A70000020FFF797FF00F05EF870BD70B54FF49F
:105A8000806400250A4806682A002100300000F0E2
:105A9000BFF83F237F2200210020FFF783FF70BD66
:105AA000034A1060014A1160704700007828002006
:105AB0007428002010B5040000224FF480713A4889
:105AC000FCF793FA2000C0B2FFF7A7FD10BD10B598
:105AD000040001224FF480713348FCF786FA20005D
:105AE000C0B2FFF79AFD10BD10B5040014F00F000E
:105AF00050F0B000C0B2FFF7DDFF10BD10B50400DC
:105B00002000C0B200F005F82000C0B200F00CF890
:105B100010BD10B504002000C0B2000950F0100004
:105B2000C0B2FFF7C7FF10BD10B5040014F00F009E
:105B3000FFF7C0FF10BD70B500242000C0B21028D0
:105B40002EDA1A4D286840782100C9B2491CB0EB02
:105B5000C10F23DA2868C0782100C9B2B0EBC10FA9
:105B60001EDB2000C0B2FFF7BFFF28680078FFF7F8
:105B7000C5FF28680678286880783100C9B2884255
:105B80000CD30B4801682200D2B28020424352FA63
:105B900086F0085CFFF79BFF761CECE7641CCCE703
:105BA000FFF73CFF70BD0000000800487828002087
:105BB0007428002080B5AE20FFF77CFFA220FFF7FD
:105BC00079FFA020FFF776FFC820FFF773FF2F2093
:105BD000FFF770FF322000F0C7FEA420FFF76AFF36
:105BE0004020FFF767FF2520FFF764FF0A2000F041
:105BF000BBFE8120FFF75EFF1220FFF75BFFFFF780
:105C000029FFAF20FFF756FF052000F0ADFE01BDD4
:105C100062F30F2262F31F42401810F0030308D012
:105C2000C91A1FD3DB0748BF00F8012D28BF20F891
:105C3000022D130030B414461546103928BF20E950
:105C40003C00FAD8490728BF20E90C0048BF40F8BB
:105C5000042D890028BF20F8022D48BF00F8012D2F
:105C600030BC7047C91818BF00F8012DCB0728BFFA
:105C700000F8012D7047000070B4039CDFF88453D6
:105C8000286029716A71AB71EC7101262E7270BCAB
:105C900070472DE9F74F04000D00DFF868639DF8A9
:105CA0000800B179884204D3F0799DF80810884241
:105CB00002D22E208DF80800307A002845D1002726
:105CC00038003179C0B288423DD231689DF8082051
:105CD000B079121A3079424301EB02003900C9B29F
:105CE00010F80190002080464046C0B2082828DA0B
:105CF0003800C0B250FA84F0802805DA4046C0B2BD
:105D000050FA85F0402801DB00205DE1012010FA07
:105D100008F04946C9B2014208D0012218EB05013A
:105D2000C9B23819C0B200F06FF907E0002218EBD1
:105D30000501C9B23819C0B200F066F918F10108BE
:105D4000D2E77F1CBCE730793EE1307A012840F091
:105D50008E807079082190FBF1F201FB120001287E
:105D600006DB7079082190FBF1FB1BF1010B03E0CE
:105D70007079082190FBF1FB31795846C0B241435C
:105D8000491C8DF8011031689DF80820B079121A6D
:105D90009DF80100424301EB020001788DF80010EC
:105DA000401C01905FF0000840469DF80010C0B212
:105DB000884259D25FF0000948465946C0B2C9B27C
:105DC00088424ED201994246D2B25846C0B24243AE
:105DD00001EB02004946C9B210F801A000200700FB
:105DE0003800C0B2082839DA4046C0B250FA84F010
:105DF000802808DA4846C0B2C00050FA85F050FA50
:105E000087F0402801DB0020DEE04846C0B2C00039
:105E100050FA87F0717988421EDA0121B940504664
:105E2000C0B208420CD001225FFA89F915EBC90112
:105E30007918C9B218EB0400C0B200F0E5F80BE025
:105E400000225FFA89F915EBC9017918C9B218EB7C
:105E50000400C0B200F0D8F87F1CC1E719F10109B5
:105E6000AAE718F101089FE79DF80000ACE0307A3E
:105E7000022840F0A8807079082190FBF1F0401CC6
:105E80008DF8000030799DF8001010FB01F08DF8BE
:105E9000020031689DF80820B079121A9DF80200BE
:105EA000424301EB0200019096F804B000208DF807
:105EB000010000210020002210009DF80030C0B237
:105EC00098420CD23079431E9DF801001B1A13FB37
:105ED00002F0019BC0B2185C0100521CECE7080004
:105EE000C0B200280BD1BBF1010B5846C0B200284C
:105EF00005D09DF80100401C8DF80100D9E700276E
:105F000038009DF80010C0B2884259D25FF00008F6
:105F100040465946C0B2C9B288424FD201993A00B0
:105F2000D2B23079424301EB02004146C9B210F8C7
:105F300001905FF0000A5046C0B208283BDA4046A4
:105F4000C0B250FA84F0802808DA3800C0B2C0002D
:105F500050FA85F050FA8AF0402801DB002033E047
:105F60003800C0B2C00050FA8AF0717988421FDA56
:105F7000012111FA0AF14846C0B208420CD00122B0
:105F8000FFB215EBC7011AEB0101C9B218EB04000F
:105F9000C0B200F039F80BE00022FFB215EBC701E8
:105FA0001AEB0101C9B218EB0400C0B200F02CF8E2
:105FB0001AF1010ABFE718F10108A9E77F1C9FE762
:105FC0005846C0B200E00020BDE8FE8FF8B50400DE
:105FD0000F0015000B484079D0F13F003900C9B2DD
:105FE00088420EDB287800280BD02A783900C9B205
:105FF0002000C0B2FFF74DFE0600701C04196D1C96
:10600000F0E7F1BD48280020F8B504000D001600A7
:106010002000C0B2802803DA2800C0B2402800DB8C
:1060200057E03000C0B2002824D02900C9B20822AD
:10603000DFF8CC312800C0B2082790FBF7F78020AA
:10604000474357FA84F72800C0B25FF0080C90FB72
:10605000FCFC802000FB0CFC5CFA84F0185C5FF018
:10606000010C91FBF2FE02FB1E111CFA01F101432F
:10607000D95524E02900C9B20822DFF8843128006C
:10608000C0B2082790FBF7F78020474357FA84F700
:106090002800C0B25FF0080C90FBFCFC802000FBE5
:1060A0000CFC5CFA84F0185C5FF0010C91FBF2FED2
:1060B00002FB1E111CFA01F130EA0101D9552B0037
:1060C000DBB22200D2B22900C9B22000C0B2FFF771
:1060D00069FCF1BD2DE9F84F05000E001700984648
:1060E0000A9C3800C0B22900C9B2401A03F0F7FD7B
:1060F00081464046C0B23100C9B2401A03F0EFFDFC
:10610000814502DA5FF0010B01E05FF0000B5846B9
:10611000C0B2002805D028003500060038004746E8
:10612000804638002900C0B2C9B2884205D2280092
:106130003D0007003000464680464346DBB23A0049
:10614000D2B23100C9B22800C0B2FFF72BFC781BD5
:106150008DF800004046C0B23100C9B2401A03F0C9
:10616000BEFD8DF801009DF80000022190FBF1F9C1
:1061700030004146C0B2C9B2884202D25FF0010A83
:1061800001E05FF0FF3A38002900C0B2C9B288428E
:1061900024D35846C0B2002808D02200D2B2290029
:1061A000C9B23000C0B2FFF72FFF07E02200D2B221
:1061B0003100C9B22800C0B2FFF726FF9DF80100E8
:1061C000B9EB0009484640B2002805D51AEB06068F
:1061D0009DF8000010EB09096D1CD4E7BDE8F18FB4
:1061E000F8B504004FF480652600064807682A00C9
:1061F0003100380001F06AFCFFF71EFCF1BD000021
:10620000EC1000207428002030B403004FF6FF701B
:1062100000248C4213DA1A5D50400822002A0CD068
:10622000C50706D580B2400880F4204090F00100F8
:1062300001E080B24008521EF0E7641CE9E780B23A
:1062400030BC70472DE9F84305000E001700984652
:10625000089C5FF000092868494689B2465419F144
:1062600001092868494689B2475419F10109404695
:1062700080B2000A29684A4692B2885419F101098D
:106280002868494689B200F8018019F10109200007
:1062900080B2000A29684A4692B2885419F101096D
:1062A0002868494689B2445419F10109494689B21E
:1062B0002868FFF7A9FF010028684A4692B2815476
:1062C00019F10109080080B2000A2A684B469BB206
:1062D000D05419F10109A5F804900120BDE8F2831A
:1062E0002DE9F84F06000F00904699460A9DDDF80B
:1062F0002CA0002400213068220092B28754641C34
:106300003068220092B200F80280641C484680B2D5
:10631000000A326823009BB2D054641C306822000B
:1063200092B200F80290641C4046C0B2062802D027
:10633000102807D01CE0280080B2012801D00020DE
:1063400040E015E0280080B2000A326823009BB2CA
:10635000D054641C3068220092B28554641C28001A
:10636000C0B24000326823009BB2D054641CFFE7E7
:106370005FF0000B584680B2290089B2B0EB410FA4
:106380000BDA584680B21AF800003168220092B247
:106390008854641C1BF1010BECE7210089B23068C2
:1063A000FFF732FF01003068220092B28154641C72
:1063B000080080B2000A326823009BB2D054641CEB
:1063C000B4800120BDE8F28F2DE9F84F05000E00E2
:1063D000170098460A9CDDF82C905FF0000B002017
:1063E00029685A4692B28E541BF1010B29685A460D
:1063F00092B28F541BF1010B2100C9B249002A68E7
:106400005B469BB2D1541BF1010B5FF0000A504672
:1064100080B2210089B2B0EB410F0CDA504680B255
:1064200019F8000029685A4692B288541BF1010BF2
:106430001AF1010AEBE7594689B22868FFF7E4FE32
:10644000010028685A4692B281541BF1010B0800E2
:1064500080B2000A2A685B469BB2D0541BF1010B44
:10646000A5F804B00120BDE8F28F2DE9F84F050032
:106470000E00170098460A9CDDF82C905FF0000B88
:106480005FF0000A2868594689B246541BF1010B97
:106490002868594689B247541BF1010B404680B227
:1064A000000A29685A4692B288541BF1010B2868E9
:1064B000594689B200F801801BF1010B3800C0B2C7
:1064C000062802D010281DD02CE0200080B2012820
:1064D00001D000203EE000208246504680B22100DC
:1064E00089B2B0EB410F0CDA504680B219F80000C7
:1064F00029685A4692B288541BF1010B1AF1010A1D
:10650000EBE70FE0200080B2000A29685A4692B2F9
:1065100088541BF1010B2868594689B244541BF179
:10652000010BFFE7594689B22868FFF76DFE0100AD
:1065300028685A4692B281541BF1010B080080B2C0
:10654000000A2A685B469BB2D0541BF1010BA5F8E8
:1065500004B00120BDE8F28F80B5D448D449016071
:106560005FF4E1314160002181600021C1600021C0
:1065700001610C2141610021816100210162002142
:10658000416200F005FA002801D003F00BFC01BDC8
:1065900080B5C848C84901604FF4165141600021D8
:1065A00081600021C160002101610C214161002155
:1065B00081610021C161002101620021416200F07E
:1065C000E7F9002801D003F0EDFB01BD80B5BB4821
:1065D000BB4901604FF416514160002181600021E8
:1065E000C160002101610C21416100218161002114
:1065F000C161002101620021416200F0C9F9002857
:1066000001D003F0CFFB01BD38B59EB004001422C9
:106610000021684603F0C8FB6022002106A803F0B1
:10662000C3FB2068A249884252D120200690002056
:10663000119006A803F0C2FB002801D003F0B2FBC2
:10664000A048016851F001010160006810F00100EC
:10665000059005989C48016851F0020101600068AE
:1066600010F00200059005984FF440600090022061
:1066700001900120029003200390082004906946B5
:106680009248FBF713FB924D924828600420686003
:106690000020A8600020E860802028610020686158
:1066A0000020A8610020E86100202862280003F093
:1066B000F9FD002801D003F075FB6567AC6200228C
:1066C0000021462004F08FF8462004F0A1F8ABE04A
:1066D00020687949884251D10120069000200E900F
:1066E00006A803F06BFB002801D003F05BFB7A489F
:1066F000016851F480410160006810F48040059009
:1067000005987148016851F002010160006810F0BD
:10671000020005900598C020009002200190002002
:106720000290032003900720049069466748FBF716
:10673000BDFA6A4D6A482860022068600020A8609F
:106740000020E86080202861002068610020A861A6
:106750000020E86100202862280003F0A3FD002843
:1067600001D003F01FFB6567AC62002200212520E9
:1067700004F039F8252004F04BF855E02068504922
:10678000884251D1042006900020109006A803F002
:1067900015FB002801D003F005FB5248016851F4B5
:1067A00080210160006810F480200590059846481B
:1067B000016851F004010160006810F004000590C8
:1067C00005984FF440600090022001900020029054
:1067D000032003900720049069464348FBF766FABC
:1067E000424D43482860022068600020A8600020D5
:1067F000E86080202861002068610020A8610020F6
:10680000E86100202862280003F04CFD002801D038
:1068100003F0C8FA6567AC6200220021272003F06C
:10682000E2FF272003F0F4FF1FB030BD10B50400D5
:1068300020681F49884210D1224801684908490050
:1068400001604FF440612148FBF711FB606F03F0DA
:1068500099FD462003F0E3FF27E0206816498842AF
:106860000FD11D48016831F480410160C0211748F3
:10687000FBF7FDFA606F03F085FD252003F0CFFFE5
:1068800013E020680E4988420FD11648016831F4A0
:10689000802101604FF440611348FBF7E8FA606F14
:1068A00003F070FD272003F0BAFF10BDCC200020BC
:1068B000008000405421002000380140DC210020ED
:1068C000004800405C1002404C10024000040048A8
:1068D0002426002080040240601002406C26002024
:1068E000580002405810024000080048B42600201A
:1068F0003000024080B51848FBF7E0FB0220174942
:10690000087001BD80B501221549164800F0E3F872
:1069100000220121272003F066FF272003F078FFE3
:1069200001BD704738B504000B480D490A7803686B
:1069300085885A558288521C8280828840F2FF13D3
:106940009A4201D3002282800122064800F0C3F857
:1069500001200249087031BDE40B0020D12800203D
:10696000D0280020DC21002070B50400FEF798FE3E
:106970000500260016F1010F02D0044800783618F1
:10698000FEF78EFE401BB042FAD370BD370C0020DC
:1069900010B50400002C01D1012035E0A0690028C9
:1069A000FFD1E06F002805D1002084F87800200096
:1069B000FFF72AFE2420E0672068006840084000B6
:1069C00021680860606A002802D0200000F0DEFB29
:1069D000200000F05FFA012801D1012014E02068B6
:1069E000406830F49040216848602068806830F04A
:1069F0002A00216888602068006850F00100216842
:106A00000860200000F02FFC10BD2DE9FC470600B7
:106A10000D0017009846F06F202859D1002D03D0A3
:106A2000380080B2002801D1012052E00020C6F8D1
:106A300084002120F067FEF733FE8146A6F85070EF
:106A4000A6F85270B068B0F5805F05D130690028B3
:106A500002D10024AA4602E02C005FF0000AB6F83A
:106A60005200002822D0CDF800804B460022802121
:106A7000300000F061FC002803D02020F0670320E4
:106A800027E0002C08D1BAF80000C005C00D31681D
:106A900008851AF1020A03E0207831680885641C31
:106AA000B6F85200401EA6F85200D8E7CDF8008094
:106AB0004B4600224021300000F03EFC002803D06D
:106AC0002020F067032004E02020F067002000E091
:106AD0000220BDE8F68770B505000C001600D5F859
:106AE0008000202824D1002C03D0300080B2002860
:106AF00001D101201DE0002028662868DFF89013EE
:106B000088420ED02868406800020AD5286850E8FC
:106B1000000F50F0806001002A6842E80010002851
:106B2000F4D1320092B22100280000F054FC00E0C1
:106B3000022070BD2DE9F04706003068C769306853
:106B4000D0F800803068D0F8089040F60F043C4040
:106B5000002C0BD1B80609D55FEA886006D5B06E67
:106B6000002802D03000B16E88478FE1002C00F081
:106B7000AA805FEAC97005D4DFF8080618EA000F9A
:106B800000F0A18017F00100C0B200280BD05FEA2E
:106B9000C85008D5012031680862D6F8840050F04A
:106BA0000100C6F88400B8070DD519F00100C0B285
:106BB000002808D0022031680862D6F8840050F01E
:106BC0000400C6F8840078070DD519F00100C0B2A2
:106BD000002808D0042031680862D6F8840050F0FC
:106BE0000200C6F88400380710D55FEA886004D434
:106BF00019F00100C0B2002808D0082031680862EE
:106C0000D6F8840050F00800C6F8840038050CD58A
:106C10005FEA481009D54FF4006031680862D6F881
:106C2000840050F02000C6F88400D6F884000028C4
:106C300048D0B80608D55FEA886005D5B06E002850
:106C400002D03000B16E8847D6F884000500306865
:106C50008068400602D415F0280F2DD0300000F0D7
:106C60009EFC30688068400622D53068083050E8C5
:106C7000000F30F040000100306810F1080242E8D7
:106C800000100028F1D1706F00280DD0DFF8F80453
:106C9000716F8863706F03F055FC002812D0706F1D
:106CA000716F896B88470DE0300003F011FE09E039
:106CB000300003F00DFE05E0300003F009FE002077
:106CC000C6F88400E2E0306E012840F0BD80F8068E
:106CD00040F1BA805FEAC86040F1B68010203168A8
:106CE00008623068806840066DD5706F0068D0F823
:106CF00004A0504680B2002852D05046B6F8581032
:106D000080B288424CD2A6F85AA0706F0068006822
:106D1000800639D4306850E8000F30F480700100EC
:106D2000326842E800100028F4D13068083050E89A
:106D3000000F400840000100306810F1080242E8EE
:106D400000100028F1D13068083050E8000F30F012
:106D500040000100306810F1080242E800100028ED
:106D6000F1D12020C6F8800000203066306850E85D
:106D7000000F30F010000100326842E800100028D7
:106D8000F4D1706F03F0B4FB02207066B6F85810AF
:106D9000B6F85A00091A89B2300003F07AFD11E002
:106DA0005046B6F8581080B288420BD1706F006818
:106DB0000068800606D502207066B6F858103000CC
:106DC00003F067FD62E0B6F85800B6F85AA0B0EBE1
:106DD0000A0AB6F85A00002835D0504680B200287A
:106DE00031D0306850E8000F30F490700100326804
:106DF00042E800100028F4D13068083050E8000F55
:106E0000400840000100306810F1080242E800101C
:106E10000028F1D12020C6F8800000203066002034
:106E2000B066306850E8000F30F0100001003268A2
:106E300042E800100028F4D102207066514689B261
:106E4000300003F026FD21E0F8020AD55FEA492070
:106E500007D55FF4801031680862300003F0CAFD86
:106E600014E0380609D55FEA086006D5F06E002800
:106E700002D03000F16E884708E0780606D55FEA58
:106E8000486003D5300000F054FCFFE7BDE8F08710
:106E9000008000402DE9F04704000026DFF8A81923
:106EA00020688842FFD0A2682069024360690243DB
:106EB000E069024320680368DFF890090340134348
:106EC000206803602068436833F44053E06803435C
:106ED00020684360D4F818802068884202D0206A75
:106EE00050EA08082068806830F4306058EA0000F2
:106EF000226890602068DFF8482A904216D1DFF8B7
:106F0000440A006810F00300002805D0022805D0CC
:106F100006D3032806D007E0012760E002275EE0E1
:106F200004275CE008275AE0102758E02068DFF8C3
:106F3000182A904217D1DFF80C0A006810F00C00F4
:106F4000002806D0042808D0082804D00C2806D031
:106F500007E0002743E0022741E004273FE008273D
:106F60003DE010273BE02068DFF8E029904217D190
:106F7000DFF8D009006810F03000002806D0102893
:106F800008D0202804D0302806D007E0002726E0CB
:106F9000022724E0042722E0082720E010271EE033
:106FA000206888421AD1DFF89C09006810F440601C
:106FB000002809D0B0F5806F0AD0B0F5006F05D079
:106FC000B0F5406F06D007E0002708E0022706E092
:106FD000042704E0082702E0102700E010272068BB
:106FE000884246D13800C0B2002806D0022808D016
:106FF000042809D008280BD00DE004F06BF9814675
:107000000DE0DFF84C990AE004F0F7F8814606E05D
:107010004FF4004903E05FF0000901200600B9F1D8
:10702000000F00F0A580616803204143894505D326
:1070300061684FF480504143494502D20120060067
:1070400096E04FF48072606840080021E2FB09017D
:107050006268002300F08EFD0500B5F5407F05D382
:10706000B5F5801F02D22068C56081E001200600CE
:107070007EE0E069B0F5004F41D13800C0B2002891
:1070800008D001280AD002280CD004280DD00828E6
:107090000FD011E004F01EF9814611E004F027F949
:1070A00081460DE0DFF8A8980AE004F0A6F88146D2
:1070B00006E04FF4004903E05FF0000901200600FC
:1070C000B9F1000F54D06068400810EB49006168C6
:1070D000B0FBF1F00500102D0ED3B5F5803F0BD2BB
:1070E0004FF6F0712940C5F3420001438A465046ED
:1070F00080B22168C8603BE00120060038E038001B
:10710000C0B2002808D001280AD002280CD00428D8
:107110000DD008280FD011E004F0DCF8814611E012
:1071200004F0E5F881460DE0DFF824980AE004F069
:1071300064F8814606E04FF4004903E05FF000097F
:1071400001200600B9F1000F12D0606819EB500061
:107150006168B0FBF1F00500102D07D3B5F5803F55
:1071600004D2280080B22168C86001E00120060036
:107170000020A0660020E0663000C0B2BDE8F087C5
:1071800000000000200100041977000890F8241086
:10719000090707D501684A6832F40042416B0A4387
:1071A00001684A6090F82410C90707D501684A6849
:1071B00032F40032816A0A4301684A6090F8241070
:1071C000890707D501684A6832F48032C16A0A43E8
:1071D00001684A6090F82410490707D501684A6899
:1071E00032F48022016B0A4301684A6090F824104F
:1071F000C90607D501688A6832F48052816B0A4358
:1072000001688A6090F82410890607D501688A68A9
:1072100032F40052C16B0A4301688A6090F824106E
:10722000490613D501684A6832F48012016C0A439A
:1072300001684A60016CB1F5801F07D101684A6896
:1072400032F4C002416C0A4301684A6090F824108D
:10725000090607D501684A6832F40022816C0A43A6
:1072600001684A60704738B504000020C4F8840003
:10727000FEF716FA05002068006800071DD57FF0AC
:107280007E4000902B0000225FF40011200000F0EF
:1072900053F8002811D0206850E8000F30F080002B
:1072A0000100226842E800100028F4D12020E067A5
:1072B000002084F8780003203DE020680068400743
:1072C0002CD57FF07E4000902B0000225FF48001DF
:1072D000200000F031F8002820D0206850E8000F8E
:1072E00030F490700100226842E800100028F4D1C8
:1072F0002068083050E8000F400840000100206876
:1073000010F1080242E800100028F1D12020C4F852
:107310008000002084F8780003200CE02020E06743
:107320002020C4F880000020206600206066002035
:1073300084F87800002032BD2DE9F04105000E00F0
:1073400090461F00069C2868C0693040B04201D1B9
:10735000012000E000204146C9B2884238D114F132
:10736000010FF0D0FEF79CF9C01B844201D3002C22
:1073700001D103202DE0286800684007E3D5802E66
:10738000E1D0402EDFD02868C06900070DD5082065
:1073900029680862280000F002F90820C5F8840076
:1073A000002085F87800012013E02868C0690005F6
:1073B000C9D54FF4006029680862280000F0EFF892
:1073C0002020C5F88400002085F87800032000E024
:1073D0000020BDE8F08130B403005965A3F85820BF
:1073E000A3F85A20002098669868B0F5805F0BD10A
:1073F0001869002804D140F2FF10A3F85C0023E0D4
:10740000FF20A3F85C001FE0986800280AD11869E3
:10741000002803D1FF20A3F85C0015E07F20A3F82B
:107420005C0011E09868B0F1805F0AD1186900280B
:1074300003D17F20A3F85C0006E03F20A3F85C00A6
:1074400002E00020A3F85C000020C3F884002220A2
:10745000C3F880001868083050E8000F50F00100B1
:107460000400186810F1080545E800400028F1D133
:107470009868B0F5805F06D11869002803D10FF233
:10748000D130986602E00FF2D5209866186900287E
:107490000BD0186850E8000F50F4907004001D687D
:1074A00045E800400028F4D10AE0186850E8000FD1
:1074B00050F0200004001D6845E800400028F4D189
:1074C000002030BC704770B504000D0016006565E3
:1074D000A4F858600020C4F884002220C4F880007A
:1074E000606F002821D00FF21510616FC8620FF293
:1074F000B110616F08630FF2D110616F4863002013
:10750000616F886333009BB2626D206810F12401C3
:10751000606F02F0A1FF002807D01020C4F884009B
:107520002020C4F8800001202AE0206900280AD029
:10753000206850E8000F50F480700100226842E893
:1075400000100028F4D12068083050E8000F50F0F7
:1075500001000100206810F1080242E80010002834
:10756000F1D12068083050E8000F50F040000100D1
:10757000206810F1080242E800100028F1D1002034
:1075800070BD016851E8001F31F0C0010A000368B6
:1075900043E800210029F4D12021C1677047016828
:1075A00051E8001F31F490710A00036843E800219C
:1075B0000029F4D10168083151E8001F4908490049
:1075C0000A00016811F1080343E800210029F1D104
:1075D000016E01290AD1016851E8001F31F0100144
:1075E0000A00036843E800210029F4D12021C0F8F3
:1075F00080100021016600218166704738B50400C3
:10760000A56A2068006880063AD40020A5F85A00D0
:10761000286850E8000F30F4807001002A6842E8C2
:1076200000100028F4D12868083050E8000F400806
:1076300040000100286810F1080242E8001000280C
:10764000F1D12868083050E8000F30F04000010008
:10765000286810F1080242E800100028F1D120202B
:10766000C5F88000286E01280AD1286850E8000F6C
:1076700030F0100001002A6842E800100028F4D120
:1076800000206866286E012805D1B5F8581028003A
:1076900003F0FFF802E0280003F0E0F831BD00003D
:1076A00038B50400A56A01206866286E012807D154
:1076B000B5F85810490889B2280003F0EAF802E04A
:1076C000280003F097FE31BDF8B50400A56AEE6FFF
:1076D000D5F8807028688068000607D5212E05D16E
:1076E0000020A5F852002800FFF74BFF28688068AB
:1076F000400607D5222F05D10020A5F85A00280002
:10770000FFF74DFFD5F8840050F01000C5F8840055
:10771000280003F0DDF8F1BD38B50400A56A0020AB
:10772000A5F85A000020A5F85200280003F0D0F870
:1077300031BD10B50400206850E8000F30F0400063
:107740000100226842E800100028F4D12020E06700
:107750000020E066200003F04EFE10BD70B505006D
:10776000B5F85C60D5F88000222866D12868808C46
:10777000040016EA0400696D0870686D401C6865B5
:10778000B5F85A00401EA5F85A00B5F85A0000286E
:1077900059D1286850E8000F30F4907001002A6831
:1077A00042E800100028F4D12868083050E8000FA3
:1077B000400840000100286810F1080242E800106B
:1077C0000028F1D12020C5F880000020A866002004
:1077D000686628681C4988420ED028684068000204
:1077E0000AD5286850E8000F30F0806001002A6850
:1077F00042E800100028F4D1286E012819D1002099
:107800002866286850E8000F30F0100001002A6850
:1078100042E800100028F4D12868C069C00602D5EB
:10782000102029680862B5F85810280003F031F8D4
:1078300009E0280003F012F805E02868008B50F0FA
:1078400008002968088370BD00800040F369FFEFDD
:10785000F8B50500B5F85C70D5F88000222867D12E
:107860002868808C0400686D060017EA04003080E8
:10787000686D801C6865B5F85A00401EA5F85A006E
:10788000B5F85A00002859D1286850E8000F30F4A4
:10789000907001002A6842E800100028F4D128689E
:1078A000083050E8000F400840000100286810F13F
:1078B000080242E800100028F1D12020C5F880001D
:1078C0000020A866002068662868224988420ED0F9
:1078D0002868406800020AD5286850E8000F30F098
:1078E000806001002A6842E800100028F4D1286E68
:1078F000012819D100202866286850E8000F30F0D0
:10790000100001002A6842E800100028F4D128681D
:10791000C069C00602D5102029680862B5F8581061
:10792000280002F0B6FF09E0280002F097FF05E00A
:107930002868008B50F0080029680883F1BD00001A
:1079400000380140881002400044004000480040D8
:107950000024F400008000402DE9F74F82B000269B
:107960005FF0000A5FF0000B54465D460020009077
:107970000127DDF80C80DDF80890049810F0070F5F
:107980002BD10498C008002182468B4603F08CFD61
:107990004FF47A7003F0A0FD00200600300080B2A2
:1079A0000021594517D801D3504514D2D8E9000118
:1079B00004000D0022002B004946002003F01CFDAE
:1079C00007003800C0B2012805D019F1080918F1E4
:1079D0000808761CE2E703F078FD3800C0B205B075
:1079E000BDE8F08F70B50400012503F05DFD0600D1
:1079F0004FF47A7003F070FD3000C0B200280FD150
:107A0000C4F3CC20B0F5807F05D20121C4F3CC2093
:107A100003F0CEFD04E00121C4F3CC2003F0C8FD47
:107A20004FF47A7003F058FD05000548016831F005
:107A30000201016003F049FD2800C0B270BD0000E2
:107A4000142002402DE9F041C0B004000D001600E2
:107A500000274FF480710022E8464046FEF7D8F830
:107A60002000FFF7BFFFA5208DF8000030008DF843
:107A700001005FF000084046310080B289B28842C0
:107A80000AD2404680B2285C6946424692B211440E
:107A9000887018F10108EEE7B61C300080B20821AA
:107AA000B6B20836361A90FBF1F001FB00663200E0
:107AB00092B269462000FFF74FFF002801D0002056
:107AC00000E0012040B0BDE8F081000062B38B0708
:107AD00008D0521E11F8013B00F8013B00F0248051
:107AE0008B07F6D1830740F0208000BF103A07D300
:107AF00030B4B1E83810103AA0E83810F9D230BCF0
:107B0000530724BFB1E80810A0E8081044BF51F89B
:107B1000043B40F8043BD20724BF31F8022B20F885
:107B2000022B44BF0B7803707047121F17D35B0002
:107B300009D151F8043B20F8023B1B0C121F20F81E
:107B4000023BF6D20BE051F8043B00F8013B1B0A64
:107B500020F8023B1B0C121F00F8013BF3D238BF88
:107B6000121D521E24BF11F8013B00F8013BF8D84A
:107B700070470000BBBBE1B1B2F5803F80F07E8072
:107B8000022A1ED98C46B1FBF2F102FB11C31B0481
:107B900043EA1043B3FBF2FC02FB1C3380B240EA21
:107BA0000343B3FBF2F002FB103240EA0C40002327
:107BB0007047022A05D98446B0FBF2F002FB10C2DE
:107BC00070474AB105D100F0010249085FEA300070
:107BD000704700220023704703F03ABD0B000200FB
:107BE000002100207047904271EB030CF6D3B3F5EF
:107BF000803F2FD2F0B5B3FA83F7B1FA81F4A7F141
:107C00000F0E3D1B5340CEF1200602FA0EF2F34157
:107C10005340B5F10F0746D80F3C2C444140C4F106
:107C20002006A040F1414140B1FBF3F603FB1611E1
:107C3000A2FB0645001BA94102D2761E80185941BD
:107C400080EA010221FA0EF362FA0EF200215A4094
:107C50003046F0BD30B4B1FBF3FC03FB1C11A2FBBA
:107C60000C45001BA94103D2ACF1010C801859410D
:107C700030BC02460B46604600217047B2F1807F5F
:107C800065D3F0B5B2FA82F7B1FA81F4C7F10F0605
:107C90003D1B22FA06F307F1110EF24120355A403E
:107CA000B5F10F07B8D94140C4F12006A040F14119
:107CB0004140B1FBF3FC03FB1C11A2FB0C45001B74
:107CC000A94103D2BCF1010C801859410F2F12D3E6
:107CD0000F3FC90341EA5041B1FBF3F603FB161114
:107CE000A2FB0645D4EBC030A94102D2761E801813
:107CF000594146EACC3C07B34140C7F12006B840A1
:107D0000F1414140B1FBF3F603FB1611A2FB06451E
:107D1000001BA94102D2761E8018594180EA010257
:107D200021FA0EF3C7F1200462FA0EF20CFA07F002
:107D30005A402CFA04F13043F0BD80EA010221FAE6
:107D40000EF3002162FA0EF260465A40F0BD8C46F6
:107D5000B1FBF2F102FB11C31B0243EA1063B3FB58
:107D6000F2FC02FB1C331B024CEA002043EA1063C6
:107D7000B3FBF2FC02FB1C331B024CEA002043EA7B
:107D80001063B3FBF2FC02FB1C331B024CEA002025
:107D900043EA1063B3FBF2FC02FB1C324CEA002006
:107DA00000237047B0B581EA030C0CF0004C40F2A0
:107DB000FF7515EA11541DBF15EA1357AC42AF42C7
:107DC00039E0E41923EA455343F48013C90241F032
:107DD000004141EA505EC7021100A7FB02020028E1
:107DE0004FF00000EEFB01204FF00001E3FB072104
:107DF00018BF42F00102401800214941E3FB0E0187
:107E0000A4F580640F0302D252004041494154F16D
:107E100001046CDD470872F1004250F1000051EBA3
:107E20000451A1F580115CBF41EA0C01B0BD4CEAE0
:107E300005510020B0BD05EA1357AC4214BFAF4254
:107E400041E050EA410E1CBF52EA430E02E0614697
:107E50000020B0BD24423C441BD15FEA070EF6D09F
:107E6000090302BF01460020AEF1140EB1FA81F7FA
:107E7000AEEB070401FA07FE0C37C7F1200100FA48
:107E800007F7C8404EEA000E23EA455343F4801337
:107E9000A2E733F00043B3FA83F704BFB2FA82FEDD
:107EA00077440B3FE41BB7F1200E2FBF02FA0EF30D
:107EB000BB40C7F1200E22FA0EFE38BF43EA0E0384
:107EC000BA40641C82E750EA410E14BF52EA430EE6
:107ED0006FF000014FF4001717EB430F8ABF1946EC
:107EE00017EB410FB5E74CEA05510020B0BDD4F1C6
:107EF0000104B4F120070FDAC4F12007520828BFAB
:107F000042F0010210FA07F501FA07F7E1BF2A4330
:107F1000E0403843E1400FE0352C98DCC7F1200405
:107F200052EA400220FA07F218BF42F0010231FA89
:107F300007F0A1400A43002172F1004250F1000015
:107F400051EB0C01B0BD000070B44FF0004591EA58
:107F5000030F43F187836B40841A71EB030604D24D
:107F60006E40001BB141121973414FF4001C1CEB11
:107F7000410F34BF7CEB430683E00C0DA4EB13569A
:107F8000362E00F37C80012E45EAC32341DC43EA10
:107F9000525312BFD20292025B08240545EAC12166
:107FA00041EA5051D2EBC020994125D407D1B0FA13
:107FB00080F610FA06F162D00020203608E0B1FA0F
:107FC00081F6B140C6F1200220FA02F21143B0401E
:107FD0004FEAF474B4EB465434F001064FEA7404EB
:107FE0000AD8D6F50016760D04F00044F04061FA88
:107FF00006F25040F1404840C00A40EA415021F0AA
:10800000004128BF5FEA500550F1000044EBD12148
:1080100035E0DB0A45EAC121C90AB6F120050EDDCB
:1080200042EA0242120CC5F1200603FA06F6EB40C2
:1080300042EA06056D42984161F100010DE062FAE5
:1080400006F5F240554063FA06FC82EA0C02F34062
:108050005A406D42904161EB030111F4801F05D13C
:10806000641E620502D06D004041494121F4801137
:10807000430875F1004350F1000041EB045170BC1E
:1080800070471CEB410F15D223F0004352EA430620
:108090000BD04FEA4C0CBCEB410F04D80C0D661E04
:1080A000342EB7DDEBE7801A994150EA410608BF4C
:1080B0000021E4E708BF1CEB430F28BF6FF000016D
:1080C000DDE70000C1F30A5340F2FE329B1A14DDD3
:1080D000D3F120034FEAE17208DDC90241EA5051B1
:1080E00041F00040D84080185040704703F2E13022
:1080F00010B1D24382F0004070470020704700006A
:108100002DE9F04D2DED0A8B41EC190B43EC182BAA
:1081100051EC180B20F0000431F0004508BF002C92
:1081200084B000F0088353EC192B0020DFF88C1684
:1081300003F002FB00F0FF82DFF8141603F0FCFAF4
:1081400008D151EC180B48004015401C02D109031E
:1081500000F0F18251EC190B48004015401C00F072
:108160000E8251EC190B31F0004108BF002800F0DD
:10817000068251EC180B48004015401C00F0FF81AE
:1081800051EC180B4B0043EAD0734200002B08BFA0
:10819000002A04D1B0EE48AAF0EE68AA19E040F235
:1081A0003344A4EB5352352A04DB00F0000001F005
:1081B00000410CE0202A03DD203AD140914000E04C
:1081C00001D1002003E0002AC4BFD040904041EC20
:1081D0001A0B51EC190BC80F0BD053EC182B51ECA8
:1081E0001A0B03F0A9FA04D0AFF300809FED3F9B78
:1081F000A3E253EC192B23F00041B1F5801F22F0CC
:1082000000000DD20022002908BF0028009216D0DD
:108210006A4651EC190B03F09FFA41EC190B0EE082
:10822000DFF8AC45DFF82C7504EB115000903B40B3
:10823000DFF82405924643EA000B4BEC19AB51ECF6
:10824000190BC80F36D021F0004053EC192B034610
:1082500043EC192B51EC1A0B4B0043EAD07342004C
:10826000002B08BF002A04D1B0EE4A0AF0EE6A0AD9
:1082700019E040F23444A4EB5352352A04DB00F0F9
:10828000000001F000410CE0202A03DD203AD1403B
:10829000914000E001D1002003E0002AC4BFD0409B
:1082A000904041EC100B53EC1A2B51EC100B03F0E7
:1082B00043FA01D1002600E00126009801281DD1D3
:1082C00051EC190BDFF89424DFF8943403F07CFAB6
:1082D00014D253EC192B00204FF08041FFF762FDC0
:1082E00000279FED04BB41EC190B27E0FFFFFFFFC8
:1082F000FFFFFF7F000000000000F03F53EC192B50
:108300000020DFF86014FFF74DFD9FED78AB53ECD4
:108310001A2BFFF719FEFFF7D5FEA0F12004204627
:10832000FCF79AFF0022DFF84034FFF73BFD53ECE7
:108330001A2BFFF709FE41EC1B0B670151EC190BDF
:1083400053EC1B2B03F086F941EC1A0B53EC192B61
:1083500051EC1B0BFFF7F8FD02460B4651EC1A0BD4
:10836000FCF79CFF41EC190B53EC192BFFF71AFD9E
:1083700041EC1C0B53EC1C2BDFF8F003DFF8F0137F
:10838000FFF710FDDFF8EC23DFF8EC33FFF7DCFD3F
:1083900053EC1C2BFFF706FDDFF8E023DFF8E0339A
:1083A000FFF7D2FD53EC1C2BFFF7FCFCDFF8D423C6
:1083B000DFF8D433FFF7C8FD53EC1C2BFFF7F2FCBA
:1083C000DFF8C823DFF8C833FFF7BEFD53EC1C2BE2
:1083D000FFF7E8FCDFF8BC23DFF8BC33FFF7B4FDA0
:1083E00053EC1C2BFFF7DEFCDFF8B023DFF8B033D3
:1083F000FFF7AAFD53EC1C2BFFF7D4FC53EC1A2B10
:1084000003F028F904460D460020DFF8B01353ECC2
:108410001B2B03F01FF900224FF08043FFF7C2FC33
:1084200022462B46FFF790FD53EC192BFFF7BAFCC1
:1084300041EC100BDFF86C03784400F55A700744E8
:1084400053EC1A2B51EC100BFFF77EFD41EC190B8E
:108450000098FCF701FFD7E90023FFF775FD41EC19
:108460001A0B53EC192BDFF84003DFF84013FFF72A
:1084700099FC53EC1A2BFFF767FD53EC182BFFF711
:1084800091FC0022DFF8283303F09EF941EC1B0B2E
:1084900069D30122C74B03F0AFF961D9C80F53EC80
:1084A0001B2B1ABF0020C449AB49FFF74DFDFFF756
:1084B00009FE0022C14BCDE901238046CDF80080A2
:1084C00053EC192B51EC180BFFF76CFC04460D46CE
:1084D000D7E90201D7E90423FFF736FD53EC182B47
:1084E000FFF760FC9FEDB6BB04E000BF000000009A
:1084F0000000E03F53EC1B2BFFF754FC22462B46B9
:10850000FFF722FD07468B4653EC1A2B51EC180B54
:10851000FFF748FC04460D464046FCF79DFE024628
:108520000B462046294603F095F853EC1B2BFFF72A
:1085300039FC3A465B46FFF707FDDDE9012303F00E
:1085400073F941EC190B31F0004108BF00280AD043
:1085500051EC190B48004015401C06D1090304D109
:108560009FEDA09B01E09FED9B9B002E00F0E5801E
:1085700051EC190B81F0004141EC190BDDE051EC9D
:10858000190B48004015401C02D1090340F0D5806A
:1085900051EC180B48004015401C06D1090304D0CB
:1085A000B0EE489AF0EE689AC7E051EC180B48001C
:1085B00001244015401C61D051EC180B4B0043EADC
:1085C000D0734200002B08BF002A04D1B0EE48AAA5
:1085D000F0EE68AA19E040F23345A5EB5352352A74
:1085E00004DB00F0000001F000410CE0202A03DD74
:1085F000203AD140914000E001D1002003E0002A60
:10860000C4BFD040904041EC1A0B53EC182B51ECF6
:108610001A0B03F091F818BF00244B0043EAD07303
:108620004200002B08BF002A04D1B0EE4A0AF0EE47
:108630006A0A19E040F23445A5EB5352352A04DBAF
:1086400000F0000001F000410CE0202A03DD203A98
:10865000D140914000E001D1002003E0002AC4BFD6
:10866000D040904041EC100B44B153EC1A2B51EC2C
:10867000100B03F061F80CBF0024012451EC190B1E
:1086800048004015401C0AD1090308D151EC190BD0
:10869000C80F21D153EC182BDA0F49D040E051EC30
:1086A000180B48004015401C1ED109031CD153EC87
:1086B000192B23F00041B1F5801F22F0000021D2D8
:1086C0000022002908BF002800921FD06A4651EC02
:1086D000190B03F041F819E051EC180BC80F01D148
:1086E000002C21E0E4B10AE0002C1ABF51EC190B78
:1086F000C80F002053EC182BDA0F14D180B19FED76
:10870000329B1AE0324C04EB1150009051EC180BE4
:10871000C80F009802D100280ADC01E0002807DD1C
:108720009FED2C9B09E0002818BF9FED2C9B04D1E6
:108730009FED2C9B01E09FED049B04B051EC190BC5
:10874000BDEC0A8BBDE8F08D000000000000F03F9A
:108750000000F0BFFFFF0F800000E03FCD3B7F66D1
:108760009EA0E63F000050400000903FF7DE29BF8A
:10877000D8F8C23FF4B3FECC1A99C33F62CB68D994
:108780006F46C73FC6C912DAC471CC3F4AE98A9422
:108790002449D23FF75F97999999D93FBC555555D0
:1087A0005555E53F4C5B0000FE822B654715F73FB2
:1087B0000000E0C00000E0400000E0BF0000F03F2B
:1087C000EF39FAFE422EE63F000000000000008074
:1087D00002FCFFFF0000000000000000000000009D
:1087E0000000F0FF000000000000F07F2DE9F14FD5
:1087F000B0B0924604910DF142013A9A2B919946FC
:108800004A7000200AE01AF8011B0498309A904739
:108810000028049000F0B6860D98401C0D909AF840
:10882000000050B12528EED10021002207910892C6
:1088300009910A920B910C9204E00D9800F0A4BEED
:1088400041F001011AF8010F2028F9D023280CD09B
:108850002B2804D02D2805D0302809D00BE041F07A
:108860000201EFE741F00401ECE741F00801E9E71C
:1088700041F01001E6E72A280FD1D9F8002052F87C
:10888000040BC9F8002000280F9003D540420F9038
:1088900041F004010AF1010A14E00F92DFF82838D0
:1088A0000AE00F98984205DA00EB800402EB4402DC
:1088B000303A0F920AF1010A9AF80020A2F1300032
:1088C0000A28EED39AF800002E2803D04FF0FF328A
:1088D0000E9229E01AF8010F2A2809D1D9F80000D0
:1088E00050F8042BC9F800000E920AF1010A1BE0AF
:1088F0002D280CBF0AF1010A002000220E92DFF899
:10890000C8470BE040B90E9AA24205DA02EB820595
:1089100003EB4503303B0E930AF1010A9AF800304D
:10892000A3F130020A2AEDD3ADF84010DFF89C071E
:10893000784400F5F3609AF8001003F069F908B183
:108940001AF8010B8DF842009DF84200682805D105
:108950009AF8000068280CD1622106E06C2804BF58
:108960009AF800006C2804D171218DF842100AF1A8
:10897000010A12A806901AF801BBBBF125012CD000
:108980001C3900F0D081091F022940F2CC81133933
:1089900000F02385093900F0C681891E00F0B885F2
:1089A000491E00F06585491E022940F2BC81091F5D
:1089B00000F05E85491F00F02881491E00F00D85FA
:1089C000491E00F0D080C91E0DD0891E00F005851B
:1089D000C91E00F0028500F0A6BD25238DF84830A1
:1089E000012100F0ABBDD9F8000050F8044BC9F8E4
:1089F0000000002C059440F0A3802B9948780028B3
:108A000000F099804FF0FF340FF6843003F00CF93A
:108A1000201A40F0B78500F092BD6D1E40F0A98588
:108A20003096079D12AF75B1309E17F8012B02A941
:108A3000304600F073FE002801D46D1EF5D10028E9
:108A4000309640F09F850A9D3020002D8DF804005F
:108A50000CDD309E012301AA02A9304600F06EFE13
:108A6000002840F08F856D1EF4D13096059F089D3B
:108A700075B1309E17F8012B02A9304600F04EFE6A
:108A8000002801D46D1EF5D10028309640F07A857B
:108A90000B9D3020002D8DF804000CDD309E01234D
:108AA00001AA02A9304600F049FE002840F06A857C
:108AB0006D1EF4D1309605980899099D471875B137
:108AC000309E17F8012B02A9304600F027FE00283F
:108AD00001D46D1EF5D10028309640F053850C9DD1
:108AE0003020002D8DF804000CDD309E012301AAFA
:108AF00002A9304600F022FE002840F043856D1E9A
:108B0000F4D130969DF8400041077FF588AE2020D3
:108B1000002C8DF804007FF782AE309D012301AA5E
:108B200002A9284600F00AFE002840F02B85641EAA
:108B3000F4D1309573E60FF66440059000F0FFBC69
:108B40000E9D002D04D52046FCF74EFB044607E0A1
:108B50002A46204603F088F8002814BF041B2C4640
:108B6000089400F0ECBCD9F8001051F8040BC9F8D7
:108B7000001020F00004002121F0FF3512ABCDE9F8
:108B800002450593DDE9022306993C2413B90AB98D
:108B90000E9898B102F00F053035641EEEB23A2EF1
:108BA000A8BF2735120942EA03721B090D5508BFF9
:108BB000002A03D005980D19A842EBD30819059097
:108BC000C4F13C020E98089282420ADABDF84010C5
:108BD000821A4FF6EF7001400A92ADF8401000F093
:108BE000AEBC002840F1AB849DF8400000F01400BA
:108BF000102840F0A4840F9B07990A985B1A1B1A4F
:108C00009A1A002A40F39B84E5E32B99487820B117
:108C10004FF0FF340FF65430F8E69DF8420062281A
:108C200061D0682817D06A283FD06C2806D07128F8
:108C300047D074282CD07A281DD064E0D9F80010D1
:108C400051F8040BC9F80010002868D14FF0FF3428
:108C50000FF63030DAE6D9F8001051F8040BC9F8F5
:108C6000001020B94FF0FF340FF61830CEE60D9902
:108C7000018000F064BCD9F8001051F8040BC9F869
:108C8000001000284BD14FF0FF340FF6F820BDE65E
:108C9000D9F8001051F8040BC9F8001000283ED193
:108CA0004FF0FF340FF6DC20B0E6D9F8001051F891
:108CB000040BC9F8001080B94FF0FF340FF6C42040
:108CC000A4E6D9F8001051F8040BC9F8001020B937
:108CD0004FF0FF340FF6AC2098E60D9AD317C0E999
:108CE000002300F02CBCD9F8001051F8040BC9F88F
:108CF000001020B94FF0FF340FF6882086E60D995A
:108D0000017000F01CBCD9F8001051F8040BC9F830
:108D1000001020B94FF0FF340FF6682076E60D9969
:108D2000016000F00CBCD9F80020D21D22F007022F
:108D3000C9F80020D2E900010832C9F80020CDE9C5
:108D40000201C80F02D007982D210AE0BDF84000AB
:108D5000810702D507982B2103E0C00705D50798A6
:108D6000202112AA1154401C0790DDE90223079923
:108D700012A8CDE92C2308444BF02001612905906D
:108D800021AC0BD00E99002902D506210E9105E0E9
:108D900001BF4BF02001672901220E92DDE9022379
:108DA00059004915491C0DD11A030BD0ABF16105CF
:108DB00003211A2D089102D20FF6E41110E00FF6EC
:108DC000E4110DE059004915491C0DD11A030BD1CE
:108DD000ABF1610503211A2D089119D30FF6CC11BF
:108DE0000322FEF773FEAAE3DDE90201CDE92E01BD
:108DF000DDE92E2323F00047B7F5801F22F000069F
:108E00000DD20022002F08BF002E009203D116E0E1
:108E10000FF69411E4E76A4602F09EFC0FE0DFF8DB
:108E2000DC08DFF8DC1800EB17500090DDE92E239A
:108E30004FF0FF301940DFF8CC7810403943CDE9CE
:108E400002014BF0200061280DD1059830210170FE
:108E5000821CBBF1610F05920CBF78215821417033
:108E60000798801C0790DDE9020120F0000231F034
:108E7000004308BF002A02D10026002568E14BF01C
:108E80002008B8F1610F40F0B4800E98002847BF69
:108E900021210191401C0190019FDDE92C017F1CE3
:108EA00000220023DDE9024502F08EFC00998DF8D6
:108EB000842038BF85F00045091F002F00910DF177
:108EC000850653DD204629460022002302F094FC4B
:108ED0004CD24800400D00F11C0212D0002A10DDD7
:108EE00040F2FF739A4206DBDFF81C1805F00040E1
:108EF0000143002011E06FF31E5141EA0251204668
:108F00000BE024F0000035F0004108BF00280FBF3F
:108F100029461C22294602F0D3FE04460D46FFF7DF
:108F2000D1F8FF1F002F804609DDFCF795F90246B6
:108F30000B462046294602F08DFB04460D46F01DE7
:108F40000721B8F1000F0CDD491E5EBF08F00F02CB
:108F500000F8012D4FEA2818F3D502E0002200F8AE
:108F6000012D491EFAD5C61D002FABDC0DF1850081
:108F7000361A01988642D8BF304600280DF1850484
:108F800030D4B04206DA0DF185010A5C082AA8BF88
:108F90000F2100DA0021024621AB134400E0401EFD
:108FA00013F80159521E8D42F9D00F2904D10DF149
:108FB00085018B5C5B1C8B54002A04D50099091D2C
:108FC00021AC401C0091411E0CD46218ABF13A0652
:108FD00013783033DDB23A2DA8BFF318491E02F8DA
:108FE0000139F5D50E99002940F1B080421E0E924C
:108FF000ACE00099DFF8142747F29750414391FB0A
:10900000F2F2DDE92C45009225F00045D2F107028D
:1090100004DD2046294600F04EFB0BE052420020C2
:10902000DFF8EC1600F047FB02460B4620462946C7
:10903000FCF734F90446B8F1660F0E9806BF009F9E
:109040000A3706273F18142FC8BF142730200D46B3
:109050008DF884000DF18506002F39DD2046294664
:1090600002F0CCFE01460A4606F1080304200A2657
:10907000B2FBF6F606EB860EA2EB4E02303203F898
:10908000012C0A22B6FBF2F202EB820EA6EB4E0690
:109090003036401E03F8026DE9D1083F002F03F17E
:1090A0000806D9DD0846FCF751FA02460B46204671
:1090B000294602F0CFFA0022DFF85836FEF772FE9A
:1090C00004460D46CAE700BFCBCCCC0C306800008C
:1090D0000DF18500361A0DF1850404E00098401E5C
:1090E000761E0090641C20783028F7D0B8F1660F07
:1090F00002D10099491C04E0B8F1650F0CBF0121B1
:1091000000210E9808188642B8BF701E00281DD492
:10911000B04204DA215C3429C8BF392100DC302197
:109120000246631E9D1800E0401E15F80169521E9C
:109130008E42F9D0392902D1A15C491CA154002AE0
:1091400004D50099491C1C46401C00910646009D10
:1091500002F068FE406A0778DDF8388030B20028F7
:1091600002DC01260FF248644BF02000662808BF9D
:109170006D1C16D0672846D128B210F1040F48DBC9
:10918000404546DA9DF840006D1C010703D430B21B
:109190004045B8BF804628B2B8EB000848BF4FF042
:1091A00000080FFA85FBBBF1000F00F3B5800898AB
:1091B000411C0891302205990A54B8F1000F03DCD4
:1091C0009DF84000010704D50898411C08910599B5
:1091D0000F5418EB0B0FB8BFC8F100052DB2684251
:1091E0000B90A84432B29045B8BF4646059B0898FC
:1091F00036B20996324621461844FEF767FCA8EBC2
:1092000006000C90D2E0BBF1610F17D14FF0700B4C
:1092100019E030B2404504DA9DF840100A0758BF03
:109220008046B8F1010848BF4FF00008BBF1670F56
:1092300014BF4FF0450B4FF0650B04E0BBF1410F3D
:1092400008BF4FF0500B0898411C0891B8F1000F6F
:10925000059914F8012B0A5403DC9DF8400001071E
:109260001AD50898411C0891B8F1000F05990F54C0
:1092700012DD761E30B280450598089BB8BF464681
:1092800032B221461844FEF721FC089936B2711813
:109290000891A8EB06000B9005980899084429B29C
:1092A000002980F800B003D42B224270821C04E015
:1092B0002D2242700D46821C6D4200212CAB2846A7
:1092C0000AE004460A2094FBF0F000EB8005A4EBD2
:1092D000450403F8014B491C00B20028F1DC0129C8
:1092E00006DC4BF02000652804BF302002F8010B9B
:1092F00000292CAB08D1302002F8010B06E0491EF2
:10930000585C303002F8010B0029F8DC0599089808
:109310000844121A099249E030B229B288421CDA94
:109320000598089B32B221461844FEF7CFFB0899F6
:1093300036B27118ABEB0606B8F1000F08910B9628
:1093400003DC9DF84000020704D5059847540999AD
:10935000491C0991CDF8308028E00598089B2AB275
:1093600021461844FEF7B2FB0898761B5844B8F122
:10937000000F089003DC9DF840100A0703D5411C3C
:10938000089105990F5430B280450598089BB8BFE5
:10939000464632B204EB0B011844FEF797FB0898DF
:1093A00036B230180890A8EB06000B909DF84000EC
:1093B00000F01400102840F0C280079A08990B981A
:1093C0008A18099982180C988A1882180F98824274
:1093D00080F2B580821A0A92B1E09DF842006228BC
:1093E00008D068280ED06A2814D06C281FD07128A5
:1093F00010D01CE0D9F8001051F8040BC9F8001087
:10940000C0B21AE0D9F8001051F8040BC9F80010E6
:1094100080B212E0D9F80020D21D22F00702C9F86C
:109420000020D2E900010832C9F8002006E0D9F88E
:10943000001051F8040BC9F800100021CDE9020119
:109440009DF8400001075AD5DDE90223002B08BF33
:10945000002A54D04BF02000782850D1079812A948
:1094600030220A54401C431C079301F800B046E028
:109470009DF84200622808D068280ED06A2814D0CF
:109480006C281FD0712810D01CE0D9F8001051F8BA
:10949000040BC9F8001040B21AE0D9F8001051F8D6
:1094A000040BC9F8001000B212E0D9F80020D21D58
:1094B00022F00702C9F80020D2E900010832C9F8F9
:1094C000002006E0D9F8001051F8040BC9F800108C
:1094D000C117CDE90201002902D507982D210AE024
:1094E000BDF84000810702D507982B2103E0C00793
:1094F00005D50798202112AA1154401C079012A8E4
:1095000007990144059102A8594600F04FF816E06A
:1095100001200790D9F8000050F8041BC9F800009A
:109520008DF848100BE025210122BBF1000F8DF8CA
:109530004810079203D08DF849B0022107910F9A85
:1095400007980A990C9C121A0898521A0B99121A29
:109550000998521A121A9DF84000141B41073FF552
:1095600060AA2020002C8DF804007FF75AAA309EB4
:109570002546012301AA02A9304600F0DFF80028A1
:109580003FF44BAA4FF0FF3031B0BDE8F08F000040
:109590007072696E74665F733A206261642025732D
:1095A00020617267756D656E740000002DE9FC43E3
:1095B00007466F293E6908BF082405D041F0200006
:1095C000782814BF0A2410243C25D7E900236429F5
:1095D00018BF69299046994605D1002B03D5D8F1CB
:1095E000000869EB4909B9F1000F08BFB8F1000F95
:1095F0000CD1386B50B9082C39D197F838000107D5
:1096000035D530203B2586F83B0030E08DF8001042
:10961000404649462246E317FEF7ACFA3032D0B254
:109620006D1E3A28019504DB9DF80000A0F1510160
:109630008A187255404649462246E317FEF79AFAC1
:1096400080465FEA010908BFB8F1000F03D0F8684F
:1096500071198842DCD3082C09D197F8380001072A
:1096600005D5705D302802D06D1E30207055C5F1D3
:109670003C02BA617119F960386B824208DA821AC9
:109680003A624FF6EF70398F01403987BDE8F383B6
:1096900000280ED597F8380000F01400102808D1E3
:1096A0007B6B7969386A5B1A1B1A9A1A002AC8BF41
:1096B0003A62BDE8F3832DE9D04306460F461446CF
:1096C0004FF00008DFF8509012E0E00707D542465F
:1096D0004B4630463946FEF765FB06460F46404688
:1096E000494642464B46FEF75DFB6410804689467C
:1096F000002CEAD130463946BDE8D08302FCFFFF9A
:10970000FFFF0F800000E03F0000F07FA086010017
:109710000000F03F84D797410000244010B5034675
:109720000C461146A0689847A06020B1E06A401C32
:10973000E062002010BD4FF0FF3010BDF8B50546C7
:109740000E4617461C4600205CB117F8011BB06896
:10975000A847B06030B1F06A401CF0620020641E7F
:10976000F3D1F2BD4FF0FF30F2BD00007072696EB0
:1097700074665F733A20256E20646973616C6C6F48
:10978000776564007072696E74663A206261642065
:10979000256E20617267756D656E740000000000B3
:1097A0006E616E004E414E00696E6600494E460085
:1097B0003000000010B50400002C01D1012074E03D
:1097C000606A002806D16068B0F5827F06D000206C
:1097D000E06103E000202061002060610020A062C1
:1097E00094F85D00002805D1002084F85C0020007A
:1097F00002F044FB022084F85D002068006830F02D
:10980000400021680860E06840F20171884201D39D
:10981000002101E04FF48051E068B0F5706F05D091
:10982000E068B0F5E06F01D00020A062606810F43D
:109830008270A26812F404421043227C12F00202E9
:109840001043227D12F001021043A26912F400724B
:109850001043227F12F03802104394F8202012F0B7
:1098600080021043A26A12F4005210432268106072
:10987000A269120C12F0040294F8240010F01000F7
:10988000024394F8340010F008000243E06810F43A
:109890007060024311F4805002432068426000204F
:1098A0002066012084F85D00002010BD2DE9F843FA
:1098B00006000D0017001C00FBF7F2FE8046B946BB
:1098C00096F85D00012801D00220ECE0002D03D0C5
:1098D000380080B2002801D10120E4E096F85C0055
:1098E000012801D10220DEE0012086F85C0003207F
:1098F00086F85D0000203066B563B787F7870020E3
:1099000030640020A6F844000020A6F8460000209D
:1099100030650020F064B068B0F5004F0BD13068BE
:10992000006830F04000316808603068006850F42A
:1099300080403168086030680068400605D43068AF
:10994000006850F0400031680860F06840F2017132
:10995000884235D37068002803D0484680B2012879
:1099600009D1B06B00883168C860B06B801CB063EF
:10997000F08F401EF087F08F002873D03068806829
:1099800080070AD5B06B00883168C860B06B801C56
:10999000B063F08F401EF087EDE7FBF781FEB0EB80
:1099A0000800A04202D314F1010F01D1002CE2D132
:1099B000012086F85D00002086F85C00032072E03C
:1099C0007068002803D0484680B2012817D1F08F74
:1099D00002280AD3B06B00883168C860B06B801C65
:1099E000B063F08F801EF08709E0B06B00783168BB
:1099F0000873B06B401CB063F08F401EF087F08F8F
:109A000000282FD030688068800718D5F08F022892
:109A10000AD3B06B00883168C860B06B801CB0633B
:109A2000F08F801EF087EAE7B06B0078316808732A
:109A3000B06B401CB063F08F401EF087DFE7FBF790
:109A40002FFEB0EB0800A04202D314F1010F01D1A8
:109A5000002CD4D1012086F85D00002086F85C003F
:109A6000032020E042462100300000F003F90028E6
:109A700001D020203066B068002808D10020009076
:109A80003068C068009030688068009000980120BD
:109A900086F85D00002086F85C00306E002801D05A
:109AA000012000E00020BDE8F2832DE9FC4705001D
:109AB0000E0017009846DDF82890FBF7F1FD040032
:109AC000B8EB040419EB0404FBF7EAFD824668488E
:109AD00000684001000D00FB04F0009028688068D9
:109AE0003040B04201D1012000E000203900C9B26D
:109AF000884243D018F1010FF0D0FBF7D1FDB0EB55
:109B00000A00A04201D2002C2FD12868406830F012
:109B1000E000296848606868B0F5827F0DD1A868C8
:109B2000B0F5004F03D0A868B0F5806F05D1286864
:109B3000006830F0400029680860A86AB0F5005F4E
:109B40000BD12868006830F4005029680860286844
:109B5000006850F4005029680860012085F85D0015
:109B6000002085F85C00032009E00098002801D15E
:109B7000002004000098401E0090AFE70020BDE8E0
:109B8000F6872DE9FE4F06000F0014009846DDF819
:109B9000309000208DF80000FBF782FD0500B8EB47
:109BA000050519EB0505FBF77BFD8246306810F1D2
:109BB0000C0B2F48016823204143090D01FB05F1DF
:109BC0000191306880683840A0424ED0B7F5C06F30
:109BD00007D1002C05D19BF800008DF800009DF8FE
:109BE000000018F1010FECD0FBF75AFDB0EB0A00B2
:109BF000A84201D2002D2FD13068406830F0E0003B
:109C0000316848607068B0F5827F0DD1B068B0F5FA
:109C1000004F03D0B068B0F5806F05D130680068A0
:109C200030F0400031680860B06AB0F5005F0BD1D9
:109C30003068006830F400503168086030680068AF
:109C400050F4005031680860012086F85D00002063
:109C500086F85C00032009E00198002801D100206B
:109C600005000198401E0190ABE70020BDE8FE8F83
:109C70000C0500207CB504000D00160000962B009A
:109C800000224FF4C0512000FFF77BFF002805D0D1
:109C9000206E50F02000206603201FE000962B006D
:109CA000002280212000FFF700FF002805D0206E51
:109CB00050F020002066032010E000962B000022C8
:109CC0004FF4C0612000FFF75CFF002805D0206E34
:109CD00050F020002066032000E0002076BD002820
:109CE00048BF4042704780B502F004F900F011F817
:109CF00002F012F902F0F8F9FCF72EFC02F024FA57
:109D000002F094F8FCF744FCFCF760FC02F046FB20
:109D1000FEE710B596B04421002205AC2000FBF709
:109D200077FF142100226C462000FBF771FF4FF4EF
:109D3000007002F00FFD002801D000F033F8182069
:109D4000059001200A9001200B9000200C906020CB
:109D50000D9002200F9001201090012011902820DA
:109D6000129007201390022014900220159005A84D
:109D700000F042FE002801D000F014F80F200090FF
:109D80000320019000200290002003900020049006
:109D90000421684601F074F9002801D000F002F8AF
:109DA00016B010BD72B6FEE710B5044610460A465E
:109DB00001462046FBF72CFF204610BD2DE9F84F49
:109DC00005005FF0000800272868000527D5686CAB
:109DD00000280DD0B0F5000F03D0B0F5400F0DD026
:109DE0000DE0DFF82403016851F48031016008E0E0
:109DF0000021281D00F092F9804602E001E00120D8
:109E000080464046C0B2002808D1DFF80C130A682B
:109E100032F44002686C02430A6000E0474628685A
:109E200080037AD55FF00009DFF8E0A2DAF80000DD
:109E3000C0000DD4DAF8000050F08050CAF80000DD
:109E4000DAF8000010F08050009000980120814660
:109E5000DFF8BCB2DBF8000050F48070CBF80000F3
:109E6000FBF71EFC0600DBF80000C00506D4FBF77C
:109E700017FC801B0328F6D3032080464046C0B25F
:109E800000283FD1DFF88CB2DBF8000010F44070FE
:109E90000400002C15D0E86D844212D0DBF80000DD
:109EA00030F440700400DBF8000050F48030CBF850
:109EB0000000DBF8000030F48030CBF80000CBF875
:109EC0000040E0070FD5FBF7EBFB0600DBF80000D6
:109ED000800708D4FBF7E4FB801B41F289318842FC
:109EE000F4D3032080464046C0B2002808D1DBF8F6
:109EF000001031F44071E86D0143CBF8001002E02E
:109F0000474600E047464846C0B2012805D1DAF886
:109F1000000030F08050CAF800002878C00707D54C
:109F2000DFF8F4110A6892089200286A02430A6076
:109F30002878800707D5DFF8E0110A6832F00C02B4
:109F4000686A02430A602878400707D5DFF8C8111D
:109F50000A6832F03002A86A02430A602878800654
:109F600007D5DFF8B4110A6832F44062E86A0243A8
:109F70000A602868800507D5DFF89C110A6832F46A
:109F80004022E86B02430A602868400507D5DFF8E5
:109F900088110A6832F44012286C02430A6028785B
:109FA000400607D5DFF870110A6832F44052286B7A
:109FB00002430A602878000607D5DFF85C110A68BA
:109FC00032F44042686B02430A602868C00507D536
:109FD000DFF844110A6832F44032A86B02430A6089
:109FE0002868800420D5DFF830110A6832F040621A
:109FF000A86C02430A60A86CB0F1006F06D1DFF8CC
:10A000000801016851F4801101600DE0A86CB0F105
:10A01000806F09D10121281D00F080F8804640465C
:10A02000C0B2002800D047462868000320D5DFF8DA
:10A03000E8100A6832F04062E86C02430A60E86C9B
:10A04000B0F1006F06D1DFF8C000016851F4801153
:10A0500001600DE0E86CB0F1806F09D10121281D8D
:10A0600000F05CF880464046C0B2002800D0474669
:10A070002868400320D5DFF8A0100A6832F040625B
:10A08000286D02430A60286DB0F1006F06D1DFF839
:10A090007800016851F4801101600DE0286DB0F185
:10A0A000806F09D10121281D00F038F88046404614
:10A0B000C0B2002800D047462868400415D5DFF814
:10A0C00058100A6832F04052686D02430A60686DA9
:10A0D000B0F1805F09D10221281D00F01FF88046F1
:10A0E0004046C0B2002800D047462868000407D583
:10A0F000DFF824100A6832F08042A86D02430A603B
:10A100003800C0B2BDE8F28F0C1002405810024077
:10A110000070004090100240881002402DE9F0418C
:10A1200005000C0000275949086810F0030F12D0F1
:10A13000086810F003002A68904209D128680028B6
:10A1400006D00868C0F30210401C6968884232D00B
:10A15000012007002FE02868012804D01BD3032822
:10A160000FD007D317E04A480068800701D40120C8
:10A17000070012E046480068400501D401200700AE
:10A180000BE043480268920304D40068400301D402
:10A190000120070001E0012007003800C0B20028BC
:10A1A00009D10A6832F07302286802436868401EC9
:10A1B00052EA00120A603800C0B2002861D1DFF80C
:10A1C000D080D8F8000030F08060C8F80000FBF7BD
:10A1D00067FA0600D8F80000000106D5FBF760FA20
:10A1E000801B0328F6D3032007003800C0B20028E4
:10A1F00047D1002C0BD127490A6827480240A8689C
:10A2000052EA0022E86852EAC0620A601CE0012CAF
:10A210000DD120490A6821480240A86852EA00226C
:10A2200028694008401E52EA40520A600CE0194971
:10A230000A681B480240A86852EA00226869400880
:10A24000401E52EA40620A60D8F8000050F0806078
:10A25000C8F80000FBF724FA0600D8F80000000157
:10A2600006D4FBF71DFA801B0328F6D30320070052
:10A270003800C0B2002804D106490A68A869024320
:10A280000A603800C0B2BDE8F08100000C10024046
:10A290000010024010100240FF80FF07FF809FFF68
:10A2A000FF80FFF930B40100002901D1012067E0EF
:10A2B0000868624A90420AD20A68614882181420EB
:10A2C000B2FBF0F0800048645E48086409E00A6868
:10A2D0005D4882181420B2FBF0F0800048645B48AF
:10A2E0000864022081F82500086802686FF30E12E6
:10A2F0008B68C86803430869034348690343886956
:10A300000343C8690343086A03431A4308680260A9
:10A310008868B0F5804F2AD0086C4A4B984213D118
:10A320004B4803680F2491F8445015F01C05AC40CD
:10A33000A343036003684C6891F8445015F01C0572
:10A34000AC402343036012E0424803680F2491F8B5
:10A35000445015F01C05AC40A343036003684C68EF
:10A3600091F8445015F01C05AC40234303600020D5
:10A37000C863012081F82500002081F82400002016
:10A3800030BC704710B40100002901D1012053E016
:10A3900008680068400840000A6810600868274A9A
:10A3A00090420AD20A68264882181420B2FBF0F0C4
:10A3B000800048642348086409E00A68224882183B
:10A3C0001420B2FBF0F080004864204808640020AC
:10A3D0000A681060012091F8442012F01C0290409D
:10A3E0000A6C5060086C174A90420AD118480268FB
:10A3F0000F2391F8444014F01C04A3409A430260D8
:10A4000009E0144802680F2391F8444014F01C043A
:10A41000A3409A4302600020C86200200863002025
:10A420004863002088630020C863002081F825006D
:10A43000002081F82400002010BC7047080402406E
:10A44000F8FFFDBF00000240F8FBFDBF0004024022
:10A45000A8000240A80402402DE9F04104000D00CC
:10A4600016001F005FF0000894F82400012801D1B5
:10A4700002203BE0012084F8240094F82500012804
:10A480002DD1022084F825000020E06320680068B8
:10A4900040084000216808603B003200290020008D
:10A4A00000F0F8F8206B002806D02068006850F013
:10A4B0000E00216808600BE02068006830F004009E
:10A4C000216808602068006850F00A002168086070
:10A4D0002068006850F001002168086004E0002056
:10A4E00084F82400022080464046C0B2BDE8F081D6
:10A4F0000100002291F82500022806D00420C8633C
:10A50000002081F8240001201BE00868006830F07A
:10A510000E000B68186008680068400840000B686F
:10A520001860012091F8443013F01C0398400B6C24
:10A530005860012081F82500002081F824001000D7
:10A54000C0B2704738B50400002594F825000228F1
:10A5500004D00420E063012005001FE020680068AB
:10A5600030F00E0021680860206800684008400054
:10A5700021680860012094F8441011F01C01884003
:10A58000216C4860012084F82500002084F8240014
:10A59000A06B002802D02000A16B88472800C0B221
:10A5A00032BD70B50400206C056820680668042080
:10A5B00094F8441011F01C0110FA01F10D4219D069
:10A5C000710717D521680968890605D421680968CB
:10A5D00031F004012268116094F8441011F01C015C
:10A5E0008840216C4860206B002852D02000216BED
:10A5F00088474EE0022094F8441011F01C0110FA34
:10A6000001F10D421FD0B1071DD5216809688906E7
:10A6100008D42168096831F00A012268116001211B
:10A6200084F8251094F8441011F01C018840216C26
:10A630004860002084F82400E06A002829D0200027
:10A64000E16A884725E0082094F8441011F01C01C5
:10A65000884005421DD030071BD52068006830F0C7
:10A660000E0021680860012094F8441011F01C01CC
:10A670008840216C48600120E063012084F82500B7
:10A68000002084F82400606B002802D02000616B59
:10A69000884770BD30B4012490F8445015F01C0573
:10A6A000AC40056C6C60046863608468102C04D155
:10A6B0000468A2600468E16003E00468A1600468C3
:10A6C000E26030BC7047000010B410F00703DFF800
:10A6D000684122684FF6FF010A40DFF8601151EA35
:10A6E00003210A43226010BC7047DFF84C01006868
:10A6F000C0F3022070470000010049B200290AD4CB
:10A70000012210F01F018A40DFF8341103005BB210
:10A710005B0941F823207047010049B200290DD49C
:10A72000012210F01F018A40464903005BB25B0919
:10A7300041F82320BFF34F8FBFF36F8F704710B4E2
:10A74000020052B2002A05D40A013F4B040064B251
:10A750001A5508E00A013D4B040064B214F00F04DE
:10A76000234403F8042C10BC704770B4030013F0AA
:10A770000704D4F10700052801D3042001E0D4F137
:10A780000700251D072D01D2002500E0E51E01264A
:10A7900016FA00F0401E0140A94016FA05F56D1E9C
:10A7A0002A401143080070BC704710B50400601EB9
:10A7B000B0F1807F01D301200EE0601E24490860C3
:10A7C0000F215FF0FF30FFF7BAFF0020214908603A
:10A7D000072021490860002010BD10B504002000AA
:10A7E000FFF772FF10BD2DE9F04104000D001600C7
:10A7F0000027FFF77AFF8046320029004046FFF726
:10A80000B4FF0100200040B2FFF799FFBDE8F081DE
:10A8100010B50400200040B2FFF76EFF10BD10B568
:10A820000400200040B2FFF777FF10BD10B5040010
:10A830002000FFF7BAFF10BD0CED00E00000FA05A4
:10A8400000E100E080E100E000E400E018ED00E05D
:10A8500014E000E018E000E010E000E010B50400B3
:10A86000206841490968884202D1012001F067FE51
:10A8700020683E490968884202D1012001F0BEFFEC
:10A8800020683B490968884202D10120FCF74AF858
:10A8900010BD38B504000D002068334909688842AE
:10A8A00003D1280080B201F04AFE20682F490968D0
:10A8B000884203D1280080B201F0A0FF20682C4913
:10A8C0000968884203D1280080B2FCF72BF831BD1B
:10A8D00010B50400206824490968884202D100208C
:10A8E00024490870206821490968884202D1022061
:10A8F0002049087020681E490968884202D1042056
:10A900001C49087002211C48FBF718F810BD1CB543
:10A91000184C20780090194B00220021032001F0F0
:10A9200095FF207800280ED101F008FE1448018818
:10A93000491C01800188142903DB0021018001F0FA
:10A94000E7FD01F0E9FD20782078022803D101F02D
:10A9500054FF01F043FF20782078042803D1FBF74F
:10A96000E0FFFBF7CFFF13BDCC20002054210020D7
:10A97000DC210020D5280020100500206CF2000802
:10A98000C228002070B505000C001600D5F8800024
:10A9900020282DD1002C03D0300080B2002801D116
:10A9A000012026E00120286600206866320092B26D
:10A9B00021002800FCF787FD01000800C0B2002834
:10A9C00013D1286E01280ED110202A681062286841
:10A9D00050E8000F50F0100002002B6843E8002000
:10A9E0000028F4D101E0012001000800C0B200E01D
:10A9F000022070BD704700002DE9FE4F0500002DBC
:10AA000001D101203AE3DFF80499D9F8004014F0AD
:10AA10000C04DFF81889D8F8007017F003072878BD
:10AA2000C00640F1C680002C03D00C2C7AD1012F37
:10AA300078D1DFF8D4A8DAF80000800704D5A86937
:10AA4000002801D1012019E3DAF80000000704D53D
:10AA5000DAF8000010F0F00005E0DFF860090068A7
:10AA6000000910F0F000296A88421ED2286A00F01E
:10AA70005FFC002801D0012000E3DAF8000050F06C
:10AA80000800CAF80000DAF8001031F0F001286A76
:10AA90000143CAF80010DFF82809016831F47F414A
:10AAA000EA6951EA022101601FE0DAF8000050F083
:10AAB0000800CAF80000DAF8001031F0F001286A46
:10AAC0000143CAF80010DFF8F808016831F47F414B
:10AAD000EA6951EA02210160002C06D1286A00F0DF
:10AAE00027FC002801D00120C8E200F086FBDFF837
:10AAF000D418D9F80020C2F30312895C11F01F01A9
:10AB0000C840DFF80C180860DFF80808006801F09A
:10AB1000BBFF8DF800009DF80000002849D09DF88B
:10AB20000000ABE2A86900282DD0DFF8DC97D9F847
:10AB3000000050F00100C9F80000FAF7B1FD06006E
:10AB4000D9F80000800706D4FAF7AAFD801B032875
:10AB5000F6D3032092E2D9F8000050F00800C9F8BB
:10AB60000000D9F8001031F0F001286A0143C9F85B
:10AB70000010DFF84C08016831F47F41EA6951EABE
:10AB80000221016015E0DFF88097D9F80000400845
:10AB90004000C9F80000FAF783FD0600D9F800006C
:10ABA000800706D5FAF77CFD801B0328F6D3032027
:10ABB00064E22878C00754D5082C03D00C2C0BD1A4
:10ABC000032F09D1DFF840070068800349D5686882
:10ABD000002846D1012051E26868B0F5803F06D1D7
:10ABE000DFF82407016851F48031016018E06868DB
:10ABF000B0F5A02F0AD1DFF81007016851F48021C9
:10AC00000160016851F48031016009E0DFF8F80665
:10AC1000016831F480310160016831F48021016004
:10AC2000686800280ED0FAF73BFD0600DFF8D8066A
:10AC30000068800315D4FAF733FD801B6528F5D32F
:10AC400003201BE2FAF72CFD0600DFF8BC060068C3
:10AC5000800306D5FAF724FD801B6528F5D3032071
:10AC60000CE22878800752D5042C03D00C2C15D187
:10AC7000022F13D1DFF890060068400504D5E8687C
:10AC8000002801D10120F9E1DFF83407016831F033
:10AC9000F8512A6951EA0261016038E0E868002849
:10ACA0001FD0DFF86496D9F8000050F48070C9F81E
:10ACB0000000FAF7F5FC0600D9F80000400506D4BC
:10ACC000FAF7EEFC801B0328F6D30320D6E1DFF869
:10ACD000F006016831F0F8512A6951EA0261016019
:10ACE00015E0DFF82496D9F8000030F48070C9F838
:10ACF0000000FAF7D5FC0600D9F80000400506D59B
:10AD0000FAF7CEFC801B0328F6D30320B6E128789F
:10AD100000072ED56869002815D0DFF8A096D9F86D
:10AD2000000050F00100C9F80000FAF7B9FC060075
:10AD3000D9F8000080071CD4FAF7B2FC801B032866
:10AD4000F6D303209AE1DFF87496D9F800004008A2
:10AD50004000C9F80000FAF7A3FC0600D9F800008B
:10AD6000800706D5FAF79CFC801B0328F6D3032046
:10AD700084E12878400740F181805FF00009DFF826
:10AD800048A6DAF80000C0000DD4DAF8000050F050
:10AD90008050CAF80000DAF8000010F080500190EE
:10ADA000019801208146DFF824B6DBF80000C005D9
:10ADB00013D4DBF8000050F48070CBF80000FAF7F1
:10ADC0006FFC0600DBF80000C00506D4FAF768FC4B
:10ADD000801B0328F6D3032050E1A868012806D180
:10ADE000DFF8EC05016851F00101016017E0A86887
:10ADF00005280AD1DFF8D805016851F00401016087
:10AE0000016851F00101016009E0DFF8C405016843
:10AE1000490849000160016831F004010160A86837
:10AE2000002810D0FAF73CFC0600DFF8A405006803
:10AE3000800719D4FAF734FC801B41F2893188422B
:10AE4000F3D303201AE1FAF72BFC0600DFF88005A4
:10AE50000068800708D5FAF723FC801B41F289318E
:10AE60008842F3D3032009E14846C0B2012805D146
:10AE7000DAF8000030F08050CAF800002878800628
:10AE80002ED5686A002815D0DFF84895D9F800005B
:10AE900050F00100C9F80000FAF702FC0600D9F8EA
:10AEA000000080071CD4FAF7FBFB801B0328F6D3B5
:10AEB0000320E3E0DFF81C95D9F8000040084000CB
:10AEC000C9F80000FAF7ECFB0600D9F8000080078B
:10AED00006D5FAF7E5FB801B0328F6D30320CDE067
:10AEE000A86A002800F0C980A86A022840F0A38060
:10AEF000D8F80000070017F00300E96A884222D161
:10AF000017F07000296B491EB0EB011F1BD117F41D
:10AF1000FE40696BB0EB012F15D117F07840A96B9B
:10AF2000B0EBC16F0FD117F4C000E96B4908491E9F
:10AF3000B0EB415F07D117F0C060296C4908491E8A
:10AF4000B0EB416F57D00C2C53D0DFF8BCA3DAF82C
:10AF50000000400101D5012090E0DAF8000030F057
:10AF60008070CAF80000FAF79BFB8146DAF800000F
:10AF7000800107D5FAF794FBB0EB09000328F5D35D
:10AF800003207BE0D8F80010DFF84C040140E86AA9
:10AF90000143286B401E51EA0011686B51EA002101
:10AFA000E86B4008401E51EA4051286C4008401EA2
:10AFB00051EA4061A86B51EAC061C8F80010DAF8A4
:10AFC000000050F08070CAF80000D8F8000050F07F
:10AFD0008070C8F80000FAF763FB0600DAF800009A
:10AFE00080014AD4FAF75CFB801B0328F6D30320C8
:10AFF00044E0012042E0DFF81093D9F8000080011E
:10B000003BD4D9F8000050F08070C9F80000D8F89F
:10B01000000050F08070C8F80000FAF741FB06000D
:10B02000D9F80000800128D4FAF73AFB801B0328E6
:10B03000F6D3032022E00C2C1DD0DFF8CC92D9F8F7
:10B04000000030F08070C9F80000FAF729FB060014
:10B05000D9F80000800106D5FAF722FB801B0328EF
:10B06000F6D303200AE0D8F80010DFF8700301409F
:10B07000C8F8001001E0012000E00020BDE8FE8FCC
:10B080002DE9F04104000D00002C01D10120B2E0B7
:10B09000DFF84C73386810F00700A8420BD238680C
:10B0A000C008C00028433860386810F00700A84284
:10B0B00001D001209FE0207880070DD5DFF84C12E9
:10B0C000086810F0F000A268904205D20A6832F0D9
:10B0D000F002A06802430A602078C00742D5606889
:10B0E000032806D1DFF82002006880011CD401206B
:10B0F00081E06068022806D1DFF80C020068800356
:10B1000012D4012077E06068002806D1DFF8F8014A
:10B110000068800708D401206DE0DFF8EC010068CA
:10B12000400501D4012066E0DFF8E081D8F8001086
:10B130008908890060680143C8F80010FAF7B0FA7E
:10B140000600D8F8000010F00C006168B0EB810F29
:10B1500008D0FAF7A5FA801B41F289318842F0D372
:10B16000032048E0207880070CD56849A0680A6869
:10B1700012F0F002904205D20A6832F0F002A068A4
:10B1800002430A60386810F0070085420BD2386825
:10B19000C008C00028433860386810F00700A84293
:10B1A00001D0012027E02078400706D557490A68DA
:10B1B00032F4E062E06802430A602078000707D5B5
:10B1C0005248016831F46051226951EAC2010160BC
:10B1D00000F013F8DFF8EC114C4A1268C2F30312C6
:10B1E000895C11F01F01C84049490860494800685E
:10B1F00001F04AFCC0B2BDE8F0812DE9F041002623
:10B2000000204249096811F00C01DFF820C1DCF888
:10B21000007017F00307002903D00C291AD1012F61
:10B2200018D1DFF8E4E0DEF800805FEA087806D4A1
:10B23000DFF888E1DEF800E0CEF3032E03E0DEF86D
:10B2400000E0CEF3031E674E56F82E6000290CD1A5
:10B2500030000AE0042903D1DFF88CE1704604E0F5
:10B26000082902D1DFF884E170460C292DD1DCF8E1
:10B2700000E01EF0030E73469E46BEF1020F03D09F
:10B28000BEF1030F03D005E0DFF85CE103E0DFF877
:10B290005CE100E0B646DCF80020C2F30212521C6A
:10B2A0001500DCF80020C2F3062202FB0EFEBEFBF6
:10B2B000F5F2DCF800C0CCF3416C1CF1010C5FEA44
:10B2C0004C0C6446B2FBF4FC6046BDE8F0811048CB
:10B2D0000068704780B5FFF7FAFF45490B4A1268CE
:10B2E000C2F30222895C11F01F01C84002BD80B583
:10B2F000FFF7EDFF3E49054A1268C2F3C222895C9E
:10B3000011F01F01C84002BD0010024008100240A9
:10B310000C050020E80400202849086810F07E4051
:10B320000A6852F400020A60704700000C100240E4
:10B330007CB504000025244E3068C00003D501F020
:10B3400003FA01000FE0306850F080503060306840
:10B3500010F080500090009801F0F6F9010030687C
:10B3600030F080503060B1F5007F09D1812C15D3C9
:10B37000A12C02D30220050010E0012005000DE001
:10B38000812C02D30320050008E0802C02D102208A
:10B39000050003E0702C01D101200500104802686F
:10B3A000D208D2002A430260006810F00700A842C9
:10B3B00001D0012000E0002076BD00009410024082
:10B3C00004100240E0F300085810024000700040F2
:10B3D00090100240981002408C809D01FCFFEEFE10
:10B3E00000200240E4F000080024F40000127A007B
:10B3F0008CF80008704770472DE9F84F82468B465D
:10B4000014001D000026DFF884713878012801D16E
:10B41000022047E0012038704CF25038404600F0DE
:10B420005BF881464846C0B2002837D100207860DA
:10B43000DFF85C010168490506D5016831F48061D7
:10B4400001600220387701E000203877BAF1000F60
:10B4500007D122002B00584600F071F801200600A9
:10B460000FE0BAF1010F02D0BAF1020F09D12100A9
:10B47000584600F071F8BAF1020F02D15FF4802053
:10B480000600404600F028F88146002E04D0DFF880
:10B4900004010168B143016000F09FF8002038709A
:10B4A0004846C0B2BDE8F28F00203A490A68002A37
:10B4B00009D53C4A3C4B13603C4B1360096800299A
:10B4C00001D501210800C0B270473248016851F02F
:10B4D000004101600020704770B50400FAF7E0F801
:10B4E00005002D4A1068C00309D514F1010FF8D0EA
:10B4F000FAF7D6F8401BA042F3D303201EE01168F0
:10B5000026480140002913D0204843680B4343607C
:10B5100011F0404F05D0224B1E6811F04040064309
:10B520001E60880002D021F040401060012005E03C
:10B530001068C00701D501201060002070BD10B454
:10B5400014490C6854F001040C600260BFF36F8F63
:10B55000011D0B6010BC704770B4402304000D0047
:10B560000C4A166856F480261660EFF3108272B605
:10B570002E682660241D2D1D5B1E1E00F6B2002EB7
:10B58000F6D182F3108870BC70470000EC040020F4
:10B59000002002401420024010200240FAC30200A2
:10B5A000182002400820024023016745AB89EFCDF7
:10B5B00010B4DFF89820136833F47E73C40014F4D9
:10B5C000FF6423431360136853F00203136013688E
:10B5D00053F48033136010BC7047DFF86800017FBC
:10B5E0000A00D2B2012A03D00A00D2B2032A11D132
:10B5F000DFF85420136833F400731360136853F4B6
:10B6000000631360136833F400631360136853F42A
:10B61000007313600A00D2B2022A03D00A00D2B229
:10B62000032A0CD1084A136853F48053136013683B
:10B6300033F480531360136853F480631360002263
:10B6400002777047EC0400200020024014200240E2
:10B650007047000070B44FF0004591EA030F7CF58D
:10B660007BAC6B40841A71EB030603D2001BB14123
:10B67000121973414FF4001C1CEB410F34BF7CEBDB
:10B68000430442E00C0DA4EB1356352E4FDC45EA83
:10B69000C323DB0A45EAC121C912B6F120050DDD3D
:10B6A00063FA05F6EB4086EA0305124218BF45F03F
:10B6B0000105C01851F100010CD213E062FA06F541
:10B6C000F2405540F3415A40B340F3405A4080188D
:10B6D000594107D349085FEA30005FEA350528BFC2
:10B6E00045F0010501F58011420875F1004250F165
:10B6F000000041EB04514E0016F5001F70BC38BF2E
:10B7000070470020090D090570471CEB410F10D24E
:10B7100052EA43060BD0BCEB410F05D80C0DAB43EE
:10B72000661E342EB6DD02E0AB438018594170BC72
:10B73000704770BC7047000090420CD141EA030C86
:10B7400050EA4C0C07D0994205D14FF4001C1CEB79
:10B75000410F38BF8942704710B5144600F002F817
:10B76000226010BDC1F30A5343B14A0012F5001F15
:10B7700028D2A3F2FE32A1EB0251704750EA410CED
:10B7800020D001F0004C31EA0C01B1FA81F204BF83
:10B79000B0FA80F3D2180B3AB2F120032CBF00FAB2
:10B7A00003F1914041EA0C013EBFC2F1200C20FAA6
:10B7B0000CF319439040524240F2FD33D21A01EB90
:10B7C00003517047002270474FF4001C1CEB410FDF
:10B7D00094BF1CEB430F09E041EA030C50EA4C0C08
:10B7E00052EA0C0C03D2994208BF9042704714BF32
:10B7F0008B428242704700004FF4001C1CEB410F4B
:10B8000094BF1CEB430F09E041EA030C50EA4C0CD7
:10B8100052EA0C0C03D28B4208BF8242704714BF1D
:10B820009942904270470000F8B52DED0A8B41EC2B
:10B830001A0B48004015109D401C43EC182B23D0D8
:10B8400051EC1A0B31F0004108BF00281CD051EC1C
:10B85000180B48004015401C16D051EC180B31F065
:10B86000004108BF00280FD051EC1A0B0022DFF86E
:10B870004833FFF7A9FF80F0A38055EC184B9FEDEC
:10B88000800B05F00042ACE051EC1A0B480040156B
:10B89000401C02D1090340F0898151EC180B48008B
:10B8A0004015401C01D1090353D151EC180B31F064
:10B8B000004308BF002A08D151EC1A0B480040157C
:10B8C000401C46D1090344D10DE048004015401CFE
:10B8D00012D1090310D151EC1A0B48004015401C3D
:10B8E00037D1090335D1AFF30080BDEC0A8B4FF09F
:10B8F000FF306FF00041F4BD51EC1A0B31F0004104
:10B9000008BF002828D151EC180B4800400D05EB6A
:10B91000000234D151EC180B31F0004108BF00286F
:10B9200006D02A4651EC180B00F0CAF941EC180B6E
:10B9300051EC180B20F0000231F0004308BF002A40
:10B9400005D048004015401C03D1090301D1AFF3D5
:10B95000008051EC180B2BE151EC1A0B48004015FC
:10B96000401C26D1090324D153EC1A2B51EC180B9F
:10B97000BDEC0A8B01B0BDE8F040FCF713BA002A19
:10B98000C8DD40F2FF70824209DB9FED9F0B53EC54
:10B99000102B01F000410B4343EC182BC8E76FF369
:10B9A0001E5141EA025155EC184B0D4645EC184B1F
:10B9B000BEE755EC184B9FED320B05F0004210E04E
:10B9C00001227E4BFFF718FF11D89FED8F0B51EC32
:10B9D000100B55EC184BAFF3008005F0004040EA27
:10B9E000010251EC100BBDEC0A8B1146F4BD53EC77
:10B9F0001A2B73487349FCF7D5F941EC100B53EC43
:10BA0000102B9FED719B03F0004251EC190B0C467B
:10BA1000144353EC192B51EC100B2346FCF794FA0A
:10BA2000FCF750FB0446F9F717FC41EC1B0B53ECF9
:10BA30001B2B4FF078406649FCF7B4F902460B46E1
:10BA400051EC1A0BFFF706FE06460F4653EC1B2B74
:10BA500060486149FCF7A6F902460B463046394674
:10BA6000FFF7F8FD41EC1A0B21F0004100225B4B7F
:10BA7000FFF7AAFE08D2B0EE48AAF0EE68AA55E099
:10BA8000000000000000000053EC1A2B51EC1A0BD0
:10BA9000FCF788F941EC1B0B53EC1B2B5048514928
:10BAA000FCF780F9504A514BFCF74EFA53EC1B2B34
:10BAB000FCF778F941EC1C0B53EC1B2B4C484D491F
:10BAC000FCF770F94C4A4D4BFCF73EFA53EC1B2B3C
:10BAD000FCF768F953EC192BFCF736FA53EC1A2BE8
:10BAE000FCF760F941EC190B53EC1C2BFCF72CFA1A
:10BAF0009FED43AB53EC1A2BFCF726FA06460F4694
:10BB000051EC1C0B53EC192BFFF7A4FD53EC1A2B33
:10BB1000FCF71AFA02460B4630463946F9F7BEFBE7
:10BB200053EC182BFCF73EF941EC1A0B51EC1A0BB5
:10BB30002A194800400D02EB000319D0002B17DD35
:10BB400040F2FF70834209DB9FED2F0B53EC102B6B
:10BB500001F000410B4343EC1A2B16E06FF31E512A
:10BB600041EA035155EC1A4B0D4645EC1A4B0CE0DB
:10BB700051EC1A0B31F0004108BF002805D051EC00
:10BB80001A0B00F09DF841EC1A0B51EC1A0B20F047
:10BB9000000231F0004308BF002A05D048004015DC
:10BBA000401C03D1090301D1AFF3008051EC1A0B03
:10BBB000BDEC0A8BF4BD000000C89CC000C89C40CE
:10BBC000FE822B654715F73F000000000000E03FB4
:10BBD000422EE63FF2E4D5BCE7E84B3E0000903C45
:10BBE000112E5781A03F503F5843128C8F71BC3F9C
:10BBF0004BE8A541B752013F0BBDF3DAE8708C3F2B
:10BC0000000000000000F03F000000000000F07F96
:10BC1000C9B202788A421AB11CBF10F8012FF9E7A5
:10BC200018BF00207047000080B500B906A0054984
:10BC30000B681BB122220021984701E000F054FF5D
:10BC4000222002BDB0280020636F6E737472616998
:10BC50006E742068616E646C65723A206261642063
:10BC60006D65737361676500C9B2830706D0521EA4
:10BC700022D310F8013B9942F7D11FE0083A13D3C1
:10BC800002F1040241EA012141EA014150F8043B7A
:10BC9000121F21BF4B40A3F1013C2CEA030C1CF006
:10BCA000803FF3D0C9B2001F083210F8013B521E8A
:10BCB00028BF91EA030FF8D818BF0120401E704733
:10BCC000124254D440F2FF7C1CEA11530FD063455A
:10BCD00031D09B1863453CBF01EB0251704701F026
:10BCE000004141EA0C510020AFF30080704750EA58
:10BCF000410320D001F0004C91EA0C011CD0B1FAB4
:10BD000081F30B3B9A420DD9D21A994051EA0C01AA
:10BD1000C3F1200C20FA0CFC61449840531C40F203
:10BD2000FF7CD7E7914041EA0C01C2F1200C20FAD8
:10BD30000CF3194390407047B0FA80F31533202B71
:10BD4000E0D3202AEED3203A203B9A4209D9D21AD6
:10BD500000FA03F141EA0C010020531C40F2FF7C81
:10BD6000B8E700FA02F141EA0C01002070475242A4
:10BD700040F2FF7C1CEA11530DD06345DBD0B2EBDF
:10BD8000030C3CBFA1EB025170470CF1010221EA08
:10BD9000035141F4801150EA410CCCD001F0004C29
:10BDA000352A27DC30B481EA0C01B2F1200309DA2C
:10BDB000C2F12003044601FA03F5D0402843D140E4
:10BDC0009C400CE0C3F12002450020FA03F418BFA8
:10BDD00044F0010421FA03F091400C43002174F176
:10BDE000004550F1000051EB0C01244230BC7FF4BF
:10BDF0007BAF70476146002076E70000400D491890
:10BE000040EA81200CD2490DA1F58061491C40F027
:10BE1000004005DBD1F11F0154BFC840C017704777
:10BE20000020704700487047FC0B002080B52C486C
:10BE30002C4901604FF482714160002181604FF410
:10BE4000E061C16000210161002141614FF4007196
:10BE500081610021C1610021016200214162002154
:10BE600081620721C1620021016308214163FDF75E
:10BE7000A1FC002801D0FDF795FF01BD10B586B0EB
:10BE800004001422002101A8FDF78EFF2068154947
:10BE9000884222D11448016851F480410160006851
:10BEA00010F48040009000981048016851F00201A1
:10BEB0000160006810F00200009000984FF42040EC
:10BEC000019002200290002003900320049005209E
:10BED000059001A90648F5F7E9FE06B010BD00007F
:10BEE0005C25002000380040581002404C100240F1
:10BEF0000004004810B500240320FEF76EFC0F205C
:10BF000000F0C2FD002802D00120040001E000F092
:10BF1000EFFD2000C0B210BD70B586B01422002124
:10BF20006846FDF741FF6B48016851F0040101606C
:10BF3000016811F0040105910599016851F0800133
:10BF40000160016811F0800105910599016851F0C7
:10BF500001010160016811F0010105910599016875
:10BF600051F002010160016811F00201059105998B
:10BF7000016851F008010160006810F008000590A8
:10BF80000598554C002243F2C1312000F6F72DF8F8
:10BF900000224FF4F8515FF09040F6F726F84F4D2D
:10BFA000002204212800F6F720F84D4E0022382107
:10BFB0003000F6F71AF842F2C130009001200190EB
:10BFC000002002900020039069462000F5F76EFEE5
:10BFD0004CF21E0000900320019000200290694660
:10BFE0002000F5F763FE0B20009003200190002055
:10BFF000029069463B48F5F759FE48F2FF00009071
:10C00000032001900020029069465FF09040F5F710
:10C010004DFE2020009000200190012002906946F2
:10C020002000F5F743FE072000900020019001203A
:10C03000029069463000F5F739FE4FF4A6400090B3
:10C04000032001900020029069463000F5F72EFE93
:10C050004FF4F85000900120019000200290002041
:10C06000039069465FF09040F5F720FE4FF4805052
:10C070000090012001900020029003200390694667
:10C080002000F5F713FE042000900120019000200D
:10C0900002900020039069462800F5F707FE18205B
:10C0A000009001200190002002900020039069463A
:10C0B0003000F5F7FBFD20200090012001900020CA
:10C0C00002900320039069463000F5F7EFFD06B0BB
:10C0D00070BD00BF4C10024000080048000C004832
:10C0E00000040048001C004880B51648016851F063
:10C0F00002010160016811F00201009100990168DC
:10C1000051F001010160006810F0010000900098FA
:10C11000002200210D20FEF766FB0D20FEF778FBC4
:10C12000002200210F20FEF75EFB0F20FEF770FBC0
:10C13000002200214520FEF756FB4520FEF768FB54
:10C1400001BD00BF4810024018B591B01422002173
:10C1500001A8FDF729FE042200216846FDF724FE10
:10C160002C22002106A8FDF71FFE484C48482060FD
:10C17000002060607F20A060FF20E0600020206140
:10C18000002060610020A0610020E061200000F03C
:10C19000CBFC002801D0FDF705FE00208DF804003F
:10C1A00000208DF8050000208DF806000020049086
:10C1B00000200590012201A9200000F01AFD0028AE
:10C1C00001D0FDF7EFFD01208DF8000001208DF872
:10C1D000010001208DF8020000208DF803000122EB
:10C1E0006946200000F0B3FD002801D0FDF7DAFD1C
:10C1F00000208DF8180000208DF8190000208DF81F
:10C200001A00002007900020099000200A900020CA
:10C210000B9000200D9000200E9001208DF83C0026
:10C220004FF480701090012206A9200000F01EFE3D
:10C23000002801D0FDF7B6FD12B010BD10B598B0C2
:10C240000400602200216846FDF7AEFD2068104919
:10C25000884219D15FF4003000904FF400701790BD
:10C260006846FDF7ABFD002801D0FDF79BFD0948AE
:10C27000016851F400410160002200212920FEF7ED
:10C28000B2FA2920FEF7C4FA18B010BDA02700208A
:10C29000002800409010024010B5040001F0EFF8B3
:10C2A000012010BD38B50400DFF8581408780028C4
:10C2B0000ED101200870DFF850048088DFF84C149C
:10C2C00008802100C9B2DFF84804F9F746FB22E0F4
:10C2D000DFF83804DFF83054AA8803889A4212D174
:10C2E00000200870AA8829680220F5F705FF92A1AE
:10C2F0000220F5F717FF0121280001F065F9280059
:10C30000F5F7DCFE07E0A98801802100C9B2DFF85B
:10C310000004F9F722FB012032BD10B50400FEF73E
:10C32000F6FA012010BD10B50400DFF8E813032071
:10C33000F5F706FF0421DFF8D803F9F70EFB01201B
:10C3400010BD01000120704701000120704701006D
:10C350000120704780B500F0AFFF01F023FA01BD66
:10C360001CB500F039F801F0AAFAF5F76DFFF7F700
:10C37000E3FEDFF8A443002000900FF2291300220F
:10C380005FF0FF31200000F0A1FFDFF890132000E4
:10C3900001F058F8200000F0BFFF13BDF8B50024ED
:10C3A000FFF7D8FFFFF7DCFF00F096F8012803D174
:10C3B0004FF4FA60FAF7D8FA002500F01DF80600ED
:10C3C0002E4301F087FA07003743F7F7D9FE3843C9
:10C3D0000400F5F7BBFFEFE780B500F099F800F037
:10C3E0009BF80FF2B500DFF8381308600FF2D100A8
:10C3F000DFF83013086001BD70B50020002400256F
:10C400002800C0B207283ADAC14E2800C0B20001A5
:10C4100030444078012830D12800C0B2042801D02F
:10C42000012004002800C0B2000130444068002808
:10C430000ED0F9F735F92900C9B20901314449682C
:10C44000401A2900C9B2090131448968884214D3CD
:10C4500000202900C9B2090131444870F9F720F9D8
:10C460002900C9B20901314448602800C0B229003E
:10C47000C9B209013144C96888476D1CC0E7A44AA4
:10C4800092F84100002803D104211000F9F765FA61
:10C490002000C0B270BD000080B500219C48F9F7B3
:10C4A0004DFA01BD10B504009F490320F5F73AFE8F
:10C4B00005219748F9F742FA00F001F810BD7047DE
:10C4C00038B504000D004FF47A732A0092B22100AF
:10C4D0009648FAF79AFA31BD38B500250024FEF7E0
:10C4E0001BFF0100880110D4C8000ED488000CD4B2
:10C4F00048000AD4002908D4480102D501200400CC
:10C5000003E0080101D5012004002000C0B232BDC3
:10C5100080B5FAF721F801BD80B50122844983482E
:10C52000FAF7D9FA002201214620FEF75CF94620ED
:10C53000FEF76EF901BD00000D0A000070472DE9FD
:10C54000F0410400002500217A4A16887A4FF869E4
:10C55000002823D16C48828812FA84F2B2F5966FD3
:10C5600001D3002282805FF000084146220089B298
:10C5700092B291420ED2016882881144424692B230
:10C580006E4BC4461FFA8CFC13F80C308B5418F118
:10C590000108EAE781886118818077E03000230094
:10C5A00080B29BB2984229D2A01B050056488388CE
:10C5B00013FA85F3B3F5966F01D3002383805FF000
:10C5C000000841462B0089B29BB2994212D2016801
:10C5D0008388194443469BB2DFF860C1C6461FFA00
:10C5E0008EFE1EFA86FE1CF80EC001F803C018F17C
:10C5F0000108E6E781886918818046E0D6F1640089
:10C600000500414B988810FA84F010FA85F0B0F5D7
:10C61000966F01D30020988000200100AC4689B2BB
:10C620001FFA8CFC614513D21968B3F804C0614449
:10C6300084461FFA8CFCDFF804E180461FFA88F874
:10C6400018FA86F81EF808E001F80CE0401CE4E750
:10C650005FF000084046210080B289B2884210D2C3
:10C66000186899880844414689B2DFF8D0C0C646A8
:10C670001FFA8EFE1CF80EC000F801C018F1010868
:10C68000E8E799882819411899801480F8690028EA
:10C690000AD1642229492548FEF774F938680068F0
:10C6A00030F004003968086001211948F9F746F9AB
:10C6B000BDE8F0810100224801600020704780B58C
:10C6C0002048016851F480410160016831F48041E3
:10C6D00001601648FAF7AAF8002002BD38B5040038
:10C6E0000D00104A1068002804D0290089B22000EB
:10C6F000126890470020124909688847002032BD1F
:10C7000000000000CA28002088050020BC28002066
:10C710001005002088F200081028002080A90300DE
:10C720009C280020AC28002050F20008CC200020DB
:10C73000C9280020BA28002024260020C025002077
:10C740008828002040100240DFF88000006810F4C4
:10C75000C06070470200B2F5007F26D1DFF86C00A0
:10C76000036813F4C063B3F5007F2CD0036833F47F
:10C77000C06353F400730360DFF854000368322091
:10C780004343DFF85000B3FBF0F0401C0100DFF83A
:10C79000480003685B0503D5002901D0491EF6E770
:10C7A000006840050FD503200EE0DFF82000036885
:10C7B00013F4C063B3F5806F05D0036833F4C0632E
:10C7C00053F4806303600020704700000070004055
:10C7D0000C05002040420F001470004080B501227B
:10C7E00017491848FAF777F9002201212520FDF7AB
:10C7F000FAFF2520FEF70CF801BD704738B504009C
:10C800000D480F490A78036885885A558288521C5A
:10C810008280828840F2FF139A4201D300228280F4
:10C8200001220848FAF757F901200449087002214B
:10C830000548F9F792F831BDEC0B0020D328002011
:10C84000D228002054210020F00600202DE9F847CE
:10C8500085B005000E0014001F000020ADF8020096
:10C860005FF0000ADFF80C22107AA84202D27FF0B3
:10C87000040055E0D0683040B04202D07FF005009F
:10C880004EE05068002806D0002C04D00DF10201C3
:10C8900001A8526890470DF1380843463A004FF41A
:10C8A0000071DFF8DC0101F020F9814600F0CFF8DB
:10C8B0006946BDF8020010EB090080B200F076F87E
:10C8C00010F1010F28D05FF0000A5046BDF80210A9
:10C8D00080B2884210D201A8514689B2405CDFF88C
:10C8E0009811BDF800208854BDF80000401CADF838
:10C8F00000001AF1010AE8E743463A004FF40071DC
:10C90000DFF87401BDF800C0604401F0EEF800F0FB
:10C91000A3F800F008F803E000F09EF87FF00200B2
:10C9200006B0BDE8F08770B50024002500F099F846
:10C93000002837D100F08BF84E4E308A718A884239
:10C940002ED0B07801280ED13188308A091AB182F0
:10C950000220B07000203080B08A002803D100206F
:10C96000B07000203082B07800280CD1308A718AF3
:10C97000884204D2718A308A091AB18203E0308A6F
:10C98000D0F58060B0823C48318A0844050000F050
:10C9900079F8B18A2800394A92689047040001E08A
:10C9A00000F05AF8200040B270BD000070B40200E0
:10C9B0005FF0FF302F4B5C8A1D8AAC4216D15C8A37
:10C9C000D4F5806415002600ADB2B6B2B5422BD3C3
:10C9D00015001E8AADB2B54226D201259D705D8A32
:10C9E0001D801D8A2C0000255D821DE01C8A5D8A49
:10C9F000AC4216D25C8AD4F5806415002600ADB234
:10CA0000B6B2B54210D315001E8AADB2B5420BD2F4
:10CA100001259D705D8A1D801D8A2C0000255D8288
:10CA200002E01D8A5C8A2C1B15002600ADB2B6B24E
:10CA3000B54209D25D8A0D805D8A15FA82F5AD0591
:10CA4000AD0D5D820023180000B270BC704709482C
:10CA5000C18A491CC18270470648C18A491EC182E9
:10CA600070470448C08A002801D1002000E001205E
:10CA700070470000F8270020EC140020A0F6000802
:10CA8000EC1800207047000038B504000025134959
:10CA9000087800281DD04FF47A700978B0FBF1F0C7
:10CAA0000F490968B1FBF0F0FDF7C0FE00280DD179
:10CAB000102C08D2002221005FF0FF30FDF793FE1A
:10CAC0000848046007E00120050004E0012005009B
:10CAD00001E0012005002800C0B232BD370C002063
:10CAE0000C050020E8040020012001F0EFB8000050
:10CAF00081B00B48016851F001010160006810F03D
:10CB00000100009000980748016851F080510160D1
:10CB1000006810F080500090009801B0704700BF8E
:10CB2000601002405810024070B504000125002C2E
:10CB30005CD094F82100002805D1002084F8200062
:10CB40002000FFF77BFB022084F821002068C068EA
:10CB5000C00642D4CA202168486253202168486236
:10CB6000200000F02AFB06003000C0B200281AD1D5
:10CB700020688168DFF8E80601402068816020684D
:10CB80008168626820690243A069024311432068FA
:10CB90008160E0682168086120680069A16850EA46
:10CBA000014021680861200000F02DFB05002800ED
:10CBB000C0B200280DD12068C06C800880002168B8
:10CBC000C8642068C16CE26960690243114320684F
:10CBD000C164FF202168486201E0002005002800B0
:10CBE000C0B2002802D1012084F821002800C0B280
:10CBF00070BD2DE9F04705000E00140095F82000E7
:10CC0000012801D102206DE0012085F820000220DA
:10CC100085F82100CA2029684862532029684862A3
:10CC2000280000F0CAFA80464046C0B200284AD127
:10CC3000002C20D128688068400601D40020F070C4
:10CC4000307800F01FFB8246707800F01BFB8146B5
:10CC5000B07800F017FB5FFA8AFA5FFA89F95FEAA9
:10CC6000092959EA0A49C0B250EA0909F07859EA93
:10CC700080594F4610E028688068400601D40020A3
:10CC8000F07030787178090251EA0041B0780143C0
:10CC9000F07851EA80510F00DFF8C8053840296864
:10CCA00008602868806830F48020296888602868D7
:10CCB0008168F26830690243114328688160280066
:10CCC00000F0A1FA8046FF20296848624046C0B2C1
:10CCD000002802D1012085F82100002085F82000DD
:10CCE0004046C0B2BDE8F087F8B505000E0014005C
:10CCF0002868806A7060286800694004400CB06051
:10CD000028680768DFF85C0507403800000C10F061
:10CD10003F0030703800000A10F07F00707017F08C
:10CD20007F00B0703800800D10F00100F070002C12
:10CD30000BD1307800F0B4FA3070707800F0B0FAAF
:10CD40007070B07800F0ACFAB0700020F2BD2DE940
:10CD5000F04105000E00140095F82000012801D1D3
:10CD6000022058E0012085F82000022085F82100EB
:10CD7000002C07D17078C00604D5707810F0EF0051
:10CD80000A307070002C16D1F07800F07BFA8046E3
:10CD9000707800F077FA0700B07800F073FA5FFA65
:10CDA00088F8FFB23F0257EA0847C0B2074330781D
:10CDB00057EA403709E0F07877783F0257EA0047B2
:10CDC000B0780743307857EA4037CA20296848626C
:10CDD000532029684862280000F0EFF98046404659
:10CDE000C0B2002808D1DFF88004384029684860C4
:10CDF000280000F008FA8046FF2029684862404673
:10CE0000C0B2002802D1012085F82100002085F859
:10CE100020004046C0B2BDE8F081F8B505000E0024
:10CE2000140028684768DFF8400407403800000C09
:10CE3000F0703800000A10F01F00707017F03F000B
:10CE4000B0703800400B10F007003070002C0BD190
:10CE5000F07800F025FAF070707800F021FA707028
:10CE6000B07800F01DFAB0700020F2BD2DE9F84353
:10CE700005000E00140095F82000012801D10220C1
:10CE8000E5E0012085F82000022085F82100002C33
:10CE90002DD128688068400601D40020F070306AE7
:10CEA0000028FFD0307800F0EDF98046707800F06F
:10CEB000E9F90700B07800F0E5F9814696F824001A
:10CEC00000F0E0F95FFA88F8FFB23F0257EA08473E
:10CED0005FFA89F959EA0707F17857EA8157C0B232
:10CEE00057EA0067306A07437069074317E028680C
:10CEF0008068400601D40020F070307877783F02D7
:10CF000057EA0047B0780743F07857EA805796F819
:10CF1000240057EA0067306A074370690743D6F870
:10CF20000480F06950EA0808CA2029684862532042
:10CF300029684862B06AB0F5807F39D12868806876
:10CF400030F48070296888602868C06810F080001C
:10CF500070F4C0702968C860F8F7A2FB81462868A1
:10CF6000C068C00712D4F8F79BFBB0EB090040F291
:10CF7000E9318842F3D3FF2029684862032085F80D
:10CF80002100002085F82000032060E02868C761A8
:10CF90002868C0F844802868806850F48070296848
:10CFA00088602868806850F480502968886038E07C
:10CFB0002868806830F40070296888602868C06834
:10CFC00010F0800070F420702968C860F8F768FBE2
:10CFD00081462868C068800712D4F8F761FBB0EB7F
:10CFE000090040F2E9318842F3D3FF202968486202
:10CFF000032085F82100002085F82000032026E08A
:10D00000286807622868C0F848802868806850F45B
:10D010000070296888602868806850F4005029688A
:10D020008860DFF84802016851F480210160DFF870
:10D030004002016851F480210160FF2029684862A4
:10D04000012085F82100002085F820000020BDE89F
:10D05000F28370B504000D0094F82000012801D17E
:10D06000022062E0012084F82000022084F82100E0
:10D07000CA2021684862532021684862B5F5807F44
:10D0800024D12068806830F480702168886020682E
:10D09000806830F4805021688860F8F701FB060052
:10D0A0002068C068C00736D4F8F7FAFA801B40F24F
:10D0B000E9318842F4D3FF2021684862032084F8D4
:10D0C0002100002084F8200003202EE020688068E2
:10D0D00030F40070216888602068806830F4005067
:10D0E00021688860F8F7DCFA06002068C0688007CD
:10D0F00011D4F8F7D5FA801B40F2E9318842F4D315
:10D10000FF2021684862032084F82100002084F871
:10D110002000032009E0FF2021684862012084F8F4
:10D120002100002084F82000002070BD10B504000C
:10D130005FF480204F49086020688068C0040ED5E5
:10D140002068C068C0050AD52068C06810F080005B
:10D1500070F4C0702168C860200000F049FE2068AB
:10D16000806880040ED52068C06880050AD52068D4
:10D17000C06810F0800070F420702168C860200042
:10D1800000F082FF012084F8210010BD38B50400B2
:10D1900039482168C860F8F783FA05002068C0683C
:10D1A000800608D4F8F77CFA401B40F2E931884247
:10D1B000F4D3032000E0002032BD70B50400002647
:10D1C0002068C06840061BD45FF0FF302168C8604B
:10D1D000F8F766FA05002068C068400610D43000F1
:10D1E000C0B203280CD0F8F75BFA401B40F2E931DB
:10D1F0008842F0D303200600032084F82100EAE7E8
:10D200003000C0B270BD70B5040000251B48016835
:10D2100031F0800101601A4E306880060AD4200087
:10D22000FFF7B4FF002817D0032084F82100032063
:10D23000050011E0306830F0200030602000FFF77A
:10D24000A5FF002804D0032084F821000320050056
:10D25000306850F0200030602800C0B270BD00007F
:10D26000BFFF8FFF7F7F7F003FFFFF000004014073
:10D2700008040140140401405FFF03000C28004033
:10D28000082800400100002208000300DBB20A2B3E
:10D2900002D3521C0A38F8E750EA0210C0B27047B5
:10D2A0000100C9B209090A2211FB02F110F00F00B6
:10D2B0004018C0B27047000080B50020DFF80013AE
:10D2C0000860DFF800030068804702BD2DE9F041E7
:10D2D00004000D0016001F00DDF81880002C18D087
:10D2E0003800002815D0002020602800DFF8D41274
:10D2F000496A884760600020207200206072002028
:10D30000A072E760C4F81080E6720020606100201F
:10D3100000E00120BDE8F0812DE9F04704005FF056
:10D320000008002C3BD0200000F002F9002836D184
:10D33000607A002833D160680700DFF88892D9F856
:10D34000200080470600B74200D237002760002047
:10D350002072012060720020A072DFF864A2DAF867
:10D360000000002806D1D9F810008047200000F006
:10D3700019F916E0D9F81800804705002068281828
:10D3800020602068DAF800100968884203D2200083
:10D3900000F008F905E0200000F0EDF801E00120C0
:10D3A00080464046C0B2BDE8F0872DE9F041050057
:10D3B0000026002D40D0DFF80882D8F80070D8F899
:10D3C00000400120A872D8F80000002836D00020C4
:10D3D0006872D8F80000A8421AD10020D8F80010CE
:10D3E0000872D8F800004069002809D0D8F8000079
:10D3F0004069C8F80000D8F8000000F0A6F818E06E
:10D40000DFF8C001C06880470020C8F8000010E0C5
:10D41000002C0ED0AC4209D16069002802D06469AA
:10D420007C6102E0002004007C6102E02700646966
:10D43000EEE70020060001E0012006003000C0B247
:10D44000BDE8F08170B504000D000026002C02D16B
:10D450000120060010E028005A49496A88476060A8
:10D46000200000F065F8002806D02000FFF79DFF9F
:10D470002000FFF751FF06003000C0B270BD2DE95B
:10D48000F843504D686980470600286980470700C7
:10D49000B7EB0608DFF82891D9F8000000280FD074
:10D4A000D9F8000004002068804504D22068B0EB61
:10D4B0000800206001E0002020606469002CF2D1A7
:10D4C000D9F80000002824D0D9F80000006800280E
:10D4D00006D0A8698047D9F800100968814218D29F
:10D4E000D9F800000400D9F800004069C9F800002C
:10D4F00000202072002060722069E1688847E07A8D
:10D500000128DDD1A07A0028DAD12000FFF704FF3E
:10D51000D6E7D9F80000002808D0D9F80000007A32
:10D52000002803D1D9F8000000F00FF8BDE8F1831E
:10D53000020023480168002905D0914201D1012051
:10D5400002E04969F7E70020704770B504001D4DFF
:10D55000286A8047060001202072A8698047216858
:10D560003018814203D2A8698047301820602068B3
:10D57000A968884770BD10B411490A6809684B69E9
:10D580005169002909D019680468A14202D21A0021
:10D590005B69F5E75061436102E050610021416140
:10D5A00010BC704738B5050005480468002C01D050
:10D5B000002121726C6105600068FFF7C6FF31BD74
:10D5C000A028002014F100082DE9FC4704000D00FC
:10D5D0005FF0FF3600226E4BD3E90001CDE9000178
:10D5E0005FF000094846A18880B2884224D22068B2
:10D5F000494689B2405C3D2805D02068494689B239
:10D60000405C3F2800D117E02068494689B2405C61
:10D6100041280EDB2068494689B2405C5B2808DA65
:10D620002068494689B2405C203021684A4692B25F
:10D63000885419F10109D5E700273800C0B2412804
:10D6400080F2A280DFF84C8121003800C0B20001D6
:10D650004044083000F019FD0600002E00F19280D1
:10D660003800C0B2000140444068002800F08A80C1
:10D670003800C0B2000140444068002808D14FF48F
:10D680007A73A28821004448F9F7BFF901207CE0B1
:10D69000DFF808A15046F4F711FD0020010089B21F
:10D6A000A288921B914223DA21683144020092B28F
:10D6B000895C3F290AD021683144020092B2895C1A
:10D6C0003D2903D0BAF80410802900DB10E021685E
:10D6D0003144020092B2895CDAF80020BAF80430D2
:10D6E000D154BAF80410491CAAF80410401CD5E71C
:10D6F0003900C9B209014144898916FA81F6B14657
:10D700004846A18880B2884226D22068494689B21C
:10D71000405C0D280CD1484680B2A188491E884241
:10D7200006DA2068494689B2084440780A2813D0AE
:10D73000BDF8040080280CD22068494689B2405CBC
:10D740000099BDF804208854BDF80400401CADF8D1
:10D75000040019F10109D3E7114805702800C0B28F
:10D76000401E012802D9801E09D009E00021684628
:10D770003A00D2B2120142445268904700E0FFE7FB
:10D78000012002E07F1C58E70020BDE8F68700BFBB
:10D79000E4F80008D4070020CC200020CC070020AB
:10D7A000CF28002010B586B0DFF84840002201A93C
:10D7B0002000FFF799FA002269462000FFF72DFBB1
:10D7C000DFF834009DF8061081709DF80510417057
:10D7D0009DF8041001709DF80010C1709DF80210B2
:10D7E00001719DF8011041719DF80310817106B01F
:10D7F00010BD0000A02700206028002010B5040004
:10D80000012210215448F4F7F0FB012010BD70B53F
:10D810000400524D524E30786978884207D0514802
:10D82000697850F8210000F02BF8687830702100FA
:10D83000C9B24D48F8F791F8012070BD10B5040049
:10D840004A48C078012802D14948F7F7ECF803218B
:10D850004548F8F782F84648F4F730FC012010BD3F
:10D8600010B504003F483D49497850F8210000F0C8
:10D8700007F82100C9B23C48F8F76FF8012010BD45
:10D8800010B504003B483C490160446000218160C0
:10D890000021C160002101610C21416100218161F1
:10D8A0000021C1610021016200214162F9F770F895
:10D8B000002801D0FCF776FAFEF790FF10BD80B586
:10D8C000F7F799F827482549497850F82100FFF7DC
:10D8D000D7FF01BD70B50020002400252800C0B28C
:10D8E000042836DA204E2800C0B2000130444078C7
:10D8F00001282CD1012004002800C0B200013044CE
:10D90000406800280ED0F7F7CBFE2900C9B2090104
:10D9100031444968401A2900C9B209013144896873
:10D92000884214D300202900C9B20901314448704B
:10D93000F7F7B6FE2900C9B2090131444860280052
:10D94000C0B22900C9B209013144C96888476D1CB9
:10D95000C4E72000C0B270BD00040048340C0020B1
:10D96000CB280020BC060020F006002090280020D4
:10D97000EC0B002054210020003801400200002060
:10D980001168097830290CDB116809783A2908DA1E
:10D9900011684B1C13600A23097803FB0010303810
:10D9A000EEE770472DE9F04F91B00400DDF8688094
:10D9B0001B9D1C9EDFF808030768700603D5DFF87F
:10D9C000040300680700022B01DB252B01DB00208C
:10D9D00088E0F00702D55FF0300C01E05FF0200C2A
:10D9E0005FF0000EB00706D5002A04D52D2086462C
:10D9F0005242B8F101085FF00009002A06D1302038
:10DA0000EA460AF8090019F1010910E0002A0ED0CF
:10DA100010009A46B0FBFAFB0AFB1B00385CEA4692
:10DA20000AF8090019F10109B2FBF3F2EEE74D45DE
:10DA300000DA4D46B8EB0508F0070DD44046B0F1CA
:10DA40000108012808DB20202070641C491E0029E1
:10DA500001D1200046E0F1E77046C0B2002807D0AF
:10DA600084F800E0641C491E002901D1200039E03F
:10DA70004046B0F10108012808DB84F800C0641CAE
:10DA8000491E002901D120002CE0F1E72800451EA5
:10DA9000814508DA30202070641C491E002901D11C
:10DAA00020001FE0F2E74846B0F1010901280ADB37
:10DAB000684610F809002070641C491E002901D135
:10DAC00020000FE0EFE74046B0F10108012808DB35
:10DAD00020202070641C491E002901D1200001E093
:10DAE000F1E7200011B0BDE8F08F2DE9F74F88B0C5
:10DAF00005001E000998012801DA0020DDE0AA4691
:10DB00000A980078002806D1BAEB05000999491E49
:10DB10008842C0F2CC80BAEB05000999491E8842C0
:10DB200080F2C5800A980078252806D00A980078E7
:10DB30008AF800001AF1010AB5E0002080460A9830
:10DB4000401C0A900A980078302801D158F001084A
:10DB50005FF0FF3BD9460A980078302807DB0A9827
:10DB600000783A2803DA0AA8FFF708FF8146CDF8C3
:10DB70001CB0CDF818B00A2005900A9800785828F3
:10DB800043D063280AD0642844D0692842D073283F
:10DB900016D0752840D0782839D03EE0B9F1010977
:10DBA000B9F1010F05DB20208AF800001AF1010A03
:10DBB000F4E73068361D8AF800001AF1010A72E0B5
:10DBC0003068361D0400002C01D13F4804002000BD
:10DBD000F7F70AFB04904846B0F101090499814225
:10DBE00005DA20208AF800001AF1010AF3E7002084
:10DBF00007000498874207DA20788AF80000641C3E
:10DC00001AF1010A7F1CF4E74DE058F0400810209B
:10DC1000059026E058F0020823E00A9800782528AD
:10DC200004D025208AF800001AF1010ABAEB050099
:10DC30000999491E884214DA0A980078002806D00B
:10DC40000A9800788AF800001AF1010A02E00A989E
:10DC5000401E0A90BAEB05000999491E884200DA75
:10DC600021E006986C2803D13068361D039009E046
:10DC70005FEA887003D53068361D039002E0306893
:10DC8000361D0390CDF8088007980190CDF80090DC
:10DC9000059B039A0999491EBAEB0500091A5046DB
:10DCA000FFF780FE82460A98401C0A9028E7002071
:10DCB0008AF80000BAEB050528000BB0BDE8F08F2C
:10DCC000F40B0020F80B0020ECF8000880B5AFF34F
:10DCD0000080024A11001820ABBEFBE726000200BC
:10DCE00080B5DFF87003DFF8701301600021416038
:10DCF0001F21816040F2FF31C160002101610021DC
:10DD00004161002181610021C161FEF70DFF002802
:10DD100001D0FCF747F801BD38B5DFF84043207863
:10DD200000280FD1FFF7DCFFDFF828534FF4807194
:10DD30002800FFF78EF9280000F09AFA00F01CF88E
:10DD400001202070002032BD10B50400200000F03A
:10DD500055F8002010BD80B5DFF8F8020168C968E9
:10DD600011F0800171F4C0710268D1604FF48071CC
:10DD7000FFF76FF9002002BD10B5DFF8E442211D66
:10DD800014F1180000F01DF92060206810BDDFF8C4
:10DD9000D0020068704780B586B001A9684600F0DF
:10DDA00010F9AF490968401A07B000BD10B586B038
:10DDB0000024AA480078012804D101A9684600F08F
:10DDC00000F90400200006B010BD0320704700B524
:10DDD0008021A1FB00017D220023F9F7CBFE00BDCD
:10DDE0007D21A1FB0001C00940EA4160C9097047DB
:10DDF00010B504009B480068804710BD2DE9F04F26
:10DE000099B004004021002209AD2800F7F700FF77
:10DE10005FF000085FF0000A002600275FF0000BAB
:10DE20008F4D04A8291D1422F9F760FEA8690390FC
:10DE3000FFF791FF40F2FF30059D451B2000800554
:10DE4000800D4519A40A9DF80E908748844204D39A
:10DE50008648041919F10109F7E79DF81080B4F517
:10DE6000616F04D3B4F5616418F10108F7E79DF818
:10DE700011703C2C02D33C3C7F1CFAE79DF8120049
:10DE8000210051FA80F6280080B2B0F5806F03DBE4
:10DE9000B5F58065761CF6E7300080B23C2802D3E9
:10DEA0003C3E7F1CF8E7380080B23C2803D33C3F5F
:10DEB00018F10108F7E7404680B2182804D3B8F1FA
:10DEC000180819F10109F6E79DF80F00042190FBED
:10DED000F1F201FB1200002817D165499DF80D00F1
:10DEE000084410F8010C4A4680B292B2904223D204
:10DEF0001FFA89F948469DF80D20114411F8011CBC
:10DF000090FBF1F901FB190916E05A499DF80D0043
:10DF1000084410F8010C4A4680B292B290420BD2EB
:10DF20001FFA89F948469DF80D20114411F8011C8B
:10DF300090FBF1F901FB1909DFF83CA140F2FF3138
:10DF4000280080B2091ACAF804105FF02060CAF8ED
:10DF50001C008AF802608AF801708AF800808AF84A
:10DF600024909DF813008AF803000020CAF82000CE
:10DF70005FF00040CAF814004FF48070CAF828001F
:10DF80000020CAF80C000020CAF8100000225146F8
:10DF90003048FEF76BFF002810D0DAF8040002903A
:10DFA0009AF8020001909AF8010000909AF8003067
:10DFB0009AF82420314909A8F7F7FAFA19B0BDE810
:10DFC000F08FF8B504000D000026224F002221003A
:10DFD0003800FEF722FF002229003800FEF784FEF9
:10DFE000E17840F2B5504143C91C8908E078042229
:10DFF00090FBF2F302FB1300002801D1204A00E05D
:10E00000204A63783D2043433C3B022093FBF0F0E1
:10E0100041186078401EC0B240001300C34013F0A6
:10E020000303C91AA078401E41180F484143AB783A
:10E030006E783C204643F3182E784FF4616000FB65
:10E0400006335918890201F2FF316868091A08007D
:10E05000F2BD0000A027002000280040D4280020A6
:10E06000C42700209C2800208051010080AEFEFFC4
:10E0700014F8000808F80008FC260020FCF100084D
:10E0800050554400A0AA990070472DE9FE4F0400A6
:10E090000D000020002600270021ADF804105FF0DD
:10E0A00001085FF000095FF0000A21680978212962
:10E0B00001D101218A465FF0000B584600B2A988C1
:10E0C000884272DA20685146C9B2405C29685A46D3
:10E0D00012B2895C884265D1012080465046C0B2A8
:10E0E000401C0600002081460020ADF804003000EE
:10E0F00000B2A18888424ADA2068310009B2405C47
:10E100007C281ED1BDF90400002804D101208146DD
:10E1100016EB0B00070001A800903B001BB22A0081
:10E120002100701C00B200F059F880464046C0B291
:10E13000012806D15146C9B2584600B200F03DF858
:10E1400039E04846C0B200280FD12068310009B23A
:10E15000405C29685A4612B21144320012B2895CFE
:10E16000884202D00020804611E04846C0B2002814
:10E1700001D1761CBBE73000BDF9041000B2884223
:10E1800003DABDF904000600B1E7761CAFE74046AC
:10E19000C0B2012806D15146C9B2584600B200F0BB
:10E1A0000CF808E01BF1010B87E75146C9B25FF09C
:10E1B000FF3000F002F8BDE8FE8F02000800C0B298
:10E1C000002802D1100000B207E0100000B20028C1
:10E1D00002D45FF0FF3000E000207047F0B504008B
:10E1E000059D0120002637003FB207FA84F7B1F8F9
:10E1F00004C067453ADA0F68A4460FFA8CFC6744FE
:10E20000B4460FFA8CFC17F80C707C2F03D1371929
:10E210002F8000B22BE09788B4460FFA8CFC0CFAE2
:10E2200083FC674506DAB2F904707F1C2F805FF02B
:10E23000FF3738000F68A4460FFA8CFC6744B446D9
:10E240000FFA8CFC17F80C70D2F800C09E460FFA3B
:10E250008EFEF444B6460FFA8EFE1CF80EC06745DB
:10E2600002D05FF0FF373800761CBCE700B2F0BD8B
:10E27000010091F82000012801D102201BE00120BB
:10E2800081F82000022081F82100CA200A6850622B
:10E2900053200A6850620868806850F020000A68BD
:10E2A0009060FF200A685062012081F82100002060
:10E2B00081F8200000207047494420536C61766546
:10E2C0003A200000000000000000000000000000F4
:10E2D000000000000000000000000000000000003E
:10E2E000000000000000000000000000000000002E
:10E2F000000000000000F0BF0000000000000080EF
:10E30000000000000000008000000000000000008D
:10E31000000000C05294EEBF00000048204E51BEE5
:10E32000000000F86467BCBC0000000000000000B2
:10E33000000000208133EDBF00000080B3DB14BE7D
:10E34000000000506706A3BC0000000000000000B1
:10E35000000000D0E9DCEBBF00000008C39259BE0A
:10E3600000000080B0D3B8BC000000000000000036
:10E3700000000070F98FEABF000000C0A51028BEA1
:10E38000000000E8BFC0B0BC0000000000000000BA
:10E3900000000070284CE9BF00000060134B42BE33
:10E3A000000000C03D20B8BC0000000000000000DC
:10E3B00000000050FA10E8BF000000C05FF62BBE5E
:10E3C000000000905C71A7BC00000000000000008D
:10E3D00000000020FCDDE6BF000000C0F8F154BEE4
:10E3E00000000018E9F6B9BC0000000000000000C1
:10E3F000000000D0C3B2E5BF00000070E43254BE9C
:10E4000000000050DB06B4BC00000000000000006B
:10E4100000000010EF8EE4BF00000020F36252BE47
:10E42000000000C02A879ABC000000000000000025
:10E43000000000B02272E3BF000000F0E8E056BE2A
:10E4400000000028352DBDBC0000000000000000C9
:10E45000000000000A5CE2BF000000B0FA8E41BE7E
:10E4600000000040AE6FBDBC0000000000000000D6
:10E4700000000000564CE1BF000000F015CD5FBE6B
:10E4800000000000141C90BC000000000000000010
:10E4900000000040BD42E0BF00000030F93457BE2C
:10E4A000000000E06C1E93BC0000000000000000B3
:10E4B000000000E0F57DDEBF000000B08A535EBEC4
:10E4C00000000080DA77AABC000000000000000015
:10E4D000000000C09D81DCBF00000000FFA226BE3E
:10E4E0000000006057E2B0BC000000000000000027
:10E4F00000000060F98FDABF000000580A8151BEA9
:10E50000000000F05F60B8BC0000000000000000E8
:10E510000000000098A8D8BF000000607A7F45BEC8
:10E52000000000D05433A3BC000000000000000035
:10E53000000000600FCBD6BF000000D091CB40BEE2
:10E54000000000406D1BA0BC0000000000000000A7
:10E55000000000A0FBF6D4BF00000098C5CE52BE5C
:10E56000000000003A397EBC0000000000000000FE
:10E57000000000E0FE2BD3BF0000004073872BBEDD
:10E5800000000000926879BC00000000000000005C
:10E5900000000040C069D1BF00000058F16353BEC5
:10E5A00000000080438D7CBC0000000000000000E3
:10E5B00000000080D85FCFBF000000181F8354BE4A
:10E5C000000000B03F42A2BC0000000000000000BC
:10E5D0000000008067FCCBBF00000060FAFF53BE64
:10E5E00000000050E00DB8BC00000000000000007A
:10E5F0000000000098A8C8BF000000607A7F35BE08
:10E60000000000C0543393BC000000000000000074
:10E6100000000000DC63C5BF00000058D6FF54BEF8
:10E6200000000000396490BC000000000000000001
:10E63000000000C0AD2DC2BF00000080A45915BE6F
:10E64000000000E0484BABBC0000000000000000F0
:10E65000000000801A0BBEBF00000050BF3C5ABE35
:10E66000000000A0B364B6BC000000000000000081
:10E670000000008004D6B7BF00000040BBCF36BE0C
:10E680000000008076CEA8BC000000000000000062
:10E690000000008032BBB1BF000000402A0043BE32
:10E6A00000000028C60CBDBC0000000000000000F7
:10E6B000000000009473A7BF000000182B3B59BE58
:10E6C000000000C0E55DA5BC0000000000000000E7
:10E6D00000000000EE4397BF000000A0E6C340BE6C
:10E6E00000000020958DB5BC000000000000000077
:10E6F000000000000000008000000000000000801A
:10E700000000000000000080000000000000000089
:10E7100000000000000000000000000000000000F9
:10E7200000000000000000000000000000000000E9
:10E7300000000000000000000000000000000000D9
:10E7400000000000000000000000000000000000C9
:10E7500000000000000000000000000000000000B9
:10E7600000000000000000000000000000000000A9
:10E770000000000000000000000000000000000099
:10E780000000000000000000000000000000000089
:10E790000000000000000000000000000000000079
:10E7A0000000000000C0F0FCFFFEF8C00000000008
:10E7B0000000000000000000000000000000000059
:10E7C0000000000000000000000000000000000049
:10E7D0000000000000000000000000000000000039
:10E7E0000000000000000000000000000000000029
:10E7F0000000000000000000000000000000000019
:10E800000000000000000000000000000000000008
:10E8100000000000000000000000000000000000F8
:10E8200000C0F0FCFFFFFFFFFFFFFFFFFFFCF0C099
:10E8300000000000000000000000000080C0C0C018
:10E84000C0E0F0F0F0F070383C3C3C3C3F3F0F0340
:10E8500000000000000000000000000000000000B8
:10E8600000000000000000000000000000000000A8
:10E870000000000000000000000000000000000098
:10E880000000000000000000000000000000000088
:10E8900000000000000000000000000000C0F0FCCC
:10E8A000FFFFFFFFFF3F0F0F03070F3FFFFFFFFFBC
:10E8B000FFFC30383C3C1C0E8FCFC7C3C3C3E3738F
:10E8C00071303030383C0C0000000070F8CCCC0CBB
:10E8D0000C0000C0F03C0CFCFC000000C0F01C0C64
:10E8E0000C8CFCF00000000000000CFCFC0000C0E0
:10E8F0003C0C00C0FCFC0C0000FCFCCCCCCCCC0CD8
:10E90000000C8CFCFC1C0C0C0C0000000000000037
:10E91000000000000000000000C0F0FCFFFF7F3F8F
:10E920000F07C3C040303018CCCCC7C303333010FE
:10E930000C8CCCC4C3C3E3F33130303038380C0016
:10E94000000000000000000000000C0C0C0C0F0385
:10E95000030C0F030303030F0F000000030F0C0C45
:10E960000C0F0301000000000000000F0F0C03005B
:10E9700000000C0F0F0000000F0F0F0C0C0C00001C
:10E9800000000F0F00000000000000000000000069
:10E990000000000000C0F0FC3F3F0F0703000C0028
:10E9A000C3C13030CCCC03333300000C0C00030364
:10E9B0000300000001030F0F3C78C00000000000BE
:10E9C0000000000000000000000000000000000047
:10E9D0000000000000000000000000000000000037
:10E9E0000000000000000000000000000000000027
:10E9F0000000000000000000000000000000000017
:10EA00000000000000000000000000000000000006
:10EA10000000C0300F0303000000000000000000F1
:10EA200000000003000000000000000000000000E3
:10EA30000000000000000000000000030C30C000D7
:10EA400000000000000000000000000000000000C6
:10EA500000000000000000000000000000000000B6
:10EA600000000000000000000000000000000000A6
:10EA70000000000000000000000000000000000096
:10EA80000000000000000000000000000000000086
:10EA90000000000000000000000000000000000076
:10EAA0000000000000000000000000000000000066
:10EAB0000000000000000000000000000000000056
:10EAC0000000000000000000000000000000000046
:10EAD0000000000000000000000000000000000036
:10EAE0000000000000000000000000000000000026
:10EAF0000000000000000000000000000000000016
:10EB00000000000000000000000000000000000005
:10EB10000600000000000000000F00000F00000FC2
:10EB200000000F00000000000000000000000000D6
:10EB300000000000000000000000000000000700CE
:10EB4000001E00E01F00FF1FF8FF03FF1F00FF0172
:10EB5000000F0000000000000000000000000000A6
:10EB60000000000000000000000000000E00000097
:10EB7000C07F00F8FF01FCFF07FCFF073E800F0E7F
:10EB8000000E0E000E0E000E1E800FFCFF07FCFF95
:10EB900007F8FF01C07F000000000E0000007000B9
:10EBA0000E38000E38000E1C000E0E000EFEFF0F79
:10EBB000FEFF0FFEFF0FFEFF0F00000E00000E0015
:10EBC000000E00000E0000000E00000060000F7834
:10EBD000800F7CC00F7CE00F1EF00F0EF80E0E7C35
:10EBE0000E0E3E0E1E1F0EFE0F0EFC070EF8030E3D
:10EBF000F0010E0000000E0000003080013880039C
:10EC00003C80073C800F1E000F0E0E0E0E0E0E0EE7
:10EC10000E0E1E1F0FFEFF0FFCFB07FCF903F0E0BA
:10EC2000010000000F00000000F00000F80000FEEE
:10EC30000080EF00C0E700F0E1007CE0003EE00073
:10EC4000FEFF0FFEFF0FFEFF0FFEFF0F00E00000B4
:10EC5000E0000E000000008001F88703FE8707FE39
:10EC6000870FFE070F0E030E8E030E8E030E8E0708
:10EC70000F8EFF070EFF070EFE0300FC00000000D2
:10EC80000E000000C07F00F0FF01F8FF07FCFF0747
:10EC90003E0E0F0E070E0E070E0E070E1E0F0F3E36
:10ECA000FF0F3CFE0738FE0330F8010000000E00A5
:10ECB00000000E00000E00000E00000E000F0EE01F
:10ECC0000F0EF80F0EFE0F8EFF00CE0F00FE03009A
:10ECD000FE00003E00001E00000000000E000000CC
:10ECE000F0E001F8FB03FCFB07FEFF0F1E1F0F0EF9
:10ECF0000E0E0E0E0E0E0E0E1E1F0FFEFF0FFCFB55
:10ED000007FCFB03F0E0010000000E000000F083B0
:10ED100001F88703FC8F07FE9F0F1E1E0F0E1C0EAF
:10ED20000E1C0E0E1C0E1E8E0FFCFF07FCFF03F8C0
:10ED3000FF01C07F00000000000000000000005F35
:10ED400000000007000700147F147F14242A7F2A84
:10ED5000122313086462364955225000050300004F
:10ED6000001C2241000041221C00082A1C2A08081D
:10ED7000083E080800503000000808080808006035
:10ED800060000020100804023E5149453E00427FC9
:10ED9000400042615149462141454B311814127FD0
:10EDA0001027454545393C4A494930017109050359
:10EDB0003649494936064949291E003636000000C1
:10EDC0005636000000081422411414141414412271
:10EDD0001408000201510906324979413E7E1111A1
:10EDE000117E7F494949363E414141227F414122BE
:10EDF0001C7F494949417F090901013E4141513286
:10EE00007F0808087F00417F41002040413F017F8B
:10EE1000081422417F404040407F0204027F7F046B
:10EE200008107F3E4141413E7F090909063E41519C
:10EE3000215E7F09192946464949493101017F016F
:10EE4000013F4040403F1F2040201F7F2018207F6F
:10EE500063140814630304780403615149454300B3
:10EE6000007F4141020408102041417F000004025C
:10EE7000010204404040404000010204002054547C
:10EE800054787F4844443838444444203844444803
:10EE90007F3854545418087E090102081454543C15
:10EEA0007F0804047800447D40002040443D000079
:10EEB0007F10284400417F40007C041804787C08BF
:10EEC00004047838444444387C1414140808141496
:10EED000187C7C080404084854545420043F4440DF
:10EEE000203C4040207C1C2040201C3C4030403CCA
:10EEF00044281028440C5050503C4464544C440066
:10EF00000836410000007F00000041360800080874
:10EF10002A1C08081C2A08086070787C7E1C362A87
:10EF2000361C303E3F3E3007087F09077C4444448E
:10EF3000387C7C4444387C7C7C44387C7C7C7C38C9
:10EF40001E3276321E00000205020000FEE7FEE7D8
:10EF5000FEE7FEE7FEE770477047704780B500F0B8
:10EF60005FF824480168491C016023480168491C76
:10EF700001600168C92918D3002101601F49087880
:10EF8000002802D10120087001E0002008700878F4
:10EF9000012805D1012201211948F3F726F804E0E0
:10EFA000002201211648F3F720F801BD80B515486D
:10EFB000FBF7F7FA01BD80B51348FBF7F2FA01BD84
:10EFC00080B51248F7F7B6FD01BD80B51048F7F7D8
:10EFD000B1FD01BD80B50F48FEF7A8F801BD80B5B1
:10EFE0000D48FBF7DEFA01BD80B50C48F7F7A2FD2E
:10EFF00001BD0000A428002084280020C82800208B
:10F0000000080048B42600206C260020542100206F
:10F01000DC210020A027002024260020CC20002076
:10F0200003480168034A127889180160704700BFDD
:10F0300080280020370C0020F0B402461068956844
:10F040001318506803EB5004C0071CD54D441AE058
:10F0500013F8017B05F8017B491EF9D198B113F82B
:10F06000011BC6F38106032E08BF13F8016B01EBE9
:10F0700006214942801C294405D011F8016B05F88E
:10F08000016B401EF9D1A3420ED013F8016B16F0AC
:10F09000030104BF13F8011BC91C30090F28DBD181
:10F0A00013F8010B0F30D7E7F0BC02F10C007047EA
:10F0B000425220536C6176653A2000000000000047
:10F0C0000000000000000000000000000000000040
:10F0D0000000000000000000000000000000000030
:10F0E00000000000A0860100400D0300801A060009
:10F0F00000350C0040420F0080841E0000093D00D6
:10F1000000127A000024F40000366E010048E80185
:10F11000006CDC0219DD00080000000049DD000879
:10F1200057DD000879DD00088FDD000897DD000855
:10F13000ADDD0008CBDD0008CFDD0008E1DD000813
:10F14000303132333435363738396162636465665D
:10F150006768696A6B6C6D6E6F70717273747576C7
:10F160007778797A00000000303132333435363721
:10F1700038394142434445464748494A4B4C4D4E35
:10F180004F505152535455565758595A0000000089
:10F1900010B5074979441831064C7C44163404E014
:10F1A0000A68081D114488470146A142F8D110BDE4
:10F1B0002C000000480000004EF68851CEF20001FD
:10F1C000086840F470000860BFF34F8FBFF36F8F83
:10F1D0004FF00070E1EE100A704700004360FFFF3F
:10F1E0009C1C00003C0C0020000000004DFEFFFFB6
:10F1F000100800009C0A000000000020616C617291
:10F200006D206661696C3A2025642D25643A256479
:10F210003A25643A25640D0A0000000000F00DF85C
:10F22000002801D0FFF7B4FFAFF300800020AFF358
:10F230000080FAF758FD00F002F80120704700F056
:10F2400001B8000007463846FEF740FDFBE7000026
:10F25000755F6170705F636F6D6D3A2074782074B4
:10F26000696D65722063620D0A000000755F617050
:10F27000705F636F6D3A207561727420256420653C
:10F2800072726F72210D0A00755F6170705F636F3B
:10F290006D6D3A2073657420727463210D0A00004D
:10F2A00053565F454E56495F434D5F545552423168
:10F2B0003030300073616F7669657467726F757096
:10F2C0002E636F6D2E766E00535654485F53564D25
:10F2D0005F444C535F56315F315F310061742B7274
:10F2E000646C617374666F726C6F673D0000000040
:10F2F00061742B72646C617374666F726F70657287
:10F30000613D000061742B72646C617374666F728E
:10F310006576656E743D000061742B72646C617378
:10F3200074666F726770733D0000000061742B7229
:10F330006573746F7265736C6176653F00000000E1
:10F34000456E7465722050617373776F726400004C
:10F35000312E4D6F646275732052545500000000C9
:10F36000362E496E666F726D6174696F6E000000B3
:10F37000534554204D4F444255532052545500009C
:10F38000312E49442020202020203A200000000077
:10F39000322E42617564726174653A20000000008B
:10F3A00043414C49422053454E534F520000000008
:10F3B0005741524E494E47205455524200000000DA
:10F3C00052414E47452053455454494E4700000092
:10F3D0005375636365737366756C6C792100000007
:10F3E00000000000000000000102030406070809F5
:10F3F000526573746F7265204F4B210D0A00000037
:10F4000061742B6D7174746D61696E3D0000000054
:10F4100061742B6D7174746D61696E3F0000000042
:10F4200061742B6D7174746261636B75703D000063
:10F4300061742B6D7174746261636B75703F000051
:10F4400061742B726573657470756C73653F000031
:10F4500061742B666C6F777468726573683D000029
:10F4600061742B666C6F777468726573683F000017
:10F4700061742B7175616E7468726573683D00000C
:10F4800061742B7175616E7468726573683F0000FA
:10F4900061742B6261747468726573683D0000006A
:10F4A00061742B6261747468726573683F00000058
:10F4B00061742B65726173656D656D3F00000000BE
:10F4C00061742B667776657273696F6E3F0000001A
:10F4D00061742B6C6F67696E6465783F0000000093
:10F4E00061742B72646C6173746C6F673F00000011
:10F4F00061742B6C6576656C63616C69623D0000BC
:10F5000061742B6C6576656C63616C69623F0000A9
:10F5100061742B6C6576656C7468726573683D0008
:10F5200061742B6C6576656C7468726573683F00F6
:10F5300061742B65786261747468726573683D00EC
:10F5400061742B65786261747468726573683F00DA
:10F5500061742B776D6368616E6E656C3D000000B1
:10F5600061742B776D6368616E6E656C3F0000009F
:10F5700061742B6D6F64696E666F723D00000000F0
:10F5800061742B6D6F64696E666F723F00000000DE
:10F5900061742B7072657373696E666F723D0000E3
:10F5A00061742B7072657373696E666F723F0000D1
:10F5B00061742B7265736574736C6176653F0000CE
:10F5C0000148804701480047D1F5000821F80008AC
:10F5D0000248016851F470010160704788ED00E055
:10F5E00054656D7020203A2000000000332E4F66D5
:10F5F0006673657400000000342E5761726E696E88
:10F6000067000000312E5A65726F203A200000001A
:10F61000322E536C6F70653A20000000312E545525
:10F62000524220203A200000322E54656D70203A5C
:10F6300020000000312E4D6F6465203A200000004C
:10F64000322E55707065723A20000000332E4C6FD8
:10F650007765723A20000000312E555F5475726252
:10F660003A200000322E4C5F547572623A2000003E
:10F67000332E555F54656D703A200000342E4C5F78
:10F6800054656D703A2000002A56657273696F6E7A
:10F6900000000000576562736974653A000000005D
:10F6A000B5C60008BFC60008DDC600085265736510
:10F6B00074204F4B210D0A0061742B736572693DF4
:10F6C0000000000061742B736572693F0000000048
:10F6D00061742B73696D736572693F0061742B737C
:10F6E000777365727665720061742B647574793D09
:10F6F0000000000061742B647574793F0000000005
:10F7000061742B667265716D696E3D0061742B6664
:10F710007265716D696E3F0061742B73617665620D
:10F720006F783F0061742B6E756D77616B653D007E
:10F7300061742B726561646C6F673D0061742B703E
:10F74000756C73653D00000061742B70756C73659A
:10F750003F00000061742B64656275673D00000026
:10F7600061742B64656275673F00000061742B6DE6
:10F7700072657365743F000061742B7573657275F3
:10F78000726C3D0061742B757365726674703D0018
:10F7900061742B746573746C6F673F0061742B72B6
:10F7A0006561646C6F673F0061742B736C61766593
:10F7B0003D00000061742B736C6176653F000000B2
:10F7C00061742B6F6E74656D683F000061742B6F00
:10F7D000666674656D683F0061742B6964736C6163
:10F7E00076653F0061742B6964736C6176653D00DA
:10F7F00061742B6272736C6176653F0061742B6279
:10F8000072736C6176653D001F1C1F1E1F1E1F1F3B
:10F810001E1F1E1F1F1D1F1E1F1E1F1F1E1F1E1F00
:10F82000AFF30080FFF7C8FCFFF7F8FC54555242D5
:10F830002E0000004C6F6767696E000053455454FA
:10F84000494E4700322E43616C696200352E526189
:10F850006E676500545552423A200000206D672FB4
:10F860004C000000332E5265736574004F464653BA
:10F8700045540000204E545500000000496E666F4C
:10F88000722E00002A4D6F64656C000000000000BD
:10F890000102030464220020000000006423002011
:10F8A000000000004552524F5200000000000000CE
:10F8B00000000000000000000C000000000000003C
:10F8C0000C00000061742B7274633D0061742B7234
:10F8D00074633F0061742B6770733F0061742B6524
:10F8E0006E640000E4230020000000003C4E554CF4
:10F8F0004C3E0000252E2A6600000000686A6C74E9
:10F900007A4C00004F4646004F4E00004E545500C2
:10F9100020894300FFF7FEBFFFF7FEBFFFF7FEBFE2
:10F92000FFF7FEBFFFF7FEBFFFF7FEBFFFF7FEBF0B
:10F93000FFF7FEBFFFF7FEBFFFF7FEBFFFF7FEBFFB
:10F94000FFF7FEBFFFF7FEBFFFF7FEBFFFF7FEBFEB
:10F95000FFF7FEBFFFF7FEBFFFF7FEBFFFF7FEBFDB
:10F96000FFF7FEBFFFF7FEBFFFF7FEBFFFF7FEBFCB
:10F97000FFF7FEBFFFF7FEBFFFF7FEBFFFF7FEBFBB
:10F98000FFF7FEBFFFF7FEBFFFF7FEBFFFF7FEBFAB
:10F99000FFF7FEBFFFF7FEBFFFF7FEBFFFF7FEBF9B
:10F9A000FFF7FEBFFFF7FEBFFFF7FEBFFFF7FEBF8B
:10F9B000FFF7FEBFFFF7FEBFFFF7FEBFFFF7FEBF7B
:10F9C000FFF7FEBFFFF7FEBFFFF7FEBFFFF7FEBF6B
:10F9D000FFF7FEBFFFF7FEBFFFF7FEBFFFF7FEBF5B
:10F9E000FFF7FEBFFFF7FEBFFFF7FEBFFFF7FEBF4B
:10F9F000FFF7FEBFFFF7FEBFFFF7FEBFFFF7FEBF3B
:10FA0000D0033132333400014008F4010000CB232D
:10FA1000000801011A5007D00700001D2400080249
:10FA20002912640812C510520310500788130000F1
:10FA3000412500080410212812BF10520510120A97
:10FA40000812F31012060852050460020B26000883
:10FA500078F0032AFFFEFFFF00011002A0F2000869
:10FA60008313003101B2200120100000456E74653F
:10FA70007220746F20536574757000002010055754
:10FA8000616974696E670B4110200320446F6E65D5
:10FA90000952001030034572726F721F4005000456
:10FAA000F9000808F9AC432CF8089207AD92010C54
:10FAB0002510470CF908250443E0F53021181210F1
:10FAC000182138210CF2013448220134C340F318C4
:10FAD0009003021800010560611824020330000140
:10FAE0004CF2013C4822020CE25048200112000274
:10FAF00011D2443012031812090CC3ECF518120489
:10FB00001825B4D2F818120518120B0CD24C481252
:10FB10000618120C0CD26078120718120D0CD27055
:10FB200018110113030E0C8B80F304210110030242
:10FB30000400030F11529018695012031812100C90
:10FB4000F201A0481304110C525490652C230205B5
:10FB5000C3111D82F6183B5CF8B02A0428D2101895
:10FB600011681304140CD264D811201304150CF678
:10FB7000016C681305160CD21C4815F41305170CFC
:10FB800092281825F811781305180CF201B0C0134B
:10FB900006190CC334F618114813061A0C92404883
:10FBA0004274C013061B0CD24C1811C013061C0C57
:10FBB000F201C06013071D0CD25830116013071EEC
:10FBC0000CF201646013071F0CD270C011602E0785
:10FBD0000C03D27C18110823072118F50120130803
:10FBE000220CE288D880031C0008230001798810C9
:10FBF00002040008240CD28448120430F20225309A
:10FC0000120530F20326481002180009270CD6D03E
:10FC100008F004010318020A100001E20114B309FC
:10FC20003D12600299C200082429208FA5C2040554
:10FC300021108F1BC3040521011227105204311219
:10FC4000E8198F43C3040521014F49C3040561012D
:10FC5000124F105EC8BC04F002003C0C00208F80E4
:10FC6000034300080943842108120F10433D4388D1
:10FC700052010412B51043E3438C52020443514431
:10FC80003C2D44036D900452AB142194520614434E
:10FC90000545142110520814525D142540520A647F
:10FCA00052B3142124520B1452E3142D4404520C69
:10FCB00014431346142138520D1452431421385260
:10FCC0000E14526D1421384300101412971412C5EB
:10FCD00004313842108C100341470008A104213838
:10FCE000520314100361480008BB0412B0D912601B
:10FCF0007D1EC0ED031A80291340381D124B0C1DC8
:10FD0000E8051300961812DA0812E1045403C20140
:10FD100000E422607F010084064FFDD7E4066110F5
:10FD2000470FD858210C25E0123D10520320100334
:10FD3000E0930400611061401A106947692E9C210C
:10FD40001012DC05837B2E40210447DF2E94210C0A
:10FD50002D5407471F2F9021102D340712D5105214
:10FD600005501003983A0000E9105206101360EA9B
:10FD7000A0111022076111012D840717AB308051AB
:10FD8000202D840768042F3100088C2838C8028091
:10FD90003F64244447B8F6B051435300C41069C4CB
:10FDA00047D0F69479C446F4906D780552101052FD
:10FDB00005104720F48869C45230106D680352DC86
:10FDC0005052081052E87052091052F410620A7032
:10FDD00042F730520B10520C10520C10524060522D
:10FDE0000D108B18F7442101522410520F1052307D
:10FDF000106DEC035250405211105260105212100C
:10FE00005270105213105280105214104B90F48CF8
:10FE100052151052A0105216104B3CF7FC521710FE
:10FE20005248105218104FC4F8440352191052CCC3
:10FE300010521A10525430521B10526010521C10A3
:10FE40004F6CF74803521D1056B090521E1052C00E
:10FE500090521F105678006905528410522110529A
:10FE6000D0405222105290206D9405529C10522482
:10FE70001052E0606D84051EDCAC04255C6D7C05D1
:10FE800012F010254C5227104304F310622820551D
:10FE9000505329000142F510522A1012101025BCAF
:10FEA000522B10522010522C1056D430522D104389
:10FEB00018F380522E1056A830522F1052B4105200
:10FEC000301052305052311052401052321056C041
:10FED0006052331056CC006D110B4750F50052356F
:10FEE000105260105236104770F550523710528041
:10FEF000105238105290F052391052A010523A104D
:10FF000052B010523B10522CE0523C1052D8906D1F
:10FF1000960652E410523E1052F010523F1052FC1E
:10FF2000105241104FDCF8D8054BEC1A1343EC1C6F
:10FF300008100340F100086804F309E2540452FF7A
:0EFF400001E39A52141D50040002032D010328
:040000050800F821D6
:00000001FF
