:020000040800F2
:10000000782E002081060108DDFF0008DFFF0008D0
:10001000E1FF0008E3FF0008E5FF00080000000022
:10002000000000000000000000000000E7FF0008E2
:10003000E9FF000800000000EBFF0008EDFF0008EA
:10004000150A0108190A01081D0A0108210A0108F8
:10005000250A0108290A01082D0A0108310A0108A8
:10006000350A0108390A01083D0A0108410A010858
:10007000450A01083D000108490A01084700010836
:100080004D0A0108510A0108550A0108590A0108D8
:100090005D0A0108610A0108650A0108690A010888
:1000A0006D0A0108710A0108750A0108790A010838
:1000B0007D0A01080000000000000000810A01081C
:1000C000850A0108890A01088D0A0108910A0108B8
:1000D000950A010851000108990A01085B0001080E
:1000E0009D0A0108650001080000000000000000F2
:1000F0000000000000000000000000000000000000
:1001000000000000A10A010800000000A50A010883
:100110000000000000000000A90A0108AD0A010863
:10012000B10A0108B50A0108B90A0108BD0A0108A7
:10013000C10A0108000000000000000000000000EB
:10014000C50A0108C90A0108CD0A0108D10A010837
:10015000D50A01086F00010879000108D90A0108D1
:10016000DD0A0108E10A0108E50A010800000000B3
:10017000E90A0108ED0A0108F10A0108000000007F
:10018000F50A0108F90A0108FD0A010810B5040082
:100190000121DFF8E40A01F0ECFF012010BD30B5C9
:1001A00087B004001421002202AD280001F0FCFFFA
:1001B000DFF8C80AD0E90023CDE9002302A80090A7
:1001C000DFF8BC5A2978684600F02BFA2878687066
:1001D000BDF80410009800F07EFF2878002803D1B5
:1001E0002878401C287001E000202870DFF8885A29
:1001F0000221280001F0AEFF0321280001F0B9FF21
:100200002100C9B2280001F0B4FF012007B030BDC1
:1002100010B50400DFF86C1A8888002810D0DFF8C9
:10022000680A02888B889A4208D100210180032144
:10023000DFF8440A01F08EFF012008E08988018080
:100240002100C9B2DFF8300A01F093FF012010BD90
:100250002DE9F041040000250026DFF8287AB8884F
:1002600003283DDB3868B988084410F8010C396868
:10027000BA88114411F8021C51EA00210E00B98815
:10028000891E386801F0C3FF05002800310080B2E4
:1002900089B288421DD10721DFF8DC0901F069FF2E
:1002A0003868007805280DD1DFF8D489012198F845
:1002B000010000F0CFF998F80120D7E9000100F023
:1002C000B9F913E00021DFF8B809407800F0C2F96D
:1002D0000CE00021DFF8A809407800F0BBF905E048
:1002E0000021DFF89C09407800F0B4F9DFF89009AC
:1002F000407800F0F9F80221DFF87C0901F04BFFAB
:100300000120BDE8F0810100DFF8540D0278032AD6
:1003100001D0042202700120704710B504000020B3
:10032000DFF8781C08702100C9B2DFF84C0901F031
:1003300020FF012010BD10B50400DFF8800C01780B
:10034000012936D1DFF8781CC978012931D1DFF8CD
:10035000741C91ED040AD0ED020AB4EE600AF1EECD
:1003600010FA08DA91ED040AD0ED010AB4EE600A41
:10037000F1EE10FA0ED501224FF400615FF09040CB
:1003800002F0A9FA01224FF480515FF0904002F090
:10039000A2FA1CE000224FF400615FF0904002F0EE
:1003A0009AFA00224FF480515FF0904002F093FAE5
:1003B0000DE000224FF400615FF0904002F08BFAF4
:1003C00000224FF480515FF0904002F084FADFF891
:1003D000A8084FF47A7181662100C9B201F0C9FE04
:1003E000012010BD38B50400DFF8781C087800281B
:1003F0001FD101200870DFF8705C01221021280055
:1004000002F069FA00220821280002F064FA0022B2
:100410000421DFF8580C02F05EFA4FF4FA60DFF8BE
:100420005818886702F0B2FA02F05BFC02F04AFC4E
:1004300012E00020087001220821DFF82C0C02F0E5
:100440004AFA01220421DFF8240C02F044FA4EF6A5
:100450006020DFF8241888672100C9B2DFF8180887
:1004600001F087FE012032BD10B50400DFF8541BF7
:100470000878002803D1002081F828001AE0DFF86E
:10048000980C8278042A0ED082780A2A02D1027A45
:10049000042A08D08278052A05D082780A2A06D153
:1004A000007A052803D1032081F8280002E0022009
:1004B00081F82800DFF8080BC078012806D1012058
:1004C00081F82900012081F82A0005E0002081F848
:1004D0002900002081F82A002100C9B2DFF898071E
:1004E00001F047FE012010BD70B52DED028B040018
:1004F0009FED9D8A2000C0B201286CD1DFF8C45A5C
:1005000095ED010ADFED990A20EE200ABDEEC00A42
:1005100010EE100A00F04EFA85ED010ADFF8D46DF6
:100520006868306096ED000A00F0B0FB86ED010AC5
:100530007068686095ED010A00F0B0FA85ED040A74
:1005400095ED030A00F00AFB85ED060A95ED020A17
:1005500000F006FB85ED050A95ED060AD5ED090AC2
:1005600030EE200ADFF8B40CD0ED020AF4EE400AB7
:10057000F1EE10FA02D5D0ED020A0BE0D0ED030A3D
:10058000B4EE600AF1EE10FA02D5D0ED030A01E0F4
:10059000F0EE400AC5ED060AD5ED040A95ED071AFE
:1005A00030EE818AD0ED000AF4EE480AF1EE10FA3E
:1005B00002D590ED000A0BE090ED010AB4EE408AFE
:1005C000F1EE10FA02D590ED010A01E0B0EE480A12
:1005D00085ED040AFFE7DFF8EC592878002807D1F9
:1005E0000020686095ED010A00F058FA85ED040AD4
:1005F0002878002807D10020E86095ED030A00F074
:10060000ADFA85ED060A2878002807D10020A860F9
:1006100095ED020A00F0A4FA85ED050ABDEC028B07
:1006200070BD38B504000D002900C9B2200000F0EB
:100630001BF831BD70B504000D00160020000078D5
:10064000C0B2052805D13200D2B22000290000F046
:100650008FF870BD38B504000D002900C9B2200024
:10066000C0B200F024F931BD7FB504000D000221B5
:10067000002202AE300001F097FD00262800C0B233
:10068000002806D002282ED024D3042855D03FD3EA
:1006900068E0DFF8080990ED010AF2EE040A20EEA6
:1006A000200ABDEEC00A10EE100A0600300080B22B
:1006B000000A8DF8080030008DF8090002A80190AA
:1006C000012000904FF4815306220521200001F003
:1006D0000AFE47E0062000900023032205212000A7
:1006E00001F0B3FD3EE0DFF8800D818802290ED1D4
:1006F000016801918088022190FBF1F080B20090A6
:1007000041F2040306220521200001F0ECFD29E05E
:10071000DFF8540D818802290ED10168019180888B
:10072000022190FBF1F080B200904FF4805306223A
:100730000521200001F0D7FD14E0DFF82C0D8188A1
:1007400002290ED1016801918088022190FBF1F00D
:1007500080B2009042F2200306220521200001F021
:10076000C2FDFFE77FBD0000000000000000C8429E
:100770002DE9F0472DED048B84B004000D00924666
:100780000020ADF808009FEDC28A00265046C0B296
:10079000002806D0401E05D0401E022840F27F806F
:1007A00080E07FE00320ADF80800022202A92000CB
:1007B00000F05EFC08EE900A022202A9200000F080
:1007C00057FC8146DFF8FC77B8EE680A10EE100A95
:1007D00002F0AAFACDE90001484602F0C9FA41EC5C
:1007E000110B9FEDAC0B02F0D8FA53EC102BDDE9A6
:1007F000000102F0DBFA02F0FDFB7860022202A9A0
:10080000200000F035FC09EE100A022202A92000A7
:1008100000F02EFC8046B8EE490A10EE100A02F0F5
:1008200083FACDE90001404602F0A2FA41EC110B37
:100830009FED980B02F0B1FA53EC102BDDE90001AB
:1008400002F0B4FA02F0D6FBF860022202A92000FE
:1008500000F00EFC00EE100AB0EE408A022202A95F
:10086000200000F005FC0600B8EE480A10EE100A61
:1008700002F05AFACDE90001300002F079FA41ECB9
:10088000110B9FED840B02F088FA53EC102BDDE97D
:10089000000102F08BFA02F0ADFBB86002E000F05C
:1008A0007FFBFFE704B0BDEC048BBDE8F0870200DE
:1008B000D2B2002A042A1BD80A00D2B2012A0ED1D1
:1008C000DFF8002700235370012313700200D2B217
:1008D000012A0CD10122DFF8E836DA7007E0DFF8F0
:1008E000E4265378032B02DA53785B1C5370FFE73E
:1008F000DFF8D0365A78002A0ED05A78032A0BDB5C
:1009000000221A7000225A6000229A600022DA60E7
:100910000022DFF8AC36DA7070472DE9F041002490
:100920002500EDB20A2D43DA00252E00F6B2092E7D
:100930003CDA2E00F6B201EB860676682F00FFB295
:1009400051F82770BE422FDA00262F00FFB251F86F
:100950002770AC465FFA8CFC01EB8C0CDCF804C011
:10096000AE465FFA8EFE41F82EC0AC465FFA8CFCB4
:1009700001EB8C0CCCF80470AC465FFA8CFC50F8A0
:100980002CC0AE465FFA8EFE00EB8E0EDEF804E061
:10099000A8465FFA88F840F828E0AE465FFA8EFE77
:1009A00000EB8E0ECEF804C06D1CBEE7641CB7E7EA
:1009B000BDE8F08138B52DED028B04009FED348A3F
:1009C000DFF80C1C087800282AD1012008700021CB
:1009D0000800C0B20A2815DA0800C0B2DFF8F42B0C
:1009E0000B00DBB242F82300DFF8EC2B0800C0B2AA
:1009F00052F82000002803D10800C0B242F820407D
:100A0000491CE5E7DFF8D05B092300222900DFF865
:100A1000C40BFFF782FF95ED050AB8EEC00A30E07F
:100A200000200100C9B20A291EDADFF8A81B020063
:100A3000D2B251F82220092A0BD100220300DBB2E6
:100A400041F82320DFF8901B0200D2B241F8224087
:100A500008E00200D2B251F82220521C0300DBB29F
:100A600041F82320401CDCE7DFF86C5B09230022FF
:100A70002900DFF8600BFFF750FF95ED050AB8EE8F
:100A8000C00ADFED760A80EE200ABDEC028B31BD94
:100A9000000000000000000000002440F0EE400ACA
:100AA0009FED6F1A9FED6F3ADFED6F3AF5EE400A5A
:100AB000F1EE10FA40D0F0EE603A9FED6C0ADFF8EC
:100AC000340C90ED004A34EE634AB4EE404AF1EE45
:100AD00010FA08DA90ED004A33EEC44AB4EE404A08
:100AE000F1EE10FA03DB9FED620A21EE001ADFF847
:100AF000080C90ED000AF0EE401ADFF8001C91EDB2
:100B0000000A30EE010AB0EE402A32EE030A82EE0D
:100B1000000AF0EE402A33EEE10AB0EE614A00EE40
:100B2000224A80ED004AB7EE000A30EE620A20EE5B
:100B3000020A81ED000A08E0DFF8C00B5FF07E5189
:100B40000160DFF8B40B00210160DFF8AC0BDFF8C7
:100B5000A41B02680A6090ED000A7047704700000D
:100B6000F0EE400A9FED3E1A9FED3E3ADFED3E3A31
:100B7000F5EE400AF1EE10FA40D0F0EE603A9FED4B
:100B80003D0ADFF87C0B90ED004A34EE634AB4EE88
:100B9000404AF1EE10FA08DA90ED004A33EEC44A0A
:100BA000B4EE404AF1EE10FA03DB9FED310A21EE7C
:100BB000001ADFF8500B90ED000AF0EE401ADFF853
:100BC000481B91ED000A30EE010AB0EE402A32EEE9
:100BD000030A82EE000AF0EE402A33EEE10AB0EE9C
:100BE000614A00EE224A80ED004AB7EE000A30EE7C
:100BF000620A20EE020A81ED000A08E0DFF8080B25
:100C00005FF07E510160DFF8FC0A00210160DFF82F
:100C1000F40ADFF8EC1A02680A6090ED000A7047E7
:100C2000F0EE402A9FED103AF4EE601AF1EE10FA61
:100C300004D0B4EE412AF1EE10FA02D1B0EE620A0D
:100C40000BE032EEE00A72EE413A20EE230A71EE3A
:100C5000E03A80EE230A30EE010A70470000C842F5
:100C600095BFD63317B7D13800000000010000400F
:100C700000007A440100A04104080020A8090108EE
:100C80005C2A0020BC0C00205A2A0020F8B52DED6B
:100C9000028B9CB0B0EE408A0024DFF85816087A28
:100CA00000280DD00CAA2300DBB20C20434302EB3A
:100CB000030011F1080292E8680080E86800641CF3
:100CC000087D00280DD00CAA2300DBB20C20434382
:100CD00002EB030011F1140292E8680080E868005A
:100CE000641C91F8200000280DD00CAA2300DBB270
:100CF0000C20434302EB030011F1200292E868004C
:100D000080E86800641C91F82C0000280CD00CAA24
:100D10002300DBB20C20434302EB03002C3191E8AB
:100D20002C0080E82C00641C2000C0B2022802DAEB
:100D3000B0EE480A2DE100200100C9B22200D2B273
:100D4000521E91423EDA411C0A002300D2B2DBB2AD
:100D50009A4235D20C220CAB0D00EDB255432B4418
:100D600093ED010A0CAB0500EDB255432B44D3EDD6
:100D7000010AB4EE600AF1EE10FA1FD50CAB18AD03
:100D80000600F6B256431E4496E8805085E880502F
:100D90000500EDB255431D440E00F6B256431E4405
:100DA00096E8805085E880500D00EDB202FB05F218
:100DB0001A4418AB93E8E00082E8E000491CC3E75E
:100DC000401CB9E700200100C9B22200D2B2521E75
:100DD000914236DA0C210CAA0300DBB24B431A44D1
:100DE00092ED010A0CAA0300DBB24B431A44D2ED88
:100DF000040AB4EE600AF1EE10FA12D00CAA030055
:100E0000DBB24B431A4492ED020A0CAA0300DBB298
:100E10004B431A44D2ED050AB4EE600AF1EE10FA23
:100E20000DDB00220CAB0500EDB24D435A550CAA68
:100E30000300DBB201FB03F1114400220A73401CE2
:100E4000C1E70025002108002200C0B2D2B29042C2
:100E500018D20C220CAB0800C0B25043185C00281A
:100E60000ED068462E00F6B2564330440E00F6B25D
:100E700002FB06F21A4492E8C80080E8C8006D1C24
:100E8000491CE0E72800C0B2022802DAB0EE480AA6
:100E90007FE0684690ED010AB4EE480AF1EE10FAE0
:100EA0000CDB90ED052AD0ED041A90ED021AD0ED7E
:100EB000010AB0EE480AFFF7B3FE6AE000263000F0
:100EC000C0B22900C9B2491E88423CDA0C206946EA
:100ED0003200D2B24243114491ED010AB4EE408A8D
:100EE000F1EE10FA2DDB69463200D2B242431144D2
:100EF00091ED040AB4EE480AF1EE10FA21DB6946DE
:100F00003200D2B24243114491ED052A69463200C3
:100F1000D2B242431144D1ED041A69463200D2B232
:100F20004243114491ED021A69463200D2B200FBED
:100F300002F00844D0ED010AB0EE480AFFF770FE57
:100F400027E0761CBBE70C2069462A00D2B2424358
:100F50001144091F91ED002A69462A00D2B242438A
:100F600011440839D1ED001A69462A00D2B2424331
:100F70001144103991ED001A69462A00D2B200FBE3
:100F800002F008441438D0ED000AB0EE480AFFF72A
:100F900047FE1CB0BDEC028BF1BD0000F82900201B
:100FA00080B503202E4908700421DFF8840E01F07B
:100FB000F2F8322002F055FA01BD0000E0290020CD
:100FC000242A00208428002080B5DFF8380A007821
:100FD000DFF8341A08700220214908700421DFF874
:100FE000500E01F0C6F801BD2DE9F04104000D00DE
:100FF00016002F00DFF87084404602F00DFF30002D
:1010000080B2022802D004280BD01DE07878D8F8EE
:10101000001008703878D8F800104870A8F80460FC
:1010200015E07878D8F8001008703878D8F80010F3
:101030004870F878D8F800108870B878D8F80010A0
:10104000C870A8F8046002E00020A8F80400DFF8E7
:10105000B40904700120DFF8B4190870BDE8F0810C
:101060007C000020692A002000040048000C004891
:10107000F0B4030000200C881500EDB2042D16D149
:101080002500ADB21D44AE782500ADB21D44ED780B
:1010900055EA06252600B6B29E5D2700BFB21F4462
:1010A0007F7857EA062757EA054738000DE0150014
:1010B000EDB2022D09D12500ADB25D5D2600B6B2BC
:1010C0001E44767856EA052630000D8855FA82F5DA
:1010D0000D80F0BC704770B504000D00DFF8D06BD8
:1010E00001224FF48051300001F0F5FB0A2002F09C
:1010F00059FF01F0DFFD4FF47A732A0092B221000C
:10110000DFF82C0E02F09FFF00224FF480513000D8
:1011100001F0E1FB70BD0000B42900202DE9F0478B
:101120002DED048B8EB0B0EE409AB0EE608AF0EEFA
:10113000418A322100226C46200001F035F800245B
:10114000002500260027DFF86CAB8AED079A8AEDB0
:10115000088ACAED098A9AED070A04F00FF9804659
:101160009AED080A04F00AF981469AED090A04F09A
:1011700005F9824668464146090E2200D2B28154E2
:10118000641C4146090C2200D2B28154641C4146C1
:10119000090A2200D2B28154641C2100C9B200F8AD
:1011A0000180641C4946090E2200D2B28154641C9D
:1011B0004946090C2200D2B28154641C4946090AEE
:1011C0002200D2B28154641C2100C9B200F80190FF
:1011D000641C5146090E2200D2B28154641C51464F
:1011E000090C2200D2B28154641C5146090A220023
:1011F000D2B28154641C2100C9B200F801A0641C61
:101200002200D2B292B26946DFF8640B04F03EF9D4
:101210000EB0BDEC048BBDE8F0870000C4290020AF
:10122000F8B5002400250026DFF8440B0078C0B292
:10123000FF2856D0DFF83C0B0178C9B20906DFF869
:10124000380B0078C0B251EA0041DFF8300B00786B
:10125000C0B251EA0021DFF8280B0078C0B2014388
:101260000C00DFF8200B0178C9B20906DFF8180B73
:101270000078C0B251EA0041DFF8100B0078C0B22C
:1012800051EA0021DFF8080B0078C0B201430D00DD
:10129000DFF8000B0178C9B20906DFF8980B007877
:1012A000C0B251EA0041DFF8900B0078C0B251EAB9
:1012B0000021DFF8880B0078C0B201430E00DFF890
:1012C000F47917F11C01200003F080FF17F12001D1
:1012D000280003F07BFF17F12401300003F076FFB4
:1012E00007E0DFF8D0090021C1610021016200217F
:1012F0004162F1BD4C2800202DE9F0472DED028B15
:101300008EB00400F0EE408AB0EE608A32210022F6
:101310006D46280000F048FF002500260027DFF872
:1013200074AB8AF800408AED028ACAED018A9AED10
:10133000020A04F023F880469AED010A04F01EF830
:10134000814668469AF800102A00D2B281546D1C7A
:101350004146090E2A00D2B281546D1C4146090C47
:101360002A00D2B281546D1C4146090A2A00D2B229
:1013700081546D1C2900C9B200F801806D1C4946DA
:10138000090E2A00D2B281546D1C4946090C2A006C
:10139000D2B281546D1C4946090A2A00D2B2815446
:1013A0006D1C2900C9B200F801906D1C2A00D2B250
:1013B00092B26946DFF8E00A04F068F80EB0BDECBE
:1013C000028BBDE8F08770B500240025DFF8C80A5D
:1013D0000078C0B2FF283DD0DFF8B86ADFF8540BC0
:1013E00000783070DFF8500B0178C9B20906DFF8D9
:1013F0004C0B0078C0B251EA0041DFF8440B007892
:10140000C0B251EA0021DFF83C0B0078C0B20143C2
:101410000C00DFF8340B0178C9B20906DFF82C0B99
:101420000078C0B251EA0041DFF8240B0078C0B266
:1014300051EA0021DFF8680B0078C0B201430D00CB
:1014400016F10801200003F0C1FE311D280003F051
:10145000BDFE08E0DFF83C0A00210170DFF8CC1B7C
:1014600081600021416070BD940800202DE9F84F93
:101470002DED048B8EB0F0EE409AB0EE608AF0EE67
:10148000418AB0EE619A3221002201AC200000F0C6
:101490008BFE5FF0000B002000900024002500264A
:1014A000DFF800ABCAED009A8AED018ACAED028A24
:1014B0008AED039A9AED000A03F060FF07009AEDA7
:1014C000010A03F05BFF80469AED020A03F056FF23
:1014D00081469AED030A03F051FF824601A83900C4
:1014E000090E5A46D2B281541BF1010B3900090C86
:1014F0005A46D2B281541BF1010B3900090A5A46EF
:10150000D2B281541BF1010B5946C9B247541BF1A9
:10151000010B4146090E5A46D2B281541BF1010B10
:101520004146090C5A46D2B281541BF1010B414687
:10153000090A5A46D2B281541BF1010B5946C9B26D
:1015400000F801801BF1010B4946090E5A46D2B240
:1015500081541BF1010B4946090C5A46D2B2815401
:101560001BF1010B4946090A5A46D2B281541BF1BC
:10157000010B5946C9B200F801901BF1010B51460D
:10158000090E5A46D2B281541BF1010B5146090C87
:101590005A46D2B281541BF1010B5146090A5A46F0
:1015A000D2B281541BF1010B5946C9B200F801A017
:1015B0001BF1010B5A46D2B292B201A9DFF8700AB0
:1015C00003F064FF0EB0BDEC048BBDE8F18F0000AA
:1015D0006A2A0020DC280020042900202DE9F0419F
:1015E0000024002500260027DFF8440A0078C0B256
:1015F000FF2871D0DFF83C0A0178C9B20906DFF88C
:10160000380A0078C0B251EA0041DFF8300A0078A9
:10161000C0B251EA0021DFF8280A0078C0B20143C5
:101620000C00DFF8200A0178C9B20906DFF8180AB1
:101630000078C0B251EA0041DFF8100A0078C0B269
:1016400051EA0021DFF8080A0078C0B201430D001A
:10165000DFF8000A0178C9B20906DFF8FC09007852
:10166000C0B251EA0041DFF8F4090078C0B251EA93
:101670000021DFF8EC090078C0B201430E00DFF86A
:10168000E4090178C9B20906DFF8DC090078C0B2C4
:1016900051EA0041DFF8D4090078C0B251EA0021D4
:1016A000DFF8CC090078C0B201430F00DFF8F488FE
:1016B0004146200003F08AFD18F10401280003F0E0
:1016C00085FD18F10801300003F080FD18F10C01D0
:1016D000380003F07BFD0BE0DFF8C808DFF84C1999
:1016E000016000214160DFF88C1981600021C16038
:1016F000BDE8F0812C2A0020282A00209C08002028
:10170000342A0020302A0020A00800202DE9F34FC1
:1017100081B02DED028BA2B0F0EE408AB0EE608A6F
:101720006421002208AC200000F03EFD5FF0000BB9
:101730009DF89400002805D0022817D00CD3032868
:101740001FD029E0DFF830099DF898100172C0ED34
:10175000038A80ED048A1FE0DFF81C099DF89810C9
:101760000175C0ED068A80ED078A15E0DFF80809EB
:101770009DF8981080F82010C0ED098A80ED0A8A43
:101780000AE0DFF8F4089DF8981080F82C10C0EDFE
:101790000C8A80ED0D8AFFE7002001900020009068
:1017A0000020079000200690002005900020049063
:1017B0000020039000200290DFF8BC4894ED030A5B
:1017C00003F0DCFD019094ED040A03F0D7FD0090D6
:1017D00094ED060A03F0D2FD050094ED070A03F02C
:1017E000CDFD060094ED090A03F0C8FD070094ED55
:1017F0000A0A03F0C3FD804694ED0C0A03F0BEFD17
:10180000814694ED0D0A03F0B9FD824608A8217ABD
:101810005A4692B281541BF1010B0199090E5A46A6
:1018200092B281541BF1010B0199090C5A4692B2F4
:1018300081541BF1010B0199090A5A4692B2815455
:101840001BF1010B01995A4692B281541BF1010B15
:101850000099090E5A4692B281541BF1010B00996E
:10186000090C5A4692B281541BF1010B0099090AE6
:101870005A4692B281541BF1010B00995A4692B21A
:1018800081541BF1010B217D5A4692B281541BF108
:10189000010B2900090E5A4692B281541BF1010B2B
:1018A0002900090C5A4692B281541BF1010B290000
:1018B000090A5A4692B281541BF1010B594689B26A
:1018C00045541BF1010B3100090E5A4692B2815466
:1018D0001BF1010B3100090C5A4692B281541BF1E5
:1018E000010B3100090A5A4692B281541BF1010BD7
:1018F000594689B246541BF1010B94F820105A4600
:1019000092B281541BF1010B3900090E5A4692B272
:1019100081541BF1010B3900090C5A4692B28154D3
:101920001BF1010B3900090A5A4692B281541BF18E
:10193000010B594689B247541BF1010B4146090E70
:101940005A4692B281541BF1010B4146090C5A468A
:1019500092B281541BF1010B4146090A5A4692B2D8
:1019600081541BF1010B594689B200F801801BF12B
:10197000010B94F82C105A4692B281541BF1010BC2
:101980004946090E5A4692B281541BF1010B494651
:10199000090C5A4692B281541BF1010B4946090ABF
:1019A0005A4692B281541BF1010B594689B200F894
:1019B00001901BF1010B5146090E5A4692B2815417
:1019C0001BF1010B5146090C5A4692B281541BF18E
:1019D000010B5146090A5A4692B281541BF1010B80
:1019E000594689B200F801A01BF1010B5A4692B288
:1019F00008A9DFF8880603F049FD22B0BDEC028B90
:101A0000BDE8F78F682A00205C2A00207C000020B7
:101A10002DE9F84F00200090002400250026002723
:101A20005FF000085FF000095FF0000ADFF84C0685
:101A30000078C0B2FF2800F0F780DFF83CB6DFF88E
:101A4000400600788BF80800DFF838060178C9B244
:101A50000906DFF834060078C0B251EA0041DFF829
:101A60002C060078C0B251EA0021DFF82406007885
:101A7000C0B201430091DFF81C060178C9B2090623
:101A8000DFF814060078C0B251EA0041DFF80C0616
:101A90000078C0B251EA0021DFF804060078C0B235
:101AA00001430C00DFF8FC0500788BF81400DFF828
:101AB000F8050178C9B20906DFF8F0050078C0B270
:101AC00051EA0041DFF8E8050078C0B251EA002190
:101AD000DFF8E0050078C0B201430D00DFF8D8055B
:101AE0000178C9B20906DFF8D4050078C0B251EA1E
:101AF0000041DFF8CC050078C0B251EA0021DFF8E0
:101B0000C4050078C0B201430E00DFF8BC050078C0
:101B10008BF82000DFF8B4050178C9B20906DFF8B8
:101B2000B0050078C0B251EA0041DFF8A80500789E
:101B3000C0B251EA0021DFF8A0050078C0B201432D
:101B40000F00DFF898050178C9B20906DFF89005A3
:101B50000078C0B251EA0041DFF888050078C0B2D1
:101B600051EA0021DFF880050078C0B201438846C1
:101B7000DFF8780500788BF82C00DFF87405017821
:101B8000C9B20906DFF86C050078C0B251EA00411D
:101B9000DFF864050078C0B251EA0021DFF85C0587
:101BA0000078C0B201438946DFF854050178C9B214
:101BB0000906DFF850050078C0B251EA0041DFF8AD
:101BC00048050078C0B251EA0021DFF840050078EE
:101BD000C0B201438A461BF10C01009803F0F6FAEB
:101BE0001BF11001200003F0F1FA1BF1180128008D
:101BF00003F0ECFA1BF11C01300003F0E7FA1BF1D3
:101C00002401380003F0E2FA1BF12801404603F0FA
:101C1000DDFA1BF13001484603F0D8FA1BF134011C
:101C2000504603F0D3FA1BE0DFF84C0400210172A8
:101C30000021C16000210161002101750021816145
:101C40000021C161002180F82010002141620021A3
:101C50008162002180F82C10002101630021416382
:101C6000BDE8F18F78B591B004000D003C21002251
:101C700002AE300000F098FA0020ADF80400032115
:101C8000082004F004F80B2000900023DFF88024E3
:101C900001A902A803F084FA4FF47A73BDF8042076
:101CA00002A9DFF8700402F0CEF912B070BD000096
:101CB000000800488428002078B591B004000D0089
:101CC0003C21002202AE300000F06EFA0020ADF898
:101CD0000400274803F0AAFB6F4803F0A7FB6D48F8
:101CE00000210170D1498160002141600D200090E8
:101CF0000023DFF8242401A902A803F051FA4FF4CD
:101D00007A73BDF8042002A9DFF8080402F09BF9F9
:101D100012B070BD38B590B004000D0003A8DFF814
:101D2000FC13322204F0CCF9DFF8F403D0E90023ED
:101D3000CDE9012303A801900023DFF8E80302782E
:101D400002A903A803F0B7F902200090002392A291
:101D500002A903A803F024FA4FF47A73BDF808200F
:101D60000199DFF8B00302F06EF911B030BD000048
:101D70000008020802080208030802080408020812
:101D800005080208060802080708020808080208F1
:101D9000090802080A080208F8B504000D00002628
:101DA0002068007830283ADB206800783A2836DA54
:101DB000002700200100C9B2A28889B291420FD247
:101DC00021680200D2B2895C302905DB216802005B
:101DD000D2B2895C3A2900DB02E07F1C401CE9E7B3
:101DE0003900C9B2206803F093FA0600B6F5807F87
:101DF0000DD2CC4841783000C0B203F048FF4FF418
:101E00007A73022265A1C34802F01DF90EE04FF477
:101E10007A730522C449BF4802F015F906E04FF471
:101E20007A730522C049BB4802F00DF9F1BD0000EC
:101E3000040800200B0802080C0802080D0802081C
:101E400038B590B004000D0003A8B849322204F060
:101E500037F9B748D0E90023CDE9012303A8019061
:101E60000023B048427802A903A803F024F9022015
:101E70000090002348A202A903A803F091F94FF4AF
:101E80007A73BDF808200199A24802F0DCF811B07D
:101E900030BD0000E029002000100208F8B5040061
:101EA0000D00002620680078302839DB2068007893
:101EB0003A2835DA002700200100C9B2A28889B289
:101EC00091420FD221680200D2B2895C302905DB31
:101ED00021680200D2B2895C3A2900DB02E07F1C53
:101EE000401CE9E73900C9B2206803F011FA060086
:101EF0000C2E0DD23100C9B28A48007803F0C7FE1B
:101F00004FF47A73022225A1824802F09CF80EE079
:101F10004FF47A73052284497E4802F094F806E073
:101F20004FF47A73052280497A4802F08CF8F1BDAB
:101F3000A423002002100208031002080410020863
:101F4000051002080610020807100208081002080F
:101F50000910020880B5FFF763F9FFF734FAFFF7BD
:101F60003DFBFFF755FD73487349C0F8A41373494F
:101F7000C0F8B4137249C0F8C4137249C0F8D4133E
:101F80007149C0F8E4137149C0F8F41300F0A9FED8
:101F900000F098FE01BD00000D0A00004F4B00004C
:101FA0000A100208C429002070B500200024002572
:101FB0002800C0B2092836DA654E2800C0B20001F8
:101FC0003044407801282CD1012004002800C0B200
:101FD00000013044406800280ED004F0C5F8290004
:101FE000C9B2090131444968401A2900C9B209013E
:101FF00031448968884214D300202900C9B20901FC
:102000003144487004F0B0F82900C9B209013144E4
:1020100048602800C0B22900C9B209013144C9682A
:1020200088476D1CC4E72000C0B270BD0000A0410D
:1020300000200208022002080320020804200208EF
:1020400005200208062002080720020808200208CE
:10205000092002080A2002080B2002080C200208AE
:102060000D2002080E2002080F200208102002088E
:10207000112002080000A0424C280020001802088D
:1020800002180208031802080418020805180208BA
:10209000061802080718020808180208091802089A
:1020A0000A1802080B1802080C1802080D1802087A
:1020B0000E1802080F18020810180208111802085A
:1020C000121802081318020814180208151802083A
:1020D000161802081718020818180208191802081A
:1020E0001A1802081B1802081C1802081D180208FA
:1020F0001E1802081F1802082018020821180208DA
:1021000022180208231802082418020825180208B9
:10211000A807010894220020B0040108400101082A
:10212000B00901080C0D0020A00901087401010884
:10213000B8090108AC080020651C0008B91C00089B
:10214000151D0008991D0008411E00089D1E00086D
:1021500004080020020001200B00DBB21B01134425
:10216000587000200B00DBB21B01134458600120A3
:10217000704738B504000D0001202900C9B20901DB
:102180002144487003F0F0FF2900C9B2090121443D
:102190004860012032BD020000200B00DBB21B01B1
:1021A000134458700120704762F30F2262F31F42FC
:1021B000401810F0030308D0C91A1FD3DB0748BF2B
:1021C00000F8012D28BF20F8022D130030B414466A
:1021D0001546103928BF20E93C00FAD8490728BF26
:1021E00020E90C0048BF40F8042D890028BF20F8E2
:1021F000022D48BF00F8012D30BC7047C91818BF28
:1022000000F8012DCB0728BF00F8012D704730B42E
:1022100003004FF6FF7000248C4213DA1A5D504021
:102220000822002A0CD0C50706D580B2400880F4E9
:10223000204090F0010001E080B24008521EF0E71B
:10224000641CE9E780B230BC70472DE9F843050013
:102250000E0017009846089C5FF000092868494660
:1022600089B2465419F101092868494689B2475490
:1022700019F10109404680B2000A29684A4692B223
:10228000885419F101092868494689B200F801808B
:1022900019F10109200080B2000A29684A4692B269
:1022A000885419F101092868494689B2445419F142
:1022B0000109494689B22868FFF7A9FF010028688B
:1022C0004A4692B2815419F10109080080B2000A0D
:1022D0002A684B469BB2D05419F10109A5F8049025
:1022E0000120BDE8F2832DE9F84F06000F0090466B
:1022F00099460A9DDDF82CA00024002130682200B8
:1023000092B28754641C3068220092B200F80280B6
:10231000641C484680B2000A326823009BB2D05445
:10232000641C3068220092B200F80290641C40469F
:10233000C0B2062802D0102807D01CE0280080B2C6
:10234000012801D0002040E015E0280080B2000AFA
:10235000326823009BB2D054641C3068220092B2D1
:102360008554641C2800C0B24000326823009BB230
:10237000D054641CFFE75FF0000B584680B2290080
:1023800089B2B0EB410F0BDA584680B21AF8000060
:102390003168220092B28854641C1BF1010BECE7F7
:1023A000210089B23068FFF732FF01003068220057
:1023B00092B28154641C080080B2000A3268230083
:1023C0009BB2D054641CB4800120BDE8F28F2DE98B
:1023D000F84F05000E00170098460A9CDDF82C9077
:1023E0005FF0000B002029685A4692B28E541BF110
:1023F000010B29685A4692B28F541BF1010B210040
:10240000C9B249002A685B469BB2D1541BF1010B4B
:102410005FF0000A504680B2210089B2B0EB410F54
:102420000CDA504680B219F8000029685A4692B278
:1024300088541BF1010B1AF1010AEBE7594689B2E6
:102440002868FFF7E4FE010028685A4692B28154DA
:102450001BF1010B080080B2000A2A685B469BB2A0
:10246000D0541BF1010BA5F804B00120BDE8F28F98
:102470002DE9F84F05000E00170098460A9CDDF87C
:102480002C905FF0000B5FF0000A2868594689B273
:1024900046541BF1010B2868594689B247541BF179
:1024A000010B404680B2000A29685A4692B288540D
:1024B0001BF1010B2868594689B200F801801BF115
:1024C000010B3800C0B2062802D010281DD02CE025
:1024D000200080B2012801D000203EE0002082468A
:1024E000504680B2210089B2B0EB410F0CDA504661
:1024F00080B219F8000029685A4692B288541BF13C
:10250000010B1AF1010AEBE70FE0200080B2000A8C
:1025100029685A4692B288541BF1010B2868594623
:1025200089B244541BF1010BFFE7594689B2286870
:10253000FFF76DFE010028685A4692B281541BF1E4
:10254000010B080080B2000A2A685B469BB2D05497
:102550001BF1010BA5F804B00120BDE8F28F30B4E7
:10256000002513E050F8042BD30744BFA9F1010361
:102570009A18091F042942F8045BFAD213468C0703
:1025800044BF15809B1CC90748BF1D7050F8041B31
:102590000029E7D130BC7047F8B403000025086873
:1025A000E840002800F0D78001260F6816FA05F0F1
:1025B00007403A00002A00F0CC80087910F00300B0
:1025C000012804D0087910F0030002281DD19F686B
:1025D0005FF0030C2800C0B240001CFA00FC37EA90
:1025E0000C07D1F80CC02800C0B240001CFA00FC57
:1025F0005CEA07079F605868AE40B0434E68C6F378
:102600000016AE40304304005C60087910F003000F
:1026100003280ED0DE6803272800C0B240008740A0
:10262000BE438F682800C0B2400087403E4334005C
:10263000DC60087910F00300022818D12800C008D7
:1026400003EB8000066A0F2715F00700C0B2800078
:102650008740BE430F6915F00700C0B28000874075
:102660003E4334002800C00803EB800004621E686B
:1026700003272800C0B240008740BE430F7917F0FF
:1026800003072800C0B2400087403E4334001C606E
:10269000486810F4403F5CD09548066856F0010643
:1026A0000660006810F0010000900098914F28002B
:1026B000800857F820605FF00F0C15F00300C0B2DF
:1026C00080001CFA00FC36EA0C06B3F1904F01D1F1
:1026D000002414E08848834201D101240FE0874898
:1026E000834201D102240AE08548834201D10324B8
:1026F00005E08448834201D1042400E0072415F05A
:102700000300C0B28000844026432800800847F8B8
:1027100020607D4C206890434F68FF0200D5104335
:1027200020607A4E346894434F68BF0200D514434A
:102730003460774E306890434F68BF0300D5104334
:102740003060744E346894434F68FF0300D51443DF
:1027500034606D1C23E7F1BC70472DE9F0410300A4
:1027600000250800E840002800F0A880012616FA9D
:1027700005F008400200002A00F09E80DFF874C1D6
:10278000280080085CF820000F2715F0030E5FFA80
:102790008EFE5FEA8E0E17FA0EFE1EEA000004009F
:1027A000B3F1904F02D15FF0000E19E0524883421E
:1027B00002D15FF0010E13E05048834202D15FF076
:1027C000020E0DE04E48834202D15FF0030E07E097
:1027D0004C48834202D15FF0040E01E05FF0070E27
:1027E00015F00300C0B280001EFA00FE74452CD123
:1027F0004848D0F800E03EEA020EC0F800E0444845
:10280000D0F800E03EEA020EC0F800E03F48D0F801
:1028100000E03EEA020EC0F800E03B48D0F800E0DD
:102820003EEA020EC0F800E015F00300C0B28000DE
:1028300017FA00F00400280080085CF82000A0438C
:10284000AE465FEA9E0E4CF82E005FF0030C18684F
:10285000AE465FFA8EFE5FEA4E0E1CFA0EFE5EEA90
:10286000000018602800C00803EB800E2800C00894
:1028700003EB8000D0F8208015F00700C0B2800084
:10288000874038EA0707CEF8207098682F00FFB21B
:102890007F001CFA07F7B84398605868AE4030EAEA
:1028A00006065E60DE682800C0B240001CFA00FC2C
:1028B00036EA0C0CC3F80CC06D1C52E7BDE8F08181
:1028C000020010690B009BB2184201D0012000E009
:1028D0000020C0B270471300DBB2002B03D00B0006
:1028E0009BB2836102E00B009BB2836270470000E1
:1028F0006010024008000140000400480008004841
:10290000000C004800100048080401400C0401407D
:10291000040401400004014080B5D448D44901605A
:102920005FF4E1314160002181600021C16000213C
:1029300001610C21416100218161002101620021BE
:10294000416201F043FB002801D003F072FC01BD9D
:1029500080B5C848C84901604FF416514160002154
:1029600081600021C160002101610C2141610021D1
:1029700081610021C161002101620021416201F0F9
:1029800025FB002801D003F054FC01BD80B5BB48F5
:10299000BB4901604FF41651416000218160002164
:1029A000C160002101610C21416100218161002190
:1029B000C161002101620021416201F007FB002892
:1029C00001D003F036FC01BD38B59EB004001422DE
:1029D0000021684603F02FFC6022002106A803F0C6
:1029E0002AFC2068A249884252D12020069000206B
:1029F000119006A803F02AFC002801D003F019FC6E
:102A0000A048016851F001010160006810F0010068
:102A1000059005989C48016851F00201016000682A
:102A200010F00200059005984FF4406000900220DD
:102A30000190012002900320039008200490694631
:102A40009248FFF7A9FD924D9248286004206860E3
:102A50000020A8600020E8608020286100206861D4
:102A60000020A8610020E86100202862280003F00F
:102A700061FE002801D003F0DCFB6567AC62002238
:102A80000021462004F0F7F8462004F009F9ABE0F5
:102A900020687949884251D10120069000200E908B
:102AA00006A803F0D3FB002801D003F0C2FB7A484C
:102AB000016851F480410160006810F48040059085
:102AC00005987148016851F002010160006810F03A
:102AD000020005900598C02000900220019000207F
:102AE0000290032003900720049069466748FFF78F
:102AF00053FD6A4D6A482860022068600020A86083
:102B00000020E86080202861002068610020A86122
:102B10000020E86100202862280003F00BFE002856
:102B200001D003F086FB6567AC62002200212520FE
:102B300004F0A1F8252004F0B3F855E020685049CE
:102B4000884251D1042006900020109006A803F07E
:102B50007DFB002801D003F06CFB5248016851F462
:102B600080210160006810F4802005900598464897
:102B7000016851F004010160006810F00400059044
:102B800005984FF4406000900220019000200290D0
:102B9000032003900720049069464348FFF7FCFC9C
:102BA000424D43482860022068600020A860002051
:102BB000E86080202861002068610020A861002072
:102BC000E86100202862280003F0B4FD002801D04D
:102BD00003F02FFB6567AC6200220021272004F080
:102BE0004AF8272004F05CF81FB030BD10B504008F
:102BF00020681F49884210D12248016849084900CD
:102C000001604FF440612148FFF7A7FD606F03F0BA
:102C100001FE462004F04BF827E020681649884260
:102C20000FD11D48016831F480410160C02117486F
:102C3000FFF793FD606F03F0EDFD252004F037F8FA
:102C400013E020680E4988420FD11648016831F41C
:102C5000802101604FF440611348FFF77EFD606FF3
:102C600003F0D8FD272004F022F810BD94220020A4
:102C7000008000401C23002000380140A4230020D5
:102C8000004800405C1002404C1002400004004824
:102C9000742700208004024060100240BC270020FE
:102CA0005800024058100240000800480428002044
:102CB0003000024080B5184801F0AEF802201749F4
:102CC000087001BD80B501221549164801F021FAAE
:102CD00000220121272003F0CEFF272003F0E0FF90
:102CE00001BD704738B504000B480D490A780368E8
:102CF00085885A558288521C8280828840F2FF1350
:102D00009A4201D3002282800122064801F001FA92
:102D100001200249087031BDBC0C00206D2A002042
:102D20006C2A0020A4230020C0F3C75181B1FF29E1
:102D300006D0C110400721F0E04101F16051704719
:102D400041020CBF40F4E0016FF0004100207047E9
:102D500000F0004100020AD0B0FA80FC00FA0CF04A
:102D600001F16051A1EB0C5101EBD02140057047FE
:102D7000014648B1B0FA80F18840C91CC1F58461B0
:102D8000090501EBD021400570470268531C036020
:102D90001170704741EC100B01BD80B553EC112B45
:102DA00051EC100B03F0A2FFF4E72E00F0B540F257
:102DB000FF7581EA030C0CF0004C15EA11541DBF9D
:102DC00015EA1357AC42AF42E5E0BC41C1F3130131
:102DD000C3F31303801A994143F4801304D2641E91
:102DE0004000494180185941C90241EA5051B1FBA4
:102DF000F3F603FB1611A2FB0675D7EBC020A94121
:102E000002D2761E80185941C90241EA5051B1FBE5
:102E1000F3FE03FB1E11A2FB0E75D7EBC020A941E8
:102E200003D2AEF1010E80185941890241EA905156
:102E3000760546EA8E2EB1FBF3F603FB1611A2FBD4
:102E40000675D7EB8020A94102D2761E8018594121
:102E5000C90241EA50514EEA060EB1FBF3F603FBFC
:102E60001611A2FB0675D7EBC020A94102D2761E2F
:102E700080185941C90241EA5051B1FBF3F703FBF5
:102E80001711A2FB0735D3EBC020A94167F100075A
:102E90000CBF004247F0010766F3D5274FEA1E3109
:102EA000B80814F5806412DDBD0775F1004250EBDF
:102EB0000E5051EB045111F5801F5CBF41EA0C012B
:102EC000F0BD4CF07F6141F0E0410020F0BDBD0756
:102ED0006D0840EA0E5041F48011D4F10104B4F1C0
:102EE00020060ADAC4F120060200E04001FA06F3E7
:102EF000E1401843B24015430EE0342C13DCC6F118
:102F0000200445EA40056D0820FA06F2154321FA2F
:102F100006F0A1400D43002175F1004250F1000080
:102F200051EB0C01F0BD00205FEA0C01F0BDCFB900
:102F300092185B41B3FA83F704BFB2FA82F6BF1965
:102F40000B3FB7F120062FBF02FA06F3BB40C7F1D3
:102F5000200622FA06F638BF3343BA401CB1E41902
:102F6000641E33E77F4231F00041B1FA81F404BFBF
:102F7000B0FA80F6A4190B3CB4F120062FBF00FA7A
:102F800006F1A140C4F1200620FA06F638BF31430D
:102F9000A0403C1B1AE7AC421ABF05EA1357AF42E8
:102FA00012E050EA41061CBF52EA4306BFE750EA6E
:102FB0004107304661461CBF41EA0551F0BD52EA67
:102FC000430C08BFC143F0BD00204FF4001616EBC0
:102FD000410F98BF16EB430F08BF16EB410F24BFFC
:102FE000C14305E016EB430F0CBF61464CEA0551A7
:102FF000F0BD000001F000428B1AA3F16051B1F561
:10300000801F0ADBB1F17F6F1FD242EAC102C1000B
:1030100071F1004142EB507070470B15C3F1090389
:10302000212B10D2890241EA9051800201284941A6
:1030300041F0004121FA03F0C3F12003994071F1FE
:10304000004150417047100070476FF0000013EBD3
:10305000103F5CBF000E42EAC050704780B50022AE
:103060004FF40071DFF8200CFFF735FC00224FF41D
:1030700000715FF09040FFF72EFC04F0ADF9DFF82F
:103080000C0CDFF80C1C0164DFF8081C421CC1F8B2
:103090008821021DC1F8A02110F134020A6210F14A
:1030A0001C028A63027A81F83D2010F120020A6531
:1030B000427A81F8552010F124028A66827A81F8DA
:1030C0006D2010F11402C1F8D021427A81F8D52187
:1030D00010F11002C1F84822027A81F84D2210F155
:1030E0005402C1F86022027A81F8652210F1580278
:1030F000C1F87822027A81F87D2210F12802C1F805
:10310000C022027A81F8C52210F12C02C1F8D8221F
:10311000427A81F8DD2210F13002C1F8F022827A81
:1031200081F8F52210F13802C1F83823C27A81F80B
:103130003D2310F13C02C1F85023C27A81F8552397
:1031400010F14402C1F88023027B81F8852310F13D
:103150004802C1F89823027B81F89D2310F14C02AC
:10316000C1F8B023027B81F8B52310F15002C1F8F9
:10317000C823007B81F8CD03DFF8780B0068C1F825
:103180001004DFF8740B0068C1F8400401BD38B5C5
:10319000002000242000C0B2072835DADFF85C5B8D
:1031A0002000C0B200012844407801282AD1200024
:1031B000C0B200012844406800280ED002F0D4FFBD
:1031C0002100C9B2090129444968401A2100C9B245
:1031D000090129448968884214D300202100C9B21A
:1031E00009012944487002F0BFFF2100C9B209015A
:1031F000294448602000C0B22100C9B20901294415
:10320000C9688847641CC5E7002032BD38B5040092
:10321000DFF8F45A687800281FD100224FF40071BB
:10322000DFF8640AFFF757FB00224FF400715FF0EC
:103230009040FFF750FB04F0CFF889200090202346
:1032400007220521DFF8C40A04F01EF90120687086
:103250000221DFF8A80AFEF77DFF012032BD7CB510
:103260000400DFF8AC5A2878002803D0022823D0C5
:1032700003D33DE004F050FA3AE004F0C3FA8920A9
:103280000090202307220521DFF8800A04F0FCF8D3
:10329000DFF8802A03212C2004F010FADFF8782AC6
:1032A0000421082004F00AFA04F009FB41F28830F6
:1032B000DFF8481A88611BE00120DFF84C1A4870DB
:1032C00089200090202307220521DFF8400A04F01E
:1032D000DBF8DFF8286A02213000FEF73BFF03210C
:1032E0003000FEF737FF04213000FEF733FFFFE721
:1032F0002878401C28702100C9B2DFF8000AFEF7C8
:1033000038FF012076BD70B5040000F0BCF8DFF88E
:10331000F8596878012803D1A87800F005FC04E08A
:103320000021DFF8D809FEF715FFDFF8F009A978CA
:103330000278914207D0A9780170DFF8E4090068AB
:10334000DFF8E0190860A8780B2812D1DFF8D469FB
:103350004FF4FA61306800F017FD012809D1DFF859
:10336000C00900683060062215F10801A81C00F0B1
:10337000B3FD2100C9B2DFF88409FEF7FAFE01208F
:1033800070BD10B50400DFF8A019DFF8A0090069CE
:1033900000F0FAFC012827D1DFF89409017801290F
:1033A00005D1002101700020DFF85C198870DFF87A
:1033B00084090188491C018042F21071DFF83C2920
:1033C0002300DBB21B011A449268B1FBF2F10288C0
:1033D0008A420DD300210180DFF82C19887800285B
:1033E00006D00020887003E00120DFF8441908703F
:1033F0002100C9B2DFF80409FEF7BBFE012010BDB1
:1034000038B5040004F0E1FADFF82059287A0128E1
:1034100008D10521DFF8E408FEF79CFEDFF800097B
:10342000006828612100C9B2DFF8D008FEF7A1FECC
:10343000012032BD10B5040004F0AEFADFF8EC084C
:103440000021017000210172012010BD10B504009F
:1034500000224FF40051DFF83008FFF73CFA01205A
:1034600010BD10B5040001224FF40051DFF8180818
:10347000FFF731FADFF88408210089B2816606215E
:10348000FEF777FE10BD38B5DFF80048DFF8A80872
:10349000216C097850F82100DFF8F817C1F82003F3
:1034A000DFF8980801786170DFF89418407851F8D7
:1034B00020006060207A01F06DFD00EE100ADFF858
:1034C0008458B8EE400AD5ED010A20EE200ABDEE80
:1034D000C00A84ED040A607A01F05CFD00EE100A77
:1034E000B8EE400AD5ED020A20EE200ABDEEC00A71
:1034F00084ED050AA07A01F04DFD00EE100AB8EE49
:10350000400AD5ED030A20EE200ABDEEC00A84ED84
:10351000060A207A01F03EFD00EE100AB8EE400ADD
:10352000D5ED040A20EE200ABDEEC00A84ED070A9C
:10353000607A01F02FFD00EE100AB8EE400AD5EDDA
:10354000050A20EE200ABDEEC00A84ED080AA07A22
:1035500001F020FD00EE100AB8EE400AD5ED060A93
:1035600020EE200ABDEEC00A84ED090A207A01F09F
:1035700011FD00EE100AB8EE400AD5ED070A20EE64
:10358000200ABDEEC00A84ED0A0A607A01F002FD4D
:1035900000EE100AB8EE400AD5ED080A20EE200A27
:1035A000BDEEC00A84ED0B0AA07A01F0F3FC00EE38
:1035B000100AB8EE400AD5ED090A20EE200ABDEE49
:1035C000C00A84ED0C0ADFF8800790ED010AF2EEE4
:1035D000040A20EE200ABDEEC00A84ED0D0AE07A4E
:1035E00001F0D8FC00EE100ADFF8A456B8EE400A4D
:1035F000D5ED020A20EE200ABDEEC00A84ED0E0AC7
:10360000E07A01F0C7FC00EE100AB8EE400AD5EDF2
:10361000010A20EE200ABDEEC00A84ED0F0A207BCD
:1036200001F0B8FC00EE100ADFF82057B8EE400AAF
:10363000D5ED000A20EE200ABDEEC00A84ED110A85
:10364000207B01F0A7FC00EE100AB8EE400AD5ED91
:10365000010A20EE200ABDEEC00A84ED120A207B8A
:1036600001F098FC00EE100AB8EE400AD5ED020A0F
:1036700020EE200ABDEEC00A84ED130A207B01F083
:1036800089FC00EE100AB8EE400AD5ED030A20EEE0
:10369000200ABDEEC00A84ED140A207A01F07AFCFB
:1036A00000EE100ADFF8A856B8EE400AD5ED070A7A
:1036B00020EE200ABDEEC00A84ED150A207A01F042
:1036C00069FC00EE100AB8EE400AD5ED0A0A20EEB9
:1036D000200ABDEEC00A84ED160A31BD2DE9F84F6F
:1036E0008AB006002021002202AC2000FEF75CFD1B
:1036F0000024002500208DF8050000208DF806002C
:103700001827DFF890853000C0B27843404490F825
:1037100015903000C0B2784340444068002842D041
:1037200001213000C0B200F0A9F900280ED130000C
:10373000C0B27843404442683000C0B2784340444D
:10374000017D4846C0B203F0B9FF1EE05FF0000AF9
:103750003000C0B278434044406806F087F85146D4
:10376000C9B2814207D2202002A95246D2B288545F
:103770001AF1010AECE702AA3000C0B278434044D3
:10378000017D4846C0B203F099FF3000C0B27843D3
:103790004044406806F06AF8DFF8B8150979491C1A
:1037A000484310FA89F93000C0B278434044806839
:1037B000002800F03A813000C0B278434044007BDA
:1037C00000280BD002281ED012D3042830D024D3D6
:1037D000062845D036D307283ED044E03000C0B29A
:1037E0007843404480680078002104000D003AE0EE
:1037F0003000C0B278434044806890F90000C1179F
:1038000004000D002FE03000C0B2784340448068CF
:103810000088002104000D0025E03000C0B278438C
:1038200040448068B0F90000C11704000D001AE0A0
:103830003000C0B278434044806800680021040032
:103840000D0010E03000C0B278434044806800684A
:10385000C11704000D0006E001208DF8050002E00C
:1038600002208DF805009DF8050000280CD13000DD
:10387000C0B278434044407B40420200D2B202A929
:10388000200000F099FA26E09DF8050001281AD1E1
:103890003000C0B278434044806805F0E7FF20283C
:1038A00019D23000C0B278434044806805F0DEFF92
:1038B000020092B23000C0B278434044816802A84E
:1038C00000F00AFB07E03000C0B278434044806853
:1038D00000788DF8080002213000C0B200F0CEF868
:1038E000012823D13000C0B278434044807DC0B26B
:1038F00000098DF806009DF806000F2805D020204D
:1039000002A99DF80620885410E05FF0000A02A882
:1039100005F0ACFF5146C9B2814207D2202002A96E
:103920005246D2B288541AF1010AF0E73000C0B210
:1039300002285ED15FF0000A00208DF804003000FC
:10394000C0B278434044407B002802D009208DF863
:103950000400392000902E2315220F21DFF8F803F0
:1039600005F0A0FF02A805F081FF8346DFF8E4031D
:103970000079401C00FB0BFB5846C0B2022190FBB3
:10398000F1F01F280BDA5846C0B2022190FBF1F08B
:10399000D0F140009DF8041050FA81FA07E0584633
:1039A000C0B2D0F15F009DF8041050FA81FA02AA6B
:1039B0003000C0B278434044007D401CC0B2DFF804
:1039C00094134979D1EBC001491EC9B25046C0B227
:1039D00006F012F95AFA8BF09DF80490B0EB090941
:1039E00089200090202307220521C84803F04CFDC0
:1039F0001BE089200090202307220521C34803F003
:103A000043FD02AA3000C0B278434044017D4846DD
:103A1000C0B203F053FE02A805F028FFCD49097992
:103A2000491C484310FA89F081463000C0B27843FF
:103A30004044006900281ED03000C0B278434044A2
:103A40008068002817D03000C0B2784340448068B6
:103A5000C24988420FD03000C0B278434044026966
:103A60003000C0B207FB00F708EB0700017D4846B5
:103A7000C0B203F023FE0BB0BDE8F08FF8B5040030
:103A80000D0084492200D2B21820424301EB02000B
:103A9000817D2800C0B201402800C0B281422FD1F0
:103AA000C026AF4F4FF496712800C0B2704338441F
:103AB0002200D2B250F8220000F066F901282AD183
:103AC0002800C0B206FB00F607EB06002100C9B2D1
:103AD000934A126840F821203020A2492A00D2B22D
:103AE00042430A442300DBB22E00F6B200FB06F08C
:103AF00008442100C9B2405CD0F10100D0540AE072
:103B000098492A00D2B23020424301EB0200210042
:103B1000C9B2002242549349EDB23020454301EB33
:103B20000500E4B2005DF2BD70B50400002603F0AC
:103B300069FE00F077F82000C0B200F07DF82000A8
:103B4000C0B200F0A9F80025280080B2302811DAB0
:103B500050492A0092B21820424301EB0200C07D76
:103B60002100C9B2884203D12800C0B2FFF7B6FDD8
:103B70006D1CE9E703F0A3FE70BDF0B44271C47898
:103B800003792500EDB2AB420AD3F025414E270060
:103B9000FFB218235F4306EB07039D75641CEFE734
:103BA00018233C4C85785D4325444679AE75002941
:103BB00004D0857803FB05F323449960F0BC70477B
:103BC0002DE9F84F0700884691469A460A9E0B9DBC
:103BD000DDF830B00D9C87F8008087F8019087F8F9
:103BE00002A0FE703D712200D2B259463800FFF7A4
:103BF000C4FFBDE8F18F10B4010000221000C0B274
:103C000004280CD21000C0B2085C574B1400E4B278
:103C10001B5D984201D0002002E0521CEEE701201B
:103C200010BC704780B50120009008237F22082136
:103C3000002006F065F801BD70B504002000C0B298
:103C4000002820D13F48007800280ED1114D2CA625
:103C5000320095F85C10782003F030FD320095F8C2
:103C60007410782003F02AFD0DE026A6094D3200DD
:103C700095F85C10782003F021FD320095F874105F
:103C8000782003F01BFD70BD000800487C00002078
:103C9000E02900203C0100200100C9B20A2924D1FA
:103CA00032490978002906D002290ED008D3042908
:103CB00015D00FD318E02E492E4AC2F8581418E038
:103CC0002D492C4AC2F8581413E02C49294AC2F84D
:103CD00058140EE02A49274AC2F8581409E0294925
:103CE000244AC2F8581404E003E02149214AC2F8EA
:103CF0005814704754060020D80000200C00002003
:103D0000200000004E000000B4290020C8FD00087B
:103D1000612A00209007010864030108622A00203C
:103D2000402A0020102A002080EE36006C29002056
:103D3000632A0020542A0020340100200C0D0020AA
:103D40009007002084280020F8290020C4290020A2
:103D50004C280020D4290020A0FB00080E0D0020D4
:103D6000C419002004220020E00000207C00002074
:103D7000E40000203C010020F400002004010020A9
:103D8000140100202401002038B504000D00DFF8E4
:103D9000FC010168200000F006F8A84201D30120D0
:103DA00000E0002032BD814204D25FF0FF32101AE1
:103DB000081800E0081A704738B52DED048B08EE9E
:103DC000100A0C001500DFED438A2800C0B2FB2862
:103DD00010DBB8EEC89A2800C0B24042C0B200F072
:103DE0008BF829EE009A00212000B0EE490A00F07D
:103DF000B1F80EE0B8EEC89A2800C0B200F07CF826
:103E000089EE009A2900C9B22000B0EE490A00F0FC
:103E1000A1F8BDEC048B31BD10B400210A008388E9
:103E200092B29A4206D2002203680C00A4B21A553C
:103E3000491CF3E70022828010BC704710B40400D4
:103E400013005A1E9BB2002B02D02170641CF7E7AE
:103E500010BC704770B504000D001600DFF8240197
:103E600000782100C9B2884209D3DFF82421106804
:103E7000002804D0310089B228001268904770BD34
:103E800038B504000D00280005F0F0FC020092B2E5
:103E900029002000C0B2FFF7DDFF31BD70B504007E
:103EA0000D00280005F0E2FC020092B2290020007B
:103EB000C0B2FFF7CFFFDFF8DC603068002807D022
:103EC000280005F0D3FC010089B228003268904731
:103ED00070BD00000000000030B404000D001300AD
:103EE0005A1E9BB2002B04D02B7823706D1C641CCF
:103EF000F5E730BC7047000010B504002000C0B2E8
:103F0000FB2816DB2000C0B2D0F5807005F092FFD0
:103F100041EC110B9FED200BFEF73FFF53EC102BF4
:103F200000201949FEF742FFFFF764F800EE100A7F
:103F30000FE02000C0B2FEF71BFF41EC110B9FED1C
:103F4000160BFEF72AFF51EC100BFFF753F800EEAB
:103F5000100A10BD38B52DED028B82B0B0EE408A4C
:103F600004000D0018EE100AFEF7DEFECDE9000198
:103F70002A000B49200005F06FFF02B0BDEC028B58
:103F800031BD0000100D00200000F03F402A00204D
:103F9000482A0020442A002000000000000024409D
:103FA000F009010870B5040002F0DEF805002600F3
:103FB00016F1010F02D004480078361802F0D4F848
:103FC000401BB042FAD370BD0F0D002010B50400A5
:103FD000002C01D1012035E0A0690028FFD1E06F5D
:103FE000002805D1002084F878002000FEF7ECFCC2
:103FF0002420E067206800684008400021680860CD
:10400000606A002802D0200000F0DEFB200000F0F3
:104010005FFA012801D1012014E02068406830F4E3
:104020009040216848602068806830F02A0021684C
:1040300088602068006850F0010021680860200056
:1040400000F02FFC10BD2DE9FC4706000D00170005
:104050009846F06F202859D1002D03D0380080B247
:10406000002801D1012052E00020C6F88400212060
:10407000F06702F079F88146A6F85070A6F8527001
:10408000B068B0F5805F05D13069002802D1002406
:10409000AA4602E02C005FF0000AB6F852000028A1
:1040A00022D0CDF800804B4600228021300000F065
:1040B00061FC002803D02020F067032027E0002CBB
:1040C00008D1BAF80000C005C00D316808851AF1A2
:1040D000020A03E0207831680885641CB6F85200B3
:1040E000401EA6F85200D8E7CDF800804B460022CB
:1040F0004021300000F03EFC002803D02020F06773
:10410000032004E02020F067002000E00220BDE84A
:10411000F68770B505000C001600D5F88000202841
:1041200024D1002C03D0300080B2002801D101201E
:104130001DE0002028662868DFF8901388420ED022
:104140002868406800020AD5286850E8000F50F03F
:10415000806001002A6842E800100028F4D1320093
:1041600092B22100280000F054FC00E0022070BD53
:104170002DE9F04706003068C7693068D0F8008044
:104180003068D0F8089040F60F043C40002C0BD16A
:10419000B80609D55FEA886006D5B06E002802D05F
:1041A0003000B16E88478FE1002C00F0AA805FEAF2
:1041B000C97005D4DFF8080618EA000F00F0A180E6
:1041C00017F00100C0B200280BD05FEAC85008D534
:1041D000012031680862D6F8840050F00100C6F86A
:1041E0008400B8070DD519F00100C0B2002808D02E
:1041F000022031680862D6F8840050F00400C6F846
:10420000840078070DD519F00100C0B2002808D04D
:10421000042031680862D6F8840050F00200C6F825
:104220008400380710D55FEA886004D419F00100D3
:10423000C0B2002808D0082031680862D6F884008F
:1042400050F00800C6F8840038050CD55FEA481025
:1042500009D54FF4006031680862D6F8840050F048
:104260002000C6F88400D6F88400002848D0B8069C
:1042700008D55FEA886005D5B06E002802D030000E
:10428000B16E8847D6F88400050030688068400623
:1042900002D415F0280F2DD0300000F09EFC3068BD
:1042A0008068400622D53068083050E8000F30F0B2
:1042B00040000100306810F1080242E800100028B8
:1042C000F1D1706F00280DD0DFF8F804716F8863AA
:1042D000706F02F07FFB002812D0706F716F896BD6
:1042E00088470DE0300005F011FE09E0300005F0D0
:1042F0000DFE05E0300005F009FE0020C6F8840040
:10430000E2E0306E012840F0BD80F80640F1BA804E
:104310005FEAC86040F1B6801020316808623068FA
:10432000806840066DD5706F0068D0F804A05046D4
:1043300080B2002852D05046B6F8581080B2884259
:104340004CD2A6F85AA0706F00680068800639D475
:10435000306850E8000F30F480700100326842E8A5
:1043600000100028F4D13068083050E8000F4008F1
:1043700040000100306810F1080242E800100028F7
:10438000F1D13068083050E8000F30F040000100F3
:10439000306810F1080242E800100028F1D1202016
:1043A000C6F8800000203066306850E8000F30F01A
:1043B00010000100326842E800100028F4D1706F4C
:1043C00002F0DEFA02207066B6F85810B6F85A000D
:1043D000091A89B2300005F07AFD11E05046B6F8AE
:1043E000581080B288420BD1706F00680068800658
:1043F00006D502207066B6F85810300005F067FD4B
:1044000062E0B6F85800B6F85AA0B0EB0A0AB6F85F
:104410005A00002835D0504680B2002831D030688C
:1044200050E8000F30F490700100326842E800104C
:104430000028F4D13068083050E8000F40084000F0
:104440000100306810F1080242E800100028F1D1A4
:104450002020C6F88000002030660020B06630685A
:1044600050E8000F30F010000100326842E8001000
:104470000028F4D102207066514689B2300005F060
:1044800026FD21E0F8020AD55FEA492007D55FF44E
:10449000801031680862300005F0CAFD14E038066B
:1044A00009D55FEA086006D5F06E002802D030001A
:1044B000F16E884708E0780606D55FEA486003D5C4
:1044C000300000F054FCFFE7BDE8F08700800040BA
:1044D0002DE9F04704000026DFF8A819206888427B
:1044E000FFD0A2682069024360690243E069024389
:1044F00020680368DFF890090340134320680360D5
:104500002068436833F44053E06803432068436005
:10451000D4F818802068884202D0206A50EA08083F
:104520002068806830F4306058EA000022689060AB
:104530002068DFF8482A904216D1DFF8440A006864
:1045400010F00300002805D0022805D006D3032868
:1045500006D007E0012760E002275EE004275CE068
:1045600008275AE0102758E02068DFF8182A904200
:1045700017D1DFF80C0A006810F00C00002806D0F4
:10458000042808D0082804D00C2806D007E000270B
:1045900043E0022741E004273FE008273DE01027E1
:1045A0003BE02068DFF8E029904217D1DFF8D0091E
:1045B000006810F03000002806D0102808D020280D
:1045C00004D0302806D007E0002726E0022724E0A8
:1045D000042722E0082720E010271EE020688842F8
:1045E0001AD1DFF89C09006810F44060002809D057
:1045F000B0F5806F0AD0B0F5006F05D0B0F5406F10
:1046000006D007E0002708E0022706E0042704E0C0
:10461000082702E0102700E010272068884246D1D2
:104620003800C0B2002806D0022808D0042809D0DB
:1046300008280BD00DE006F06BF981460DE0DFF89D
:104640004C990AE006F0F7F8814606E04FF400497D
:1046500003E05FF0000901200600B9F1000F00F04F
:10466000A580616803204143894505D361684FF403
:1046700080504143494502D20120060096E04FF4A4
:104680008072606840080021E2FB09016268002333
:1046900006F0CEF90500B5F5407F05D3B5F5801FCE
:1046A00002D22068C56081E0012006007EE0E0695A
:1046B000B0F5004F41D13800C0B2002808D0012821
:1046C0000AD002280CD004280DD008280FD011E001
:1046D00006F01EF9814611E006F027F981460DE04B
:1046E000DFF8A8980AE006F0A6F8814606E04FF445
:1046F000004903E05FF0000901200600B9F1000F56
:1047000054D06068400810EB49006168B0FBF1F0DC
:104710000500102D0ED3B5F5803F0BD24FF6F0718A
:104720002940C5F3420001438A46504680B22168C1
:10473000C8603BE00120060038E03800C0B2002825
:1047400008D001280AD002280CD004280DD008284F
:104750000FD011E006F0DCF8814611E006F0E5F834
:1047600081460DE0DFF824980AE006F064F88146FF
:1047700006E04FF4004903E05FF000090120060065
:10478000B9F1000F12D0606819EB50006168B0FBFE
:10479000F1F00500102D07D3B5F5803F04D22800B5
:1047A00080B22168C86001E0012006000020A066F8
:1047B0000020E0663000C0B2BDE8F08700000000D5
:1047C00020010004554D000890F82410090707D572
:1047D00001684A6832F40042416B0A4301684A604A
:1047E00090F82410C90707D501684A6832F40032EE
:1047F000816A0A4301684A6090F82410890707D546
:1048000001684A6832F48032C16A0A4301684A602A
:1048100090F82410490707D501684A6832F48022CD
:10482000016B0A4301684A6090F82410C90607D555
:1048300001688A6832F48052816B0A4301688A6099
:1048400090F82410890607D501688A6832F400526E
:10485000C16B0A4301688A6090F82410490613D599
:1048600001684A6832F48012016C0A4301684A60A8
:10487000016CB1F5801F07D101684A6832F4C002AB
:10488000416C0A4301684A6090F82410090607D574
:1048900001684A6832F40022816C0A4301684A6068
:1048A000704738B504000020C4F8840001F05CFCB7
:1048B00005002068006800071DD57FF07E4000904D
:1048C0002B0000225FF40011200000F053F80028B4
:1048D00011D0206850E8000F30F0800001002268FD
:1048E00042E800100028F4D12020E067002084F87E
:1048F000780003203DE02068006840072CD57FF059
:104900007E4000902B0000225FF48001200000F028
:1049100031F8002820D0206850E8000F30F4907063
:104920000100226842E800100028F4D12068083015
:1049300050E8000F400840000100206810F1080214
:1049400042E800100028F1D12020C4F880000020A7
:1049500084F8780003200CE02020E0672020C4F8D1
:1049600080000020206600206066002084F8780027
:10497000002032BD2DE9F04105000E0090461F00D9
:10498000069C2868C0693040B04201D1012000E097
:1049900000204146C9B2884238D114F1010FF0D04D
:1049A00001F0E2FBC01B844201D3002C01D10320A3
:1049B0002DE0286800684007E3D5802EE1D0402E26
:1049C000DFD02868C06900070DD508202968086273
:1049D000280000F002F90820C5F88400002085F8BE
:1049E0007800012013E02868C0690005C9D54FF49C
:1049F000006029680862280000F0EFF82020C5F860
:104A00008400002085F87800032000E00020BDE845
:104A1000F08130B403005965A3F85820A3F85A2058
:104A2000002098669868B0F5805F0BD1186900285F
:104A300004D140F2FF10A3F85C0023E0FF20A3F8AC
:104A40005C001FE0986800280AD11869002803D18B
:104A5000FF20A3F85C0015E07F20A3F85C0011E0C4
:104A60009868B0F1805F0AD11869002803D17F20CF
:104A7000A3F85C0006E03F20A3F85C0002E0002001
:104A8000A3F85C000020C3F884002220C3F8800053
:104A90001868083050E8000F50F001000400186852
:104AA00010F1080545E800400028F1D19868B0F5FC
:104AB000805F06D11869002803D10FF2D1309866C3
:104AC00002E00FF2D5209866186900280BD018680C
:104AD00050E8000F50F4907004001D6845E8004055
:104AE0000028F4D10AE0186850E8000F50F02000C8
:104AF00004001D6845E800400028F4D1002030BCC7
:104B0000704770B504000D0016006565A4F8586084
:104B10000020C4F884002220C4F88000606F0028C0
:104B200021D00FF21510616FC8620FF2B110616FE2
:104B300008630FF2D110616F48630020616F8863D2
:104B400033009BB2626D206810F12401606F01F0A8
:104B5000CBFE002807D01020C4F884002020C4F821
:104B6000800001202AE0206900280AD0206850E84F
:104B7000000F50F480700100226842E80010002805
:104B8000F4D12068083050E8000F50F00100010017
:104B9000206810F1080242E800100028F1D12068D6
:104BA000083050E8000F50F040000100206810F17C
:104BB000080242E800100028F1D1002070BD016811
:104BC00051E8001F31F0C0010A00036843E80021EA
:104BD0000029F4D12021C1677047016851E8001F06
:104BE00031F490710A00036843E800210029F4D1F0
:104BF0000168083151E8001F490849000A000168AE
:104C000011F1080343E800210029F1D1016E0129C7
:104C10000AD1016851E8001F31F010010A00036851
:104C200043E800210029F4D12021C0F880100021A0
:104C3000016600218166704738B50400A56A2068C6
:104C4000006880063AD40020A5F85A00286850E889
:104C5000000F30F4807001002A6842E8001000283C
:104C6000F4D12868083050E8000F400840000100E7
:104C7000286810F1080242E800100028F1D12868E5
:104C8000083050E8000F30F040000100286810F1B3
:104C9000080242E800100028F1D12020C5F8800069
:104CA000286E01280AD1286850E8000F30F0100063
:104CB00001002A6842E800100028F4D1002068664C
:104CC000286E012805D1B5F85810280005F0FFF826
:104CD00002E0280005F0E0F831BD000038B504001E
:104CE000A56A01206866286E012807D1B5F858101A
:104CF000490889B2280005F0EAF802E0280005F02A
:104D0000AFFF31BDF8B50400A56AEE6FD5F880702D
:104D100028688068000607D5212E05D10020A5F857
:104D200052002800FFF74BFF28688068400607D52F
:104D3000222F05D10020A5F85A002800FFF74DFFCB
:104D4000D5F8840050F01000C5F88400280005F064
:104D5000DDF8F1BD38B50400A56A0020A5F85A00B9
:104D60000020A5F85200280005F0D0F831BD10B59C
:104D70000400206850E8000F30F040000100226875
:104D800042E800100028F4D12020E0670020E0660F
:104D9000200005F066FF10BD70B50500B5F85C6039
:104DA000D5F88000222866D12868808C040016EA95
:104DB0000400696D0870686D401C6865B5F85A009C
:104DC000401EA5F85A00B5F85A00002859D12868A5
:104DD00050E8000F30F4907001002A6842E800109B
:104DE0000028F4D12868083050E8000F400840003F
:104DF0000100286810F1080242E800100028F1D1F3
:104E00002020C5F880000020A86600206866286879
:104E10001C4988420ED02868406800020AD52868DC
:104E200050E8000F30F0806001002A6842E800106E
:104E30000028F4D1286E012819D10020286628689E
:104E400050E8000F30F0100001002A6842E800101E
:104E50000028F4D12868C069C00602D5102029684E
:104E60000862B5F85810280005F031F809E028006C
:104E700005F012F805E02868008B50F0080029685A
:104E8000088370BD00800040F369FFEFF8B50500AE
:104E9000B5F85C70D5F88000222867D12868808C2E
:104EA0000400686D060017EA04003080686D801CFD
:104EB0006865B5F85A00401EA5F85A00B5F85A00C2
:104EC000002859D1286850E8000F30F49070010094
:104ED0002A6842E800100028F4D12868083050E819
:104EE000000F400840000100286810F1080242E865
:104EF00000100028F1D12020C5F880000020A8660D
:104F0000002068662868224988420ED028684068D8
:104F100000020AD5286850E8000F30F080600100D8
:104F20002A6842E800100028F4D1286E012819D11F
:104F300000202866286850E8000F30F010000100BB
:104F40002A6842E800100028F4D12868C069C00629
:104F500002D5102029680862B5F85810280004F01E
:104F6000B6FF09E0280004F097FF05E02868008BF1
:104F700050F0080029680883F1BD000000380140A6
:104F80008810024000440040004800400024F40023
:104F90000080004001000800C0B2002801D10120BB
:104FA00021E00800C0B2FF2801D10A201BE0080060
:104FB000C0B2FE2801D1642015E00800C0B2FD286F
:104FC00002D14FF47A700EE00800C0B2FC2802D182
:104FD00042F2107007E00800C0B2FB2802D1DFF8EF
:104FE000980300E0012070472DE9F24F8246934676
:104FF000002000210A260027B046B946009A1588ED
:10500000BBF1000F08D5DBF100042D202A0092B27D
:105010000AF802006D1C00E05C46200000214246B8
:105020004B4605F005FD002901D1002808D0A6FB5C
:10503000080106FB091107FB081180468946ECE7C9
:10504000404649460A22002305F0F2FC06000F0004
:10505000002F01D1002E28D02000002132003B007B
:1050600005F0E6FC3030290089B20AF801006D1C19
:10507000A0465FF000092000002132003B0005F04F
:10508000D7FCA6FB002306FB013307FB0033B8EB7C
:10509000020079EB03010400300039000A220023EA
:1050A00005F0C6FC06000F00D2E700980580280036
:1050B000C0B2BDE8F28F2DE9FE4F06000F0090460A
:1050C0000020ADF800000020002400215FF0000B5C
:1050D000B7F80090B8F1000F02D5D8F1000500E054
:1050E0004546424639003000FFF77EFFB7F800A082
:1050F000002D4FD09DF80800FFF74CFF01008D42B6
:1051000005D20A2045431BF1010B002DF7D158466B
:10511000C0B2002821D050460200D2B2324412F868
:10512000012C2D2A06D00200D2B24B4692B29BB27D
:105130009A4208D130220300DBB2F2541AF1010A7C
:10514000BBF1010BE3E70200D2B2324412F8012CAA
:105150000300DBB2F254401EDEE70A20B1FBF0F49C
:1051600050468346002C15D00A20B4FBF0F4584674
:10517000C0B2304410F8010C5946C9B27054BBF1AA
:10518000010B002CEED12E205946C9B270541AF1F1
:10519000010AE7E7A7F800A05046C0B2BDE8FE8FBD
:1051A000F0B4049C00252E00B6B2A6420BD20E88A5
:1051B000771C0F802F00BFB217FA83F7D75DB6B206
:1051C00087556D1CEFE7F0BC704700002DE9F34FE9
:1051D00081B02DED028B9FED658A0024012500260C
:1051E000F7EE008A00273800C0B2202864DA03985E
:1051F000F84010F0010004003800C0B2172829DA86
:1052000018EE900AFDF790FD82468B462000C0B252
:10521000FDF7AEFD804689463800C0B2D0F11700D8
:105220005FF0FF31484304F005FE41EC110B9FEDA8
:10523000500BFDF7B2FD51EC100B42464B4605F00A
:1052400011FD52465B4605F0DFFDFDF7D3FE08EE8B
:10525000900A2FE03800C0B21F2824DA3000C0B214
:10526000FDF786FD82468B462000C0B2FDF780FD2B
:10527000804689463800C0B2173804F0DBFD41ECA7
:10528000110B9FED3B0BFDF788FD51EC100B4246D7
:105290004B4605F0E7FC52465B4605F0B5FD05F0D0
:1052A00071FE060006E02000C0B2012802D15FF0C6
:1052B000FF3005007F1C96E7280040B204F0BAFDDD
:1052C000804689463000C0B27F3804F0B3FD41EC1F
:1052D000110B9FED270BFDF760FD51EC100B4246C3
:1052E0004B4605F0BFFC8046894618EE900AFDF754
:1052F0001BFD42464B4605F0B5FCFDF77BFE00EE7C
:10530000100A049880ED000ABDEC028BBDE8F78F0F
:1053100070B4030000220024002000252A000E00A3
:10532000D2B2F6B2B2421FD22A00D2B29A5C302A6E
:105330000ADB2A00D2B29A5C3A2A05DA2A00D2B2F3
:105340009A5C303A140001E0002214002A00D2B224
:10535000002A03D12200D2B2100003E00A225043F7
:1053600050FA84F06D1CD9E770BC70470000000053
:105370000000000000000040A086010010B42DEDE8
:10538000010A00206A460023042B07D2D45C1900CE
:10539000C9B2C9008C4020435B1CF5E712BC7047C2
:1053A0002DE9F74F82B000265FF0000A5FF0000B96
:1053B00054465D46002000900127DDF80C80DDF8A2
:1053C0000890049810F0070F2BD10498C008002112
:1053D00082468B4605F04CFE4FF47A7005F060FE75
:1053E00000200600300080B20021594517D801D3B3
:1053F000504514D2D8E9000104000D0022002B0012
:105400004946002005F0DCFD07003800C0B2012845
:1054100005D019F1080918F10808761CE2E705F033
:1054200038FE3800C0B205B0BDE8F08F70B504009A
:10543000012505F01DFE06004FF47A7005F030FEE0
:105440003000C0B200280FD1C4F3CC20B0F5807F6B
:1054500005D20121C4F3CC2005F08EFE04E0012129
:10546000C4F3CC2005F088FE4FF47A7005F018FEE6
:1054700005000548016831F00201016005F009FEF0
:105480002800C0B270BD0000142002402DE9F04198
:10549000C0B004000D00160000274FF480710022F8
:1054A000E8464046FCF780FE2000FFF7BFFFA5203E
:1054B0008DF8000030008DF801005FF000084046D4
:1054C000310080B289B288420AD2404680B2285C5C
:1054D0006946424692B21144887018F10108EEE71D
:1054E000B61C300080B20821B6B20836361A90FBDE
:1054F000F1F001FB0066320092B269462000FFF72E
:105500004FFF002801D0002000E0012040B0BDE89E
:10551000F081000002000020704730B40200DFF884
:10552000680B002304688588635583885B1C83802F
:10553000DFF8583B1B7804688588635583885B1CBB
:105540008380012030BC7047F8B504000D000020B6
:1055500000212E0022683300DBB2D25C23683700C2
:10556000FFB23B445F7857EA02273A0092B2B2F5A5
:10557000807F23DA380080B200281FD0DFF8080BC4
:1055800021683200D2B2895C02688388D154818854
:10559000491C818021683200D2B2114449780268E6
:1055A0008388D1548188491C8180DFF8E00A4178E2
:1055B0003800C0B200F06BFB012000E00020F2BD1B
:1055C00030B40200DFF8C00A002304688588635500
:1055D00083885B1C8380DFF8B43A5B780468858835
:1055E000635583885B1C8380012030BC7047F8B50D
:1055F00004000D00002000212E0022683300DBB2E1
:10560000D25C23683700FFB23B445F7857EA022739
:105610003A0092B20B2A1FDADFF86C0A21683200D6
:10562000D2B2895C02688388D1548188491C818008
:1056300021683200D2B21144497802688388D1547B
:105640008188491C81803900C9B2DFF8400A00789E
:1056500000F01DFB012000E00020F2BDF8B50400C1
:105660000D000026DFF8280A90ED040AFFF786FEF9
:105670000100DFF8140A0A00120A03688788DA5565
:105680008288521C828002688388D1548288521C8E
:1056900082800A00120E03688788DA558288521CBD
:1056A00082800A00120C03688788DA558288521CAF
:1056B00082800120F2BDF8B504000D000026DFF85D
:1056C000D00990ED060AFFF759FE0100DFF8B8098E
:1056D0000A00120A03688788DA558288521C828081
:1056E00002688388D1548288521C82800A00120E7C
:1056F00003688788DA558288521C82800A00120C5F
:1057000003688788DA558288521C82800120F2BDA6
:10571000F8B504000D000026DFF8740990ED050AC5
:10572000FFF72CFE0100DFF860090A00120A036887
:105730008788DA558288521C828002688388D15417
:105740008288521C82800A00120E03688788DA550C
:105750008288521C82800A00120C03688788DA55FE
:105760008288521C82800120F2BDF8B504000D0031
:105770000026DFF8200990ED010AFFF7FFFD010088
:10578000DFF804090A00120A03688788DA5582885C
:10579000521C828002688388D1548288521C828085
:1057A0000A00120E03688788DA558288521C8280AC
:1057B0000A00120C03688788DA558288521C82809E
:1057C0000120F2BD2DE9F84304000D000026002061
:1057D00000900027A84620684146C9B20844817855
:1057E00020684246D2B21044C07850EA01202168B5
:1057F0004246D2B2895C22684346DBB21A4492F830
:10580000019059EA012959EA0049DFF87C0821682A
:105810004246D2B2895C02688388D1548188491C8F
:10582000818021684246D2B2114449780268838857
:10583000D1548188491C818021684246D2B21144EA
:10584000897802688388D1548188491C81802168C5
:105850004246D2B21144C97802688388D154818803
:10586000491C818069464846FFF7B0FCDFF82408F0
:1058700000994160012101700521DFF81C08FCF747
:1058800078FC0120BDE8F28330B40200DFF8F807AD
:10589000002304688588635583885B1C8380DFF858
:1058A000F03793F8283004688588635583885B1C3B
:1058B0008380012030BC704730B40200DFF8C80795
:1058C000002304688588635583885B1C8380DFF828
:1058D000C03793F8293004688588635583885B1C3A
:1058E0008380012030BC704730B40200DFF8980795
:1058F000002304688588635583885B1C8380DFF8F8
:10590000903793F82A3004688588635583885B1C38
:105910008380012030BC704730B40200DFF8680794
:10592000002304688588635583885B1C8380DFF8C7
:10593000603793F8293004688588635583885B1C39
:105940008380012030BC704730B40200DFF8380794
:10595000002304688588635583885B1C8380DFF897
:10596000303793F8293004688588635583885B1C39
:105970008380012030BC704730B40200DFF8080794
:10598000002304688588635583885B1C8380DFF867
:105990000C371B7804688588635583885B1C83807B
:1059A000012030BC7047F8B504000D000020002134
:1059B0002E0022683300DBB2D25C23683700FFB2CE
:1059C0003B445F7857EA02273A0092B2012A03D09B
:1059D000380080B2002822D1DFF8AC0621683200FE
:1059E000D2B2895C02688388D1548188491C818045
:1059F00021683200D2B21144497802688388D154B8
:105A00008188491C8180DFF89406D0ED020A90ED70
:105A1000010A3800C0B2FBF76FFC012000E0002053
:105A2000F2BDF8B504000D000026DFF8700690ED19
:105A3000020AFFF7A3FC0100DFF84C060A00120A75
:105A400003688788DA558288521C828002688388BE
:105A5000D1548288521C82800A00120E0368878803
:105A6000DA558288521C82800A00120C03688788EB
:105A7000DA558288521C82800120F2BD2DE9F8435C
:105A800004000D000026002000900027A846206892
:105A90004146C9B20844817820684246D2B21044D7
:105AA000C07850EA012021684246D2B2895C22685F
:105AB0004346DBB21A4492F8019059EA012959EAA7
:105AC0000049DFF8C40521684246D2B2895C026809
:105AD0008388D1548188491C818021684246D2B292
:105AE0001144497802688388D1548188491C818097
:105AF00021684246D2B21144897802688388D15421
:105B00008188491C818021684246D2B21144C978FB
:105B100002688388D1548188491C8180694648463F
:105B2000FFF754FBDFF87405DDED000A90ED010A84
:105B30000078FBF7E1FB0120BDE8F283F8B5040033
:105B40000D000026DFF8540590ED010AFFF716FC62
:105B50000100DFF834050A00120A03688788DA5565
:105B60008288521C828002688388D1548288521CA9
:105B700082800A00120E03688788DA558288521CD8
:105B800082800A00120C03688788DA558288521CCA
:105B900082800120F2BD2DE9F84304000D000026AB
:105BA000002000900027A84620684146C9B208445A
:105BB000817820684246D2B21044C07850EA012071
:105BC00021684246D2B2895C22684346DBB21A445D
:105BD00092F8019059EA012959EA0049DFF8A8042E
:105BE00021684246D2B2895C02688388D154818898
:105BF000491C818021684246D2B21144497802682A
:105C00008388D1548188491C818021684246D2B260
:105C10001144897802688388D1548188491C818025
:105C200021684246D2B21144C97802688388D154AF
:105C30008188491C818069464846FFF7C7FADFF82A
:105C40005C04D0ED020A9DED000A0078FBF754FBDE
:105C50000120BDE8F28370B504000D00DFF8406458
:105C6000012220213000FCF736FE0A20FEF79AF9C7
:105C70004FF47A732A0092B22100DFF82804FEF76D
:105C8000E2F9002220213000FCF725FE70BD7CB532
:105C900004000D00082100226E463000FCF784FA53
:105CA0000026DFF8E8030470457069460278330087
:105CB000DBB2CA54761C40783200D2B28854761CCB
:105CC0003200D2B292B26946DFF8DC03FFF7DEFBA6
:105CD00073BDDFF8D4030078C0B2FF280AD0DFF824
:105CE000AC03DFF8C81309780170DFF8C413097832
:105CF000417005E0DFF89403082101700321417031
:105D000070472DE9F04F87B0040000275FF00008CE
:105D10005FF000090025DFF89C23D2E90001CDE9FE
:105D200002010026DFF89023D2E90001CDE9040149
:105D3000DFF854A35046FEF76FF8A0880828C0F299
:105D40009E812068A188084410F8010C2168A2886F
:105D5000114411F8021C51EA0021ADF81810A18875
:105D6000891E2068FCF753FAADF81A00BDF81A0036
:105D7000BDF81810884240F0808120680078C3493F
:105D80000978884240F07981206880782168CF784E
:105D900057EA002720684078032807D0042805D058
:105DA00006286DD0102800F0C48062E120680079D8
:105DB0002168497951EA00210D005FF00108404651
:105DC000C0B20F2836DA5FF01409DFF8F0B24046AF
:105DD000C0B209FB00F058444068390089B28842DB
:105DE00025D1280080B24146C9B209FB01F15944CE
:105DF000896888421BDB002100204246D2B209FBA1
:105E000002F25A44D268904701280FD14046C0B2EE
:105E100009FB00F0584480682D1A4046C0B209FBC7
:105E200000F90BEB09008068C71900E002E018F1E7
:105E30000108C4E7BAF80400002820D0BAF804002A
:105E4000022190FBF1F201FB1200002817D1DAF8D1
:105E500000000190BAF80400022190FBF1F080B23A
:105E600000903B009BB2206842782068017804A82B
:105E7000FCF7ADFABDF814100498FFF7ECFEFAE059
:105E800004200100C9B2A288921E91420EDA216854
:105E90000200D2B2895C029ABDF80C30D154BDF830
:105EA0000C10491CADF80C10401CEAE75FF001082B
:105EB0004046C0B20F2817DA1422804B4046C0B2C9
:105EC000504318444068390089B2884209D1002102
:105ED00002A8C4465FFA8CFC02FB0CF21A44126959
:105EE000904718F10108E3E7BAF8040000281FD032
:105EF000BAF80400022190FBF1F201FB1200002825
:105F000016D1DAF800000190BAF80400022190FBE3
:105F1000F1F080B200903B009BB20622206801782D
:105F200004A8FCF7A5FABDF814100498FFF793FE37
:105F3000A1E000200600206800792168497951EA33
:105F400000210D0007200100C9B2A288921E9142D3
:105F50000EDA21680200D2B2895C029ABDF80C30D8
:105F6000D154BDF80C10491CADF80C10401CEAE7E8
:105F7000280080B240002168897988424DD1BDF85F
:105F80000C002168897989B2884246D15FF0010806
:105F90004046C0B20F2840DA5FF01409DFF81CB1A8
:105FA0004046C0B209FB00F058444068390089B24D
:105FB00088422FD1280080B24146C9B209FB01F1C5
:105FC00059448968884225DB310089B202A84246DB
:105FD000D2B209FB02F25A4412699047012818D143
:105FE0004046C0B209FB00F058448068400010FAF7
:105FF00086F64046C0B209FB00F0584480682D1A6E
:106000004046C0B209FB00F90BEB09008068C719D4
:1060100000E002E018F10108BAE7BAF8040000282D
:1060200026D0BAF80400022190FBF1F201FB120025
:1060300000281DD1206880782168C97851EA0021A4
:106040000F00DAF800000190BAF80400022190FB7A
:10605000F1F080B200903B009BB2102220680178E2
:1060600004A8FCF705FABDF814100498FFF7F3FD37
:1060700001E0002004E0012002E0002000E0002018
:1060800007B0BDE8F08F0000BC0700200C0D002019
:1060900084280020F829002004080020E02900209E
:1060A000000400481C23002000000208020002082F
:1060B00003000208900901089809010864060020FD
:1060C00062B38B0708D0521E11F8013B00F8013B68
:1060D00000F024808B07F6D1830740F0208000BFBA
:1060E000103A07D330B4B1E83810103AA0E83810AD
:1060F000F9D230BC530724BFB1E80810A0E808105B
:1061000044BF51F8043B40F8043BD20724BF31F8A8
:10611000022B20F8022B44BF0B7803707047121F2C
:1061200017D35B0009D151F8043B20F8023B1B0C4C
:10613000121F20F8023BF6D20BE051F8043B00F8A6
:10614000013B1B0A20F8023B1B0C121F00F8013B0D
:10615000F3D238BF121D521E24BF11F8013B00F8C4
:10616000013BF8D87047000001480068704700BF45
:10617000142A002080B505F04FF800F011F805F062
:106180005DF805F043F9FCF7C7FB05F06FF905F082
:1061900015FAFCF7DDFBFCF7F9FB05F0F5FAFEE775
:1061A00010B596B04421002205AC2000FBF7FCFF9F
:1061B000142100226C462000FBF7F6FF4FF400701C
:1061C00005F0BEFC002801D000F033F8182005903F
:1061D00001200A9001200B9000200C9060200D906F
:1061E00002200F9001201090012011902820129081
:1061F00007201390022014900220159005A803F0A8
:1062000019FF002801D000F014F80F20009003209F
:1062100001900020029000200390002004900421AF
:10622000684604F04BFA002801D000F002F816B0DE
:1062300010BD72B6FEE710B5044610460A46014688
:106240002046FBF7B1FF204610BD00002DE9F84FB6
:1062500005005FF0000800272868000527D5686C56
:1062600000280DD0B0F5000F03D0B0F5400F0DD0D1
:106270000DE0DFF82403016851F48031016008E08B
:106280000021281D00F092F9804602E001E0012083
:1062900080464046C0B2002808D1DFF80C130A68D7
:1062A00032F44002686C02430A6000E04746286806
:1062B00080037AD55FF00009DFF8E0A2DAF8000089
:1062C000C0000DD4DAF8000050F08050CAF8000089
:1062D000DAF8000010F0805000900098012081460C
:1062E000DFF8BCB2DBF8000050F48070CBF800009F
:1062F000FFF73AFF0600DBF80000C00506D4FFF701
:1063000033FF801B0328F6D3032080464046C0B2EB
:1063100000283FD1DFF88CB2DBF8000010F44070A9
:106320000400002C15D0E86D844212D0DBF8000088
:1063300030F440700400DBF8000050F48030CBF8FB
:106340000000DBF8000030F48030CBF80000CBF820
:106350000040E0070FD5FFF707FF0600DBF800005D
:10636000800708D4FFF700FF801B41F28931884283
:10637000F4D3032080464046C0B2002808D1DBF8A1
:10638000001031F44071E86D0143CBF8001002E0D9
:10639000474600E047464846C0B2012805D1DAF832
:1063A000000030F08050CAF800002878C00707D5F8
:1063B000DFF8F4110A6892089200286A02430A6022
:1063C0002878800707D5DFF8E0110A6832F00C0260
:1063D000686A02430A602878400707D5DFF8C811C9
:1063E0000A6832F03002A86A02430A602878800600
:1063F00007D5DFF8B4110A6832F44062E86A024354
:106400000A602868800507D5DFF89C110A6832F415
:106410004022E86B02430A602868400507D5DFF890
:1064200088110A6832F44012286C02430A60287806
:10643000400607D5DFF870110A6832F44052286B25
:1064400002430A602878000607D5DFF85C110A6865
:1064500032F44042686B02430A602868C00507D5E1
:10646000DFF844110A6832F44032A86B02430A6034
:106470002868800420D5DFF830110A6832F04062C5
:10648000A86C02430A60A86CB0F1006F06D1DFF877
:106490000801016851F4801101600DE0A86CB0F1B1
:1064A000806F09D10121281D00F080F88046404608
:1064B000C0B2002800D047462868000320D5DFF886
:1064C000E8100A6832F04062E86C02430A60E86C47
:1064D000B0F1006F06D1DFF8C000016851F48011FF
:1064E00001600DE0E86CB0F1806F09D10121281D39
:1064F00000F05CF880464046C0B2002800D0474615
:106500002868400320D5DFF8A0100A6832F0406206
:10651000286D02430A60286DB0F1006F06D1DFF8E4
:106520007800016851F4801101600DE0286DB0F130
:10653000806F09D10121281D00F038F880464046BF
:10654000C0B2002800D047462868400415D5DFF8BF
:1065500058100A6832F04052686D02430A60686D54
:10656000B0F1805F09D10221281D00F01FF880469C
:106570004046C0B2002800D047462868000407D52E
:10658000DFF824100A6832F08042A86D02430A60E6
:106590003800C0B2BDE8F28F0C1002405810024023
:1065A0000070004090100240881002402DE9F04138
:1065B00005000C0000275949086810F0030F12D09D
:1065C000086810F003002A68904209D12868002862
:1065D00006D00868C0F30210401C6968884232D0B7
:1065E000012007002FE02868012804D01BD30328CE
:1065F0000FD007D317E04A480068800701D4012074
:10660000070012E046480068400501D40120070059
:106610000BE043480268920304D40068400301D4AD
:106620000120070001E0012007003800C0B2002867
:1066300009D10A6832F07302286802436868401E74
:1066400052EA00120A603800C0B2002861D1DFF8B7
:10665000D080D8F8000030F08060C8F80000FFF764
:1066600083FD0600D8F80000000106D5FFF77CFD89
:10667000801B0328F6D3032007003800C0B200288F
:1066800047D1002C0BD127490A6827480240A86847
:1066900052EA0022E86852EAC0620A601CE0012C5B
:1066A0000DD120490A6821480240A86852EA002218
:1066B00028694008401E52EA40520A600CE019491D
:1066C0000A681B480240A86852EA0022686940082C
:1066D000401E52EA40620A60D8F8000050F0806024
:1066E000C8F80000FFF740FD0600D8F800000001E0
:1066F00006D4FFF739FD801B0328F6D303200700DB
:106700003800C0B2002804D106490A68A8690243CB
:106710000A603800C0B2BDE8F08100000C100240F1
:106720000010024010100240FF80FF07FF809FFF13
:10673000FF80FFF930B40100002901D1012067E09A
:106740000868624A90420AD20A6861488218142096
:10675000B2FBF0F0800048645E48086409E00A6813
:106760005D4882181420B2FBF0F0800048645B485A
:106770000864022081F82500086802686FF30E1291
:106780008B68C86803430869034348690343886901
:106790000343C8690343086A03431A430868026055
:1067A0008868B0F5804F2AD0086C4A4B984213D1C4
:1067B0004B4803680F2491F8445015F01C05AC4079
:1067C000A343036003684C6891F8445015F01C051E
:1067D000AC402343036012E0424803680F2491F861
:1067E000445015F01C05AC40A343036003684C689B
:1067F00091F8445015F01C05AC4023430360002081
:10680000C863012081F82500002081F824000020C1
:1068100030BC704710B40100002901D1012053E0C1
:1068200008680068400840000A6810600868274A45
:1068300090420AD20A68264882181420B2FBF0F06F
:10684000800048642348086409E00A6822488218E6
:106850001420B2FBF0F08000486420480864002057
:106860000A681060012091F8442012F01C02904048
:106870000A6C5060086C174A90420AD118480268A6
:106880000F2391F8444014F01C04A3409A43026083
:1068900009E0144802680F2391F8444014F01C04E6
:1068A000A3409A4302600020C862002008630020D1
:1068B0004863002088630020C863002081F8250019
:1068C000002081F82400002010BC7047080402401A
:1068D000F8FFFDBF00000240F8FBFDBF00040240CE
:1068E000A8000240A80402402DE9F04104000D0078
:1068F00016001F005FF0000894F82400012801D161
:1069000002203BE0012084F8240094F825000128AF
:106910002DD1022084F825000020E0632068006863
:1069200040084000216808603B0032002900200038
:1069300000F0F8F8206B002806D02068006850F0BE
:106940000E00216808600BE02068006830F0040049
:10695000216808602068006850F00A00216808601B
:106960002068006850F001002168086004E0002001
:1069700084F82400022080464046C0B2BDE8F08181
:106980000100002291F82500022806D00420C863E7
:10699000002081F8240001201BE00868006830F026
:1069A0000E000B68186008680068400840000B681B
:1069B0001860012091F8443013F01C0398400B6CD0
:1069C0005860012081F82500002081F82400100083
:1069D000C0B2704738B50400002594F8250002289D
:1069E00004D00420E063012005001FE02068006857
:1069F00030F00E0021680860206800684008400000
:106A000021680860012094F8441011F01C018840AE
:106A1000216C4860012084F82500002084F82400BF
:106A2000A06B002802D02000A16B88472800C0B2CC
:106A300032BD70B50400206C05682068066804202B
:106A400094F8441011F01C0110FA01F10D4219D014
:106A5000710717D521680968890605D42168096876
:106A600031F004012268116094F8441011F01C0107
:106A70008840216C4860206B002852D02000216B98
:106A800088474EE0022094F8441011F01C0110FADF
:106A900001F10D421FD0B1071DD521680968890693
:106AA00008D42168096831F00A01226811600121C7
:106AB00084F8251094F8441011F01C018840216CD2
:106AC0004860002084F82400E06A002829D02000D3
:106AD000E16A884725E0082094F8441011F01C0171
:106AE000884005421DD030071BD52068006830F073
:106AF0000E0021680860012094F8441011F01C0178
:106B00008840216C48600120E063012084F8250062
:106B1000002084F82400606B002802D02000616B04
:106B2000884770BD30B4012490F8445015F01C051E
:106B3000AC40056C6C60046863608468102C04D100
:106B40000468A2600468E16003E00468A16004686E
:106B5000E26030BC7047000010B410F00703DFF8AB
:106B6000684122684FF6FF010A40DFF8601151EAE0
:106B700003210A43226010BC7047DFF84C01006813
:106B8000C0F3022070470000010049B200290AD476
:106B9000012210F01F018A40DFF8341103005BB2BC
:106BA0005B0941F823207047010049B200290DD448
:106BB000012210F01F018A40464903005BB25B09C5
:106BC00041F82320BFF34F8FBFF36F8F704710B48E
:106BD000020052B2002A05D40A013F4B040064B2FD
:106BE0001A5508E00A013D4B040064B214F00F048A
:106BF000234403F8042C10BC704770B4030013F056
:106C00000704D4F10700052801D3042001E0D4F1E2
:106C10000700251D072D01D2002500E0E51E0126F5
:106C200016FA00F0401E0140A94016FA05F56D1E47
:106C30002A401143080070BC704710B50400601E64
:106C4000B0F1807F01D301200EE0601E244908606E
:106C50000F215FF0FF30FFF7BAFF002021490860E5
:106C6000072021490860002010BD10B50400200055
:106C7000FFF772FF10BD2DE9F04104000D00160072
:106C80000027FFF77AFF8046320029004046FFF7D1
:106C9000B4FF0100200040B2FFF799FFBDE8F0818A
:106CA00010B50400200040B2FFF76EFF10BD10B514
:106CB0000400200040B2FFF777FF10BD10B50400BC
:106CC0002000FFF7BAFF10BD0CED00E00000FA0550
:106CD00000E100E080E100E000E400E018ED00E009
:106CE00014E000E018E000E010E000E02DE9F04DD5
:106CF0002DED0A8B41EC190B43EC182B51EC180BC2
:106D000020F0000431F0004508BF002C84B000F0F2
:106D1000088353EC192B0020DFF88C1604F054FF85
:106D200000F0FF82DFF8141604F04EFF08D151EC9A
:106D3000180B48004015401C02D1090300F0F182F5
:106D400051EC190B48004015401C00F00E8251EC2C
:106D5000190B31F0004108BF002800F0068251EC09
:106D6000180B48004015401C00F0FF8151EC180B37
:106D70004B0043EAD0734200002B08BF002A04D125
:106D8000B0EE48AAF0EE68AA19E040F23344A4EB52
:106D90005352352A04DB00F0000001F000410CE002
:106DA000202A03DD203AD140914000E001D10020AB
:106DB00003E0002AC4BFD040904041EC1A0B51ECD4
:106DC000190BC80F0BD053EC182B51EC1A0B04F015
:106DD000FBFE04D0AFF300809FED3F9BA3E253EC9A
:106DE000192B23F00041B1F5801F22F000000DD2D5
:106DF0000022002908BF0028009216D06A4651ECF4
:106E0000190B04F0F1FE41EC190B0EE0DFF8AC4574
:106E1000DFF82C7504EB115000903B40DFF824059F
:106E2000924643EA000B4BEC19AB51EC190BC80F1F
:106E300036D021F0004053EC192B034643EC192BBC
:106E400051EC1A0B4B0043EAD0734200002B08BFF1
:106E5000002A04D1B0EE4A0AF0EE6A0A19E040F2C4
:106E60003444A4EB5352352A04DB00F0000001F057
:106E700000410CE0202A03DD203AD140914000E09F
:106E800001D1002003E0002AC4BFD040904041EC73
:106E9000100B53EC1A2B51EC100B04F095FE01D1A2
:106EA000002600E00126009801281DD151EC190BA5
:106EB000DFF89424DFF8943404F0CEFE14D253ECBF
:106EC000192B00204FF0804103F0CCFE00279FEDEE
:106ED00004BB41EC190B27E0FFFFFFFFFFFFFF7F23
:106EE000000000000000F03F53EC192B0020DFF8F9
:106EF000601403F0B7FE9FED78AB53EC1A2B03F050
:106F000083FF04F03FF8A0F12004204602F092FF36
:106F10000022DFF8403403F0A5FE53EC1A2B03F0F7
:106F200073FF41EC1B0B670151EC190B53EC1B2B4E
:106F300004F0AAFE41EC1A0B53EC192B51EC1B0B7D
:106F400003F062FF02460B4651EC1A0BFBF72EFFD3
:106F500041EC190B53EC192B03F084FE41EC1C0B94
:106F600053EC1C2BDFF8F003DFF8F01303F07AFE8C
:106F7000DFF8EC23DFF8EC3303F046FF53EC1C2B77
:106F800003F070FEDFF8E023DFF8E03303F03CFFAE
:106F900053EC1C2B03F066FEDFF8D423DFF8D43368
:106FA00003F032FF53EC1C2B03F05CFEDFF8C82328
:106FB000DFF8C83303F028FF53EC1C2B03F052FE1C
:106FC000DFF8BC23DFF8BC3303F01EFF53EC1C2BAF
:106FD00003F048FEDFF8B023DFF8B03303F014FF0E
:106FE00053EC1C2B03F03EFE53EC1A2B04F04CFE2A
:106FF00004460D460020DFF8B01353EC1B2B04F0C1
:1070000043FE00224FF0804303F02CFE22462B4625
:1070100003F0FAFE53EC192B03F024FE41EC100BA5
:10702000DFF86C03784400F55A70074453EC1A2BD0
:1070300051EC100B03F0E8FE41EC190B009802F044
:10704000F9FED7E9002303F0DFFE41EC1A0B53EC05
:10705000192BDFF84003DFF8401303F003FE53EC75
:107060001A2B03F0D1FE53EC182B03F0FBFD00228A
:10707000DFF8283304F0F0FD41EC1B0B69D301224B
:10708000C74B04F073FE61D9C80F53EC1B2B1ABF1A
:107090000020C449AB4903F0B7FE03F073FF0022A0
:1070A000C14BCDE901238046CDF8008053EC192B6C
:1070B00051EC180B03F0D6FD04460D46D7E902014A
:1070C000D7E9042303F0A0FE53EC182B03F0CAFD0C
:1070D0009FEDB6BB04E000BF000000000000E03FF1
:1070E00053EC1B2B03F0BEFD22462B4603F08CFE17
:1070F00007468B4653EC1A2B51EC180B03F0B2FDEC
:1071000004460D46404602F095FE02460B462046D8
:10711000294604F0B9FD53EC1B2B03F0A3FD3A46BE
:107120005B4603F071FEDDE9012304F037FE41EC1C
:10713000190B31F0004108BF00280AD051EC190B9F
:1071400048004015401C06D1090304D19FEDA09BC7
:1071500001E09FED9B9B002E00F0E58051EC190BA8
:1071600081F0004141EC190BDDE051EC190B4800B6
:107170004015401C02D1090340F0D58051EC180B9A
:1071800048004015401C06D1090304D0B0EE489ACF
:10719000F0EE689AC7E051EC180B48000124401546
:1071A000401C61D051EC180B4B0043EAD0734200F5
:1071B000002B08BF002A04D1B0EE48AAF0EE68AA5E
:1071C00019E040F23345A5EB5352352A04DB00F0B9
:1071D000000001F000410CE0202A03DD203AD140FC
:1071E000914000E001D1002003E0002AC4BFD0405C
:1071F000904041EC1A0B53EC182B51EC1A0B04F095
:10720000E3FC18BF00244B0043EAD0734200002B7C
:1072100008BF002A04D1B0EE4A0AF0EE6A0A19E06B
:1072200040F23445A5EB5352352A04DB00F0000050
:1072300001F000410CE0202A03DD203AD1409140CA
:1072400000E001D1002003E0002AC4BFD0409040FC
:1072500041EC100B44B153EC1A2B51EC100B04F021
:10726000B3FC0CBF0024012451EC190B480040155D
:10727000401C0AD1090308D151EC190BC80F21D1C8
:1072800053EC182BDA0F49D040E051EC180B4800B2
:107290004015401C1ED109031CD153EC192B23F0BF
:1072A0000041B1F5801F22F0000021D20022002908
:1072B00008BF002800921FD06A4651EC190B04F059
:1072C00093FC19E051EC180BC80F01D1002C21E000
:1072D000E4B10AE0002C1ABF51EC190BC80F0020D2
:1072E00053EC182BDA0F14D180B19FED329B1AE0CA
:1072F000324C04EB1150009051EC180BC80F009861
:1073000002D100280ADC01E0002807DD9FED2C9B5C
:1073100009E0002818BF9FED2C9B04D19FED2C9B0A
:1073200001E09FED049B04B051EC190BBDEC0A8BFE
:10733000BDE8F08D000000000000F03F0000F0BF4D
:10734000FFFF0F800000E03FCD3B7F669EA0E63F41
:10735000000050400000903FF7DE29BFD8F8C23F40
:10736000F4B3FECC1A99C33F62CB68D96F46C73FCE
:10737000C6C912DAC471CC3F4AE98A942449D23F83
:10738000F75F97999999D93FBC5555555555E53FA4
:10739000F07F0000FE822B654715F73F0000E0C03C
:1073A0000000E0400000E0BF0000F03FEF39FAFECF
:1073B000422EE63F000000000000008002FCFFFFBC
:1073C0000000000000000000000000000000F0FFCE
:1073D000000000000000F07F80B50122402123481A
:1073E000FBF779FA2249234800F01EFA00F01EF854
:1073F000012000F005F800F0A1FA00F0EFF901BD5E
:10740000704711B581B0194C002240212000FBF7D4
:1074100062FA4FF47A73012201A9174804F02EFF93
:10742000012240212000FBF756FA13BD10B50F4C86
:10743000002240212000FBF74EFA0022802120008C
:10744000FBF749FA012000F019F8052000F016F8C2
:10745000012280212000FBF73EFA052000F00EF803
:10746000012240212000FBF736FA10BD0008004839
:10747000042A0020C4110020AC26002010B504000E
:107480002000FCF78FFD10BD70B4039CDFF8805224
:10749000286029716A71AB71EC7100262E7270BC84
:1074A00070472DE9F84F04000D00160000275FF02B
:1074B0000008DFF85C9299F80500082880F2FC804B
:1074C000300099F80610C0B2884205D399F8070039
:1074D0003100C9B2884201D22E200600402099F81E
:1074E0000510491C90FBF1F02900C9B2814280F2DD
:1074F000E38099F8040050FA84F0802880F2DC8060
:1075000099F805305B1C99F8050003FB05035B1C2B
:10751000DBB299F804201219D2B299F80500401C88
:1075200015FB00F1C9B22000C0B200F0FFF8002145
:10753000080099F80420C0B2904280F0BD8000207D
:1075400015FB00F00200D2B2082392FBF3F2170001
:10755000C0B2082290FBF2F302FB13008046FF2228
:107560006C4BD3F800C03800C0B250FA85FE8020C2
:1075700000FB0EFE5EFA84FED3F800A03800C0B215
:1075800050FA85FB802000FB0BFB5BFA84F01AF8B5
:1075900000A0D8F1080B100050FA0BF010EA0A0A0C
:1075A0000CF80EA0D3F800C03800C0B250FA85FE27
:1075B000802000FB0EFE5EFA84F00090D3F800E01D
:1075C0003800C0B250FA85FA802000FB0AFA5AFA55
:1075D00084F01EF800E0D9F800A0B3465FFA8BFBF8
:1075E00099F80600BBEB000099F804B00BFB00FB18
:1075F0000AEB0B008A465FFA8AFA10F80A0010FAC2
:1076000008F050EA0E00DDF800E00CF80E00D3F8A8
:1076100000C03800C0B250FA85FE802000FB0EFE8C
:107620005EFA84F08444D3F800E03800C0B250FA27
:1076300085FA802000FB0AFA5AFA84F0704490F828
:10764000800012FA08F202408CF880201A68380094
:10765000C0B250FA85FC802000FB0CFC5CFA84F080
:1076600002441B683800C0B250FA85FC802000FB41
:107670000CFC5CFA84F0184490F88030D9F800C013
:10768000B6465FFA8EFE99F80600BEEB000E99F83A
:10769000040000FB0EFE0CEB0E008C465FFA8CFC27
:1076A00010F80C00D8F1080C50FA0CF0034382F8E3
:1076B0008030641C491C3BE7BDE8F18FF8B507003A
:1076C0000C001600124D6879082820DA307800285E
:1076D0001DD032782100C9B23800C0B2FFF7E1FEF8
:1076E000761C2879401CC719287950FA87F0401C6D
:1076F000812802DB00200700641C40206979491CB6
:1077000090FBF1F02100C9B28142DFDBFFE7F1BD60
:10771000D4290020082A002080B5034802F076FB17
:1077200000F0CDF801BD0000A0F7000870B404001F
:10773000E4B2802C01DB7F2420001400E4B2802C12
:1077400001DB7F2422000C00E4B2402C01DB3F244B
:1077500021001C00E4B2402C01DB3F242300354C07
:10776000050026683678EDB2B54201D2256828704A
:107770002568AD781600F6B2B54201D22568AA7028
:107780000D0026687678EDB2B54201D225686970A1
:107790002568ED781E00F6B2B54201D22468E37088
:1077A00070BC704723487F21026811700021026875
:1077B00091703F210268517000210068C1707047CC
:1077C0001C480021026811707F210268917000211D
:1077D000026851703F210068C170704770B54FF466
:1077E00080640025144806682A0021003000FAF75A
:1077F000DBFC3F237F2200210020FFF797FF00F0F2
:107800005EF870BD70B54FF4806400250A480668C4
:107810002A0021003000FAF7C7FC3F237F22002115
:107820000020FFF783FF70BD034A1060014A11601A
:10783000704700000C2A0020082A002010B5040020
:1078400000224FF480713A48FBF745F82000C0B29F
:10785000FFF7D7FD10BD10B5040001224FF4807171
:107860003348FBF738F82000C0B2FFF7CAFD10BD5F
:1078700010B5040014F00F0050F0B000C0B2FFF7D4
:10788000DDFF10BD10B504002000C0B200F005F807
:107890002000C0B200F00CF810BD10B504002000AC
:1078A000C0B2000950F01000C0B2FFF7C7FF10BD12
:1078B00010B5040014F00F00FFF7C0FF10BD70B545
:1078C00000242000C0B210282EDA1A4D2868407813
:1078D0002100C9B2491CB0EBC10F23DA2868C07877
:1078E0002100C9B2B0EBC10F1EDB2000C0B2FFF710
:1078F000BFFF28680078FFF7C5FF2868067828686A
:1079000080783100C9B288420CD30B48016822004C
:10791000D2B28020424352FA86F0085CFFF79BFF08
:10792000761CECE7641CCCE7FFF73CFF70BD000061
:10793000000800480C2A0020082A002080B5AE204C
:10794000FFF77CFFA220FFF779FFA020FFF776FF6B
:10795000C820FFF773FF2F20FFF770FF3220FCF7DE
:1079600021FBA420FFF76AFF4020FFF767FF2520D7
:10797000FFF764FF0A20FCF715FB8120FFF75EFF8D
:107980001220FFF75BFFFFF729FFAF20FFF756FF3D
:107990000520FCF707FB01BD80B5514800780128A0
:1079A00006D0022807D0042808D0082809D00BE008
:1079B00000F0A2F808E000F0DFFF05E001F0CCF9EC
:1079C00002E001F0A5FBFFE701BD2DE9F04700242F
:1079D000444D2888002804D02888401E2880002094
:1079E0007CE03F4E307A002877D120213E48FAF7DC
:1079F00067FF002801D1012700E00027DFF8EC80B5
:107A000004214046FAF75CFF002802D15FF001092B
:107A100001E05FF0000902214046FAF751FF00281B
:107A200002D15FF0010A01E05FF0000A0121404647
:107A3000FAF746FF002801D1012000E0002057EAB4
:107A4000490757EA8A073C0054EAC0042000C0B244
:107A5000012805D0022803D0042801D0082834D1F9
:107A60007068401C7060706850282DD334700120FD
:107A700030721F490868142801D2192028801D4837
:107A800022000378D2B29A4219D10A68521C0A60C5
:107A90000A681E2A02D20021716014E00A68B42A22
:107AA00002D2412171600EE00A68F02A02D246211A
:107AB000716008E04E227260F0220A6003E000224A
:107AC000726000220A60047007E000200949087013
:107AD000282070600020064908603078BDE8F087F3
:107AE0006C290020502A00200008004800040048AB
:107AF000002A0020602A0020F8B584B0DFF8284D65
:107B0000A07800281AD001283DD002286DD0032883
:107B100000F0FE80042800F08281052800F0E38157
:107B2000062800F08582072800F04D83082800F021
:107B300018840A2800F0228500F016BFDFF8EC5CFC
:107B40000020E860DFF8E86C0A2200213000FCF732
:107B500075F930203070302070703020B0703020D7
:107B6000F070E8680001801CC0B203900296072004
:107B7000019006200090072300220121A01CFCF7A1
:107B80001FF800F0F1BEDFF8A40CC168491CC16009
:107B9000C16804291EDBDFF8980CFCF72CF80128DB
:107BA00015D1A51C0622290014F10800FCF794F950
:107BB000F1200390002002900E20019009200090F7
:107BC0000923002202212800FBF7FAFF0BE0002026
:107BD000A07008E0C0680001801C0200D2B2002141
:107BE000A01CFBF7CAFF00F0BFBE207909280AD00D
:107BF000C0F08C800B2832D01BD30D285BD044D32F
:107C00000E286ED082E0A51C0622290014F108007F
:107C1000FCF762F9F12003900020029011200190FE
:107C2000102000901023002203212800FBF7C8FF3A
:107C30006CE0A51C0622290014F10800FCF74CF9A1
:107C4000F120039000200290162001901420009053
:107C50001423002204212800FBF7B2FF56E0A51CE4
:107C60000622290014F10800FCF736F9F1200390F0
:107C7000002002901F2001901D2000901D23002253
:107C800006212800FBF79CFF40E0A51C06222900E6
:107C900014F10800FCF720F9F12003900020029075
:107CA0002320019021200090212300220721280079
:107CB000FBF786FF2AE0A51C0622290014F1080024
:107CC000FCF70AF9F120039000200290282001908F
:107CD000252000902523002208212800FBF770FFB3
:107CE00014E0A51C0622290014F10800FCF7F4F8A2
:107CF00000200390002002902B2001902B20009068
:107D00002B23002209212800FBF75AFF00F02CBE8C
:107D10002079102802D0112840D07EE0E078002899
:107D200002D001281FD038E0A61C0622310014F131
:107D30000800FCF7D1F8DFF8F45AF220039015F1AF
:107D40000C00029011200190102000901023E27886
:107D5000521CD2B203213000FBF732FFDFF80C0CCB
:107D60004078E86019E0A51C0622290014F10800FB
:107D7000FCF7B2F8F0200390002002902E20019032
:107D80002E2000902E2300220A212800FBF718FF46
:107D90000120DFF8D81B0870FFE73EE0E0780028FC
:107DA00002D001281FD038E0A61C0622310014F1B1
:107DB0000800FCF791F8DFF8745AF220039015F1EF
:107DC0000C00029011200190112000901123E27804
:107DD000521CD2B203213000FBF7F2FEDFF88C0B0D
:107DE0004068E86019E0A51C0622290014F108008B
:107DF000FCF772F8F0200390002002902E200190F2
:107E00002E2000902E2300220A212800FBF7D8FE06
:107E10000120DFF8581B0870FFE700F0A5BD2079AE
:107E2000142804D05DD316283DD01ED359E0A51CDC
:107E30000622290014F10800FCF74EF8F020039008
:107E4000002002902E2001902E2000902E23002250
:107E50000A212800FBF7B4FEDFF8181B0020088079
:107E600002220220F9F7C0F83BE0A51C06222900F7
:107E700014F10800FCF730F8F02003900020029085
:107E80002E2001902E2000902E2300220A2128006F
:107E9000FBF796FEDFF8DC1A0020088002220320A0
:107EA000F9F7A2F81DE0A51C0622290014F108002C
:107EB000FCF712F8F0200390002002902E20019091
:107EC0002E2000902E2300220A212800FBF778FEA6
:107ED000DFF8A01A0020088002220420F9F784F8B5
:107EE000FFE700F041BD2079192806D0C0F09E8040
:107EF0001B2800F0828040D398E0E078002802D070
:107F000001281FD038E0A61C0622310014F1080019
:107F1000FBF7E2FFDFF81459F220039015F10C0093
:107F200002901B200190192000901923E278521C26
:107F3000D2B205213000FBF743FEDFF8300A406D76
:107F4000E86019E0A51C0622290014F10800FBF7DF
:107F5000C3FFF0200390002002902E2001902E20DD
:107F600000902E2300220A212800FBF729FE012081
:107F7000DFF8F8190870FFE758E0E078002802D031
:107F800001281FD038E0A61C0622310014F1080099
:107F9000FBF7A2FFDFF89458F220039015F10C00D4
:107FA00002901B200190192000901A23E278521CA5
:107FB000D2B205213000FBF703FEDFF8B009806D77
:107FC000E86019E0A51C0622290014F10800FBF75F
:107FD00083FFF0200390002002902E2001902E209D
:107FE00000902E2300220A212800FBF7E9FD012042
:107FF000DFF878190870FFE718E0A51C06222900B1
:1080000014F10800FBF768FFF020039000200290B5
:108010002E2001902E2000902E2300220A212800DD
:10802000FBF7CEFD0120DFF84419087000F09CBC7E
:1080300020791D2806D0C0F0C5801F2800F082805E
:1080400040D3BFE0E078002802D001281FD038E0FC
:10805000A61C0622310014F10800FBF73DFFDFF8F3
:10806000CC57F220039015F10C0002901F200190D4
:108070001D2000901D23E278521CD2B20621300050
:10808000FBF79EFDDFF8E408806AE86019E0A51CB4
:108090000622290014F10800FBF71EFFF0200390D0
:1080A000002002902E2001902E2000902E230022EE
:1080B0000A212800FBF784FD0120DFF8B0180870C2
:1080C000FFE77FE0E078002802D001281FD038E0E9
:1080D000A61C0622310014F10800FBF7FDFEDFF8B4
:1080E0004C57F220039015F10C0002901F200190D4
:1080F0001D2000901E23E278521CD2B206213000CF
:10810000FBF75EFDDFF86408C06AE86019E0A51CB3
:108110000622290014F10800FBF7DEFEF020039090
:10812000002002902E2001902E2000902E2300226D
:108130000A212800FBF744FD0120DFF83018087001
:10814000FFE73FE0E078002802D001281FD038E0A8
:10815000A61C0622310014F10800FBF7BDFEDFF873
:10816000CC56F220039015F10C0002901F200190D4
:108170001D2000901F23E278521CD2B2062130004D
:10818000FBF71EFDDFF8E407006BE86019E0A51CB3
:108190000622290014F10800FBF79EFEF020039050
:1081A000002002902E2001902E2000902E230022ED
:1081B0000A212800FBF704FD0120DFF8B017087042
:1081C000FFE7FFE7D0E32079212806D0C0F0C88080
:1081D000232800F0858043D3C2E0E078002802D055
:1081E000012822D03BE0A71C0622390014F1080028
:1081F000FBF772FEDFF8345615F10C06F2200390FF
:10820000029623200190212000902123E278521C25
:10821000D2B207213800FBF7D3FCDFF8300B00782F
:10822000E860DFF84807066419E0A51C062229006B
:1082300014F10800FBF750FEF0200390002002909C
:108240002E2001902E2000902E2300220A212800AB
:10825000FBF7B6FC0120DFF814170870FFE77FE09A
:10826000E078002802D001281FD038E0A61C0622A2
:10827000310014F10800FBF72FFEDFF8B055F220B3
:10828000039015F10C000290232001902120009012
:108290002223E278521CD2B207213000FBF790FC77
:1082A000DFF8C806806BE86019E0A51C06222900EB
:1082B00014F10800FBF710FEF0200390002002905C
:1082C0002E2001902E2000902E2300220A2128002B
:1082D000FBF776FC0120DFF894160870FFE73FE01B
:1082E000E078002802D001281FD038E0A61C062222
:1082F000310014F10800FBF7EFFDDFF83055F220F4
:10830000039015F10C000290232001902120009091
:108310002323E278521CD2B207213000FBF750FC35
:10832000DFF84806C06BE86019E0A51C06222900AA
:1083300014F10800FBF7D0FDF0200390002002901C
:108340002E2001902E2000902E2300220A212800AA
:10835000FBF736FC0120DFF814160870FFE7FFE793
:1083600002E32079252809D0C0F00781272800F0F2
:10837000858043D3282800F0C180FEE0E078002803
:1083800002D001281FD038E0A61C0622310014F1CB
:108390000800FBF7A1FDDFF89454F220039015F1DB
:1083A0000C00029028200190252000902523E278DF
:1083B000521CD2B208213000FBF702FCDFF8AC05FA
:1083C000406CE86019E0A51C0622290014F10800A1
:1083D000FBF782FDF0200390002002902E200190F8
:1083E0002E2000902E2300220A212800FBF7E8FB14
:1083F0000120DFF878150870FFE7BEE0E07800287C
:1084000002D001281FD038E0A61C0622310014F14A
:108410000800FBF761FDDFF81454F220039015F11A
:108420000C00029028200190252000902623E2785D
:10843000521CD2B208213000FBF7C2FBDFF82C053A
:10844000806CE86019E0A51C0622290014F10800E0
:10845000FBF742FDF0200390002002902E200190B7
:108460002E2000902E2300220A212800FBF7A8FBD3
:108470000120DFF8F8140870FFE77EE0E0780028BC
:1084800002D001281FD038E0A61C0622310014F1CA
:108490000800FBF721FDDFF89453F220039015F15B
:1084A0000C00029028200190252000902723E278DC
:1084B000521CD2B208213000FBF782FBDFF8AC047B
:1084C000C06CE86019E0A51C0622290014F1080020
:1084D000FBF702FDF0200390002002902E20019077
:1084E0002E2000902E2300220A212800FBF768FB93
:1084F0000120DFF878140870FFE73EE0E0780028FC
:1085000002D001281ED037E0A61C0622310014F14B
:108510000800FBF7E1FCC54DF220039015F10C00BB
:10852000029028200190252000902823E278521CF8
:10853000D2B208213000FBF743FBDFF83004006DB6
:10854000E86019E0A51C0622290014F10800FBF7D9
:10855000C3FCF0200390002002902E2001902E20DA
:1085600000902E2300220A212800FBF729FB01207E
:10857000DFF8F8130870FFE7FFE7F5E1207A03283A
:108580000ED0C0F0F081052800F07B81C0F053814F
:10859000072800F08D8036D3082800F0D080E2E173
:1085A0003220FAF75EFF0320DFF8C0130870A07ACC
:1085B000102802D0112809D024E0DFF89407417870
:1085C0009A48C068C0B2FDF762FB1BE000200100C2
:1085D000C9B20B290FDADFF87C170200D2B251F8CA
:1085E0002210924AD268914203D1DFF86417487092
:1085F00001E0401CEBE7DFF8580741780078FDF711
:1086000046FBFFE7AFE1DFF8645303202870322018
:10861000FAF727FFA07A1D2804D048D31F282FD0AF
:1086200017D344E0287AFCF7B5FC00EE100ADFF817
:10863000C40A90ED091AD0ED080A7C48D0ED031A5F
:10864000F8EEE11AB8EE400A81EE800AF8F766FD0E
:108650002DE0687AFCF79EFC00EE100ADFF8940A21
:1086600090ED091A7149D1ED030AF8EEE00AB8EE6F
:10867000400AC0EE800A90ED070AF8F74FFD16E0B9
:10868000A87AFCF787FC00EE100ADFF8680A674951
:10869000D1ED030AF8EEE00AB8EE400A80EE801A47
:1086A000D0ED080A90ED070AF8F738FDFFE75AE128
:1086B000AE4D032028703220FAF7D3FEA07A21288D
:1086C00004D03BD3232823D00CD337E0DFF87C063B
:1086D000D0ED020A90ED010A5448C068C0B2F8F724
:1086E0000BFE2BE0E87AFCF755FC00EE100ADFF8F1
:1086F0005C064E49D1ED030AF8EEE00AB8EE400AF6
:10870000C0EE800A90ED010A0078F8F7F5FD15E05B
:10871000E87AFCF73FFC00EE100ADFF83006D0EDF7
:10872000020A424991ED031AB8EEC11AB8EE400AA6
:1087300081EE000A0078F8F7DFFDFFE713E18B4DCB
:10874000032028703220FAF78CFEA07A252806D064
:1087500070D3272835D01BD328284BD06AE0287B3C
:10876000FCF718FC00EE100ADFF88C09D0ED031AB4
:1087700090ED021AD0ED010A2C4890ED032AB8EED4
:10878000C22AB8EE400A82EE000AF8F76FFE51E006
:10879000287BFCF7FFFB00EE100ADFF85C09D0ED48
:1087A000031A90ED021A2149D1ED030AF8EEE00A0E
:1087B000B8EE400AC0EE800A90ED000AF8F756FEC7
:1087C00038E0287BFCF7E6FB00EE100ADFF828090A
:1087D000D0ED031A1549D1ED030AF8EEE00AB8EE20
:1087E000400A80EE801AD0ED010A90ED000AF8F7F9
:1087F0003DFE1FE0287BFCF7CDFB00EE100ADFF802
:10880000F8080A49D1ED030AF8EEE00AB8EE400A8A
:10881000C0EE801A90ED021AD0ED010A90ED000A28
:10882000F8F724FE06E000BFB42900206C290020E0
:108830000000002097E0A07A142804D00ED3162858
:108840000BD001D30AE009E0DFED490A9FED480AA9
:1088500001210020F8F75AFF00E0FFE7DFED440AAE
:108860009FED430A00210120F8F750FFDFED400A99
:108870009FED3F0A00210220F8F748FFF8F7A4FB1C
:1088800071E0DFF8700890F82900012867D13220E4
:10889000FAF7E7FD354D03202870A07A192804D097
:1088A0005CD31B2841D020D358E0DFED310A9FED87
:1088B000300A01210020F8F729FF287AFCF76AFB2B
:1088C00000EE100ADFF83408D0ED030AF8EEE00AF3
:1088D000B8EE400AC0EE800ADFF8240890ED000AE6
:1088E00001210120F8F712FF3CE0DFED210A9FEDA6
:1088F000200A01210020F8F709FF287AFCF74AFB3B
:1089000000EE100ADFF8F407D0ED030AF8EEE00AF3
:10891000B8EE400AC0EE800ADFF8E40790ED000AE6
:1089200001210220F8F7F2FE1CE0DFED110A9FEDB5
:10893000100A00210020F8F7E9FEDFED0D0A9FED97
:108940000C0A00210120F8F7E1FEDFED090A9FED96
:10895000080A00210220F8F7D9FE03E002E0042013
:1089600002490870FFE7FFE705B0F0BD7C0000207A
:1089700000000000522A00201FB5DFF88847A078C9
:10898000002810D0022820D00ED3042878D029D374
:10899000062800F0DA80C0F08080082800F06181AD
:1089A000C0F00781D0E1CFE1DFF85C07DFF84C17BA
:1089B000CA68825C521CCB68C254CA68825C3A2A7C
:1089C00002DB3022C9684254BEE1607921798842D5
:1089D00002D22079401E2071F1220021A01CFBF759
:1089E000CCF8B1E1E07800280CD160792179884297
:1089F00002D22079401E2071F1220021A01CFBF739
:108A0000BCF83CE02079102802D0112812D036E0C2
:108A1000E078002802D0012801D00AE009E0DFF860
:108A2000DC06C168B1F5807F02DAC168491CC1600B
:108A3000FFE724E0E078002802D0012801D01EE002
:108A40001DE000210800C0B20B2817DADFF804236C
:108A5000DFF8A8060B00DBB252F82330C468A3424B
:108A60000AD10B00DBB20A2B06DA0B00DBB202EBF9
:108A700083025268C26001E0491CE3E7FFE763E15B
:108A800060792179884202D22079401E2071F1223A
:108A90000021A01CFBF771F856E1E07800281BD1FB
:108AA00060792179884208D22079401E2071F12214
:108AB0000021A01CFBF761F846E0F12003900020A4
:108AC0000290162001901420009016230022042109
:108AD000A01CFBF775F837E02079192804D033D3B0
:108AE0001B2831D018D32FE0E078002802D00128CD
:108AF00001D010E00FE0DFF81406007AFCF74AFA24
:108B0000DFF8F825D36814214843834202D2D068A5
:108B1000401CD060FFE717E0E078002802D0012871
:108B200001D010E00FE0DFF8E405007AFCF732FA3C
:108B3000DFF8C825D36814214843834202D2D068A5
:108B4000401CD060FFE7FFE7FEE0E07800280CD192
:108B500060792179884202D22079401E2071F12269
:108B60000021A01CFBF709F822E020791D3801281C
:108B700002D9801E0ED01BE0E078002802D0012828
:108B800001D006E005E0DFF87405C168491CC1604A
:108B9000FFE70DE0E078002802D0012801D006E0D0
:108BA00005E0DFF85805C168491CC160FFE7FFE731
:108BB000CAE0E07800280CD160792179884202D29D
:108BC0002079401E2071F1220021A01CFAF7D5FF68
:108BD00046E02079212804D042D323282CD013D377
:108BE0003EE0E078002802D0012801D00BE00AE046
:108BF000DFF80815C868002802D10120C86001E02C
:108C00000020C860FFE72BE0E078002802D00128B0
:108C100001D010E00FE0DFF8F404C07AFCF7BAF9F5
:108C2000DFF8D824D36814214843834202D2D068A5
:108C3000401CD060FFE713E0E078002802D0012854
:108C400001D00CE00BE0DFF8B404C168DFF8BC240D
:108C5000926B914202DAC168491CC160FFE7FFE7ED
:108C600072E0E07800280CD160792179884202D244
:108C70002079401E2071F1220021A01CFAF77DFF0F
:108C800061E02079252806D05DD327282FD01AD37C
:108C9000282844D057E0E078002802D0012801D0ED
:108CA00010E00FE0DFF86404007BFCF773F9DFF8F5
:108CB0004C24D36814214843834202D2D068401C1C
:108CC000D060FFE73FE0E078002802D0012801D023
:108CD0000CE00BE0DFF82404C168DFF83024526CAC
:108CE000914202DAC168491CC160FFE72BE0E078DD
:108CF000002802D0012801D010E00FE0DFF80C04BA
:108D0000007BFCF747F9DFF8F423D3685021484390
:108D1000834202D2D068401CD060FFE713E0E078C5
:108D2000002802D0012801D00CE00BE0DFF8CC03D2
:108D3000C168DFF8D823D26C914202DAC168491CBD
:108D4000C160FFE7FFE7FFE71FBD0000E02900204B
:108D50000C0D0020900700201FB5DFF8A843A07875
:108D6000002810D0022820D00ED3042878D029D390
:108D7000062800F0CD80C0F09280082800F04D81D8
:108D8000C0F0F880B4E1B3E1DFF87C03DFF86C13E6
:108D9000CA68825C521ECB68C254CA68825C302AA0
:108DA00002DA3922C9684254A2E12079A1798842C5
:108DB00002D22079401C2071F1220021A01CFAF778
:108DC000DCFE95E1E07800280CD12079A179884279
:108DD00002D22079401C2071F1220021A01CFAF758
:108DE000CCFE3CE02079102802D0112811D036E0CA
:108DF000E078002802D0012801D009E008E0DFF87F
:108E0000FC02C168012902DBC168491EC160FFE79D
:108E100025E0E078002802D0012801D01FE01EE004
:108E20000A221000C0B2002818D0DFF8FC39DFF8A1
:108E3000CC121000C0B253F82000CC68A0420BD175
:108E40001000C0B2002807D01000C0B203EB8000B1
:108E500050F8040CC86001E0521EE2E7FFE747E16A
:108E6000E07800281AD12079A17988420ED1F1202A
:108E70000390002002901B200190192000901923DC
:108E800000220521A01CFAF79BFE07E02079401C78
:108E90002071F1220021A01CFAF76FFE28E1E07892
:108EA00000280CD12079A179884202D22079401C77
:108EB0002071F1220021A01CFAF75FFE27E0207943
:108EC000192804D023D31B2821D010D31FE0E07829
:108ED000002802D0012801D008E007E08748C168D7
:108EE000012902DBC168491EC160FFE70FE0E0789D
:108EF000002802D0012801D008E007E07F48C168BF
:108F0000012902DBC168491EC160FFE7FFE7EFE00E
:108F1000E07800280CD12079A179884202D220790A
:108F2000401C2071F1220021A01CFAF726FE20E04F
:108F300020791D38012802D9801E0DD019E0E07873
:108F4000002802D0012801D005E004E06B48C16888
:108F5000491EC160FFE70CE0E078002802D001283C
:108F600001D005E004E06548C168491EC160FFE723
:108F7000FFE7BDE0E07800280CD12079A179884294
:108F800002D22079401C2071F1220021A01CFAF7A6
:108F9000F4FD41E02079212804D03DD3232825D0B9
:108FA00012D339E0E078002802D0012801D00AE08D
:108FB00009E05249C868002802D10120C86001E0D8
:108FC0000020C860FFE727E0E078002802D00128F1
:108FD00001D00AE009E049484C49C96BC268914296
:108FE00002DAC168491EC160FFE715E0E078002899
:108FF00002D0012801D00EE00DE04448C07AFBF712
:10900000C9FF3E4A00214843D168884202D2D06855
:10901000401ED060FFE7FFE76AE0E07800280CD14F
:109020002079A179884202D22079401C2071F12256
:109030000021A01CFAF7A1FD59E02079252806D0CF
:1090400055D327282BD014D328283AD04FE0E078E6
:10905000002802D0012801D00AE009E027482B4966
:10906000896CC268914202DAC168491EC160FFE79B
:109070003DE0E078002802D0012801D00EE00DE0AC
:109080002248007BFBF786FF1C4A00214843D16839
:10909000884202D2D068401ED060FFE727E0E07827
:1090A000002802D0012801D00AE009E0134817493E
:1090B000096DC268914202DAC168491EC160FFE7CA
:1090C00015E0E078002802D0012801D00EE00DE084
:1090D0000E48007BFBF75EFF084A00214843D16839
:1090E000884202D2D068401ED060FFE7FFE7FFE76A
:1090F0001FBD000084280020C42900206C29002006
:109100004C280020B4290020000000207C00002012
:109110007FB5DFF81847A078002816D0022818D0AD
:1091200014D3042800F08B8016D3062800F02E817B
:10913000C0F0A080082800F08082C0F0D3810A2807
:1091400000F06383C0F05A836CE36BE30020A070EF
:1091500068E30020A07065E32079102802D0112870
:1091600036D06BE0E078002802D0012816D02EE03F
:10917000A51CF1200390002002900E2001900920F0
:1091800000900923002202212800FAF719FD062287
:10919000290014F10800FAF79FFE18E0A51C06222A
:1091A000290014F10800FAF797FEF1200390DFF888
:1091B0008006029011200190102000901023E0788A
:1091C000421ED2B203212800FAF7FAFCFFE735E08D
:1091D000E078002802D0012816D02EE0A51CF1204E
:1091E0000390002002900E20019009200090092396
:1091F000002202212800FAF7E3FC0622290014F1DC
:109200000800FAF769FE18E0A51C0622290014F1EF
:109210000800FAF761FEF1200390DFF818060290CB
:1092200011200190102000901123E078421ED2B24C
:1092300003212800FAF7C4FCFFE7FFE7F2E22079F8
:109240001438022815D8A51CF120039000200290A4
:109250000E200190092000900A23002202212800FC
:10926000FAF7AEFC0622290014F10800FAF734FEE2
:10927000FFE7D7E22079192805D0C0F086801B28A7
:109280006DD036D381E0E078002802D0012816D0D6
:109290002EE0A51CF1200390002002900E200190EA
:1092A000092000900A23002202212800FAF788FCF6
:1092B0000622290014F10800FAF70EFE18E0A51C9A
:1092C0000622290014F10800FAF706FEF1200390A7
:1092D000DFF8640502901B200190192000901923EB
:1092E000E078421ED2B205212800FAF769FCFFE7B8
:1092F0004BE0E078002802D0012816D02EE0A51C13
:10930000F1200390002002900E200190092000908F
:109310000A23002202212800FAF752FC0622290023
:1093200014F10800FAF7D8FD18E0A51C0622290060
:1093300014F10800FAF7D0FDF1200390DFF8FC04E7
:1093400002901B200190192000901A23E078421E01
:10935000D2B205212800FAF733FCFFE715E0A51C7F
:10936000F1200390002002900E200190092000902F
:109370000A23002202212800FAF722FC06222900F3
:1093800014F10800FAF7A8FDFFE74BE220791D2849
:1093900005D0C0F0A6801F286DD036D3A1E0E078BC
:1093A000002802D0012816D02EE0A51CF120039041
:1093B000002002900E200190092000900B23002233
:1093C00002212800FAF7FCFB0622290014F108000C
:1093D000FAF782FD18E0A51C0622290014F1080006
:1093E000FAF77AFDF1200390DFF8540402901F2071
:1093F00001901D2000901D23E078421ED2B206216C
:109400002800FAF7DDFBFFE76BE0E078002802D0E8
:10941000012816D02EE0A51CF12003900020029018
:109420000E200190092000900B2300220221280029
:10943000FAF7C6FB0622290014F10800FAF74CFDE2
:1094400018E0A51C0622290014F10800FAF744FDD3
:10945000F1200390DFF8EC0302901F2001901D2003
:1094600000901E23E078421ED2B206212800FAF7AF
:10947000A7FBFFE735E0E078002802D0012816D0EE
:109480002EE0A51CF1200390002002900E200190F8
:10949000092000900B23002202212800FAF790FBFC
:1094A0000622290014F10800FAF716FD18E0A51CA1
:1094B0000622290014F10800FAF70EFDF1200390AE
:1094C000DFF8840302901F2001901D2000901F23CD
:1094D000E078421ED2B206212800FAF771FBFFE7BE
:1094E000FFE79FE12079212805D0C0F0A58023283F
:1094F0006DD037D3A0E0E078002802D0012816D044
:109500002FE0A51CF1200390002002900E20019076
:10951000092000900C23002202212800FAF750FBBA
:109520000622290014F10800FAF7D6FC19E0A51C60
:109530000622290014F10800FAF7CEFCC34EF120F0
:109540000390029623200190212000902123E078AF
:10955000421ED2B207212800FAF732FBBC4806644B
:10956000FFE769E0E078002802D0012816D02DE05E
:10957000A51CF1200390002002900E2001900920EC
:1095800000900C23002202212800FAF719FB062282
:10959000290014F10800FAF79FFC17E0A51C062229
:1095A000290014F10800FAF797FCF1200390A9486C
:1095B000029023200190212000902223E078421E77
:1095C000D2B207212800FAF7FBFAFFE734E0E0788F
:1095D000002802D0012816D02DE0A51CF120039010
:1095E000002002900E200190092000900C23002200
:1095F00002212800FAF7E4FA0622290014F10800F3
:10960000FAF76AFC17E0A51C0622290014F10800ED
:10961000FAF762FCF12003908F480290232001901A
:10962000212000902323E078421ED2B20721280097
:10963000FAF7C6FAFFE7FFE7F4E02079252808D01B
:10964000C0F0DB8027286ED038D3282800F0A08017
:10965000D3E0E078002802D0012816D02DE0A51C28
:10966000F1200390002002900E200190092000902C
:109670000D23002202212800FAF7A2FA062229006F
:1096800014F10800FAF728FC17E0A51C06222900AF
:1096900014F10800FAF720FCF12003906F480290C3
:1096A00028200190252000902523E078421ED2B288
:1096B00008212800FAF784FAFFE79EE0E078002806
:1096C00002D0012816D02DE0A51CF1200390002027
:1096D00002900E200190092000900D23002202210B
:1096E0002800FAF76DFA0622290014F10800FAF7AB
:1096F000F3FB17E0A51C0622290014F10800FAF775
:10970000EBFBF12003905648029028200190252081
:1097100000902623E078421ED2B208212800FAF7F2
:109720004FFAFFE769E0E078002802D0012816D060
:109730002DE0A51CF1200390002002900E20019046
:10974000092000900D23002202212800FAF738FAA0
:109750000622290014F10800FAF7BEFB17E0A51C49
:109760000622290014F10800FAF7B6FBF120039055
:109770003C48029028200190252000902723E07883
:10978000421ED2B208212800FAF71AFAFFE734E0A5
:10979000E078002802D0012816D02DE0A51CF12089
:1097A0000390002002900E200190092000900D23CC
:1097B000002202212800FAF703FA0622290014F1F8
:1097C0000800FAF789FB17E0A51C0622290014F10E
:1097D0000800FAF781FBF12003902348029028202B
:1097E0000190252000902823E078421ED2B2082163
:1097F0002800FAF7E5F9FFE7FFE713E0062214F186
:109800000801A01CFAF768FB0CE0114D287802282B
:1098100007D0062214F10801A01CFAF75DFB002016
:109820002870FFE77FBD000090070020B4290020CA
:109830007D00002080000020D0000020D400002007
:10984000A4000020A8000020AC000020E029002097
:109850007C000020B4000020B8000020C0000020E0
:10986000C4000020C8000020CC00002000F101034B
:10987000810704D010F8011B820781B1FAD1026878
:10988000A2F10131914311F0803104BF50F8042F4F
:10989000F6E709BAB1FA81F100EBD100401CC01A19
:1098A0007047000070B4039CDFF88453286029716E
:1098B0006A71AB71EC7101262E7270BC70472DE994
:1098C000F74F04000D00DFF868639DF80800B179D8
:1098D000884204D3F0799DF80810884202D22E20E5
:1098E0008DF80800307A002845D1002738003179FA
:1098F000C0B288423DD231689DF80820B079121A72
:109900003079424301EB02003900C9B210F80190EE
:10991000002080464046C0B2082828DA3800C0B28D
:1099200050FA84F0802805DA4046C0B250FA85F03B
:10993000402801DB00205DE1012010FA08F04946D3
:10994000C9B2014208D0012218EB0501C9B2381989
:10995000C0B200F06FF907E0002218EB0501C9B2B0
:109960003819C0B200F066F918F10108D2E77F1C7F
:10997000BCE730793EE1307A012840F08E80707982
:10998000082190FBF1F201FB1200012806DB70793F
:10999000082190FBF1FB1BF1010B03E0707908211A
:1099A00090FBF1FB31795846C0B24143491C8DF818
:1099B000011031689DF80820B079121A9DF8010055
:1099C000424301EB020001788DF80010401C019029
:1099D0005FF0000840469DF80010C0B2884259D29E
:1099E0005FF0000948465946C0B2C9B288424ED21B
:1099F00001994246D2B25846C0B2424301EB02003E
:109A00004946C9B210F801A0002007003800C0B2D2
:109A1000082839DA4046C0B250FA84F0802808DAC3
:109A20004846C0B2C00050FA85F050FA87F040288E
:109A300001DB0020DEE04846C0B2C00050FA87F0EB
:109A4000717988421EDA0121B9405046C0B20842FD
:109A50000CD001225FFA89F915EBC9017918C9B256
:109A600018EB0400C0B200F0E5F80BE000225FFA4A
:109A700089F915EBC9017918C9B218EB0400C0B215
:109A800000F0D8F87F1CC1E719F10109AAE718F125
:109A900001089FE79DF80000ACE0307A022840F012
:109AA000A8807079082190FBF1F0401C8DF800002F
:109AB00030799DF8001010FB01F08DF8020031683C
:109AC0009DF80820B079121A9DF80200424301EB7C
:109AD0000200019096F804B000208DF801000021EA
:109AE0000020002210009DF80030C0B298420CD235
:109AF0003079431E9DF801001B1A13FB02F0019BF5
:109B0000C0B2185C0100521CECE70800C0B200288B
:109B10000BD1BBF1010B5846C0B2002805D09DF80F
:109B20000100401C8DF80100D9E7002738009DF89E
:109B30000010C0B2884259D25FF000084046594632
:109B4000C0B2C9B288424FD201993A00D2B230793C
:109B5000424301EB02004146C9B210F801905FF0A8
:109B6000000A5046C0B208283BDA4046C0B250FA5C
:109B700084F0802808DA3800C0B2C00050FA85F0BE
:109B800050FA8AF0402801DB002033E03800C0B2F0
:109B9000C00050FA8AF0717988421FDA012111FA67
:109BA0000AF14846C0B208420CD00122FFB215EBC0
:109BB000C7011AEB0101C9B218EB0400C0B200F0F2
:109BC00039F80BE00022FFB215EBC7011AEB0101D7
:109BD000C9B218EB0400C0B200F02CF81AF1010A67
:109BE000BFE718F10108A9E77F1C9FE75846C0B2FC
:109BF00000E00020BDE8FE8FF8B504000F0015005E
:109C00000B484079D0F13F003900C9B288420EDBE1
:109C1000287800280BD02A783900C9B22000C0B2B9
:109C2000FFF74DFE0600701C04196D1CF0E7F1BD36
:109C3000D4290020F8B504000D0016002000C0B2A1
:109C4000802803DA2800C0B2402800DB57E030004B
:109C5000C0B2002824D02900C9B20822DFF8CC31D4
:109C60002800C0B2082790FBF7F78020474357FA37
:109C700084F72800C0B25FF0080C90FBFCFC802049
:109C800000FB0CFC5CFA84F0185C5FF0010C91FBAB
:109C9000F2FE02FB1E111CFA01F10143D95524E02A
:109CA0002900C9B20822DFF884312800C0B2082791
:109CB00090FBF7F78020474357FA84F72800C0B29B
:109CC0005FF0080C90FBFCFC802000FB0CFC5CFAB5
:109CD00084F0185C5FF0010C91FBF2FE02FB1E1198
:109CE0001CFA01F130EA0101D9552B00DBB2220048
:109CF000D2B22900C9B22000C0B2FDF717FDF1BDF4
:109D00002DE9F84F05000E00170098460A9C380010
:109D1000C0B22900C9B2401A02F0C9FC81464046CF
:109D2000C0B23100C9B2401A02F0C1FC814502DA6A
:109D30005FF0010B01E05FF0000B5846C0B2002855
:109D400005D0280035000600380047468046380018
:109D50002900C0B2C9B2884205D228003D000700E0
:109D60003000464680464346DBB23A00D2B231006C
:109D7000C9B22800C0B2FDF7D9FC781B8DF80000ED
:109D80004046C0B23100C9B2401A02F090FC8DF8D2
:109D900001009DF80000022190FBF1F930004146DE
:109DA000C0B2C9B2884202D25FF0010A01E05FF09E
:109DB000FF3A38002900C0B2C9B2884224D35846BD
:109DC000C0B2002808D02200D2B22900C9B23000A7
:109DD000C0B2FFF72FFF07E02200D2B23100C9B2B4
:109DE0002800C0B2FFF726FF9DF80100B9EB00097B
:109DF000484640B2002805D51AEB06069DF800003B
:109E000010EB09096D1CD4E7BDE8F18FF8B504002B
:109E10004FF480652600064807682A0031003800A4
:109E2000FCF74EF9FDF7CCFCF1BD0000C411002099
:109E3000082A0020C11768B14840401AB0FA80F2E1
:109E40009040D21CC907C2F5846241EA025202EB7B
:109E5000D0214005704700000CB430B583B00A46ED
:109E600006A90291044600250194009502AB01A9C0
:109E7000084878441E3002F01FFC019A1570002833
:109E80004EBF04460198041B204603B030BC5DF869
:109E90000CFB00BFF78EFFFF10B50400206841499E
:109EA0000968884202D1012001F03FFD20683E4947
:109EB0000968884202D1012003F0F2FB20683B4987
:109EC0000968884202D10120F8F70CFF10BD38B5AF
:109ED00004000D00206833490968884203D1280036
:109EE00080B201F022FD20682F490968884203D121
:109EF000280080B203F0D4FB20682C49096888420E
:109F000003D1280080B2F8F7EDFE31BD10B5040092
:109F1000206824490968884202D100202449087039
:109F2000206821490968884202D10220204908702E
:109F300020681E490968884202D104201C49087023
:109F400002211C48F8F706F910BD1CB5184C207802
:109F50000090194B00220021032003F0C9FB207858
:109F600000280ED101F0E0FC14480188491C018052
:109F70000188142903DB0021018001F0BFFC01F0FE
:109F8000C1FC20782078022803D103F088FB03F07D
:109F900077FB20782078042803D1F8F7A2FEF8F7A1
:109FA00091FE13BD942200201C230020A423002036
:109FB000712A0020E4050020300301085E2A0020F9
:109FC00070B505000C001600D5F8800020282DD1B2
:109FD000002C03D0300080B2002801D1012026E0FF
:109FE0000120286600206866320092B22100280015
:109FF000FAF787FD01000800C0B2002813D1286ECF
:10A0000001280ED110202A681062286850E8000F3D
:10A0100050F0100002002B6843E800200028F4D123
:10A0200001E0012001000800C0B200E0022070BD84
:10A03000704700002DE9FE4F0500002D01D10120E1
:10A040003AE3DFF80499D9F8004014F00C04DFF883
:10A050001889D8F8007017F003072878C00640F177
:10A06000C680002C03D00C2C7AD1012F78D1DFF8D8
:10A07000D4A8DAF80000800704D5A869002801D127
:10A08000012019E3DAF80000000704D5DAF800002F
:10A0900010F0F00005E0DFF860090068000910F03A
:10A0A000F000296A88421ED2286A00F05FFC00286E
:10A0B00001D0012000E3DAF8000050F00800CAF8EF
:10A0C0000000DAF8001031F0F001286A0143CAF804
:10A0D0000010DFF82809016831F47F41EA6951EA8C
:10A0E000022101601FE0DAF8000050F00800CAF811
:10A0F0000000DAF8001031F0F001286A0143CAF8D4
:10A100000010DFF8F808016831F47F41EA6951EA8C
:10A1100002210160002C06D1286A00F027FC0028EB
:10A1200001D00120C8E200F086FBDFF8D418D9F88E
:10A130000020C2F30312895C11F01F01C840DFF850
:10A140000C180860DFF80808006803F0EFFB8DF8D2
:10A1500000009DF80000002849D09DF80000ABE207
:10A16000A86900282DD0DFF8DC97D9F8000050F05E
:10A170000100C9F80000FBF7F7FF0600D9F800005E
:10A18000800706D4FBF7F0FF801B0328F6D30320DB
:10A1900092E2D9F8000050F00800C9F80000D9F8A0
:10A1A000001031F0F001286A0143C9F80010DFF80F
:10A1B0004C08016831F47F41EA6951EA02210160EB
:10A1C00015E0DFF88097D9F8000040084000C9F892
:10A1D0000000FBF7C9FF0600D9F80000800706D58C
:10A1E000FBF7C2FF801B0328F6D3032064E2287824
:10A1F000C00754D5082C03D00C2C0BD1032F09D148
:10A20000DFF840070068800349D56868002846D118
:10A21000012051E26868B0F5803F06D1DFF82407DD
:10A22000016851F48031016018E06868B0F5A02F32
:10A230000AD1DFF81007016851F48021016001683C
:10A2400051F48031016009E0DFF8F806016831F46B
:10A2500080310160016831F4802101606868002864
:10A260000ED0FBF781FF0600DFF8D80600688003F8
:10A2700015D4FBF779FF801B6528F5D303201BE27B
:10A28000FBF772FF0600DFF8BC060068800306D506
:10A29000FBF76AFF801B6528F5D303200CE22878C2
:10A2A000800752D5042C03D00C2C15D1022F13D1CA
:10A2B000DFF890060068400504D5E868002801D161
:10A2C0000120F9E1DFF83407016831F0F8512A691B
:10A2D00051EA0261016038E0E86800281FD0DFF829
:10A2E0006496D9F8000050F48070C9F80000FBF7BC
:10A2F0003BFF0600D9F80000400506D4FBF734FF09
:10A30000801B0328F6D30320D6E1DFF8F0060168AE
:10A3100031F0F8512A6951EA0261016015E0DFF875
:10A320002496D9F8000030F48070C9F80000FBF7DB
:10A330001BFF0600D9F80000400506D5FBF714FF07
:10A34000801B0328F6D30320B6E1287800072ED51A
:10A350006869002815D0DFF8A096D9F8000050F001
:10A360000100C9F80000FBF7FFFE0600D9F8000065
:10A3700080071CD4FBF7F8FE801B0328F6D30320CC
:10A380009AE1DFF87496D9F8000040084000C9F857
:10A390000000FBF7E9FE0600D9F80000800706D5AB
:10A3A000FBF7E2FE801B0328F6D3032084E1287824
:10A3B000400740F181805FF00009DFF848A6DAF835
:10A3C0000000C0000DD4DAF8000050F08050CAF848
:10A3D0000000DAF8000010F0805001900198012090
:10A3E0008146DFF824B6DBF80000C00513D4DBF8A3
:10A3F000000050F48070CBF80000FBF7B5FE0600BB
:10A40000DBF80000C00506D4FBF7AEFE801B032876
:10A41000F6D3032050E1A868012806D1DFF8EC0547
:10A42000016851F00101016017E0A86805280AD110
:10A43000DFF8D805016851F004010160016851F0AE
:10A440000101016009E0DFF8C4050168490849001D
:10A450000160016831F004010160A868002810D093
:10A46000FBF782FE0600DFF8A4050068800719D418
:10A47000FBF77AFE801B41F289318842F3D3032037
:10A480001AE1FBF771FE0600DFF88005006880071F
:10A4900008D5FBF769FE801B41F289318842F3D36E
:10A4A000032009E14846C0B2012805D1DAF80000CE
:10A4B00030F08050CAF80000287880062ED5686AEF
:10A4C000002815D0DFF84895D9F8000050F00100B9
:10A4D000C9F80000FBF748FE0600D9F80000800725
:10A4E0001CD4FBF741FE801B0328F6D30320E3E0D6
:10A4F000DFF81C95D9F8000040084000C9F80000BA
:10A50000FBF732FE0600D9F80000800706D5FBF7FE
:10A510002BFE801B0328F6D30320CDE0A86A002879
:10A5200000F0C980A86A022840F0A380D8F8000093
:10A53000070017F00300E96A884222D117F0700083
:10A54000296B491EB0EB011F1BD117F4FE40696B4C
:10A55000B0EB012F15D117F07840A96BB0EBC16FAC
:10A560000FD117F4C000E96B4908491EB0EB415FF9
:10A5700007D117F0C060296C4908491EB0EB416F44
:10A5800057D00C2C53D0DFF8BCA3DAF80000400100
:10A5900001D5012090E0DAF8000030F08070CAF8B0
:10A5A0000000FBF7E1FD8146DAF80000800107D5E5
:10A5B000FBF7DAFDB0EB09000328F5D303207BE0BD
:10A5C000D8F80010DFF84C040140E86A0143286B1A
:10A5D000401E51EA0011686B51EA0021E86B400807
:10A5E000401E51EA4051286C4008401E51EA40612B
:10A5F000A86B51EAC061C8F80010DAF8000050F00A
:10A600008070CAF80000D8F8000050F08070C8F8D8
:10A610000000FBF7A9FD0600DAF8000080014AD42B
:10A62000FBF7A2FD801B0328F6D3032044E00120A2
:10A6300042E0DFF81093D9F8000080013BD4D9F84C
:10A64000000050F08070C9F80000D8F8000050F009
:10A650008070C8F80000FBF787FD0600D9F80000FD
:10A66000800128D4FBF780FD801B0328F6D303204C
:10A6700022E00C2C1DD0DFF8CC92D9F8000030F08D
:10A680008070C9F80000FBF76FFD0600D9F80000E4
:10A69000800106D5FBF768FD801B0328F6D3032055
:10A6A0000AE0D8F80010DFF870030140C8F8001085
:10A6B00001E0012000E00020BDE8FE8F2DE9F0411F
:10A6C00004000D00002C01D10120B2E0DFF84C7332
:10A6D000386810F00700A8420BD23868C008C000E4
:10A6E00028433860386810F00700A84201D00120E4
:10A6F0009FE0207880070DD5DFF84C12086810F035
:10A70000F000A268904205D20A6832F0F002A06818
:10A7100002430A602078C00742D56068032806D14A
:10A72000DFF82002006880011CD4012081E060680D
:10A73000022806D1DFF80C020068800312D4012041
:10A7400077E06068002806D1DFF8F801006880072C
:10A7500008D401206DE0DFF8EC010068400501D469
:10A76000012066E0DFF8E081D8F800108908890050
:10A7700060680143C8F80010FBF7F6FC0600D8F843
:10A78000000010F00C006168B0EB810F08D0FBF7FF
:10A79000EBFC801B41F289318842F0D3032048E072
:10A7A000207880070CD56849A0680A6812F0F0028A
:10A7B000904205D20A6832F0F002A06802430A60B3
:10A7C000386810F0070085420BD23868C008C00016
:10A7D00028433860386810F00700A84201D00120F3
:10A7E00027E02078400706D557490A6832F4E0622E
:10A7F000E06802430A602078000707D552480168E4
:10A8000031F46051226951EAC201016000F013F88D
:10A81000DFF8EC114C4A1268C2F30312895C11F0A4
:10A820001F01C840494908604948006803F07EF8A4
:10A83000C0B2BDE8F0812DE9F04100260020424978
:10A84000096811F00C01DFF820C1DCF8007017F086
:10A850000307002903D00C291AD1012F18D1DFF8E2
:10A86000E4E0DEF800805FEA087806D4DFF888E1EB
:10A87000DEF800E0CEF3032E03E0DEF800E0CEF3D6
:10A88000031E674E56F82E6000290CD130000AE0F6
:10A89000042903D1DFF88CE1704604E0082902D1D5
:10A8A000DFF884E170460C292DD1DCF800E01EF0C1
:10A8B000030E73469E46BEF1020F03D0BEF1030F96
:10A8C00003D005E0DFF85CE103E0DFF85CE100E0E5
:10A8D000B646DCF80020C2F30212521C1500DCF868
:10A8E0000020C2F3062202FB0EFEBEFBF5F2DCF8EE
:10A8F00000C0CCF3416C1CF1010C5FEA4C0C6446C7
:10A90000B2FBF4FC6046BDE8F08110480068704777
:10A9100080B5FFF7FAFF45490B4A1268C2F30222DD
:10A92000895C11F01F01C84002BD80B5FFF7EDFF43
:10A930003E49054A1268C2F3C222895C11F01F0128
:10A94000C84002BD0010024008100240E00500208F
:10A95000BC0500202849086810F07E400A6852F4BF
:10A9600000020A60704700000C1002407CB5040031
:10A970000025244E3068C00003D501F0DBF801004B
:10A980000FE0306850F080503060306810F0805038
:10A990000090009801F0CEF80100306830F080504F
:10A9A0003060B1F5007F09D1812C15D3A12C02D3E1
:10A9B0000220050010E0012005000DE0812C02D3EB
:10A9C0000320050008E0802C02D10220050003E0EE
:10A9D000702C01D10120050010480268D208D20075
:10A9E0002A430260006810F00700A84201D001204D
:10A9F00000E0002076BD00009410024004100240E8
:10AA0000A00401085810024000700040901002405D
:10AA1000981002408C809D01FCFFEEFE0020024059
:10AA2000A80101080024F40000127A008809010836
:10AA3000BBBBE1B1B2F5803F80F07E80022A1ED917
:10AA40008C46B1FBF2F102FB11C31B0443EA104335
:10AA5000B3FBF2FC02FB1C3380B240EA0343B3FBBE
:10AA6000F2F002FB103240EA0C4000237047022A49
:10AA700005D98446B0FBF2F002FB10C270474AB120
:10AA800005D100F0010249085FEA3000704700225A
:10AA90000023704702F07ABF0B0002000021002063
:10AAA0007047904271EB030CF6D3B3F5803F2FD281
:10AAB000F0B5B3FA83F7B1FA81F4A7F10F0E3D1B9D
:10AAC0005340CEF1200602FA0EF2F3415340B5F1A5
:10AAD0000F0746D80F3C2C444140C4F12006A0404B
:10AAE000F1414140B1FBF3F603FB1611A2FB064511
:10AAF000001BA94102D2761E8018594180EA01024A
:10AB000021FA0EF362FA0EF200215A403046F0BDEF
:10AB100030B4B1FBF3FC03FB1C11A2FB0C45001B82
:10AB2000A94103D2ACF1010C8018594130BC024656
:10AB30000B46604600217047B2F1807F65D3F0B5C7
:10AB4000B2FA82F7B1FA81F4C7F10F063D1B22FA7F
:10AB500006F307F1110EF24120355A40B5F10F0707
:10AB6000B8D94140C4F12006A040F1414140B1FBB9
:10AB7000F3FC03FB1C11A2FB0C45001BA94103D2F3
:10AB8000BCF1010C801859410F2F12D30F3FC9039C
:10AB900041EA5041B1FBF3F603FB1611A2FB064557
:10ABA000D4EBC030A94102D2761E8018594146EA42
:10ABB000CC3C07B34140C7F12006B840F1414140C9
:10ABC000B1FBF3F603FB1611A2FB0645001BA941DE
:10ABD00002D2761E8018594180EA010221FA0EF352
:10ABE000C7F1200462FA0EF20CFA07F05A402CFA70
:10ABF00004F13043F0BD80EA010221FA0EF3002196
:10AC000062FA0EF260465A40F0BD8C46B1FBF2F19A
:10AC100002FB11C31B0243EA1063B3FBF2FC02FB0D
:10AC20001C331B024CEA002043EA1063B3FBF2FC26
:10AC300002FB1C331B024CEA002043EA1063B3FB07
:10AC4000F2FC02FB1C331B024CEA002043EA1063B7
:10AC5000B3FBF2FC02FB1C324CEA002000237047DD
:10AC600070477047B0B581EA030C0CF0004C40F21D
:10AC7000FF7515EA11541DBF15EA1357AC42AF42D8
:10AC800039E0E41923EA455343F48013C90241F043
:10AC9000004141EA505EC7021100A7FB02020028F2
:10ACA0004FF00000EEFB01204FF00001E3FB072115
:10ACB00018BF42F00102401800214941E3FB0E0198
:10ACC000A4F580640F0302D252004041494154F17F
:10ACD00001046CDD470872F1004250F1000051EBB5
:10ACE0000451A1F580115CBF41EA0C01B0BD4CEAF2
:10ACF00005510020B0BD05EA1357AC4214BFAF4266
:10AD000041E050EA410E1CBF52EA430E02E06146A8
:10AD10000020B0BD24423C441BD15FEA070EF6D0B0
:10AD2000090302BF01460020AEF1140EB1FA81F70B
:10AD3000AEEB070401FA07FE0C37C7F1200100FA59
:10AD400007F7C8404EEA000E23EA455343F4801348
:10AD5000A2E733F00043B3FA83F704BFB2FA82FEEE
:10AD600077440B3FE41BB7F1200E2FBF02FA0EF31E
:10AD7000BB40C7F1200E22FA0EFE38BF43EA0E0395
:10AD8000BA40641C82E750EA410E14BF52EA430EF7
:10AD90006FF000014FF4001717EB430F8ABF1946FD
:10ADA00017EB410FB5E74CEA05510020B0BDD4F1D7
:10ADB0000104B4F120070FDAC4F12007520828BFBC
:10ADC00042F0010210FA07F501FA07F7E1BF2A4342
:10ADD000E0403843E1400FE0352C98DCC7F1200417
:10ADE00052EA400220FA07F218BF42F0010231FA9B
:10ADF00007F0A1400A43002172F1004250F1000027
:10AE000051EB0C01B0BD000070B44FF0004591EA69
:10AE1000030F40F141876B40841A71EB030604D2A3
:10AE20006E40001BB141121973414FF4001C1CEB22
:10AE3000410F34BF7CEB430683E00C0DA4EB1356AB
:10AE4000362E00F37C80012E45EAC32341DC43EA21
:10AE5000525312BFD20292025B08240545EAC12177
:10AE600041EA5051D2EBC020994125D407D1B0FA24
:10AE700080F610FA06F162D00020203608E0B1FA20
:10AE800081F6B140C6F1200220FA02F21143B0402F
:10AE90004FEAF474B4EB465434F001064FEA7404FC
:10AEA0000AD8D6F50016760D04F00044F04061FA99
:10AEB00006F25040F1404840C00A40EA415021F0BB
:10AEC000004128BF5FEA500550F1000044EBD1215A
:10AED00035E0DB0A45EAC121C90AB6F120050EDDDD
:10AEE00042EA0242120CC5F1200603FA06F6EB40D4
:10AEF00042EA06056D42984161F100010DE062FAF7
:10AF000006F5F240554063FA06FC82EA0C02F34073
:10AF10005A406D42904161EB030111F4801F05D14D
:10AF2000641E620502D06D004041494121F4801148
:10AF3000430875F1004350F1000041EB045170BC2F
:10AF400070471CEB410F15D223F0004352EA430631
:10AF50000BD04FEA4C0CBCEB410F04D80C0D661E15
:10AF6000342EB7DDEBE7801A994150EA410608BF5D
:10AF70000021E4E708BF1CEB430F28BF6FF000017E
:10AF8000DDE70000C1F30A5340F2FE329B1A14DDE4
:10AF9000D3F120034FEAE17208DDC90241EA5051C2
:10AFA00041F00040D84080185040704703F2E13033
:10AFB00010B1D24382F0004070470020704700007B
:10AFC0002DE9F84F82468B4614001D000026DFF85D
:10AFD00084713878012801D1022047E001203870BF
:10AFE0004CF25038404600F05BF881464846C0B20B
:10AFF000002837D100207860DFF85C01016849053E
:10B0000006D5016831F4806101600220387701E0E3
:10B0100000203877BAF1000F07D122002B005846E4
:10B0200000F071F8012006000FE0BAF1010F02D024
:10B03000BAF1020F09D12100584600F071F8BAF1B7
:10B04000020F02D15FF480200600404600F028F88D
:10B050008146002E04D0DFF804010168B14301608D
:10B0600000F09FF8002038704846C0B2BDE8F28F6B
:10B0700000203A490A68002A09D53C4A3C4B136033
:10B080003C4B13600968002901D501210800C0B2BA
:10B0900070473248016851F000410160002070475C
:10B0A00070B50400FBF760F805002D4A1068C00376
:10B0B00009D514F1010FF8D0FBF756F8401BA04258
:10B0C000F3D303201EE0116826480140002913D065
:10B0D000204843680B43436011F0404F05D0224B9A
:10B0E0001E6811F0404006431E60880002D021F027
:10B0F00040401060012005E01068C00701D5012024
:10B100001060002070BD10B414490C6854F00104A4
:10B110000C600260BFF36F8F011D0B6010BC7047A5
:10B1200070B4402304000D000C4A166856F48026C3
:10B130001660EFF3108272B62E682660241D2D1D56
:10B140005B1E1E00F6B2002EF6D182F3108870BC92
:10B1500070470000C005002000200240142002407B
:10B1600010200240FAC302001820024008200240CA
:10B1700023016745AB89EFCD10B4DFF89820136841
:10B1800033F47E73C40014F4FF6423431360136824
:10B1900053F002031360136853F48033136010BC40
:10B1A0007047DFF86800017F0A00D2B2012A03D09D
:10B1B0000A00D2B2032A11D1DFF85420136833F405
:10B1C00000731360136853F400631360136833F45F
:10B1D00000631360136853F4007313600A00D2B263
:10B1E000022A03D00A00D2B2032A0CD1084A1368FB
:10B1F00053F480531360136833F48053136013685F
:10B2000053F480631360002202777047C00500206A
:10B21000002002401420024010B500240320FBF758
:10B2200024FD0F2002F082FB002802D00120040040
:10B2300001E002F0ADFB2000C0B210BD70B586B0D9
:10B24000142200216846FAF7F6FF6B48016851F0B6
:10B2500004010160016811F004010591059901687C
:10B2600051F080010160016811F08001059105999C
:10B27000016851F001010160016811F001010591BF
:10B280000599016851F002010160016811F00201A5
:10B2900005910599016851F008010160006810F0FE
:10B2A000080005900598554C002243F2C13120005A
:10B2B000F7F711FB00224FF4F8515FF09040F7F7D9
:10B2C0000AFB4F4D002204212800F7F704FB4D4EE6
:10B2D000002238213000F7F7FEFA42F2C130009028
:10B2E0000120019000200290002003906946200078
:10B2F000F7F752F94CF21E00009003200190002055
:10B30000029069462000F7F747F90B2000900320D0
:10B3100001900020029069463B48F7F73DF948F25A
:10B32000FF000090032001900020029069465FF02A
:10B330009040F7F731F92020009000200190012083
:10B34000029069462000F7F727F9072000900020B7
:10B3500001900120029069463000F7F71DF94FF483
:10B36000A640009003200190002002906946300022
:10B37000F7F712F94FF4F8500090012001900020E7
:10B3800002900020039069465FF09040F7F704F9BF
:10B390004FF4805000900120019000200290032083
:10B3A000039069462000F7F7F7F804200090012089
:10B3B0000190002002900020039069462800F7F7D2
:10B3C000EBF818200090012001900020029000204E
:10B3D000039069463000F7F7DFF820200090012045
:10B3E0000190002002900320039069463000F7F797
:10B3F000D3F806B070BD00BF4C10024000080048F2
:10B40000000C004800040048001C004880B51648A5
:10B41000016851F002010160016811F00201009120
:10B420000099016851F001010160006810F001000D
:10B4300000900098002200210D20FBF71CFC0D203D
:10B44000FBF72EFC002200210F20FBF714FC0F203D
:10B45000FBF726FC002200214520FBF70CFC4520D1
:10B46000FBF71EFC01BD00BF4810024018B591B0AB
:10B470001422002101A8FAF7DEFE0422002168460A
:10B48000FAF7D9FE2C22002106A8FAF7D4FE484C80
:10B4900048482060002060607F20A060FF20E060BE
:10B4A00000202061002060610020A0610020E06198
:10B4B000200002F089FA002801D0FAF7BAFE002035
:10B4C0008DF8040000208DF8050000208DF806009E
:10B4D0000020049000200590012201A9200002F024
:10B4E000D8FA002801D0FAF7A4FE01208DF8000058
:10B4F00001208DF8010001208DF8020000208DF858
:10B50000030001226946200002F071FB002801D0EF
:10B51000FAF78FFE00208DF8180000208DF8190032
:10B5200000208DF81A0000200790002009900020CC
:10B530000A9000200B9000200D9000200E9001201A
:10B540008DF83C004FF480701090012206A9200075
:10B5500002F0DCFB002801D0FAF76BFE12B010BD40
:10B5600010B598B00400602200216846FAF763FE27
:10B5700020681049884219D15FF4003000904FF4E0
:10B58000007017906846FAF761FE002801D0FAF7BC
:10B5900050FE0948016851F4004101600022002179
:10B5A0002920FBF768FB2920FBF77AFB18B010BDB8
:10B5B0002C290020002800409010024080B52C4823
:10B5C0002C4901604FF482714160002181604FF489
:10B5D000E061C16000210161002141614FF400710F
:10B5E00081610021C16100210162002141620021CD
:10B5F00081620721C162002101630821416300F0DB
:10B60000C1FD002801D0FAF714FE01BD10B586B0C7
:10B6100004001422002101A8FAF70DFE2068154944
:10B62000884222D11448016851F4804101600068C9
:10B6300010F48040009000981048016851F0020119
:10B640000160006810F00200009000984FF4204064
:10B650000190022002900020039003200490052016
:10B66000059001A90648F6F797FF06B010BD000047
:10B67000AC26002000380040581002404C10024018
:10B680000004004810B5040002F049FE012010BD7E
:10B6900038B50400DFF85814087800280ED10120CE
:10B6A0000870DFF850048088DFF84C14088021000F
:10B6B000C9B2DFF84804F6F75CFD22E0DFF8380491
:10B6C000DFF83054AA8803889A4212D1002008700B
:10B6D000AA8829680220F8F7BDFB92A10220F8F79A
:10B6E000CFFB0121280002F0BFFE2800F8F794FBF1
:10B6F00007E0A98801802100C9B2DFF80004F6F74D
:10B7000038FD012032BD10B50400FEF71EFC0120FB
:10B7100010BD10B50400DFF8E8130320F8F7BEFBF6
:10B720000421DFF8D803F6F724FD012010BD010045
:10B73000012070470100012070470100012070477F
:10B7400080B502F009FD02F07DFF01BD1CB500F0DF
:10B7500039F803F004F8F7F781FCF6F7FBFBDFF8A4
:10B76000A443002000900FF2291300225FF0FF3164
:10B77000200002F0FBFCDFF89013200002F0B2FD85
:10B78000200002F019FD13BDF8B50024FFF7D8FF23
:10B79000FFF7DCFF00F096F8012803D14FF4FA60C0
:10B7A000F8F700FC002500F01DF806002E4302F01B
:10B7B000E1FF07003743F6F7F7FB38430400F7F7DC
:10B7C000E6FCEFE780B500F099F800F09BF80FF287
:10B7D000B500DFF8381308600FF2D100DFF830133E
:10B7E000086001BD70B50020002400252800C0B20B
:10B7F00007283ADAC14E2800C0B200013044407830
:10B80000012830D12800C0B2042801D00120040052
:10B810002800C0B200013044406800280ED0FAF77A
:10B82000A3FC2900C9B2090131444968401A290022
:10B83000C9B2090131448968884214D30020290023
:10B84000C9B2090131444870FAF78EFC2900C9B227
:10B850000901314448602800C0B22900C9B2090179
:10B860003144C96888476D1CC0E7A44A92F841007A
:10B87000002803D104211000F6F77BFC2000C0B2A1
:10B8800070BD000080B500219C48F6F763FC01BD47
:10B8900010B504009F490320F8F7F2FA05219748F4
:10B8A000F6F758FC00F001F810BD704738B50400F9
:10B8B0000D004FF47A732A0092B221009648F8F7EF
:10B8C000C2FB31BD38B500250024FFF743F8010065
:10B8D000880110D4C8000ED488000CD448000AD4C3
:10B8E000002908D4480102D50120040003E0080122
:10B8F00001D5012004002000C0B232BD80B5F7F7A9
:10B900000BF801BD80B5012284498348F8F701FC9A
:10B91000002201214620FBF7AEF94620FBF7C0F9D3
:10B9200001BD00000D0A000070472DE9F041040040
:10B93000002500217A4A16887A4FF869002823D119
:10B940006C48828812FA84F2B2F5966F01D3002215
:10B9500082805FF000084146220089B292B2914293
:10B960000ED2016882881144424692B26E4BC446A0
:10B970001FFA8CFC13F80C308B5418F10108EAE71D
:10B9800081886118818077E03000230080B29BB20B
:10B99000984229D2A01B05005648838813FA85F3E4
:10B9A000B3F5966F01D3002383805FF00008414612
:10B9B0002B0089B29BB2994212D201688388194444
:10B9C00043469BB2DFF860C1C6461FFA8EFE1EFAE0
:10B9D00086FE1CF80EC001F803C018F10108E6E766
:10B9E00081886918818046E0D6F164000500414BEA
:10B9F000988810FA84F010FA85F0B0F5966F01D3AC
:10BA00000020988000200100AC4689B21FFA8CFC0F
:10BA1000614513D21968B3F804C0614484461FFA23
:10BA20008CFCDFF804E180461FFA88F818FA86F8E3
:10BA30001EF808E001F80CE0401CE4E75FF00008A5
:10BA40004046210080B289B2884210D21868998895
:10BA50000844414689B2DFF8D0C0C6461FFA8EFEC0
:10BA60001CF80EC000F801C018F10108E8E7998839
:10BA70002819411899801480F86900280AD1642295
:10BA800029492548FEF79CFA3868006830F0040020
:10BA90003968086001211948F6F75CFBBDE8F081C0
:10BAA0000100224801600020704780B520480168ED
:10BAB00051F480410160016831F480410160164811
:10BAC000F7F794F8002002BD38B504000D00104AC5
:10BAD0001068002804D0290089B22000126890471D
:10BAE0000020124909688847002032BD000000008C
:10BAF000662A00205C060020582A0020E405002069
:10BB00004C0301089C29002080A90300382A00204A
:10BB1000482A00201403010894220020652A0020EE
:10BB2000562A002074270020102700201C2A0020FD
:10BB300040100240DFF88000006810F4C0607047D9
:10BB40000200B2F5007F26D1DFF86C00036813F421
:10BB5000C063B3F5007F2CD0036833F4C06353F4A3
:10BB600000730360DFF85400036832204343DFF8BA
:10BB70005000B3FBF0F0401C0100DFF84800036800
:10BB80005B0503D5002901D0491EF6E70068400592
:10BB90000FD503200EE0DFF82000036813F4C06324
:10BBA000B3F5806F05D0036833F4C06353F480634A
:10BBB000036000207047000000700040E005002096
:10BBC00040420F001470004090420CD141EA030C37
:10BBD00050EA4C0C07D0994205D14FF4001C1CEBE5
:10BBE000410F38BF8942704710B5144600F002F883
:10BBF000226010BDC1F30A5343B14A0012F5001F81
:10BC000028D2A3F2FE32A1EB0251704750EA410C58
:10BC100020D001F0004C31EA0C01B1FA81F204BFEE
:10BC2000B0FA80F3D2180B3AB2F120032CBF00FA1D
:10BC300003F1914041EA0C013EBFC2F1200C20FA11
:10BC40000CF319439040524240F2FD33D21A01EBFB
:10BC500003517047002270474FF4001C1CEB410F4A
:10BC600094BF1CEB430F09E041EA030C50EA4C0C73
:10BC700052EA0C0C03D2994208BF9042704714BF9D
:10BC80008B4282427047000070B44FF0004591EA49
:10BC9000030F7FF5C1A86B40841A71EB030603D232
:10BCA000001BB141121973414FF4001C1CEB410FF2
:10BCB00034BF7CEB430442E00C0DA4EB1356352E4D
:10BCC0004FDC45EAC323DB0A45EAC121C912B6F1BC
:10BCD00020050DDD63FA05F6EB4086EA0305124206
:10BCE00018BF45F00105C01851F100010CD213E056
:10BCF00062FA06F5F2405540F3415A40B340F34032
:10BD00005A408018594107D349085FEA30005FEA7A
:10BD1000350528BF45F0010501F58011420875F190
:10BD2000004250F1000041EB04514E0016F5001F97
:10BD300070BC38BF70470020090D090570471CEB27
:10BD4000410F10D252EA43060BD0BCEB410F05D88D
:10BD50000C0DAB43661E342EB6DD02E0AB438018FB
:10BD6000594170BC704770BC704700004FF4001C14
:10BD70001CEB410F94BF1CEB430F09E041EA030C9D
:10BD800050EA4C0C52EA0C0C03D28B4208BF8242A0
:10BD9000704714BF9942904270470000F8B52DEDEE
:10BDA0000A8B41EC1A0B48004015109D401C43ECD7
:10BDB000182B23D051EC1A0B31F0004108BF00289A
:10BDC0001CD051EC180B48004015401C16D051EC0B
:10BDD000180B31F0004108BF00280FD051EC1A0BAE
:10BDE0000022DFF84833FFF737FF80F0A38055ECDF
:10BDF000184B9FED800B05F00042ACE051EC1A0BA4
:10BE000048004015401C02D1090340F0898151ECE3
:10BE1000180B48004015401C01D1090353D151ECC7
:10BE2000180B31F0004308BF002A08D151EC1A0B5F
:10BE300048004015401C46D1090344D10DE048009C
:10BE40004015401C12D1090310D151EC1A0B4800C7
:10BE50004015401C37D1090335D1AFF30080BDEC4C
:10BE60000A8B4FF0FF306FF00041F4BD51EC1A0B1C
:10BE700031F0004108BF002828D151EC180B4800D0
:10BE8000400D05EB000234D151EC180B31F00041AC
:10BE900008BF002806D02A4651EC180B02F0BEFC61
:10BEA00041EC180B51EC180B20F0000231F000436C
:10BEB00008BF002A05D048004015401C03D10903E3
:10BEC00001D1AFF3008051EC180B2BE151EC1A0BB0
:10BED00048004015401C26D1090324D153EC1A2BED
:10BEE00051EC180BBDEC0A8B01B0BDE8F040FEF739
:10BEF000B9BE002AC8DD40F2FF70824209DB9FED27
:10BF00009F0B53EC102B01F000410B4343EC182B1B
:10BF1000C8E76FF31E5141EA025155EC184B0D462C
:10BF200045EC184BBEE755EC184B9FED320B05F076
:10BF3000004210E001227E4BFFF718FF11D89FED61
:10BF40008F0B51EC100B55EC184BAFF3008005F044
:10BF5000004040EA010251EC100BBDEC0A8B114687
:10BF6000F4BD53EC1A2B73487349FEF77BFE41EC8A
:10BF7000100B53EC102B9FED719B03F0004251EC22
:10BF8000190B0C46144353EC192B51EC100B2346A0
:10BF9000FEF73AFFFEF7F6FF0446FDF74BFF41ECD4
:10BFA0001B0B53EC1B2B4FF078406649FEF75AFEF3
:10BFB00002460B4651EC1A0BFFF766FE06460F468B
:10BFC00053EC1B2B60486149FEF74CFE02460B46C2
:10BFD00030463946FFF758FE41EC1A0B21F000417C
:10BFE00000225B4BFFF738FE08D2B0EE48AAF0EE15
:10BFF00068AA55E0000000000000000053EC1A2B76
:10C0000051EC1A0BFEF72EFE41EC1B0B53EC1B2BD5
:10C0100050485149FEF726FE504A514BFEF7F4FEB8
:10C0200053EC1B2BFEF71EFE41EC1C0B53EC1B2BA1
:10C030004C484D49FEF716FE4C4A4D4BFEF7E4FEC8
:10C0400053EC1B2BFEF70EFE53EC192BFEF7DCFE18
:10C0500053EC1A2BFEF706FE41EC190B53EC1C2B8C
:10C06000FEF7D2FE9FED43AB53EC1A2BFEF7CCFE4E
:10C0700006460F4651EC1C0B53EC192BFFF704FE40
:10C0800053EC1A2BFEF7C0FE02460B4630463946EB
:10C09000F6F78CFE53EC182BFEF7E4FD41EC1A0B7F
:10C0A00051EC1A0B2A194800400D02EB000319D07D
:10C0B000002B17DD40F2FF70834209DB9FED2F0B51
:10C0C00053EC102B01F000410B4343EC1A2B16E00C
:10C0D0006FF31E5141EA035155EC1A4B0D4645ECE6
:10C0E0001A4B0CE051EC1A0B31F0004108BF00284C
:10C0F00005D051EC1A0B02F091FB41EC1A0B51ECFC
:10C100001A0B20F0000231F0004308BF002A05D0CE
:10C1100048004015401C03D1090301D1AFF3008052
:10C1200051EC1A0BBDEC0A8BF4BD000000C89CC09A
:10C1300000C89C40FE822B654715F73F00000000B9
:10C140000000E03F422EE63FF2E4D5BCE7E84B3E7C
:10C150000000903C112E5781A03F503F5843128C55
:10C160008F71BC3F4BE8A541B752013F0BBDF3DADD
:10C17000E8708C3F000000000000F03F000000006D
:10C180000000F07F10B50400002C01D1012074E004
:10C19000606A002806D16068B0F5827F06D0002072
:10C1A000E06103E000202061002060610020A062C7
:10C1B00094F85D00002805D1002084F85C00200080
:10C1C000FFF724FA022084F85D002068006830F050
:10C1D000400021680860E06840F20171884201D3A4
:10C1E000002101E04FF48051E068B0F5706F05D098
:10C1F000E068B0F5E06F01D00020A062606810F444
:10C200008270A26812F404421043227C12F00202EF
:10C210001043227D12F001021043A26912F4007251
:10C220001043227F12F03802104394F8202012F0BD
:10C2300080021043A26A12F4005210432268106078
:10C24000A269120C12F0040294F8240010F01000FD
:10C25000024394F8340010F008000243E06810F440
:10C260007060024311F48050024320684260002055
:10C270002066012084F85D00002010BD2DE9F84300
:10C2800006000D0017001C00F9F76EFF8046B94646
:10C2900096F85D00012801D00220ECE0002D03D0CB
:10C2A000380080B2002801D10120E4E096F85C005B
:10C2B000012801D10220DEE0012086F85C00032085
:10C2C00086F85D0000203066B563B787F7870020E9
:10C2D00030640020A6F844000020A6F846000020A4
:10C2E00030650020F064B068B0F5004F0BD13068C5
:10C2F000006830F04000316808603068006850F431
:10C3000080403168086030680068400605D43068B5
:10C31000006850F0400031680860F06840F2017138
:10C32000884235D37068002803D0484680B201287F
:10C3300009D1B06B00883168C860B06B801CB063F5
:10C34000F08F401EF087F08F002873D0306880682F
:10C3500080070AD5B06B00883168C860B06B801C5C
:10C36000B063F08F401EF087EDE7F9F7FDFEB0EB0C
:10C370000800A04202D314F1010F01D1002CE2D138
:10C38000012086F85D00002086F85C00032072E042
:10C390007068002803D0484680B2012817D1F08F7A
:10C3A00002280AD3B06B00883168C860B06B801C6B
:10C3B000B063F08F801EF08709E0B06B00783168C1
:10C3C0000873B06B401CB063F08F401EF087F08F95
:10C3D00000282FD030688068800718D5F08F022899
:10C3E0000AD3B06B00883168C860B06B801CB06342
:10C3F000F08F801EF087EAE7B06B00783168087331
:10C40000B06B401CB063F08F401EF087DFE7F9F798
:10C41000ABFEB0EB0800A04202D314F1010F01D132
:10C42000002CD4D1012086F85D00002086F85C0045
:10C43000032020E042462100300000F003F90028EC
:10C4400001D020203066B068002808D1002000907C
:10C450003068C068009030688068009000980120C3
:10C4600086F85D00002086F85C00306E002801D060
:10C47000012000E00020BDE8F2832DE9FC47050023
:10C480000E0017009846DDF82890F9F76DFE0400BD
:10C49000B8EB040419EB0404F9F766FE8246684819
:10C4A00000684001000D00FB04F0009028688068DF
:10C4B0003040B04201D1012000E000203900C9B273
:10C4C000884243D018F1010FF0D0F9F74DFEB0EBE0
:10C4D0000A00A04201D2002C2FD12868406830F019
:10C4E000E000296848606868B0F5827F0DD1A868CF
:10C4F000B0F5004F03D0A868B0F5806F05D128686B
:10C50000006830F0400029680860A86AB0F5005F54
:10C510000BD12868006830F400502968086028684A
:10C52000006850F4005029680860012085F85D001B
:10C53000002085F85C00032009E00098002801D164
:10C54000002004000098401E0090AFE70020BDE8E6
:10C55000F6872DE9FE4F06000F0014009846DDF81F
:10C56000309000208DF80000F9F7FEFD0500B8EBD3
:10C57000050519EB0505F9F7F7FD8246306810F15E
:10C580000C0B2F48016823204143090D01FB05F1E5
:10C590000191306880683840A0424ED0B7F5C06F36
:10C5A00007D1002C05D19BF800008DF800009DF804
:10C5B000000018F1010FECD0F9F7D6FDB0EB0A003E
:10C5C000A84201D2002D2FD13068406830F0E00041
:10C5D000316848607068B0F5827F0DD1B068B0F501
:10C5E000004F03D0B068B0F5806F05D130680068A7
:10C5F00030F0400031680860B06AB0F5005F0BD1E0
:10C600003068006830F400503168086030680068B5
:10C6100050F4005031680860012086F85D00002069
:10C6200086F85C00032009E00198002801D1002071
:10C6300005000198401E0190ABE70020BDE8FE8F89
:10C64000E00500207CB504000D00160000962B00CC
:10C6500000224FF4C0512000FFF77BFF002805D0D7
:10C66000206E50F02000206603201FE000962B0073
:10C67000002280212000FFF700FF002805D0206E57
:10C6800050F020002066032010E000962B000022CE
:10C690004FF4C0612000FFF75CFF002805D0206E3A
:10C6A00050F020002066032000E0002076BD002826
:10C6B00048BF4042704700002DE9F14FB0B09246AC
:10C6C00004910DF142013A9A2B9199464A7000204B
:10C6D0000AE01AF8011B0498309A90470028049049
:10C6E00000F0B6860D98401C0D909AF8000050B1ED
:10C6F0002528EED1002100220791089209910A9283
:10C700000B910C9204E00D9800F0A4BE41F00101E1
:10C710001AF8010F2028F9D023280CD02B2804D098
:10C720002D2805D0302809D00BE041F00201EFE7B9
:10C7300041F00401ECE741F00801E9E741F01001A4
:10C74000E6E72A280FD1D9F8002052F8040BC9F8DF
:10C75000002000280F9003D540420F9041F00401C3
:10C760000AF1010A14E00F92DFF828380AE00F9866
:10C77000984205DA00EB800402EB4402303A0F9253
:10C780000AF1010A9AF80020A2F130000A28EED33B
:10C790009AF800002E2803D04FF0FF320E9229E0C5
:10C7A0001AF8010F2A2809D1D9F8000050F8042BF3
:10C7B000C9F800000E920AF1010A1BE02D280CBFF7
:10C7C0000AF1010A002000220E92DFF8C8470BE0B0
:10C7D00040B90E9AA24205DA02EB820503EB45034B
:10C7E000303B0E930AF1010A9AF80030A3F13002AF
:10C7F0000A2AEDD3ADF84010DFF89C07784400F525
:10C80000F3609AF8001002F0A7F808B11AF8010BCB
:10C810008DF842009DF84200682805D19AF8000082
:10C8200068280CD1622106E06C2804BF9AF8000049
:10C830006C2804D171218DF842100AF1010A12A866
:10C8400006901AF801BBBBF125012CD01C3900F071
:10C85000D081091F022940F2CC81133900F02385D1
:10C86000093900F0C681891E00F0B885491E00F024
:10C870006585491E022940F2BC81091F00F05E85D2
:10C88000491F00F02881491E00F00D85491E00F067
:10C89000D080C91E0DD0891E00F00585C91E00F08C
:10C8A000028500F0A6BD25238DF84830012100F057
:10C8B000ABBDD9F8000050F8044BC9F80000002CBB
:10C8C000059440F0A3802B994878002800F09980C7
:10C8D0004FF0FF340FF6843002F04AF8201A40F08F
:10C8E000B78500F092BD6D1E40F0A9853096079D7A
:10C8F00012AF75B1309E17F8012B02A9304600F037
:10C9000073FE002801D46D1EF5D10028309640F04A
:10C910009F850A9D3020002D8DF804000CDD309E8F
:10C92000012301AA02A9304600F06EFE002840F063
:10C930008F856D1EF4D13096059F089D75B1309E90
:10C9400017F8012B02A9304600F04EFE002801D452
:10C950006D1EF5D10028309640F07A850B9D302071
:10C96000002D8DF804000CDD309E012301AA02A9E0
:10C97000304600F049FE002840F06A856D1EF4D173
:10C98000309605980899099D471875B1309E17F89B
:10C99000012B02A9304600F027FE002801D46D1EAD
:10C9A000F5D10028309640F053850C9D3020002DA5
:10C9B0008DF804000CDD309E012301AA02A9304647
:10C9C00000F022FE002840F043856D1EF4D1309621
:10C9D0009DF8400041077FF588AE2020002C8DF89F
:10C9E00004007FF782AE309D012301AA02A92846E8
:10C9F00000F00AFE002840F02B85641EF4D130952B
:10CA000073E60FF66440059000F0FFBC0E9D002D0C
:10CA100004D52046FCF72AFF044607E02A462046B4
:10CA200001F0C6FF002814BF041B2C46089400F038
:10CA3000ECBCD9F8001051F8040BC9F8001020F034
:10CA40000004002121F0FF3512ABCDE9024505932A
:10CA5000DDE9022306993C2413B90AB90E9898B16E
:10CA600002F00F053035641EEEB23A2EA8BF27350E
:10CA7000120942EA03721B090D5508BF002A03D0B0
:10CA800005980D19A842EBD308190590C4F13C0292
:10CA90000E98089282420ADABDF84010821A4FF6C8
:10CAA000EF7001400A92ADF8401000F0AEBC0028D3
:10CAB00040F1AB849DF8400000F01400102840F0D5
:10CAC000A4840F9B07990A985B1A1B1A9A1A002ACA
:10CAD00040F39B84E5E32B99487820B14FF0FF3475
:10CAE0000FF65430F8E69DF84200622861D06828BD
:10CAF00017D06A283FD06C2806D0712847D07428F8
:10CB00002CD07A281DD064E0D9F8001051F8040B1D
:10CB1000C9F80010002868D14FF0FF340FF630300C
:10CB2000DAE6D9F8001051F8040BC9F8001020B962
:10CB30004FF0FF340FF61830CEE60D99018000F06B
:10CB400064BCD9F8001051F8040BC9F80010002893
:10CB50004BD14FF0FF340FF6F820BDE6D9F80010A6
:10CB600051F8040BC9F8001000283ED14FF0FF34F3
:10CB70000FF6DC20B0E6D9F8001051F8040BC9F824
:10CB8000001080B94FF0FF340FF6C420A4E6D9F8A6
:10CB9000001051F8040BC9F8001020B94FF0FF3411
:10CBA0000FF6AC2098E60D9AD317C0E9002300F0E9
:10CBB0002CBCD9F8001051F8040BC9F8001020B9AA
:10CBC0004FF0FF340FF6882086E60D99017000F0D3
:10CBD0001CBCD9F8001051F8040BC9F8001020B99A
:10CBE0004FF0FF340FF6682076E60D99016000F0F3
:10CBF0000CBCD9F80020D21D22F00702C9F8002091
:10CC0000D2E900010832C9F80020CDE90201C80FBD
:10CC100002D007982D210AE0BDF84000810702D517
:10CC200007982B2103E0C00705D50798202112AAF9
:10CC30001154401C0790DDE90223079912A8CDE9A1
:10CC40002C2308444BF020016129059021AC0BD026
:10CC50000E99002902D506210E9105E001BF4BF087
:10CC60002001672901220E92DDE9022359004915AE
:10CC7000491C0DD11A030BD0ABF1610503211A2D0C
:10CC8000089102D20FF6E41110E00FF6E4110DE066
:10CC900059004915491C0DD11A030BD1ABF161059F
:10CCA00003211A2D089119D30FF6CC110322F9F79D
:10CCB00007FAAAE3DDE90201CDE92E01DDE92E2321
:10CCC00023F00047B7F5801F22F000060DD20022A6
:10CCD000002F08BF002E009203D116E00FF694112A
:10CCE000E4E76A46FEF780FF0FE0DFF8DC08DFF8D4
:10CCF000DC1800EB17500090DDE92E234FF0FF30D9
:10CD00001940DFF8CC7810403943CDE902014BF0EF
:10CD1000200061280DD1059830210170821CBBF1E3
:10CD2000610F05920CBF7821582141700798801C33
:10CD30000790DDE9020120F0000231F0004308BF56
:10CD4000002A02D10026002568E14BF02008B8F146
:10CD5000610F40F0B4800E98002847BF2121019157
:10CD6000401C0190019FDDE92C017F1C0022002363
:10CD7000DDE90245FEF770FF00998DF8842038BF89
:10CD800085F00045091F002F00910DF1850653DD48
:10CD90002046294600220023FEF7E8FF4CD2480037
:10CDA000400D00F11C0212D0002A10DD40F2FF738A
:10CDB0009A4206DBDFF81C1805F000400143002012
:10CDC00011E06FF31E5141EA025120460BE024F0BE
:10CDD000000035F0004108BF00280FBF29461C2283
:10CDE000294601F01BFD04460D46FEF7CBF8FF1F58
:10CDF000002F804609DDFDF71DF802460B46204650
:10CE00002946FEF741FF04460D46F01D0721B8F103
:10CE1000000F0CDD491E5EBF08F00F0200F8012D67
:10CE20004FEA2818F3D502E0002200F8012D491E30
:10CE3000FAD5C61D002FABDC0DF18500361A01981E
:10CE40008642D8BF304600280DF1850430D4B04268
:10CE500006DA0DF185010A5C082AA8BF0F2100DA65
:10CE60000021024621AB134400E0401E13F8015993
:10CE7000521E8D42F9D00F2904D10DF185018B5C32
:10CE80005B1C8B54002A04D50099091D21AC401C61
:10CE90000091411E0CD46218ABF13A06137830337E
:10CEA000DDB23A2DA8BFF318491E02F80139F5D5B5
:10CEB0000E99002940F1B080421E0E92ACE000991C
:10CEC000DFF8142747F29750414391FBF2F2DDE976
:10CED0002C45009225F00045D2F1070204DD2046E2
:10CEE000294600F04EFB0BE052420020DFF8EC1622
:10CEF00000F047FB02460B4620462946F5F756FF51
:10CF00000446B8F1660F0E9806BF009F0A37062741
:10CF10003F18142FC8BF142730200D468DF8840009
:10CF20000DF18506002F39DD2046294601F06CFD04
:10CF300001460A4606F1080304200A26B2FBF6F66B
:10CF400006EB860EA2EB4E02303203F8012C0A22C9
:10CF5000B6FBF2F202EB820EA6EB4E063036401E16
:10CF600003F8026DE9D1083F002F03F10806D9DD6F
:10CF70000846F5F7FDFE02460B4620462946FEF719
:10CF800083FE0022DFF85836FDF76CFE04460D469E
:10CF9000CAE700BFCBCCCC0C603A00000DF1850095
:10CFA000361A0DF1850404E00098401E761E0090AC
:10CFB000641C20783028F7D0B8F1660F02D10099B0
:10CFC000491C04E0B8F1650F0CBF012100210E9847
:10CFD00008188642B8BF701E00281DD4B04204DA7B
:10CFE000215C3429C8BF392100DC30210246631E90
:10CFF0009D1800E0401E15F80169521E8E42F9D0BE
:10D00000392902D1A15C491CA154002A04D50099F8
:10D01000491C1C46401C00910646009D01F008FD7D
:10D02000406A0778DDF8388030B2002802DC01263B
:10D030000FF248644BF02000662808BF6D1C16D024
:10D04000672846D128B210F1040F48DB404546DA84
:10D050009DF840006D1C010703D430B24045B8BFB5
:10D06000804628B2B8EB000848BF4FF000080FFA1E
:10D0700085FBBBF1000F00F3B5800898411C0891B7
:10D08000302205990A54B8F1000F03DC9DF84000E6
:10D09000010704D50898411C089105990F5418EB15
:10D0A0000B0FB8BFC8F100052DB268420B90A84421
:10D0B00032B29045B8BF4646059B089836B20996ED
:10D0C000324621461844F8F7FBFFA8EB06000C9007
:10D0D000D2E0BBF1610F17D14FF0700B19E030B205
:10D0E000404504DA9DF840100A0758BF8046B8F161
:10D0F000010848BF4FF00008BBF1670F14BF4FF0A5
:10D10000450B4FF0650B04E0BBF1410F08BF4FF03A
:10D11000500B0898411C0891B8F1000F059914F8BC
:10D12000012B0A5403DC9DF8400001071AD508982A
:10D13000411C0891B8F1000F05990F5412DD761EBD
:10D1400030B280450598089BB8BF464632B22146AA
:10D150001844F8F7B5FF089936B271180891A8EB92
:10D1600006000B9005980899084429B2002980F818
:10D1700000B003D42B224270821C04E02D224270A6
:10D180000D46821C6D4200212CAB28460AE0044665
:10D190000A2094FBF0F000EB8005A4EB450403F8B3
:10D1A000014B491C00B20028F1DC012906DC4BF0E0
:10D1B0002000652804BF302002F8010B00292CABA9
:10D1C00008D1302002F8010B06E0491E585C3030CF
:10D1D00002F8010B0029F8DC059908980844121A96
:10D1E000099249E030B229B288421CDA0598089BBE
:10D1F00032B221461844F8F763FF089936B2711825
:10D20000ABEB0606B8F1000F08910B9603DC9DF816
:10D210004000020704D5059847540999491C099113
:10D22000CDF8308028E00598089B2AB221461844A2
:10D23000F8F746FF0898761B5844B8F1000F08909D
:10D2400003DC9DF840100A0703D5411C089105999D
:10D250000F5430B280450598089BB8BF464632B29D
:10D2600004EB0B011844F8F72BFF089836B230187E
:10D270000890A8EB06000B909DF8400000F0140009
:10D28000102840F0C280079A08990B988A180999CB
:10D2900082180C988A1882180F98824280F2B58002
:10D2A000821A0A92B1E09DF84200622808D06828EC
:10D2B0000ED06A2814D06C281FD0712810D01CE022
:10D2C000D9F8001051F8040BC9F80010C0B21AE0E8
:10D2D000D9F8001051F8040BC9F8001080B212E020
:10D2E000D9F80020D21D22F00702C9F80020D2E9A7
:10D2F00000010832C9F8002006E0D9F8001051F802
:10D30000040BC9F800100021CDE902019DF840008E
:10D3100001075AD5DDE90223002B08BF002A54D0AB
:10D320004BF02000782850D1079812A930220A54D7
:10D33000401C431C079301F800B046E09DF84200F2
:10D34000622808D068280ED06A2814D06C281FD014
:10D35000712810D01CE0D9F8001051F8040BC9F85E
:10D36000001040B21AE0D9F8001051F8040BC9F8C7
:10D37000001000B212E0D9F80020D21D22F00702FE
:10D38000C9F80020D2E900010832C9F8002006E0FF
:10D39000D9F8001051F8040BC9F80010C117CDE9F5
:10D3A0000201002902D507982D210AE0BDF84000AE
:10D3B000810702D507982B2103E0C00705D5079800
:10D3C000202112AA1154401C079012A80799014469
:10D3D000059102A8594600F04FF816E00120079089
:10D3E000D9F8000050F8041BC9F800008DF8481067
:10D3F0000BE025210122BBF1000F8DF848100792A8
:10D4000003D08DF849B0022107910F9A07980A9925
:10D410000C9C121A0898521A0B99121A0998521A4F
:10D42000121A9DF84000141B41073FF560AA202006
:10D43000002C8DF804007FF75AAA309E2546012360
:10D4400001AA02A9304600F0DFF800283FF44BAAF9
:10D450004FF0FF3031B0BDE8F08F00007072696EA0
:10D4600074665F733A20626164202573206172677D
:10D47000756D656E740000002DE9FC4307466F2949
:10D480003E6908BF082405D041F02000782814BF69
:10D490000A2410243C25D7E90023642918BF6929F0
:10D4A0009046994605D1002B03D5D8F1000869EBC9
:10D4B0004909B9F1000F08BFB8F1000F0CD1386B62
:10D4C00050B9082C39D197F83800010735D53020EC
:10D4D0003B2586F83B0030E08DF800104046494679
:10D4E0002246E317FDF7A4FA3032D0B26D1E3A2877
:10D4F000019504DB9DF80000A0F151018A187255D6
:10D50000404649462246E317FDF792FA80465FEA15
:10D51000010908BFB8F1000F03D0F86871198842FB
:10D52000DCD3082C09D197F83800010705D5705DC8
:10D53000302802D06D1E30207055C5F13C02BA6112
:10D540007119F960386B824208DA821A3A624FF632
:10D55000EF70398F01403987BDE8F38300280ED57D
:10D5600097F8380000F01400102808D17B6B796917
:10D57000386A5B1A1B1A9A1A002AC8BF3A62BDE8B9
:10D58000F3832DE9D04306460F4614464FF00008BA
:10D59000DFF8509012E0E00707D542464B46304690
:10D5A0003946FDF75FFB06460F4640464946424670
:10D5B0004B46FDF757FB641080468946002CEAD1A4
:10D5C00030463946BDE8D08302FCFFFFFFFF0F80E5
:10D5D0000000E03F0000F07FA08601000000F03F67
:10D5E00084D797410000244010B503460C461146ED
:10D5F000A0689847A06020B1E06A401CE06200206B
:10D6000010BD4FF0FF3010BDF8B505460E46174669
:10D610001C4600205CB117F8011BB068A847B06039
:10D6200030B1F06A401CF0620020641EF3D1F2BDFC
:10D630004FF0FF30F2BD00007072696E74665F7368
:10D640003A20256E20646973616C6C6F77656400A5
:10D650007072696E74663A2062616420256E206182
:10D660007267756D656E7400000000006E616E007B
:10D670004E414E00696E6600494E46003000000083
:10D6800080B5012217491848F6F743FD0022012111
:10D690002520F9F7F0FA2520F9F702FB01BD7047C4
:10D6A00038B504000D480F490A78036885885A5533
:10D6B0008288521C8280828840F2FF139A4201D3F2
:10D6C0000022828001220848F6F723FD0120044948
:10D6D000087002210548F4F74CFD31BDC40C002050
:10D6E0006F2A00206E2A00201C230020C40700207F
:10D6F0002DE9F84785B005000E0014001F0000203A
:10D70000ADF802005FF0000ADFF80C22107AA842A0
:10D7100002D27FF0040055E0D0683040B04202D021
:10D720007FF005004EE05068002806D0002C04D0A1
:10D730000DF1020101A8526890470DF138084346E7
:10D740003A004FF40071DFF8DC0101F02CFA814659
:10D7500000F0CFF86946BDF8020010EB090080B276
:10D7600000F076F810F1010F28D05FF0000A504663
:10D77000BDF8021080B2884210D201A8514689B289
:10D78000405CDFF89811BDF800208854BDF8000017
:10D79000401CADF800001AF1010AE8E743463A00E0
:10D7A0004FF40071DFF87401BDF800C0604401F06F
:10D7B000FAF900F0A3F800F008F803E000F09EF892
:10D7C0007FF0020006B0BDE8F08770B500240025A8
:10D7D00000F099F8002837D100F08BF84E4E308ACF
:10D7E000718A88422ED0B07801280ED13188308AD3
:10D7F000091AB1820220B07000203080B08A00285F
:10D8000003D10020B07000203082B07800280CD105
:10D81000308A718A884204D2718A308A091AB182A8
:10D8200003E0308AD0F58060B0823C48318A0844F9
:10D83000050000F079F8B18A2800394A92689047CB
:10D84000040001E000F05AF8200040B270BD000072
:10D8500070B402005FF0FF302F4B5C8A1D8AAC422F
:10D8600016D15C8AD4F5806415002600ADB2B6B23C
:10D87000B5422BD315001E8AADB2B54226D2012582
:10D880009D705D8A1D801D8A2C0000255D821DE033
:10D890001C8A5D8AAC4216D25C8AD4F5806415007D
:10D8A0002600ADB2B6B2B54210D315001E8AADB295
:10D8B000B5420BD201259D705D8A1D801D8A2C000A
:10D8C00000255D8202E01D8A5C8A2C1B1500260063
:10D8D000ADB2B6B2B54209D25D8A0D805D8A15FA45
:10D8E00082F5AD05AD0D5D820023180000B270BC5D
:10D8F00070470948C18A491CC18270470648C18ADD
:10D90000491EC18270470448C08A002801D1002006
:10D9100000E001207047000084290020C415002089
:10D920009C070108041C00207047000038B5040063
:10D9300000251349087800281DD04FF47A70097823
:10D94000B0FBF1F00F490968B1FBF0F0F9F7B6F957
:10D9500000280DD1102C08D2002221005FF0FF30EA
:10D96000F9F789F90848046007E00120050004E0A0
:10D970000120050001E0012005002800C0B232BDF1
:10D980000F0D0020E0050020BC05002070470000BE
:10D9900081B00B48016851F001010160006810F08E
:10D9A0000100009000980748016851F08051016023
:10D9B000006810F080500090009801B0704700BFE0
:10D9C000601002405810024070B504000125002C80
:10D9D0005CD094F82100002805D1002084F82000B4
:10D9E0002000FDF7BDFD022084F821002068C068FA
:10D9F000C00642D4CA202168486253202168486288
:10DA0000200000F02AFB06003000C0B200281AD126
:10DA100020688168DFF8E80601402068816020689E
:10DA20008168626820690243A0690243114320684B
:10DA30008160E0682168086120680069A16850EA97
:10DA4000014021680861200000F02DFB050028003E
:10DA5000C0B200280DD12068C06C80088000216809
:10DA6000C8642068C16CE2696069024311432068A0
:10DA7000C164FF202168486201E000200500280001
:10DA8000C0B2002802D1012084F821002800C0B2D1
:10DA900070BD2DE9F04705000E00140095F8200038
:10DAA000012801D102206DE0012085F8200002202C
:10DAB00085F82100CA2029684862532029684862F5
:10DAC000280000F0CAFA80464046C0B200284AD179
:10DAD000002C20D128688068400601D40020F07016
:10DAE000307800F01FFB8246707800F01BFB814607
:10DAF000B07800F017FB5FFA8AFA5FFA89F95FEAFB
:10DB0000092959EA0A49C0B250EA0909F07859EAE4
:10DB100080594F4610E028688068400601D40020F4
:10DB2000F07030787178090251EA0041B078014311
:10DB3000F07851EA80510F00DFF8C80538402968B5
:10DB400008602868806830F4802029688860286828
:10DB50008168F268306902431143286881602800B7
:10DB600000F0A1FA8046FF20296848624046C0B212
:10DB7000002802D1012085F82100002085F820002E
:10DB80004046C0B2BDE8F087F8B505000E001400AD
:10DB90002868806A7060286800694004400CB060A2
:10DBA00028680768DFF85C0507403800000C10F0B3
:10DBB0003F0030703800000A10F07F00707017F0DE
:10DBC0007F00B0703800800D10F00100F070002C64
:10DBD0000BD1307800F0B4FA3070707800F0B0FA01
:10DBE0007070B07800F0ACFAB0700020F2BD2DE992
:10DBF000F04105000E00140095F82000012801D125
:10DC0000022058E0012085F82000022085F821003C
:10DC1000002C07D17078C00604D5707810F0EF00A2
:10DC20000A307070002C16D1F07800F07BFA804634
:10DC3000707800F077FA0700B07800F073FA5FFAB6
:10DC400088F8FFB23F0257EA0847C0B2074330786E
:10DC500057EA403709E0F07877783F0257EA004703
:10DC6000B0780743307857EA4037CA2029684862BD
:10DC7000532029684862280000F0EFF980464046AA
:10DC8000C0B2002808D1DFF8800438402968486015
:10DC9000280000F008FA8046FF20296848624046C4
:10DCA000C0B2002802D1012085F82100002085F8AB
:10DCB00020004046C0B2BDE8F081F8B505000E0076
:10DCC000140028684768DFF8400407403800000C5B
:10DCD000F0703800000A10F01F00707017F03F005D
:10DCE000B0703800400B10F007003070002C0BD1E2
:10DCF000F07800F025FAF070707800F021FA70707A
:10DD0000B07800F01DFAB0700020F2BD2DE9F843A4
:10DD100005000E00140095F82000012801D1022012
:10DD2000E5E0012085F82000022085F82100002C84
:10DD30002DD128688068400601D40020F070306A38
:10DD40000028FFD0307800F0EDF98046707800F0C0
:10DD5000E9F90700B07800F0E5F9814696F824006B
:10DD600000F0E0F95FFA88F8FFB23F0257EA08478F
:10DD70005FFA89F959EA0707F17857EA8157C0B283
:10DD800057EA0067306A07437069074317E028685D
:10DD90008068400601D40020F070307877783F0228
:10DDA00057EA0047B0780743F07857EA805796F86B
:10DDB000240057EA0067306A074370690743D6F8C2
:10DDC0000480F06950EA0808CA2029684862532094
:10DDD00029684862B06AB0F5807F39D128688068C8
:10DDE00030F48070296888602868C06810F080006E
:10DDF00070F4C0702968C860F8F7B6F981462868E1
:10DE0000C068C00712D4F8F7AFF9B0EB090040F2D0
:10DE1000E9318842F3D3FF2029684862032085F85E
:10DE20002100002085F82000032060E02868C761F9
:10DE30002868C0F844802868806850F48070296899
:10DE400088602868806850F480502968886038E0CD
:10DE50002868806830F40070296888602868C06885
:10DE600010F0800070F420702968C860F8F77CF921
:10DE700081462868C068800712D4F8F775F9B0EBBE
:10DE8000090040F2E9318842F3D3FF202968486253
:10DE9000032085F82100002085F82000032026E0DB
:10DEA000286807622868C0F848802868806850F4AD
:10DEB0000070296888602868806850F400502968DC
:10DEC0008860DFF84802016851F480210160DFF8C2
:10DED0004002016851F480210160FF2029684862F6
:10DEE000012085F82100002085F820000020BDE8F1
:10DEF000F28370B504000D0094F82000012801D1D0
:10DF0000022062E0012084F82000022084F8210031
:10DF1000CA2021684862532021684862B5F5807F95
:10DF200024D12068806830F480702168886020687F
:10DF3000806830F4805021688860F8F715F9060091
:10DF40002068C068C00736D4F8F70EF9801B40F28D
:10DF5000E9318842F4D3FF2021684862032084F825
:10DF60002100002084F8200003202EE02068806833
:10DF700030F40070216888602068806830F40050B8
:10DF800021688860F8F7F0F806002068C06880070C
:10DF900011D4F8F7E9F8801B40F2E9318842F4D354
:10DFA000FF2021684862032084F82100002084F8C3
:10DFB0002000032009E0FF2021684862012084F846
:10DFC0002100002084F82000002070BD10B504005E
:10DFD0005FF480204F49086020688068C0040ED537
:10DFE0002068C068C0050AD52068C06810F08000AD
:10DFF00070F4C0702168C860200000F04DFF2068F8
:10E00000806880040ED52068C06880050AD5206825
:10E01000C06810F0800070F420702168C860200093
:10E0200001F086F8012084F8210010BD38B5040005
:10E0300039482168C860F8F797F805002068C0687B
:10E04000800608D4F8F790F8401B40F2E931884286
:10E05000F4D3032000E0002032BD70B50400002698
:10E060002068C06840061BD45FF0FF302168C8609C
:10E07000F8F77AF805002068C068400610D4300030
:10E08000C0B203280CD0F8F76FF8401B40F2E9311A
:10E090008842F0D303200600032084F82100EAE739
:10E0A0003000C0B270BD70B5040000251B48016887
:10E0B00031F0800101601A4E306880060AD42000D9
:10E0C000FFF7B4FF002817D0032084F821000320B5
:10E0D000050011E0306830F0200030602000FFF7CC
:10E0E000A5FF002804D0032084F8210003200500A8
:10E0F000306850F0200030602800C0B270BD0000D1
:10E10000BFFF8FFF7F7F7F003FFFFF0000040140C4
:10E1100008040140140401405FFF03000C28004084
:10E12000082800400100002208000300DBB20A2B8F
:10E1300002D3521C0A38F8E750EA0210C0B2704706
:10E140000100C9B209090A2211FB02F110F00F0007
:10E150004018C0B27047000080B50020DFF80013FF
:10E160000860DFF800030068804702BD2DE9F04138
:10E1700004000D0016001F00DDF81880002C18D0D8
:10E180003800002815D0002020602800DFF8D412C5
:10E19000496A884760600020207200206072002079
:10E1A000A072E760C4F81080E67200206061002071
:10E1B00000E00120BDE8F0812DE9F04704005FF0A8
:10E1C0000008002C3BD0200000F002F9002836D1D6
:10E1D000607A002833D160680700DFF88892D9F8A8
:10E1E000200080470600B74200D237002760002099
:10E1F0002072012060720020A072DFF864A2DAF8B9
:10E200000000002806D1D9F810008047200000F057
:10E2100019F916E0D9F81800804705002068281879
:10E2200020602068DAF800100968884203D22000D4
:10E2300000F008F905E0200000F0EDF801E0012011
:10E2400080464046C0B2BDE8F0872DE9F0410500A8
:10E250000026002D40D0DFF80882D8F80070D8F8EA
:10E2600000400120A872D8F80000002836D0002015
:10E270006872D8F80000A8421AD10020D8F800101F
:10E280000872D8F800004069002809D0D8F80000CA
:10E290004069C8F80000D8F8000000F0A6F818E0BF
:10E2A000DFF8C001C06880470020C8F8000010E017
:10E2B000002C0ED0AC4209D16069002802D06469FC
:10E2C0007C6102E0002004007C6102E027006469B8
:10E2D000EEE70020060001E0012006003000C0B299
:10E2E000BDE8F08170B504000D000026002C02D1BD
:10E2F0000120060010E028005A49496A88476060FA
:10E30000200000F065F8002806D02000FFF79DFFF0
:10E310002000FFF751FF06003000C0B270BD2DE9AC
:10E32000F843504D68698047060028698047070018
:10E33000B7EB0608DFF82891D9F8000000280FD0C5
:10E34000D9F8000004002068804504D22068B0EBB2
:10E350000800206001E0002020606469002CF2D1F8
:10E36000D9F80000002824D0D9F80000006800285F
:10E3700006D0A8698047D9F800100968814218D2F0
:10E38000D9F800000400D9F800004069C9F800007D
:10E3900000202072002060722069E1688847E07ADE
:10E3A0000128DDD1A07A0028DAD12000FFF704FF90
:10E3B000D6E7D9F80000002808D0D9F80000007A84
:10E3C000002803D1D9F8000000F00FF8BDE8F18370
:10E3D000020023480168002905D0914201D10120A3
:10E3E00002E04969F7E70020704770B504001D4D51
:10E3F000286A8047060001202072A86980472168AA
:10E400003018814203D2A869804730182060206804
:10E41000A968884770BD10B411490A6809684B693A
:10E420005169002909D019680468A14202D21A0072
:10E430005B69F5E75061436102E050610021416191
:10E4400010BC704738B5050005480468002C01D0A1
:10E45000002121726C6105600068FFF7C6FF31BDC5
:10E460003C2A0020D80101082DE9FC4704000D00DA
:10E470005FF0FF3600226E4BD3E90001CDE90001C9
:10E480005FF000094846A18880B2884224D2206803
:10E49000494689B2405C3D2805D02068494689B28A
:10E4A000405C3F2800D117E02068494689B2405CB3
:10E4B00041280EDB2068494689B2405C5B2808DAB7
:10E4C0002068494689B2405C203021684A4692B2B1
:10E4D000885419F10109D5E700273800C0B2412856
:10E4E00080F2A280DFF84C8121003800C0B2000128
:10E4F0004044083000F01DFE0600002E00F192801E
:10E500003800C0B2000140444068002800F08A8012
:10E510003800C0B2000140444068002808D14FF4E0
:10E520007A73A28821004448F5F78DFD01207CE034
:10E53000DFF808A15046F5F76FFC0020010089B212
:10E54000A288921B914223DA21683144020092B2E0
:10E55000895C3F290AD021683144020092B2895C6B
:10E560003D2903D0BAF80410802900DB10E02168AF
:10E570003144020092B2895CDAF80020BAF8043023
:10E58000D154BAF80410491CAAF80410401CD5E76D
:10E590003900C9B209014144898916FA81F6B146A8
:10E5A0004846A18880B2884226D22068494689B26E
:10E5B000405C0D280CD1484680B2A188491E884293
:10E5C00006DA2068494689B2084440780A2813D000
:10E5D000BDF8040080280CD22068494689B2405C0E
:10E5E0000099BDF804208854BDF80400401CADF823
:10E5F000040019F10109D3E7114805702800C0B2E1
:10E60000401E012802D9801E09D009E00021684679
:10E610003A00D2B2120142445268904700E0FFE74C
:10E62000012002E07F1C58E70020BDE8F68700BF0C
:10E63000E0090108AC08002094220020A408002072
:10E640006B2A002010B586B0DFF84840002201A9EF
:10E650002000FFF799FA002269462000FFF72DFB02
:10E66000DFF834009DF8061081709DF805104170A8
:10E670009DF8041001709DF80010C1709DF8021003
:10E6800001719DF8011041719DF80310817106B070
:10E6900010BD00002C290020EC29002010B504003A
:10E6A000012210215448F4F716F9012010BD70B56D
:10E6B0000400524D524E30786978884207D0514854
:10E6C000697850F8210000F02BF86878307021004C
:10E6D000C9B24D48F3F74DFD012070BD10B50400DF
:10E6E0004A48C078012802D14948F7F70AFB0321BC
:10E6F0004548F3F73EFD4648F5F78EFB012010BD77
:10E7000010B504003F483D49497850F8210000F019
:10E7100007F82100C9B23C48F3F72BFD012010BDDA
:10E7200010B504003B483C49016044600021816011
:10E730000021C160002101610C2141610021816142
:10E740000021C1610021016200214162F5F73EFC18
:10E75000002801D0F7F76DFDFEF792FF10BD80B5E0
:10E76000F7F7B7FA27482549497850F82100FFF70D
:10E77000D7FF01BD70B50020002400252800C0B2DD
:10E78000042836DA204E2800C0B200013044407818
:10E7900001282CD1012004002800C0B2000130441F
:10E7A000406800280ED0F7F7DFFC2900C9B2090144
:10E7B00031444968401A2900C9B2090131448968C5
:10E7C000884214D300202900C9B20901314448709D
:10E7D000F7F7CAFC2900C9B2090131444860280092
:10E7E000C0B22900C9B209013144C96888476D1C0B
:10E7F000C4E72000C0B270BD000400480C0D00202A
:10E80000672A002090070020C4070020242A002047
:10E81000C40C00201C23002000380140124254D4B4
:10E8200040F2FF7C1CEA11530FD0634531D09B1896
:10E8300063453CBF01EB0251704701F0004141EAE2
:10E840000C510020AFF30080704750EA410320D004
:10E8500001F0004C91EA0C011CD0B1FA81F30B3BA2
:10E860009A420DD9D21A994051EA0C01C3F1200CF9
:10E8700020FA0CFC61449840531C40F2FF7CD7E71F
:10E88000914041EA0C01C2F1200C20FA0CF319432B
:10E8900090407047B0FA80F31533202BE0D3202A44
:10E8A000EED3203A203B9A4209D9D21A00FA03F15A
:10E8B00041EA0C010020531C40F2FF7CB8E700FA4B
:10E8C00002F141EA0C0100207047524240F2FF7C05
:10E8D0001CEA11530DD06345DBD0B2EB030C3CBFF7
:10E8E000A1EB025170470CF1010221EA035141F4FE
:10E8F000801150EA410CCCD001F0004C352A27DCC5
:10E9000030B481EA0C01B2F1200309DAC2F120032C
:10E91000044601FA03F5D0402843D1409C400CE066
:10E92000C3F12002450020FA03F418BF44F00104AB
:10E9300021FA03F091400C43002174F1004550F19D
:10E94000000051EB0C01244230BC7FF47BAF7047D8
:10E950006146002076E70000C9B202788A421AB107
:10E960001CBF10F8012FF9E718BF00207047000006
:10E9700080B500B906A005490B681BB12222002111
:10E98000984701E000F0C8FC222002BD4C2A00207C
:10E99000636F6E73747261696E742068616E646C0B
:10E9A00065723A20626164206D657373616765000A
:10E9B000C9B2830706D0521E22D310F8013B9942F8
:10E9C000F7D11FE0083A13D302F1040241EA012112
:10E9D00041EA014150F8043B121F21BF4B40A3F113
:10E9E000013C2CEA030C1CF0803FF3D0C9B2001F9D
:10E9F000083210F8013B521E28BF91EA030FF8D8E5
:10EA000018BF0120401E7047400D491840EA812080
:10EA10000CD2490DA1F58061491C40F0004005DB96
:10EA2000D1F11F0154BFC840C01770470020704784
:10EA300000487047D40C00200200002011680978BB
:10EA400030290CDB116809783A2908DA11684B1C67
:10EA500013600A23097803FB00103038EEE7704793
:10EA60002DE9F04F91B00400DDF868801B9D1C9EDD
:10EA7000DFF808030768700603D5DFF804030068B1
:10EA80000700022B01DB252B01DB002088E0F007CB
:10EA900002D55FF0300C01E05FF0200C5FF0000E5B
:10EAA000B00706D5002A04D52D2086465242B8F17B
:10EAB00001085FF00009002A06D13020EA460AF872
:10EAC000090019F1010910E0002A0ED010009A4641
:10EAD000B0FBFAFB0AFB1B00385CEA460AF80900A7
:10EAE00019F10109B2FBF3F2EEE74D4500DA4D46AC
:10EAF000B8EB0508F0070DD44046B0F10108012835
:10EB000008DB20202070641C491E002901D1200050
:10EB100046E0F1E77046C0B2002807D084F800E074
:10EB2000641C491E002901D1200039E04046B0F1A3
:10EB30000108012808DB84F800C0641C491E002974
:10EB400001D120002CE0F1E72800451E814508DABC
:10EB500030202070641C491E002901D120001FE0D4
:10EB6000F2E74846B0F1010901280ADB684610F8CF
:10EB700009002070641C491E002901D120000FE00B
:10EB8000EFE74046B0F10108012808DB20202070A3
:10EB9000641C491E002901D1200001E0F1E720009A
:10EBA00011B0BDE8F08F2DE9F74F88B005001E00C9
:10EBB0000998012801DA0020DDE0AA460A980078C9
:10EBC000002806D1BAEB05000999491E8842C0F217
:10EBD000CC80BAEB05000999491E884280F2C580B5
:10EBE0000A980078252806D00A9800788AF800004C
:10EBF0001AF1010AB5E0002080460A98401C0A90EC
:10EC00000A980078302801D158F001085FF0FF3BE6
:10EC1000D9460A980078302807DB0A9800783A2805
:10EC200003DA0AA8FFF708FF8146CDF81CB0CDF83B
:10EC300018B00A2005900A980078582843D0632815
:10EC40000AD0642844D0692842D0732816D0752889
:10EC500040D0782839D03EE0B9F10109B9F1010F6F
:10EC600005DB20208AF800001AF1010AF4E7306879
:10EC7000361D8AF800001AF1010A72E03068361D6C
:10EC80000400002C01D13F4804002000FAF7EEFDFB
:10EC900004904846B0F101090499814205DA202028
:10ECA0008AF800001AF1010AF3E70020070004982F
:10ECB000874207DA20788AF80000641C1AF1010AFA
:10ECC0007F1CF4E74DE058F040081020059026E046
:10ECD00058F0020823E00A980078252804D025205F
:10ECE0008AF800001AF1010ABAEB05000999491ED9
:10ECF000884214DA0A980078002806D00A9800782A
:10ED00008AF800001AF1010A02E00A98401E0A90EF
:10ED1000BAEB05000999491E884200DA21E00698FD
:10ED20006C2803D13068361D039009E05FEA8870D3
:10ED300003D53068361D039002E03068361D03901D
:10ED4000CDF8088007980190CDF80090059B039AB4
:10ED50000999491EBAEB0500091A5046FFF780FED3
:10ED600082460A98401C0A9028E700208AF8000092
:10ED7000BAEB050528000BB0BDE8F08FCC0C0020E5
:10ED8000D00C0020E809010880B5DFF87003DFF837
:10ED900070130160002141601F21816040F2FF314A
:10EDA000C1600021016100214161002181610021D8
:10EDB000C161FEF709FE002801D0F7F73AFA01BD5C
:10EDC00038B5DFF84043207800280FD1FFF7DCFF8B
:10EDD000DFF828534FF480712800FFF78AF82800E5
:10EDE00000F09EFA00F01CF801202070002032BDD7
:10EDF00010B50400200000F055F8002010BD80B5CB
:10EE0000DFF8F8020168C96811F0800171F4C0717F
:10EE10000268D1604FF48071FFF76BF8002002BDEB
:10EE200010B5DFF8E442211D14F1180000F01DF9BF
:10EE30002060206810BDDFF8D0020068704780B500
:10EE400086B001A9684600F010F9AF490968401A78
:10EE500007B000BD10B586B00024AA48007801288C
:10EE600004D101A9684600F000F90400200006B0B2
:10EE700010BD0320704700B58021A1FB00017D2259
:10EE80000023FBF7D5FD00BD7D21A1FB0001C009DA
:10EE900040EA4160C909704710B504009B4800680A
:10EEA000804710BD2DE9F04F99B0040040210022A9
:10EEB00009AD2800F3F778F95FF000085FF0000A69
:10EEC000002600275FF0000B8F4D04A8291D142297
:10EED000F7F706F9A8690390FFF791FF40F2FF30BA
:10EEE000059D451B20008005800D4519A40A9DF84D
:10EEF0000E908748844204D38648041919F1010909
:10EF0000F7E79DF81080B4F5616F04D3B4F5616440
:10EF100018F10108F7E79DF811703C2C02D33C3C36
:10EF20007F1CFAE79DF81200210051FA80F62800B4
:10EF300080B2B0F5806F03DBB5F58065761CF6E72F
:10EF4000300080B23C2802D33C3E7F1CF8E73800FA
:10EF500080B23C2803D33C3F18F10108F7E7404654
:10EF600080B2182804D3B8F1180819F10109F6E79E
:10EF70009DF80F00042190FBF1F201FB1200002824
:10EF800017D165499DF80D00084410F8010C4A4658
:10EF900080B292B2904223D21FFA89F948469DF876
:10EFA0000D20114411F8011C90FBF1F901FB190926
:10EFB00016E05A499DF80D00084410F8010C4A4625
:10EFC00080B292B290420BD21FFA89F948469DF85E
:10EFD0000D20114411F8011C90FBF1F901FB1909F6
:10EFE000DFF83CA140F2FF31280080B2091ACAF8CC
:10EFF00004105FF02060CAF81C008AF802608AF8EA
:10F0000001708AF800808AF824909DF813008AF82D
:10F0100003000020CAF820005FF00040CAF8140086
:10F020004FF48070CAF828000020CAF80C000020B5
:10F03000CAF81000002251463048FEF767FE00284B
:10F0400010D0DAF8040002909AF8020001909AF8C1
:10F05000010000909AF800309AF82420314909A85C
:10F06000FAF7FAFE19B0BDE8F08FF8B504000D000C
:10F070000026224F002221003800FEF71EFE00224B
:10F0800029003800FEF780FDE17840F2B550414399
:10F09000C91C8908E078042290FBF2F302FB1300FC
:10F0A000002801D1204A00E0204A63783D204343F4
:10F0B0003C3B022093FBF0F041186078401EC0B248
:10F0C00040001300C34013F00303C91AA078401E88
:10F0D00041180F484143AB786E783C204643F31803
:10F0E0002E784FF4616000FB06335918890201F253
:10F0F000FF316868091A0800F2BD00002C290020C1
:10F1000000280040702A002050290020382A0020C2
:10F110008051010080AEFEFF1009010804090108BA
:10F12000B0280020C002010850554400A0AA990050
:10F1300070472DE9FE4F04000D0000200026002737
:10F140000021ADF804105FF001085FF000095FF0E6
:10F15000000A21680978212901D101218A465FF03E
:10F16000000B584600B2A988884272DA20685146DE
:10F17000C9B2405C29685A4612B2895C884265D19E
:10F18000012080465046C0B2401C06000020814647
:10F190000020ADF80400300000B2A18888424ADAAD
:10F1A0002068310009B2405C7C281ED1BDF9040002
:10F1B000002804D10120814616EB0B00070001A8AE
:10F1C00000903B001BB22A002100701C00B200F02E
:10F1D00059F880464046C0B2012806D15146C9B20E
:10F1E000584600B200F03DF839E04846C0B2002869
:10F1F0000FD12068310009B2405C29685A4612B22A
:10F200001144320012B2895C884202D0002080464C
:10F2100011E04846C0B2002801D1761CBBE730009F
:10F22000BDF9041000B2884203DABDF904000600FB
:10F23000B1E7761CAFE74046C0B2012806D151467F
:10F24000C9B2584600B200F00CF808E01BF1010BFF
:10F2500087E75146C9B25FF0FF3000F002F8BDE821
:10F26000FE8F02000800C0B2002802D1100000B2D8
:10F2700007E0100000B2002802D45FF0FF3000E089
:10F2800000207047F0B50400059D012000263700DE
:10F290003FB207FA84F7B1F804C067453ADA0F685D
:10F2A000A4460FFA8CFC6744B4460FFA8CFC17F89E
:10F2B0000C707C2F03D137192F8000B22BE0978878
:10F2C000B4460FFA8CFC0CFA83FC674506DAB2F9F7
:10F2D00004707F1C2F805FF0FF3738000F68A44652
:10F2E0000FFA8CFC6744B4460FFA8CFC17F80C70CC
:10F2F000D2F800C09E460FFA8EFEF444B6460FFACE
:10F300008EFE1CF80EC0674502D05FF0FF37380054
:10F31000761CBCE700B2F0BD012000F025B800006B
:10F32000010091F82000012801D102201BE00120FA
:10F3300081F82000022081F82100CA200A6850626A
:10F3400053200A6850620868806850F020000A68FC
:10F350009060FF200A685062012081F8210000209F
:10F3600081F820000020704780B5AFF30080024A8A
:10F3700011001820ABBEFBE72600020000000000D1
:10F38000000000000000F0BF00000000000000804E
:10F3900000000000000000800000000000000000ED
:10F3A000000000C05294EEBF00000048204E51BE45
:10F3B000000000F86467BCBC000000000000000012
:10F3C000000000208133EDBF00000080B3DB14BEDD
:10F3D000000000506706A3BC000000000000000011
:10F3E000000000D0E9DCEBBF00000008C39259BE6A
:10F3F00000000080B0D3B8BC000000000000000096
:10F4000000000070F98FEABF000000C0A51028BE00
:10F41000000000E8BFC0B0BC000000000000000019
:10F4200000000070284CE9BF00000060134B42BE92
:10F43000000000C03D20B8BC00000000000000003B
:10F4400000000050FA10E8BF000000C05FF62BBEBD
:10F45000000000905C71A7BC0000000000000000EC
:10F4600000000020FCDDE6BF000000C0F8F154BE43
:10F4700000000018E9F6B9BC000000000000000020
:10F48000000000D0C3B2E5BF00000070E43254BEFB
:10F4900000000050DB06B4BC0000000000000000CB
:10F4A00000000010EF8EE4BF00000020F36252BEA7
:10F4B000000000C02A879ABC000000000000000085
:10F4C000000000B02272E3BF000000F0E8E056BE8A
:10F4D00000000028352DBDBC000000000000000029
:10F4E000000000000A5CE2BF000000B0FA8E41BEDE
:10F4F00000000040AE6FBDBC000000000000000036
:10F5000000000000564CE1BF000000F015CD5FBECA
:10F5100000000000141C90BC00000000000000006F
:10F5200000000040BD42E0BF00000030F93457BE8B
:10F53000000000E06C1E93BC000000000000000012
:10F54000000000E0F57DDEBF000000B08A535EBE23
:10F5500000000080DA77AABC000000000000000074
:10F56000000000C09D81DCBF00000000FFA226BE9D
:10F570000000006057E2B0BC000000000000000086
:10F5800000000060F98FDABF000000580A8151BE08
:10F59000000000F05F60B8BC000000000000000048
:10F5A0000000000098A8D8BF000000607A7F45BE28
:10F5B000000000D05433A3BC000000000000000095
:10F5C000000000600FCBD6BF000000D091CB40BE42
:10F5D000000000406D1BA0BC000000000000000007
:10F5E000000000A0FBF6D4BF00000098C5CE52BEBC
:10F5F000000000003A397EBC00000000000000005E
:10F60000000000E0FE2BD3BF0000004073872BBE3C
:10F6100000000000926879BC0000000000000000BB
:10F6200000000040C069D1BF00000058F16353BE24
:10F6300000000080438D7CBC000000000000000042
:10F6400000000080D85FCFBF000000181F8354BEA9
:10F65000000000B03F42A2BC00000000000000001B
:10F660000000008067FCCBBF00000060FAFF53BEC3
:10F6700000000050E00DB8BC0000000000000000D9
:10F680000000000098A8C8BF000000607A7F35BE67
:10F69000000000C0543393BC0000000000000000D4
:10F6A00000000000DC63C5BF00000058D6FF54BE58
:10F6B00000000000396490BC000000000000000061
:10F6C000000000C0AD2DC2BF00000080A45915BECF
:10F6D000000000E0484BABBC000000000000000050
:10F6E000000000801A0BBEBF00000050BF3C5ABE95
:10F6F000000000A0B364B6BC0000000000000000E1
:10F700000000008004D6B7BF00000040BBCF36BE6B
:10F710000000008076CEA8BC0000000000000000C1
:10F720000000008032BBB1BF000000402A0043BE91
:10F7300000000028C60CBDBC000000000000000056
:10F74000000000009473A7BF000000182B3B59BEB7
:10F75000000000C0E55DA5BC000000000000000046
:10F7600000000000EE4397BF000000A0E6C340BECB
:10F7700000000020958DB5BC0000000000000000D6
:10F780000000000000000080000000000000008079
:10F7900000000000000000800000000000000000E9
:10F7A0000000000000000000000000000000000059
:10F7B0000000000000000000000000000000000049
:10F7C0000000000000000000000000000000000039
:10F7D0000000000000000000000000000000000029
:10F7E0000000000000000000000000000000000019
:10F7F0000000000000000000000000000000000009
:10F8000000000000000000000000000000000000F8
:10F8100000000000000000000000000000000000E8
:10F8200000000000000000000000000000000000D8
:10F830000000000000C0F0FCFFFEF8C00000000067
:10F8400000000000000000000000000000000000B8
:10F8500000000000000000000000000000000000A8
:10F860000000000000000000000000000000000098
:10F870000000000000000000000000000000000088
:10F880000000000000000000000000000000000078
:10F890000000000000000000000000000000000068
:10F8A0000000000000000000000000000000000058
:10F8B00000C0F0FCFFFFFFFFFFFFFFFFFFFCF0C0F9
:10F8C00000000000000000000000000080C0C0C078
:10F8D000C0E0F0F0F0F070383C3C3C3C3F3F0F03A0
:10F8E0000000000000000000000000000000000018
:10F8F0000000000000000000000000000000000008
:10F9000000000000000000000000000000000000F7
:10F9100000000000000000000000000000000000E7
:10F9200000000000000000000000000000C0F0FC2B
:10F93000FFFFFFFFFF3F0F0F03070F3FFFFFFFFF1B
:10F94000FFFC30383C3C1C0E8FCFC7C3C3C3E373EE
:10F9500071303030383C0C0000000070F8CCCC0C1A
:10F960000C0000C0F03C0CFCFC000000C0F01C0CC3
:10F970000C8CFCF00000000000000CFCFC0000C03F
:10F980003C0C00C0FCFC0C0000FCFCCCCCCCCC0C37
:10F99000000C8CFCFC1C0C0C0C0000000000000097
:10F9A000000000000000000000C0F0FCFFFF7F3FEF
:10F9B0000F07C3C040303018CCCCC7C3033330105E
:10F9C0000C8CCCC4C3C3E3F33130303038380C0076
:10F9D000000000000000000000000C0C0C0C0F03E5
:10F9E000030C0F030303030F0F000000030F0C0CA5
:10F9F0000C0F0301000000000000000F0F0C0300BB
:10FA000000000C0F0F0000000F0F0F0C0C0C00007B
:10FA100000000F0F000000000000000000000000C8
:10FA20000000000000C0F0FC3F3F0F0703000C0087
:10FA3000C3C13030CCCC03333300000C0C000303C3
:10FA40000300000001030F0F3C78C000000000001D
:10FA500000000000000000000000000000000000A6
:10FA60000000000000000000000000000000000096
:10FA70000000000000000000000000000000000086
:10FA80000000000000000000000000000000000076
:10FA90000000000000000000000000000000000066
:10FAA0000000C0300F030300000000000000000051
:10FAB0000000000300000000000000000000000043
:10FAC0000000000000000000000000030C30C00037
:10FAD0000000000000000000000000000000000026
:10FAE0000000000000000000000000000000000016
:10FAF0000000000000000000000000000000000006
:10FB000000000000000000000000000000000000F5
:10FB100000000000000000000000000000000000E5
:10FB200000000000000000000000000000000000D5
:10FB300000000000000000000000000000000000C5
:10FB400000000000000000000000000000000000B5
:10FB500000000000000000000000000000000000A5
:10FB60000000000000000000000000000000000095
:10FB70000000000000000000000000000000000085
:10FB80000000000000000000000000000000000075
:10FB90000000000000000000000000000000000065
:10FBA0000600000000000000000F00000F00000F22
:10FBB00000000F0000000000000000000000000036
:10FBC000000000000000000000000000000007002E
:10FBD000001E00E01F00FF1FF8FF03FF1F00FF01D2
:10FBE000000F000000000000000000000000000006
:10FBF0000000000000000000000000000E000000F7
:10FC0000C07F00F8FF01FCFF07FCFF073E800F0EDE
:10FC1000000E0E000E0E000E1E800FFCFF07FCFFF4
:10FC200007F8FF01C07F000000000E000000700018
:10FC30000E38000E38000E1C000E0E000EFEFF0FD8
:10FC4000FEFF0FFEFF0FFEFF0F00000E00000E0074
:10FC5000000E00000E0000000E00000060000F7893
:10FC6000800F7CC00F7CE00F1EF00F0EF80E0E7C94
:10FC70000E0E3E0E1E1F0EFE0F0EFC070EF8030E9C
:10FC8000F0010E0000000E000000308001388003FB
:10FC90003C80073C800F1E000F0E0E0E0E0E0E0E47
:10FCA0000E0E1E1F0FFEFF0FFCFB07FCF903F0E01A
:10FCB000010000000F00000000F00000F80000FE4E
:10FCC0000080EF00C0E700F0E1007CE0003EE000D3
:10FCD000FEFF0FFEFF0FFEFF0FFEFF0F00E0000014
:10FCE000E0000E000000008001F88703FE8707FE99
:10FCF000870FFE070F0E030E8E030E8E030E8E0768
:10FD00000F8EFF070EFF070EFE0300FC0000000031
:10FD10000E000000C07F00F0FF01F8FF07FCFF07A6
:10FD20003E0E0F0E070E0E070E0E070E1E0F0F3E95
:10FD3000FF0F3CFE0738FE0330F8010000000E0004
:10FD400000000E00000E00000E00000E000F0EE07E
:10FD50000F0EF80F0EFE0F8EFF00CE0F00FE0300F9
:10FD6000FE00003E00001E00000000000E0000002B
:10FD7000F0E001F8FB03FCFB07FEFF0F1E1F0F0E58
:10FD80000E0E0E0E0E0E0E0E1E1F0FFEFF0FFCFBB4
:10FD900007FCFB03F0E0010000000E000000F08310
:10FDA00001F88703FC8F07FE9F0F1E1E0F0E1C0E0F
:10FDB0000E1C0E0E1C0E1E8E0FFCFF07FCFF03F820
:10FDC000FF01C07F00000000000000000000005F95
:10FDD00000000007000700147F147F14242A7F2AE4
:10FDE00012231308646236495522500005030000AF
:10FDF000001C2241000041221C00082A1C2A08087D
:10FE0000083E080800503000000808080808006094
:10FE100060000020100804023E5149453E00427F28
:10FE2000400042615149462141454B311814127F2F
:10FE30001027454545393C4A4949300171090503B8
:10FE40003649494936064949291E00363600000020
:10FE500056360000000814224114141414144122D0
:10FE60001408000201510906324979413E7E111100
:10FE7000117E7F494949363E414141227F4141221D
:10FE80001C7F494949417F090901013E41415132E5
:10FE90007F0808087F00417F41002040413F017FEB
:10FEA000081422417F404040407F0204027F7F04CB
:10FEB00008107F3E4141413E7F090909063E4151FC
:10FEC000215E7F09192946464949493101017F01CF
:10FED000013F4040403F1F2040201F7F2018207FCF
:10FEE0006314081463030478040361514945430013
:10FEF000007F4141020408102041417F00000402BC
:10FF000001020440404040400001020400205454DB
:10FF100054787F4844443838444444203844444862
:10FF20007F3854545418087E090102081454543C74
:10FF30007F0804047800447D40002040443D0000D8
:10FF40007F10284400417F40007C041804787C081E
:10FF500004047838444444387C14141408081414F5
:10FF6000187C7C080404084854545420043F44403E
:10FF7000203C4040207C1C2040201C3C4030403C29
:10FF800044281028440C5050503C4464544C4400C5
:10FF90000836410000007F000000413608000808D4
:10FFA0002A1C08081C2A08086070787C7E1C362AE7
:10FFB000361C303E3F3E3007087F09077C444444EE
:10FFC000387C7C4444387C7C7C44387C7C7C7C3829
:10FFD0001E3276321E00000205020000FEE7FEE738
:10FFE000FEE7FEE7FEE770477047704780B500F018
:10FFF0005FF824480168491C016023480168491CD6
:020000040801F1
:1000000001600168C92918D3002101601F490878DF
:10001000002802D10120087001E000200870087853
:10002000012805D1012201211948F2F754FC04E00E
:10003000002201211648F2F74EFC01BD80B515489B
:10004000F6F7F7FC01BD80B51348F6F7F2FC01BDE9
:1000500080B51248F4F78CF801BD80B51048F4F76C
:1000600087F801BD80B50F48FDF7B0FF01BD80B531
:100070000D48F6F7DEFC01BD80B50C48F4F778F8C2
:1000800001BD0000402A0020182A0020642A002018
:100090000008004804280020BC2700201C23002062
:1000A000A42300202C290020742700209422002063
:1000B00003480168034A127889180160704700BF3D
:1000C000142A00200F0D0020F0B402461068956835
:1000D0001318506803EB5004C0071CD54D441AE0B8
:1000E00013F8017B05F8017B491EF9D198B113F88B
:1000F000011BC6F38106032E08BF13F8016B01EB49
:1001000006214942801C294405D011F8016B05F8ED
:10011000016B401EF9D1A3420ED013F8016B16F00B
:10012000030104BF13F8011BC91C30090F28DBD1E0
:1001300013F8010B0F30D7E7F0BC02F10C00704749
:10014000494420536C6176653A20000000000000AD
:10015000000000000000000000000000000000009F
:10016000000000000000000000000000000000008F
:1001700000000000425220536C6176653A20000076
:10018000000000000000000000000000000000006F
:10019000000000000000000000000000000000005F
:1001A0000000000000000000A0860100400D0300D8
:1001B000801A060000350C0040420F0080841E00AB
:1001C00000093D0000127A000024F40000366E01A0
:1001D0000048E801006CDC02C1ED000800000000EE
:1001E000F1ED0008FFED000821EE000837EE0008F1
:1001F0003FEE000855EE000873EE000877EE0008A9
:1002000089EE00083031323334353637383961629F
:10021000636465666768696A6B6C6D6E6F70717236
:10022000737475767778797A000000003031323354
:100230003435363738394142434445464748494AC0
:100240004B4C4D4E4F505152535455565758595A86
:100250000000000010B5074979441831064C7C4471
:10026000163404E00A68081D114488470146A1427B
:10027000F8D110BD2C000000480000004EF6885157
:10028000CEF20001086840F470000860BFF34F8FA1
:10029000BFF36F8F4FF00070E1EE100A704700005F
:1002A000BF22FFFF601D0000140D002000000000B1
:1002B00019FEFFFF4C080000320B00000000002078
:1002C000616C61726D206661696C3A2025642D2530
:1002D000643A25643A25643A25640D0A000000005A
:1002E00000F00DF8002801D0FFF7B4FFAFF3008055
:1002F0000020AFF30080F5F73DFF00F002F8012089
:10030000704700F001B8000007463846FFF72CF8A8
:10031000FBE70000755F6170705F636F6D6D3A2081
:1003200074782074696D65722063620D0A000000A4
:10033000755F6170705F636F6D3A207561727420D4
:100340002564206572726F72210D0A00755F6170FD
:10035000705F636F6D6D3A207365742072746321F2
:100360000D0A000073616F7669657467726F75704E
:100370002E636F6D2E766E00535654485F53564D64
:100380005F444C535F56315F315F310061742B72B3
:10039000646C617374666F726C6F673D000000007F
:1003A00061742B72646C617374666F726F706572C6
:1003B000613D000061742B72646C617374666F72CE
:1003C0006576656E743D000061742B72646C6173B8
:1003D00074666F726770733D0000000061742B7269
:1003E0006573746F7265736C6176653F0000000021
:1003F00053565F454E56495F434D5F444F000000E2
:10040000456E7465722050617373776F726400007B
:10041000312E4D6F646275732052545500000000F8
:10042000362E496E666F726D6174696F6E000000E2
:10043000534554204D4F44425553205254550000CB
:10044000312E49442020202020203A2000000000A6
:10045000322E42617564726174653A2000000000BA
:1004600043414C49422053454E534F520000000037
:10047000312E43616C69622031303025000000006C
:1004800052414E47452053455454494E47000000C1
:100490005375636365737366756C6C792100000036
:1004A0000000000000000000010203040607080924
:1004B000526573746F7265204F4B210D0A00000066
:1004C00061742B6D7174746D61696E3D0000000084
:1004D00061742B6D7174746D61696E3F0000000072
:1004E00061742B6D7174746261636B75703D000093
:1004F00061742B6D7174746261636B75703F000081
:1005000061742B726573657470756C73653F000060
:1005100061742B666C6F777468726573683D000058
:1005200061742B666C6F777468726573683F000046
:1005300061742B7175616E7468726573683D00003B
:1005400061742B7175616E7468726573683F000029
:1005500061742B6261747468726573683D00000099
:1005600061742B6261747468726573683F00000087
:1005700061742B65726173656D656D3F00000000ED
:1005800061742B667776657273696F6E3F00000049
:1005900061742B6C6F67696E6465783F00000000C2
:1005A00061742B72646C6173746C6F673F00000040
:1005B00061742B6C6576656C63616C69623D0000EB
:1005C00061742B6C6576656C63616C69623F0000D9
:1005D00061742B6C6576656C7468726573683D0038
:1005E00061742B6C6576656C7468726573683F0026
:1005F00061742B65786261747468726573683D001C
:1006000061742B65786261747468726573683F0009
:1006100061742B776D6368616E6E656C3D000000E0
:1006200061742B776D6368616E6E656C3F000000CE
:1006300061742B6D6F64696E666F723D000000001F
:1006400061742B6D6F64696E666F723F000000000D
:1006500061742B7072657373696E666F723D000012
:1006600061742B7072657373696E666F723F000000
:1006700061742B7265736574736C6176653F0000FD
:100680000148804701480047910601081D090108FB
:100690000248016851F470010160704788ED00E084
:1006A000444F202020203A200000000054656D7047
:1006B00020203A2000000000332E4F6666736574D8
:1006C00000000000342E5761726E696E67000000F2
:1006D000322E43616C6962203025000043414C4951
:1006E0004220504C55530000312E444F5F50313A58
:1006F00020000000322E444F5F50323A20000000AC
:10070000312E4F78795F4D203A200000322E4F78FD
:10071000795F50203A200000332E54656D70202000
:100720003A2000005741524E494E4720444F0000A6
:10073000312E4D6F6465203A20000000322E557036
:100740007065723A20000000332E4C6F7765723A64
:1007500020000000312E555F444F20203A20000039
:10076000322E4C5F444F20203A200000332E555F3C
:1007700054656D703A200000342E4C5F54656D70E6
:100780003A2000002A56657273696F6E00000000FF
:10079000576562736974653A00000000A1BA0008E9
:1007A000ABBA0008C9BA00085265736574204F4B94
:1007B000210D0A0061742B736572693D0000000011
:1007C00061742B736572693F0000000061742B73C4
:1007D000696D736572693F0061742B73777365721D
:1007E0007665720061742B647574793D00000000B9
:1007F00061742B647574793F0000000061742B668E
:100800007265716D696E3D0061742B667265716D04
:10081000696E3F0061742B73617665626F783F008B
:1008200061742B6E756D77616B653D0061742B7221
:100830006561646C6F673D0061742B70756C7365E6
:100840003D00000061742B70756C73653F00000003
:1008500061742B64656275673D00000061742B64F0
:10086000656275673F00000061742B6D726573658A
:10087000743F000061742B7573657275726C3D0076
:1008800061742B757365726674703D0061742B74AE
:100890006573746C6F673F0061742B726561646C83
:1008A0006F673F0061742B736C6176653D000000DB
:1008B00061742B736C6176653F00000061742B6F6F
:1008C0006E74656D683F000061742B6F66667465B9
:1008D0006D683F0061742B6964736C6176653F00DD
:1008E00061742B6964736C6176653D0061742B6281
:1008F00072736C6176653F0061742B6272736C6118
:1009000076653D001F1C1F1E1F1E1F1F1E1F1E1F62
:100910001F1D1F1E1F1E1F1F1E1F1E1FAFF3008047
:10092000FFF7ACFCFFF7DCFC5053553A0000000029
:100930006D672F4C000000004C6F6767696E000008
:1009400053455454494E4700322E43616C6962004E
:10095000352E52616E676500444F3A20000000005A
:10096000332E526573657400206D672F4C000000B4
:100970004F46465345540000496E666F722E000084
:100980002A4D6F64656C0000000000000102030442
:100990002C240020000000002C2500200000000076
:1009A0004552524F520000000000000000000000BD
:1009B000000000000C000000000000000C0000001F
:1009C00061742B7274633D0061742B7274633F0019
:1009D00061742B6770733F0061742B656E64000057
:1009E000AC250020000000003C4E554C4C3E000061
:1009F000252E2A6600000000686A6C747A4C00009C
:100A00004F4646004F4E0000444F2E002025000068
:100A100020894300FFF7FEBFFFF7FEBFFFF7FEBFD1
:100A2000FFF7FEBFFFF7FEBFFFF7FEBFFFF7FEBFFA
:100A3000FFF7FEBFFFF7FEBFFFF7FEBFFFF7FEBFEA
:100A4000FFF7FEBFFFF7FEBFFFF7FEBFFFF7FEBFDA
:100A5000FFF7FEBFFFF7FEBFFFF7FEBFFFF7FEBFCA
:100A6000FFF7FEBFFFF7FEBFFFF7FEBFFFF7FEBFBA
:100A7000FFF7FEBFFFF7FEBFFFF7FEBFFFF7FEBFAA
:100A8000FFF7FEBFFFF7FEBFFFF7FEBFFFF7FEBF9A
:100A9000FFF7FEBFFFF7FEBFFFF7FEBFFFF7FEBF8A
:100AA000FFF7FEBFFFF7FEBFFFF7FEBFFFF7FEBF7A
:100AB000FFF7FEBFFFF7FEBFFFF7FEBFFFF7FEBF6A
:100AC000FFF7FEBFFFF7FEBFFFF7FEBFFFF7FEBF5A
:100AD000FFF7FEBFFFF7FEBFFFF7FEBFFFF7FEBF4A
:100AE000FFF7FEBFFFF7FEBFFFF7FEBFFFF7FEBF3A
:100AF000FFF7FEBFFFF7FEBFFFF7FEBFFFF7FEBF2A
:100B0000D0033132333400014008F40100000D32CB
:100B1000000801011A1003D00700005F10520229DB
:100B200012640850030733000803101003881300F1
:100B300000831052041021285003013400080510CE
:100B4000120A08123510120608520504124D1061DF
:100B500078F0043DFEFFFEFEFE00011003F00301ED
:100B6000080D54123101B2200120100000456E74AE
:100B7000657220746F205365747570000020100535
:100B800057616974696E670B4110200320446F6ED2
:100B9000650952001030034572726F721F11D11037
:100BA0000101080404210B5208089207C0253743AD
:100BB0002809186504470046186101253C123024B5
:100BC0002534210C43A00630210C120C54252C2175
:100BD0001C92AC1812101821682154F300380978BF
:100BE000220134C3000418A002021800019C610C09
:100BF000300103300029F20140482302096CE1482A
:100C00002401120002C8D24830120318120B0CC380
:100C1000B80618120418120C0CD2C41812051825A4
:100C200098D25048120618120E0CD22078120718CB
:100C3000120F0CD2301811011303100C524018611E
:100C40000120030204000311605118699412031873
:100C500012120CF20160481A04BF970058B02580A8
:100C6000100302050004140CD270301003030E00B0
:100C700004150CE2D0F01118221660D1D812051814
:100C800012170CD2DC301101D305187812680C1938
:100C9000241305190CC3E80618190013051A0CD201
:100CA000F41811E0F303051B781103121C0CF60174
:100CB00070E033061D11F1007813061E0CC70C07F7
:100CC00008117813061F0C921818298811782E061F
:100CD0000C03F3002407601307210CD230181160B5
:100CE0001307220CD23C7811601307230CD248184A
:100CF00011601307240CF60180B01308250CF201D3
:100D000054C01308260CF20160601308270CF2018E
:100D10006CC01308280CD27818110823082918F57C
:100D2000013813092A0CE284D880031C00092B0027
:100D300001792810020400092C0CD28048120430DA
:100D4000F2022D30120530F2032E48100218000A6C
:100D50002F0CEA9088F0030118020B100001E20149
:100D600014B3093D12600285B600082429E08F9172
:100D7000B6D80521108F07B7D805210112131052DC
:100D8000043112E8198F2FB7D80521014F35B7D894
:100D9000056101123B101E787C052D5403E00214FE
:100DA0000D00208F80041555000815558421081268
:100DB0001B104349558852010412C11043EF558C52
:100DC000520204435D563C2DD40352041452B7140E
:100DD0002194520614431157142110520814126B17
:100DE0001412C5042540520A64438958282124520C
:100DF0000B1452B9142D0405520C1452E914213865
:100E0000520D14431959142138520E145249142109
:100E1000384300101412791412A704313842108C90
:100E20001003235A00087D04213852031410033D97
:100E30005B0008970412B0D912607D1EC0AD041A81
:100E400080E91340381D124B0C1DA806130096189C
:100E500012DA0812E1045403C20100AC24604A0112
:100E6000C021044F9DE6B807611047AFE658210C3A
:100E700025E012DD105203206006E093040001E734
:100E80000008401E102903478D019C211012DC052B
:100E9000839F0140210447110294210C2D2808470B
:100EA00051029021102D08081707038C515017602C
:100EB000EADC111092061012371022076111012D81
:100EC000580812E5105208202D58086804690400DB
:100ED00008202A3823803F04CB2C26481EB48403E4
:100EE0008B0800EC52C01069C812CC10259869C854
:100EF0001EC03C0325946D0C0652D01052051012F2
:100F0000E010258C69C852F0106D6C0352D8505215
:100F1000081052E4706209305110520A1052FC302D
:100F2000520B1043080810530C0001420560520D8B
:100F300010521420520E10522010520F10522C102A
:100F40006DF00352104062113051105212105230A5
:100F5000105213105240105214104F50051C0952D9
:100F6000151052601052161012387021DC521710F2
:100F70005244105218104FC009880852191052C814
:100F800010621A605130521B10525C10521C101229
:100F90006810252C521D1047700590521E1052806B
:100FA00090521F1056740069055280105221105241
:100FB0009040522210528C205223105298105224EA
:100FC0001052A0606225301DB004255C62262011FD
:100FD00010254C52271052B41052281056B05052BF
:100FE000291052C010522A1012D01025BC6D1806BC
:100FF00052E010622C2055306D080652C8806D00FA
:101000000656A430622F70511052301052F05053D7
:1010100031000142061052321056BC6062336055F6
:10102000006DE90B47100600523510522010523661
:10103000104730065052371052401052381043506B
:1010400006F0523910526010523A10527010523B52
:101050001052DCE0523C1052D4906D9A0652E010CF
:10106000523E1052EC10523F1052F8105241105F95
:10107000D809200B4A1E135304200810020201084D
:101080002C04F00108F22F000452FF01E3AA2D14F2
:091090001D50040002032D0103B0
:040000050801091DC8
:00000001FF
