:020000040800F2
:10000000382D002005F80008A5F10008A7F1000828
:10001000A9F10008ABF10008ADF1000800000000F4
:10002000000000000000000000000000AFF1000828
:10003000B1F1000800000000B3F10008B5F10008BC
:100040007DFB000881FB000885FB000889FB000898
:100050008DFB000891FB000895FB000899FB000848
:100060009DFB0008A1FB0008A5FB0008A9FB0008F8
:10007000ADFB000805F20008B1FB00080FF2000814
:10008000B5FB0008B9FB0008BDFB0008C1FB000878
:10009000C5FB0008C9FB0008CDFB0008D1FB000828
:1000A000D5FB0008D9FB0008DDFB0008E1FB0008D8
:1000B000E5FB00080000000000000000E9FB00086C
:1000C000EDFB0008F1FB0008F5FB0008F9FB000858
:1000D000FDFB000819F2000801FC000823F20008EB
:1000E00005FC00082DF200080000000000000000E0
:1000F0000000000000000000000000000000000000
:100100000000000009FC0008000000000DFC0008D1
:10011000000000000000000011FC000815FC0008B1
:1001200019FC00081DFC000821FC000825FC000843
:1001300029FC000800000000000000000000000092
:100140002DFC000831FC000835FC000839FC0008D3
:100150003DFC000837F2000841F2000841FC0008AD
:1001600045FC000849FC00084DFC000800000000A8
:1001700051FC000855FC000859FC00080000000074
:100180005DFC000861FC000865FC000880B5534870
:100190000078012806D0022807D0042808D00828B3
:1001A00009D00BE000F0A2F808E000F0E1FE05E065
:1001B00001F0B2F802E001F087FAFFE701BD2DE996
:1001C000F0470024464D2888002804D02888401E87
:1001D0002880002080E0414E307A00287BD1202109
:1001E000404801F09DFF002801D1012700E00027D1
:1001F000DFF8F4800421404601F092FF002802D18C
:100200005FF0010901E05FF000090221404601F0C2
:1002100087FF002802D15FF0010A01E05FF0000AC9
:100220000121404601F07CFF002801D1012000E0BF
:10023000002057EA490757EA8A073C0054EAC004FD
:100240002000C0B2012805D0022803D0042801D024
:10025000082836D17068401C7060706850282FD311
:10026000347001203072DFF8EC1C0868142801D2C9
:1002700019202880DFF8E00C22000378D2B29A42DD
:1002800019D10A68521C0A600A681E2A02D200218B
:10029000716014E00A68B42A02D2412171600EE054
:1002A0000A68F02A02D24621716008E04E2272608C
:1002B000F0220A6003E00022726000220A600470EB
:1002C00009E00020DFF8901C0870282070600020F2
:1002D000DFF8801C08603078BDE8F08740280020F7
:1002E000142900200008004800040048F8B584B034
:1002F000DFF8684CA078002817D001283AD00228EF
:100300006AD0032800F0FB80042800F07F810528D4
:1003100000F08782062800F00B83072800F0D683C0
:10032000092800F0DD8400F012BEDFF8345C002004
:10033000E860DFF8306C0A220021300001F076FF1F
:1003400030203070302070703020B0703020F0706D
:10035000E8680001801CC0B203900296052001905D
:1003600004200090052300220121A01C02F08CFD36
:1003700000F0EDBDDFF8E80BC168491CC160C16841
:1003800004291EDBDFF8DC0B02F099FD012815D1F2
:10039000A51C0622290014F1080001F095FFF120A8
:1003A0000390002002900C2001900720009007236A
:1003B00000220221280002F067FD0BE00020A0705F
:1003C00008E0C0680001801C0200D2B20021A01C1D
:1003D00002F037FD00F0BBBD207907280AD0C0F03D
:1003E0008C80092832D01BD30B285BD044D30C2837
:1003F0006ED082E0A51C0622290014F1080001F04D
:1004000063FFF1200390002002900F2001900E2046
:1004100000900E2300220321280002F035FD6CE03D
:10042000A51C0622290014F1080001F04DFFF1205F
:1004300003900020029016200190132000901323B7
:1004400000220421280002F01FFD56E0A51C062210
:10045000290014F1080001F037FFF120039000207B
:1004600002901920019018200090182300220521E5
:10047000280002F009FD40E0A51C0622290014F125
:10048000080001F021FFF1200390002002901D20C0
:1004900001901B2000901B2300220621280002F05F
:1004A000F3FC2AE0A51C0622290014F1080001F043
:1004B0000BFFF120039000200290222001901F20CA
:1004C00000901F2300220721280002F0DDFC14E029
:1004D000A51C0622290014F1080001F0F5FE0020F9
:1004E00003900020029025200190252000902523D4
:1004F00000220821280002F0C7FC00F028BD207966
:100500000E2802D00F2840D07EE0E078002802D0EC
:1005100001281FD038E0A61C0622310014F1080083
:1005200001F0D2FEDFF8385AF220039015F10C00EA
:1005300002900F2001900E2000900E23E278521CB2
:10054000D2B20321300002F09FFCDFF81C0A407891
:10055000E86019E0A51C0622290014F1080001F04A
:10056000B3FEF02003900020029028200190282064
:100570000090282300220921280002F085FC012098
:10058000DFF8E4190870FFE73EE0E078002802D0C9
:1005900001281FD038E0A61C0622310014F1080003
:1005A00001F092FEDFF8B859F220039015F10C002B
:1005B00002900F2001900F2000900F23E278521C30
:1005C000D2B20321300002F05FFCDFF89C094068E2
:1005D000E86019E0A51C0622290014F1080001F0CA
:1005E00073FEF02003900020029028200190282024
:1005F0000090282300220921280002F045FC012058
:10060000DFF864190870FFE700F0A1BC2079132817
:1006100009D0C0F00581152800F0918049D3162833
:1006200000F0E180FCE0E078002802D001281FD033
:100630003EE0A61C0622310014F1080001F044FE41
:10064000DFF81C59F220039015F10C0002901620DF
:100650000190132000901323E278521CD2B204219F
:10066000300002F011FCDFF80009C068E8601FE00C
:10067000A51C0622290014F1080001F025FEF02037
:100680000390002002902820019028200090282329
:1006900000220921280002F0F7FBDFF8D018DFF86C
:1006A000C008C06808800222012003F04BF9FFE770
:1006B000B6E0E078002802D001281FD03EE0A61C5A
:1006C0000622310014F1080001F0FEFDDFF8905819
:1006D000F220039015F10C000290162001901320D7
:1006E00000901423E278521CD2B20421300002F0B0
:1006F000CBFBDFF87408C068E8601FE0A51C062289
:10070000290014F1080001F0DFFDF0200390002023
:1007100002902820019028200090282300220921FF
:10072000280002F0B1FBDFF84418DFF83408C06895
:1007300008800222022003F005F9FFE770E0E0786C
:10074000002802D001281FD04CE0A61C0622310050
:1007500014F1080001F0B8FDDFF80458F22003900E
:1007600015F10C0002901620019013200090152323
:10077000E278521CD2B20421300002F085FBDFF88F
:10078000E807C06BE8602DE0A51C0622290014F1E3
:10079000080001F099FDF02003900020029028202D
:1007A000019028200090282300220921280002F02F
:1007B0006BFB0320DFF8B0170870322001F0E1FF77
:1007C000FE2003F0C9FE00EE100ADFF89407D0ED1A
:1007D000030AF8EEE00AB8EE400A80EE800A03F061
:1007E00007FCFFE71CE0A51C0622290014F1080005
:1007F00001F06AFDF0200390002002902820019073
:1008000028200090282300220921280002F03CFB28
:10081000DFF85817002008800222032003F092F826
:1008200095E32079182802D0192840D07FE0E0789D
:10083000002802D001281FD038E0A61C0622310073
:1008400014F1080001F040FDDFF81457F220039086
:1008500015F10C0002901920019018200090182327
:10086000E278521CD2B20521300002F00DFBDFF815
:10087000F806406AE86019E0A51C0622290014F178
:10088000080001F021FDF0200390002002902820B4
:10089000019028200090282300220921280002F03E
:1008A000F3FA0120DFF8C0160870FFE73FE0E078B8
:1008B000002802D001281FD038E0A61C06223100F3
:1008C00014F1080001F000FDDFF89456F2200390C7
:1008D00015F10C00029019200190182000901923A6
:1008E000E278521CD2B20521300002F0CDFADFF8D6
:1008F0007806806AE86019E0A51C0622290014F138
:10090000080001F0E1FCF020039000200290282074
:10091000019028200090282300220921280002F0BD
:10092000B3FA0120DFF840160870FFE7FFE70EE397
:1009300020791B2806D0C0F0C8801D2800F08580D3
:1009400043D3C2E0E078002802D0012822D03BE067
:10095000A71C0622390014F1080001F0B5FCDFF8ED
:10096000005615F10C06F220039002961D2001900E
:100970001B2000901B23E278521CD2B206213800C3
:1009800002F082FADFF88C090078E860DFF8D80519
:10099000066419E0A51C0622290014F1080001F0E4
:1009A00093FCF02003900020029028200190282042
:1009B0000090282300220921280002F065FA012076
:1009C000DFF8A4150870FFE77FE0E078002802D088
:1009D00001281FD038E0A61C0622310014F10800BF
:1009E00001F072FCDFF87855F220039015F10C004D
:1009F00002901D2001901B2000901C23E278521CC5
:100A0000D2B20621300002F03FFADFF85C05406BFD
:100A1000E86019E0A51C0622290014F1080001F085
:100A200053FCF02003900020029028200190282001
:100A30000090282300220921280002F025FA012035
:100A4000DFF824150870FFE73FE0E078002802D0C7
:100A500001281FD038E0A61C0622310014F108003E
:100A600001F032FCDFF8F854F220039015F10C008D
:100A700002901D2001901B2000901D23E278521C43
:100A8000D2B20621300002F0FFF9DFF8DC04806BFF
:100A9000E86019E0A51C0622290014F1080001F005
:100AA00013FCF020039000200290282001902820C1
:100AB0000090282300220921280002F0E5F90120F6
:100AC000DFF8A4140870FFE7FFE740E220791F2851
:100AD00009D0C0F00481212800F0858043D322286A
:100AE00000F0C080FBE0E078002802D001281FD091
:100AF00038E0A61C0622310014F1080001F0E4FBE6
:100B0000DFF85C54F220039015F10C0002902220D3
:100B100001901F2000901F23E278521CD2B20721BF
:100B2000300002F0B1F9DFF84004406CE86019E0F1
:100B3000A51C0622290014F1080001F0C5FBF020D5
:100B40000390002002902820019028200090282364
:100B500000220921280002F097F90120DFF808148B
:100B60000870FFE7BBE0E078002802D001281FD022
:100B700038E0A61C0622310014F1080001F0A4FBA5
:100B8000DFF8DC53F220039015F10C0002902220D4
:100B900001901F2000902023E278521CD2B207213E
:100BA000300002F071F9DFF8C003806CE86019E0F2
:100BB000A51C0622290014F1080001F085FBF02095
:100BC00003900020029028200190282000902823E4
:100BD00000220921280002F057F90120DFF88813CC
:100BE0000870FFE77BE0E078002802D001281FD0E2
:100BF00037E0A61C0622310014F1080001F064FB66
:100C0000DFF85C53F220039015F10C0002902220D3
:100C100001901F2000902123E278521CD2B20721BC
:100C2000300002F031F9DFF84003C06CE86018E0F2
:100C3000A51C0622290014F1080001F045FBF02054
:100C40000390002002902820019028200090282363
:100C500000220921280002F017F90120C24908707A
:100C6000FFE73CE0E078002802D001281DD035E005
:100C7000A61C0622310014F1080001F025FBB84D36
:100C8000F220039015F10C000290222001901F2009
:100C900000902223E278521CD2B20721300002F0E9
:100CA000F3F8B148006DE86018E0A51C06222900A1
:100CB00014F1080001F008FBF020039000200290DE
:100CC00028200190282000902823002209212800B4
:100CD00002F0DAF80120A4490870FFE7FFE736E1E7
:100CE000207A03280AD0C0F03181052838D0C0F01E
:100CF0002A81072800F0B28069D327E1322001F071
:100D000040FD032098490870A07A0E2802D00F28D1
:100D100009D024E0DFF8900941789148C068C0B25A
:100D200004F079F91BE000200100C9B20B290FDAA9
:100D3000DFF878190200D2B251F82210884AD2683E
:100D4000914203D1DFF86019487001E0401CEBE7E5
:100D5000DFF854094178007804F05DF9FFE7F5E029
:100D6000814D03202870322001F00BFDA07A182855
:100D700002D0192815D029E0287A03F0EDFB00EE07
:100D8000100ADFF82C09D0ED080A754890ED031A17
:100D9000B8EEC11AB8EE400A81EE000A02F063FE16
:100DA00014E0687A03F0D8FB00EE100A6C48D0ED2E
:100DB000030AF8EEE00AB8EE400AC0EE800ADFF857
:100DC000F00890ED070A02F04EFEFFE7BEE0664D28
:100DD00003202870322001F0D4FCA07A1B2804D014
:100DE0003BD31D2823D00CD337E0DFF82805D0ED06
:100DF000020A90ED010A5A48C068C0B202F0EAFE49
:100E00002BE0A87A03F0A8FB00EE100ADFF8040537
:100E10005349D1ED030AF8EEE00AB8EE400AC0EEFD
:100E2000800A90ED010A007802F0D4FE15E0A87A5D
:100E300003F092FB00EE100ADFF8D804D0ED020AAE
:100E4000474991ED031AB8EEC11AB8EE400A81EE97
:100E5000000A007802F0BEFEFFE777E0424D032073
:100E60002870322001F08DFCA07A1F2806D069D3AB
:100E7000212835D01BD322284BD063E0E87A03F039
:100E80006BFB00EE100ADFF82C08D0ED031A90ED92
:100E9000021AD0ED010A324890ED032AB8EEC22AB8
:100EA000B8EE400A82EE000A02F05AFF4AE0E87A01
:100EB00003F052FB00EE100ADFF8F807D0ED031A3A
:100EC00090ED021A2649D1ED030AF8EEE00AB8EED9
:100ED000400AC0EE800A90ED000A02F041FF31E0C6
:100EE000E87A03F039FB00EE100ADFF8C807D0ED0E
:100EF000031A1B49D1ED030AF8EEE00AB8EE400AE6
:100F000080EE801AD0ED010A90ED000A02F028FF71
:100F100018E0E87A03F020FB00EE100ADFF89407EF
:100F20000F49D1ED030AF8EEE00AB8EE400AC0EE30
:100F3000801A90ED021AD0ED010A90ED000A02F03D
:100F40000FFFFFE702E002F0EDFCFFE7FFE705B06F
:100F5000F0BD0000CC280020242900208828002093
:100F600040280020000000207C00002016290020DE
:100F700010B5DFF84437987800280ED002281ED02C
:100F80000CD3042876D027D3062800F0F580C0F0D3
:100F9000C080072800F04981BBE1BAE1DFF81C07F7
:100FA000DFF81C17CA68825C521CCB68C254CA683E
:100FB000825C3A2A02DB3022C9684254A9E158799E
:100FC0001979884202D21879401E1871F122002145
:100FD000981C01F036FF9CE1D87800280CD1587994
:100FE0001979884202D21879401E1871F122002125
:100FF000981C01F026FF3CE018790E2802D00F283B
:1010000012D036E0D878002802D0012801D00AE0BA
:1010100009E0DFF8AC06C168B1F5807F02DAC1688B
:10102000491CC160FFE724E0D878002802D00128DD
:1010300001D01EE01DE000210800C0B20B2817DA25
:10104000DFF86826DFF878060B00DBB252F82330B1
:10105000C468A3420AD10B00DBB20A2B06DA0B00EC
:10106000DBB202EB83025268C26001E0491CE3E795
:10107000FFE74EE1D87800280CD1587919798842D9
:1010800002D21879401E1871F1220021981C01F03B
:10109000D8FE3DE01879132806D039D3152826D07C
:1010A00012D3162834D033E0D878002802D0012893
:1010B00001D008E007E0DFF80816C868002801D072
:1010C0000020C860FFE723E0D878002802D001287C
:1010D00001D00BE00AE0DFF8E805C16843F2C8225E
:1010E000914202DAC168491CC160FFE710E0D8787C
:1010F000002802D0012801D009E008E0DFF8C0058F
:10110000C168642902DAC168491CC160FFE7FFE7D2
:10111000FFE0D87800280CD158791979884202D29A
:101120001879401E1871F1220021981C01F089FEE7
:1011300021E01879182802D019280ED01BE0D878A1
:10114000002802D0012801D006E005E0DFF8700594
:10115000C168491CC160FFE70DE0D878002802D0C3
:10116000012801D006E005E0DFF85405C168491CFC
:10117000C160FFE7FFE7CCE0D87800280CD15879B0
:101180001979884202D21879401E1871F122002183
:10119000981C01F056FE47E018791B2804D043D371
:1011A0001D282DD013D33FE0D878002802D0012885
:1011B00001D00BE00AE0DFF80815C868002802D16A
:1011C0000120C86001E00020C860FFE72CE0D8786B
:1011D000002802D0012801D011E010E0DFF8E4047B
:1011E000807A03F0B9F9DFF8D824D36843F2C82134
:1011F0004843834202D2D068401CD060FFE713E02E
:10120000D878002802D0012801D00CE00BE0DFF8EC
:10121000B004C168DFF8AC24526B914202DAC168B5
:10122000491CC160FFE7FFE773E0D87800280CD1C4
:1012300058791979884202D21879401E1871F12222
:101240000021981C01F0FDFD62E018791F2806D0EE
:101250005ED3212830D01BD3222845D058E0D8783F
:10126000002802D0012801D011E010E0DFF854047A
:10127000C07A03F071F9DFF84824D36843F2C8213B
:101280004843834202D2D068401CD060FFE73FE071
:10129000D878002802D0012801D00CE00BE0DFF85C
:1012A0002004C168DFF81C24526C914202DAC16844
:1012B000491CC160FFE72BE0D878002802D0012844
:1012C00001D010E00FE0DFF8FC03C07A03F044F92E
:1012D000DFF8EC23D36850214843834202D2D06820
:1012E000401CD060FFE713E0D878002802D0012826
:1012F00001D00CE00BE0DFF8C803C168DFF8C423BD
:10130000D26C914202DAC168491CC160FFE7FFE775
:10131000FFE710BDB428002010B5DFF89C339878A3
:1013200000280ED002281ED00CD3042876D027D354
:10133000062800F0F380C0F0BE80072800F044814A
:10134000B1E1B0E1DFF87403DFF8701ACA68825CBB
:10135000521ECB68C254CA68825C302A02DA392233
:10136000C96842549FE118799979884202D2187964
:10137000401C1871F1220021981C01F062FD92E1DD
:10138000D87800280CD118799979884202D2187936
:10139000401C1871F1220021981C01F052FD3CE024
:1013A00018790E2802D00F2811D036E0D8780028FE
:1013B00002D0012801D009E008E0DFF8000AC16886
:1013C000012902DBC168491EC160FFE725E0D8782A
:1013D000002802D0012801D01FE01EE00A221000E0
:1013E000C0B2002818D0DFF8C432DFF8D0191000DE
:1013F000C0B253F82000CC68A0420BD11000C0B29C
:10140000002807D01000C0B203EB800050F8040C95
:10141000C86001E0521EE2E7FFE744E1D878002807
:101420000CD118799979884202D21879401C187128
:10143000F1220021981C01F004FD3BE018791328EB
:1014400006D037D3152824D012D3162832D031E055
:10145000D878002802D0012801D008E007E0DFF8A2
:101460005C19C868002801D00020C860FFE721E0AF
:10147000D878002802D0012801D009E008E0DFF880
:101480003C09C168012902DBC168491EC160FFE750
:1014900010E0D878002802D0012801D009E008E047
:1014A000DFF81809C168012902DBC168491EC16063
:1014B000FFE7FFE7F7E0D87800280CD11879997991
:1014C000884202D21879401C1871F1220021981C20
:1014D00001F0B7FC21E01879182802D019280ED0A5
:1014E0001BE0D878002802D0012801D006E005E0F2
:1014F000DFF8C808C168491EC160FFE70DE0D87871
:10150000002802D0012801D006E005E0DFF8AC0891
:10151000C168491EC160FFE7FFE7C4E0D878002832
:101520000CD118799979884202D21879401C187127
:10153000F1220021981C01F084FC44E018791B285A
:1015400004D040D31D2827D013D33CE0D8780028FE
:1015500002D0012801D00BE00AE0DFF86018C8686B
:10156000002802D10120C86001E00020C860FFE728
:1015700029E0D878002802D0012801D00BE00AE049
:10158000DFF838084F49896BC268914202DAC168B6
:10159000491EC160FFE716E0D878002802D0012874
:1015A00001D00FE00EE04748807A02F0D5FFDFF867
:1015B0000C2800214843D168884202D2D068401EDE
:1015C000D060FFE7FFE76EE0D87800280CD11879EB
:1015D0009979884202D21879401C1871F1220021B1
:1015E000981C01F02EFC5DE018791F2806D059D315
:1015F00021282DD015D322283DD053E0D8780028BB
:1016000002D0012801D00BE00AE0DFF8B0072D4935
:10161000896CC268914202DAC168491EC160FFE765
:1016200040E0D878002802D0012801D00FE00EE079
:101630002448C07A02F090FFDFF880270021484359
:10164000D168884202D2D068401ED060FFE729E00E
:10165000D878002802D0012801D00BE00AE0DFF89A
:101660005C071849096DC268914202DAC168491ED7
:10167000C160FFE716E0D878002802D0012801D029
:101680000FE00EE00F48C07A02F066FFDFF82C276B
:1016900000214843D168884202D2D068401ED06001
:1016A000FFE7FFE7FFE710BD700C0020F806002001
:1016B00058270020982800208828002000000020BB
:1016C000402800207C0000207FB5DFF8F446A07899
:1016D000002814D0022816D012D3042800F08980E4
:1016E00014D3062800F0C981C0F05481082800F006
:1016F0005083C0F06D82092800F052835DE35CE303
:101700000020A07059E30020A07056E320790E2835
:1017100002D00F2836D06BE0E078002802D00128F4
:1017200016D02EE0A51CF1200390002002900C2082
:10173000019007200090072300220221280001F0D9
:10174000A3FB0622290014F1080000F0BDFD18E0FB
:10175000A51C0622290014F1080000F0B5FDF120B7
:101760000390DFF8600602900F2001900E20009099
:101770000E23E078421ED2B20321280001F084FB40
:10178000FFE735E0E078002802D0012816D02EE0EF
:10179000A51CF1200390002002900C20019007204E
:1017A0000090072300220221280001F06DFB062291
:1017B000290014F1080000F087FD18E0A51C06229E
:1017C000290014F1080000F07FFDF1200390DFF8FC
:1017D000F80502900F2001900E2000900F23E07872
:1017E000421ED2B20321280001F04EFBFFE7FFE7C3
:1017F000E3E22079132808D0C0F0CB8015287CD0F4
:101800003FD3162800F0AF80C3E0E078002802D074
:10181000012816D034E0A51CF1200390002002908E
:101820000C200190072000900823002202212800AC
:1018300001F02AFB0622290014F1080000F044FD03
:101840001EE0A61C0622310014F1080000F03CFD49
:10185000DFF87855F120039015F12C000290162046
:101860000190132000901323E078421ED2B204218D
:10187000300001F009FBDFF84405C068E862FFE7CB
:1018800087E0E078002802D0012816D034E0A51CBB
:10189000F1200390002002900C200190072000907E
:1018A000082300220221280001F0EEFA0622290076
:1018B00014F1080000F008FD1EE0A61C062231000D
:1018C00014F1080000F000FDDFF80055F12003904E
:1018D00015F130000290162001901320009014237F
:1018E000E078421ED2B20421300001F0CDFADFF8D8
:1018F000CC04C0682863FFE74BE0E078002802D002
:10190000012816D02EE0A51CF120039000200290A3
:101910000C200190072000900823002202212800BB
:1019200001F0B2FA0622290014F1080000F0CCFC04
:1019300018E0A51C0622290014F1080000F0C4FCE0
:10194000F1200390DFF88804029016200190132004
:1019500000901523E078421ED2B20421280001F045
:1019600093FAFFE715E0A51CF120039000200290F8
:101970000C2001900720009008230022022128005B
:1019800001F082FA0622290014F1080000F09CFC04
:10199000FFE712E22079182802D0192836D06BE030
:1019A000E078002802D0012816D02EE0A51CF120F6
:1019B0000390002002900C20019007200090092342
:1019C00000220221280001F05FFA0622290014F10A
:1019D000080000F079FC18E0A51C0622290014F18B
:1019E000080000F071FCF1200390DFF8E80302909A
:1019F00019200190182000901823E078421ED2B2DE
:101A00000521280001F040FAFFE735E0E0780028E2
:101A100002D0012816D02EE0A51CF1200390002052
:101A200002900C200190072000900923002202213F
:101A3000280001F029FA0622290014F1080000F01C
:101A400043FC18E0A51C0622290014F1080000F050
:101A50003BFCF1200390DFF88003029019200190F5
:101A6000182000901923E078421ED2B205212800E8
:101A700001F00AFAFFE7FFE79FE120791B2805D074
:101A8000C0F0A5801D286DD037D3A0E0E0780028F5
:101A900002D0012816D02FE0A51CF12003900020D1
:101AA00002900C200190072000900A2300220221BE
:101AB000280001F0E9F90622290014F1080000F0DD
:101AC00003FC19E0A51C0622290014F1080000F00F
:101AD000FBFBC24EF120039002961D2001901B20BB
:101AE00000901B23E078421ED2B20621280001F0AC
:101AF000CBF9B6480664FFE769E0E078002802D039
:101B0000012816D02DE0A51CF120039000200290A2
:101B10000C200190072000900A23002202212800B7
:101B200001F0B2F90622290014F1080000F0CCFB04
:101B300017E0A51C0622290014F1080000F0C4FBE0
:101B4000F1200390A64802901D2001901B200090D8
:101B50001C23E078421ED2B20621280001F094F93D
:101B6000FFE734E0E078002802D0012816D02DE00D
:101B7000A51CF1200390002002900C20019007206A
:101B800000900A2300220221280001F07DF906229C
:101B9000290014F1080000F097FB17E0A51C0622AD
:101BA000290014F1080000F08FFBF12003908D480C
:101BB00002901D2001901B2000901D23E078421E02
:101BC000D2B20621280001F05FF9FFE7FFE7F4E059
:101BD00020791F2808D0C0F0DB8021286ED038D3B0
:101BE000222800F0A080D3E0E078002802D001286D
:101BF00016D02DE0A51CF1200390002002900C20AF
:101C00000190072000900B2300220221280001F000
:101C10003BF90622290014F1080000F055FB17E0FB
:101C2000A51C0622290014F1080000F04DFBF1204C
:101C300003906D480290222001901F2000901F23E6
:101C4000E078421ED2B20721280001F01DF9FFE71B
:101C50009EE0E078002802D0012816D02DE0A51CD7
:101C6000F1200390002002900C20019007200090AA
:101C70000B2300220221280001F006F90622290088
:101C800014F1080000F020FB17E0A51C0622290033
:101C900014F1080000F018FBF12003905348029063
:101CA000222001901F2000902023E078421ED2B213
:101CB0000721280001F0E8F8FFE769E0E078002854
:101CC00002D0012816D02DE0A51CF12003900020A1
:101CD00002900C200190072000900B23002202218B
:101CE000280001F0D1F80622290014F1080000F0C4
:101CF000EBFA17E0A51C0622290014F1080000F0F9
:101D0000E3FAF12003903A480290222001901F202C
:101D100000902123E078421ED2B20721280001F072
:101D2000B3F8FFE734E0E078002802D0012816D0AD
:101D30002DE0A51CF1200390002002900C200190C2
:101D4000072000900B2300220221280001F09CF8BC
:101D50000622290014F1080000F0B6FA17E0A51CCD
:101D60000622290014F1080000F0AEFAF1200390D9
:101D700020480290222001901F2000902223E0782A
:101D8000421ED2B20721280001F07EF8FFE7FFE7EC
:101D900013E0062214F10801A01C00F095FA0CE0F3
:101DA0000A4D2878022807D0062214F10801A01C49
:101DB00000F08AFA00202870FFE77FBD402800204D
:101DC000882800207D000020800000207C0000206A
:101DD000B8000020A0000020A4000020B4280020AB
:101DE000B0000020B4000020C0000020C40000208B
:101DF000C8000020CC000020F8B4030000250868CB
:101E0000E840002800F0D78001260F6816FA05F098
:101E100007403A00002A00F0CC80087910F0030057
:101E2000012804D0087910F0030002281DD19F6812
:101E30005FF0030C2800C0B240001CFA00FC37EA37
:101E40000C07D1F80CC02800C0B240001CFA00FCFE
:101E50005CEA07079F605868AE40B0434E68C6F31F
:101E60000016AE40304304005C60087910F00300B7
:101E700003280ED0DE6803272800C0B24000874048
:101E8000BE438F682800C0B2400087403E43340004
:101E9000DC60087910F00300022818D12800C0087F
:101EA00003EB8000066A0F2715F00700C0B2800020
:101EB0008740BE430F6915F00700C0B2800087401D
:101EC0003E4334002800C00803EB800004621E6813
:101ED00003272800C0B240008740BE430F7917F0A7
:101EE00003072800C0B2400087403E4334001C6016
:101EF000486810F4403F5CD09548066856F00106EB
:101F00000660006810F0010000900098914F2800D2
:101F1000800857F820605FF00F0C15F00300C0B286
:101F200080001CFA00FC36EA0C06B3F1904F01D198
:101F3000002414E08848834201D101240FE087483F
:101F4000834201D102240AE08548834201D103245F
:101F500005E08448834201D1042400E0072415F001
:101F60000300C0B28000844026432800800847F860
:101F700020607D4C206890434F68FF0200D51043DD
:101F800020607A4E346894434F68BF0200D51443F2
:101F90003460774E306890434F68BF0300D51043DC
:101FA0003060744E346894434F68FF0300D5144387
:101FB00034606D1C23E7F1BC70472DE9F04103004C
:101FC00000250800E840002800F0A880012616FA45
:101FD00005F008400200002A00F09E80DFF874C17E
:101FE000280080085CF820000F2715F0030E5FFA28
:101FF0008EFE5FEA8E0E17FA0EFE1EEA0000040047
:10200000B3F1904F02D15FF0000E19E052488342C5
:1020100002D15FF0010E13E05048834202D15FF01D
:10202000020E0DE04E48834202D15FF0030E07E03E
:102030004C48834202D15FF0040E01E05FF0070ECE
:1020400015F00300C0B280001EFA00FE74452CD1CA
:102050004848D0F800E03EEA020EC0F800E04448EC
:10206000D0F800E03EEA020EC0F800E03F48D0F8A9
:1020700000E03EEA020EC0F800E03B48D0F800E085
:102080003EEA020EC0F800E015F00300C0B2800086
:1020900017FA00F00400280080085CF82000A04334
:1020A000AE465FEA9E0E4CF82E005FF0030C1868F7
:1020B000AE465FFA8EFE5FEA4E0E1CFA0EFE5EEA38
:1020C000000018602800C00803EB800E2800C0083C
:1020D00003EB8000D0F8208015F00700C0B280002C
:1020E000874038EA0707CEF8207098682F00FFB2C3
:1020F0007F001CFA07F7B84398605868AE4030EA92
:1021000006065E60DE682800C0B240001CFA00FCD3
:1021100036EA0C0CC3F80CC06D1C52E7BDE8F08128
:10212000020010690B009BB2184201D0012000E0B0
:102130000020C0B270471300DBB2002B03D00B00AD
:102140009BB2836102E00B009BB283627047000088
:1021500060100240080001400004004800080048E8
:10216000000C004800100048080401400C04014025
:10217000040401400004014038B504000D00DFF8FC
:10218000FC010168200000F006F8A84201D30120FC
:1021900000E0002032BD814204D25FF0FF32101A0D
:1021A000081800E0081A704738B52DED048B08EECA
:1021B000100A0C001500DFED438A2800C0B2FB288E
:1021C00010DBB8EEC89A2800C0B24042C0B200F09E
:1021D0008BF829EE009A00212000B0EE490A00F0A9
:1021E000B1F80EE0B8EEC89A2800C0B200F07CF852
:1021F00089EE009A2900C9B22000B0EE490A00F029
:10220000A1F8BDEC048B31BD10B400210A00838815
:1022100092B29A4206D2002203680C00A4B21A5568
:10222000491CF3E70022828010BC704710B4040000
:1022300013005A1E9BB2002B02D02170641CF7E7DA
:1022400010BC704770B504000D001600DFF82401C3
:1022500000782100C9B2884209D3DFF82421106830
:10226000002804D0310089B228001268904770BD60
:1022700038B504000D00280003F0E2F8020092B225
:1022800029002000C0B2FFF7DDFF31BD70B50400AA
:102290000D00280003F0D4F8020092B229002000BB
:1022A000C0B2FFF7CFFFDFF8DC603068002807D04E
:1022B000280003F0C5F8010089B228003268904771
:1022C00070BD00000000000030B404000D001300D9
:1022D0005A1E9BB2002B04D02B7823706D1C641CFB
:1022E000F5E730BC7047000010B504002000C0B214
:1022F000FB2816DB2000C0B2D0F5807003F0D8F8C0
:1023000041EC110B9FED200B03F0EBF853EC102B7D
:102310000020194903F0EEF803F010FA00EE100A5D
:102320000FE02000C0B203F03DFA41EC110B9FED2D
:10233000160B03F0D6F851EC100B03F0FFF900EE8A
:10234000100A10BD38B52DED028B82B0B0EE408A78
:1023500004000D0018EE100A03F032FACDE9000176
:102360002A000B49200003F04FFA02B0BDEC028BAB
:1023700031BD0000740C00200000F03F0429002053
:102380000C29002008290020000000000000244043
:1023900060FB000880B500224FF40071DFF8940B59
:1023A000FFF7C9FE00224FF400715FF09040FFF785
:1023B000C2FE03F049FADFF8DC0BDFF8DC1B016436
:1023C000DFF8D81B421CC1F85821021DC1F870214A
:1023D00010F11C020A62027A81F8252010F1200215
:1023E0008A63427A81F83D2010F10C02C1F8A021E5
:1023F000027A81F8A52110F11002C1F8B821027A01
:1024000081F8BD2110F12C02C1F8D021027A81F8A7
:10241000D52110F13002C1F8E821027A81F8ED21CE
:1024200010F13C02C1F8002210F12402C1F8482248
:10243000027A81F84D2210F12802C1F86022427A16
:1024400081F8652210F13402C1F8A822827A81F85D
:10245000AD2210F13802C1F8C022827A81F8C5227B
:1024600010F14402C1F8F022C27A81F8F52210F18D
:102470004802C1F80823C27A81F80D2310F14C02FA
:10248000C1F82023C27A81F8252310F15002C1F847
:102490003823C07A81F83D03DFF8040B0068C1F8E7
:1024A0008003DFF8000B0068C1F8B00301BD38B548
:1024B000002000242000C0B2072835DADFF8EC5AEB
:1024C0002000C0B200012844407801282AD1200011
:1024D000C0B200012844406800280ED003F00CFA76
:1024E0002100C9B2090129444968401A2100C9B232
:1024F000090129448968884214D300202100C9B207
:1025000009012944487003F0F7F92100C9B2090113
:10251000294448602000C0B22100C9B20901294401
:10252000C9688847641CC5E7002032BD38B504007F
:10253000DFF8805A687800281FD100224FF400711C
:10254000DFF8F009FFF7F7FD00224FF400715FF0AC
:102550009040FFF7F0FD03F077F9892000902023E9
:1025600007220521DFF8500A03F0CCF9012068703A
:102570000221DFF8380A03F00DFB012032BD7CB5E3
:102580000400DFF8385A2878002803D0022823D026
:1025900003D33DE003F028FB3AE003F09BFB8920E6
:1025A0000090202307220521DFF80C0A03F0AAF986
:1025B000DFF80C2A03212C2003F0BEFADFF8042AEE
:1025C0000421082003F0B8FA03F0E1FB41F288305F
:1025D000DFF8D81988611BE00120DFF8D8194870AE
:1025E00089200090202307220521DFF8CC0903F081
:1025F00089F9DFF8B8690221300003F0CBFA032132
:10260000300003F0C7FA0421300003F0C3FAFFE7FB
:102610002878401C28702100C9B2DFF8900903F027
:10262000C8FA012076BD70B5040000F0BCF8DFF8F0
:1026300084596878012803D1A87800F0D9FB04E018
:102640000021DFF8680903F0A5FADFF87C09A97812
:102650000278914207D0A9780170DFF8700900680C
:10266000DFF86C190860A8780A2812D1DFF86069D1
:102670004FF4FA613068FFF77FFD012809D1DFF8D8
:102680004C0900683060062215F10801A81CFFF70C
:102690001BFE2100C9B2DFF8140903F08AFA0120F9
:1026A00070BD10B50400DFF82C19DFF82C090069A3
:1026B000FFF762FD012827D1DFF820090178012901
:1026C00005D1002101700020DFF8E8188870DFF8DC
:1026D00010090188491C018042F21071DFF8CC28F2
:1026E0002300DBB21B011A449268B1FBF2F10288AD
:1026F0008A420DD300210180DFF8B81888780028BD
:1027000006D00020887003E00120DFF8D0180870A0
:102710002100C9B2DFF8940803F04BFA012010BD84
:1027200038B50400FDF74BFDDFF8AC58287A0128D6
:1027300008D10521DFF8740803F02CFADFF88C08C3
:10274000006828612100C9B2DFF8600803F031FA9F
:10275000012032BD10B50400FDF718FDDFF8780840
:102760000021017000210172012010BD10B504008C
:1027700000224FF40051DFF8BC07FFF7DCFC01201A
:1027800010BD10B5040001224FF40051DFF8A4077A
:10279000FFF7D1FCDFF81408210089B28166062119
:1027A00003F007FA10BD70B5DFF8E847DFF834082A
:1027B000216C097850F82100DFF8E017C1F8900289
:1027C000DFF8240801786170DFF82018407851F8AC
:1027D00020006060207A01F0BFFE00EE100ADFF8F2
:1027E0001058B8EE400AD5ED010A20EE200ABDEEE1
:1027F000C00A84ED030A207A01F0AEFE00EE100A52
:10280000B8EE400AD5ED020A20EE200ABDEEC00A5D
:1028100084ED040A607A01F09FFE00EE100AB8EE23
:10282000400AD5ED030A20EE200ABDEEC00A84ED71
:10283000050A207A01F090FE00EE100AB8EE400A78
:10284000D5ED040A20EE200ABDEEC00A84ED060A8A
:10285000207A01F081FE00EE100AB8EE400AD5EDB4
:10286000050A20EE200ABDEEC00A84ED070A607A50
:1028700001F072FE00EE100AB8EE400AD5ED060A2D
:1028800020EE200ABDEEC00A84ED080A207A01F08D
:1028900063FE00EE100AB8EE400AD5ED070A20EEFE
:1028A000200ABDEEC00A84ED090A607A01F054FEE8
:1028B00000EE100AB8EE400AD5ED080A20EE200A14
:1028C000BDEEC00A84ED0A0AA07A01F045FE00EED2
:1028D000100ADFF8C466B8EE400AD6ED020A20EE10
:1028E000200ABDEEC00A84ED0D0AA07A01F034FE84
:1028F00000EE100AB8EE400AD6ED010A20EE200ADA
:10290000BDEEC00A84ED0E0AFE2001F025FE00EEA9
:10291000100AB8EE400AD5ED090A20EE200ABDEEF5
:10292000C00A84ED0F0AE07A01F016FE00EE100AEC
:10293000DFF8C056B8EE400AD5ED000A20EE200AB6
:10294000BDEEC00A84ED110AE07A01F005FE00EE4A
:10295000100AB8EE400AD5ED010A20EE200ABDEEBD
:10296000C00A84ED120AE07A01F0F6FD00EE100ACA
:10297000B8EE400AD5ED020A20EE200ABDEEC00AEC
:1029800084ED130AE07A01F0E7FD00EE100AB8EEDC
:10299000400AD5ED030A20EE200ABDEEC00A84ED00
:1029A000140A70BD2DE9F84F8AB0060020210022DC
:1029B00002AC200003F058FA0024002500208DF816
:1029C000050000208DF806001827DFF8D0853000BC
:1029D000C0B27843404490F815903000C0B27843BC
:1029E00040444068002842D001213000C0B200F0CD
:1029F000A9F900280ED13000C0B2784340444268A3
:102A00003000C0B278434044017D4846C0B203F074
:102A100093F81EE05FF0000A3000C0B278434044F3
:102A2000406802F00DFD5146C9B2814207D2202014
:102A300002A95246D2B288541AF1010AECE702AA5E
:102A40003000C0B278434044017D4846C0B203F034
:102A500073F83000C0B278434044406802F0F0FCA4
:102A6000DFF894150979491C484310FA89F93000B8
:102A7000C0B2784340448068002800F03A813000BA
:102A8000C0B278434044007B00280BD002281ED0FF
:102A900012D3042830D024D3062845D036D30728B3
:102AA0003ED044E03000C0B27843404480680078B3
:102AB000002104000D003AE03000C0B278434044E9
:102AC000806890F90000C11704000D002FE030006D
:102AD000C0B27843404480680088002104000D00A3
:102AE00025E03000C0B2784340448068B0F900006F
:102AF000C11704000D001AE03000C0B27843404412
:102B000080680068002104000D0010E03000C0B2B1
:102B10007843404480680068C11704000D0006E057
:102B200001208DF8050002E002208DF805009DF8D7
:102B3000050000280CD13000C0B278434044407BEF
:102B400040420200D2B202A92000FFF72DFB26E08E
:102B50009DF8050001281AD13000C0B278434044E6
:102B6000806802F06DFC202819D23000C0B2784392
:102B70004044806802F064FC020092B23000C0B2AF
:102B800078434044816802A8FFF79EFB07E03000CD
:102B9000C0B278434044806800788DF80800022174
:102BA0003000C0B200F0CEF8012823D13000C0B20E
:102BB00078434044807DC0B200098DF806009DF83E
:102BC00006000F2805D0202002A99DF80620885471
:102BD00010E05FF0000A02A802F032FC5146C9B2D0
:102BE000814207D2202002A95246D2B288541AF15B
:102BF000010AF0E73000C0B201285ED15FF0000AA0
:102C000000208DF804003000C0B278434044407B7F
:102C1000002802D009208DF80400392000902E23CE
:102C200015220F21DFF8D40303F052F902A802F0B5
:102C300007FC8346DFF8C0030079401C00FB0BFB58
:102C40005846C0B2022190FBF1F01F280BDA58461B
:102C5000C0B2022190FBF1F0D0F140009DF80410C9
:102C600050FA81FA07E05846C0B2D0F15F009DF8F3
:102C7000041050FA81FA02AA3000C0B278434044EE
:102C8000007D401CC0B2DFF870134979D1EBC00160
:102C9000491EC9B25046C0B203F0C4FA5AFA8BF0CA
:102CA0009DF80490B0EB09098920009020230722A9
:102CB0000521C14802F026FE1BE089200090202358
:102CC00007220521BC4802F01DFE02AA3000C0B256
:102CD00078434044017D4846C0B202F02DFF02A86F
:102CE00002F0AEFBC4490979491C484310FA89F047
:102CF00081463000C0B278434044006900281ED0AD
:102D00003000C0B2784340448068002817D03000BB
:102D1000C0B2784340448068B94988420FD030003F
:102D2000C0B27843404402693000C0B207FB00F7EC
:102D300008EB0700017D4846C0B202F0FDFE0BB073
:102D4000BDE8F08FF8B504000D0094492200D2B21E
:102D50001820424301EB0200817D2800C0B20140EF
:102D60002800C0B281422FD1A826A64F4FF49671F9
:102D70002800C0B2704338442200D2B250F822007A
:102D8000FFF7FAF901282AD12800C0B206FB00F6A5
:102D900007EB06002100C9B28C4A126840F82120D6
:102DA0002A2099492A00D2B242430A442300DBB2C6
:102DB0002E00F6B200FB06F008442100C9B2405CC8
:102DC000D0F10100D0540AE08F492A00D2B22A2063
:102DD000424301EB02002100C9B2002242548A4959
:102DE000EDB22A20454301EB0500E4B2005DF2BDDF
:102DF00070B50400002602F06DFF00F077F82000A7
:102E0000C0B200F07DF82000C0B200F095F80025B7
:102E1000280080B22A2811DA60492A0092B21820CC
:102E2000424301EB0200C07D2100C9B2884203D1B8
:102E30002800C0B2FFF7B6FD6D1CE9E702F0A7FF5E
:102E400070BDF0B44271C47803792500EDB2AB4295
:102E50000AD3F025514E2700FFB218235F4306EB3B
:102E600007039D75641CEFE718234C4C85785D4380
:102E700025444679AE75002904D0857803FB05F317
:102E800023449960F0BC70472DE9F84F070088464D
:102E900091469A460A9E0B9DDDF830B00D9C87F84E
:102EA000008087F8019087F802A0FE703D71220033
:102EB000D2B259463800FFF7C4FFBDE8F18F10B415
:102EC000010000221000C0B204280CD21000C0B2D1
:102ED000085C4E4B1400E4B21B5D984201D0002008
:102EE00002E0521CEEE7012010BC704780B50120C3
:102EF000009008237F220821002003F017FA01BD6B
:102F000010B504002000C0B2002812D13848007863
:102F1000002807D124A2214890F84410782002F01C
:102F20000BFE06E022A21D4890F84410782002F023
:102F300003FE10BD000800480100C9B2092924D1D0
:102F400014490978002906D002290ED008D3042993
:102F500015D00FD318E02E49104AC2F8C81318E054
:102F60002C490E4AC2F8C81313E02B490B4AC2F889
:102F7000C8130EE02949094AC2F8C81309E02849D4
:102F8000064AC2F8C81304E003E02149034AC2F824
:102F9000C81370477C000020B428002034010020B2
:102FA000BC050020D0000020200000000C00002004
:102FB0004E0000008828002090EF000825290020FE
:102FC000F0F80008F8F40008262900200429002061
:102FD000DC28002080EE3600402800202729002031
:102FE000182900202C010020700C0020F806002079
:102FF0005827002098280020A828002068ED000805
:10300000720C0020281F0020B8220020D8000020C9
:10301000DC000020EC000020FC0000200C0100205F
:103020001C01002010B504000121DFF8200D02F082
:10303000C0FD012010BD30B587B00400142100226E
:1030400002AD280002F010FFDFF8800BD0E900236A
:10305000CDE9002302A80090DFF8745B2978684668
:1030600000F00AFA28786870BDF80410009800F0A3
:10307000DAFC2878002801D000202870DFF8CC5C2A
:103080000221280002F086FD0321280002F091FDB4
:103090002100C9B2280002F08CFD012007B030BD2C
:1030A00010B50400DFF8FC1B8888002810D0DFF87A
:1030B000F80B02888B889A4208D1002101800321F5
:1030C000DFF8880C02F066FD012008E089880180A5
:1030D0002100C9B2DFF8740C02F06BFD012010BDB5
:1030E0002DE9F041040000250026DFF8B87BB88800
:1030F00003283DDB3868B988084410F8010C3968AA
:10310000BA88114411F8021C51EA00210E00B98856
:10311000891E386803F0A4F905002800310080B248
:1031200089B288421DD10721DFF8200C02F041FD51
:103130003868007801280DD1DFF8948A012198F8C9
:10314000010000F0B2F998F80120D7E9000100F081
:103150009CF913E00021DFF8780A407800F0A5F927
:103160000CE00021DFF8680A407800F09EF905E0E5
:103170000021DFF85C0A407800F097F9DFF8500A88
:10318000407800F0E5F80221DFF8C00B02F023FDE3
:103190000120BDE8F0810100DFF8280D0278032A44
:1031A00001D0042202700120704701000120704705
:1031B00010B50400DFF8980B0178012936D1DFF84B
:1031C000941BC978012931D1DFF88C1B91ED050AD8
:1031D000D0ED020AB4EE600AF1EE10FA08DA91EDD1
:1031E000050AD0ED010AB4EE600AF1EE10FA0ED530
:1031F00001224FF400615FF09040FEF79CFF012236
:103200004FF480515FF09040FEF795FF1CE00022E4
:103210004FF400615FF09040FEF78DFF00224FF405
:1032200080515FF09040FEF786FF0DE000224FF4E2
:1032300000615FF09040FEF77EFF00224FF4805166
:103240005FF09040FEF777FFDFF8000B4FF47A71E4
:1032500081662100C9B202F0ACFC012010BD38B576
:103260000400DFF8F81A087800281FD10120087040
:10327000DFF8545C012210212800FEF75CFF0022D9
:1032800008212800FEF757FF00220421DFF83C0C3C
:10329000FEF751FF4FF4FA60DFF8B01A886703F0C9
:1032A000C1FA03F06AFC03F059FC12E00020087038
:1032B00001220821DFF8100CFEF73DFF0122042156
:1032C000DFF8080CFEF737FF4EF66020DFF87C1AB7
:1032D00088672100C9B2DFF8740A02F06AFC012095
:1032E00032BD10B50400DFF8701A0878002803D149
:1032F000002081F8280011E0DFF8D40B8278042A3E
:1033000005D08278092A06D1007A042803D1032047
:1033100081F8280002E0022081F82800DFF8340A52
:10332000C078012806D1012081F82900012081F808
:103330002A0005E0002081F82900002081F82A00F9
:103340002100C9B2DFF8040A02F033FC012010BDED
:1033500038B52DED028B04009FEDBE8A2000C0B26F
:1033600000286AD1DFF8F05995ED010ADFEDBA0ABD
:1033700020EE200ABDEEC00A10EE100A00F0F0F9AF
:1033800085ED010A95ED010A00F058FA85ED040A71
:1033900095ED030A00F0B2FA85ED060A95ED060AEE
:1033A000D5ED080A30EE200ADFF8280BD0ED020A2E
:1033B000F4EE400AF1EE10FA02D5D0ED020A0BE06D
:1033C000D0ED030AB4EE600AF1EE10FA02D5D0EDAA
:1033D000030A01E0F0EE400AC5ED060AD5ED010A48
:1033E00095ED091A60EE810AC5ED020AD5ED040AD1
:1033F00095ED091A60EE810AC5ED050AD5ED050ABD
:1034000095ED071A30EE818AD0ED000AF4EE480AF5
:10341000F1EE10FA02D590ED000A0BE090ED010AF2
:10342000B4EE408AF1EE10FA02D590ED010A01E007
:10343000B0EE480A85ED050AFFE7DFF81C59287849
:1034400000280BD10020686095ED010A00F0F6F924
:1034500085ED040A0020A860002068612878002813
:1034600007D10020E86095ED030A00F047FA85EDEA
:10347000060ABDEC028B31BD38B504000D002900F1
:10348000C9B2200000F01BF831BD70B504000D007A
:10349000160020000078C0B2012805D13200D2B257
:1034A0002000290000F062F870BD38B504000D005E
:1034B0002900C9B22000C0B200F0D0F831BD3EB53D
:1034C00004000D002800C0B2002805D0022821D039
:1034D0000BD3032833D047E00620009000230322BB
:1034E0000121200002F0DAFF3EE0DFF8D80D8188EC
:1034F00002290ED1016801918088022190FBF1F030
:1035000080B200904FF4805306220121200003F086
:1035100013F829E0DFF8AC0D818802290ED101688B
:1035200001918088022190FBF1F080B2009041F27D
:10353000040306220121200002F0FEFF14E0DFF860
:10354000840D818802290ED10168019180880221B1
:1035500090FBF1F080B2009042F22003062201219C
:10356000200002F0E9FFFFE737BD00002DE9F84F2A
:103570002DED028B82B004000D0091460020ADF8C5
:1035800000009FED348A00264846C0B2002803D0D0
:10359000401E022856D958E00320ADF80000022250
:1035A0006946200000F00CFA08EE900A02226946F3
:1035B000200000F005FA8046DFF89C77B8EE680A34
:1035C00010EE100A02F0FCF882468B46404602F0EC
:1035D000E9F841EC110B9FEDD10B01F082FF53ECA8
:1035E000102B5046594601F085FF02F0A7F878608D
:1035F00002226946200000F0E3F900EE100AB0EE66
:10360000408A02226946200000F0DAF90600B8EE8E
:10361000480A10EE100A02F0D3F882468B463000BA
:1036200002F0C0F841EC110B9FEDBC0B01F059FF0B
:1036300053EC102B5046594601F05CFF02F07EF827
:10364000F86002E000F05BF9FFE702B0BDEC028B2E
:10365000BDE8F18F000000000000C8420200D2B2B5
:10366000002A032A1BD80A00D2B2012A0ED1DFF8A1
:10367000E82600235370012313700200D2B2002AFF
:103680000CD10122DFF8CC36DA7007E0DFF8C8266B
:103690005378032B02DA53785B1C5370FFE7DFF893
:1036A000B8365A78002A0CD05A78032A09DB00224F
:1036B0001A7000225A600022DA600022DFF8943685
:1036C000DA7070472DE9F04100242500EDB20A2D93
:1036D00043DA00252E00F6B2092E3CDA2E00F6B2AF
:1036E00001EB860676682F00FFB251F82770BE42C4
:1036F0002FDA00262F00FFB251F82770AC465FFA90
:103700008CFC01EB8C0CDCF804C0AE465FFA8EFE3C
:1037100041F82EC0AC465FFA8CFC01EB8C0CCCF867
:103720000470AC465FFA8CFC50F82CC0AE465FFAD1
:103730008EFE00EB8E0EDEF804E0A8465FFA88F8F5
:1037400040F828E0AE465FFA8EFE00EB8E0ECEF813
:1037500004C06D1CBEE7641CB7E7BDE8F081000043
:1037600038B52DED028B04009FED948ADFF8FC1A2A
:10377000087800282AD10120087000210800C0B272
:103780000A2815DA0800C0B2DFF83C2B0B00DBB2C8
:1037900042F82300DFF8342B0800C0B252F82000B2
:1037A000002803D10800C0B242F82040491CE5E7D8
:1037B000DFF8185B092300222900DFF80C0BFFF764
:1037C00081FF95ED050AB8EEC00A30E00020010047
:1037D000C9B20A291EDADFF8F01A0200D2B251F893
:1037E0002220092A0BD100220300DBB241F823205A
:1037F000DFF8D81A0200D2B241F8224008E00200F5
:10380000D2B251F82220521C0300DBB241F823202F
:10381000401CDCE7DFF8B45A092300222900DFF856
:10382000A80AFFF74FFF95ED050AB8EEC00ADFEDD5
:10383000BC0A80EE200ABDEC028B31BDF0EE400ADE
:103840009FEDB81A9FEDB83ADFED5C3AF5EE400A0D
:10385000F1EE10FA40D0F0EE603A9FEDB40ADFF8D6
:10386000E00B90ED004A34EE634AB4EE404AF1EECC
:1038700010FA08DA90ED004A33EEC44AB4EE404A3A
:10388000F1EE10FA03DB9FEDAA0A21EE001ADFF831
:10389000200B90ED000AF0EE401ADFF8181B91EDB6
:1038A000000A30EE010AB0EE402A32EE030A82EE40
:1038B000000AF0EE402A33EEE10AB0EE614A00EE73
:1038C000224A80ED004AB7EE000A30EE620A20EE8E
:1038D000020A81ED000A08E0DFF8D80A5FF07E51A5
:1038E0000160DFF8CC0A00210160DFF8C40ADFF8CC
:1038F000501B02680A6090ED000A7047704780B55F
:103900000320DFF8C01508700421DFF8400402F03E
:1039100062F93220FEF735FF01BD00000000000013
:103920000000244080B5DFF81C0B0078A84908701F
:103930000220DFF8901508700421DFF8100402F06F
:1039400038F901BD2DE9F04104000D0016002F00EB
:10395000DFF870894046FEF757FC300080B202283D
:1039600002D004280BD01DE07878D8F80010087039
:103970003878D8F800104870A8F8046015E0787816
:10398000D8F8001008703878D8F800104870F87827
:10399000D8F800108870B878D8F80010C870A8F867
:1039A000046002E00020A8F80400DFF8980A047020
:1039B0000120DFF8041A0870BDE8F0810000000063
:1039C000F0B4030000200C881500EDB2042D16D1D0
:1039D0002500ADB21D44AE782500ADB21D44ED7892
:1039E00055EA06252600B6B29E5D2700BFB21F44E9
:1039F0007F7857EA062757EA054738000DE015009B
:103A0000EDB2022D09D12500ADB25D5D2600B6B242
:103A10001E44767856EA052630000D8855FA82F560
:103A20000D80F0BC704770B504000D00DFF8186A17
:103A300001224FF480513000FEF77DFB0A2003F095
:103A4000BFF803F083F84FF47A732A0092B2210092
:103A5000DFF8F80903F005F900224FF48051300037
:103A6000FEF769FB70BD2DE9F0412DED028B8EB0A4
:103A7000F0EE408AB0EE608A322100226C462000CF
:103A800002F0F2F9002700240025DFF8CC82C8ED0F
:103A9000078A88ED088A98ED070A00F051FF0600B2
:103AA00098ED080A00F04CFF804668463100090E88
:103AB0003A00D2B281547F1C3100090C3A00D2B2D4
:103AC00081547F1C3100090A3A00D2B281547F1C14
:103AD0003900C9B246547F1C4146090E3A00D2B2A1
:103AE00081547F1C4146090C3A00D2B281547F1C9C
:103AF0004146090A3A00D2B281547F1C3900C9B24A
:103B000000F801807F1C3A00D2B292B26946DFF819
:103B1000400904F0C3F80EB0BDEC028BBDE8F081A3
:103B20000000C84295BFD63317B7D1380100004016
:103B300000007A4470B500240025DFF814090078ED
:103B4000C0B2FF283AD0DFF80C090178C9B20906E3
:103B5000DFF804090078C0B251EA0041DFF8FC0840
:103B60000078C0B251EA0021DFF8F4080078C0B252
:103B700001430C00DFF8EC080178C9B20906DFF850
:103B8000E8080078C0B251EA0041DFF8E0080078A8
:103B9000C0B251EA0021DFF8D8080078C0B2014372
:103BA0000D00DFF8D06816F11C01200000F0F0FDD8
:103BB00016F12001280000F0EBFD05E0DFF8B40865
:103BC0000021C1610021016270BD000018FB0008E6
:103BD000202900202DE9F0472DED028B8EB0040046
:103BE000F0EE408AB0EE608A322100226D46280055
:103BF00002F03AF9002500260027DFF854A18AF8E0
:103C000000408AED028ACAED018A9AED020A00F0AC
:103C100097FE80469AED010A00F092FE81466846C2
:103C20009AF800102A00D2B281546D1C4146090E48
:103C30002A00D2B281546D1C4146090C2A00D2B22E
:103C400081546D1C4146090A2A00D2B281546D1C70
:103C50002900C9B200F801806D1C4946090E2A00EE
:103C6000D2B281546D1C4946090C2A00D2B281544B
:103C70006D1C4946090A2A00D2B281546D1C2900E4
:103C8000C9B200F801906D1C2A00D2B292B2694606
:103C9000DFF8E40704F002F80EB0BDEC028BBDE8DB
:103CA000F0870000200C00201E29002070B50024A1
:103CB0000025DFF8C4070078C0B2FF283CD0244EAE
:103CC000DFF8B80700783070DFF8B4070178C9B2C0
:103CD0000906DFF8B0070078C0B251EA0041DFF80A
:103CE000A8070078C0B251EA0021DFF8A0070078E9
:103CF000C0B201430C00DFF898070178C9B2090689
:103D0000DFF890070078C0B251EA0041DFF8880779
:103D10000078C0B251EA0021DFF880070078C0B215
:103D200001430D0016F10801200000F031FD311DA6
:103D3000280000F02DFD07E0054800210170DFF8A4
:103D4000601781600021416070BD00006C07002099
:103D5000B4280020F0280020582700202D2900201A
:103D60002DE9F84F2DED048B8EB0F0EE409AB0EEB9
:103D7000608AF0EE418AB0EE619A3221002201ACF5
:103D8000200002F071F85FF0000B0020009000248A
:103D900000250026DFF83CA1CAED009A8AED018AD1
:103DA000CAED028A8AED039A9AED000A00F0C8FD76
:103DB00007009AED010A00F0C3FD80469AED020A61
:103DC00000F0BEFD81469AED030A00F0B9FD82467F
:103DD00001A83900090E5A46D2B281541BF1010BD9
:103DE0003900090C5A46D2B281541BF1010B39003B
:103DF000090A5A46D2B281541BF1010B5946C9B285
:103E000047541BF1010B4146090E5A46D2B2815468
:103E10001BF1010B4146090C5A46D2B281541BF1E9
:103E2000010B4146090A5A46D2B281541BF1010BDB
:103E30005946C9B200F801801BF1010B4946090E31
:103E40005A46D2B281541BF1010B4946090C5A461D
:103E5000D2B281541BF1010B4946090A5A46D2B22B
:103E600081541BF1010B5946C9B200F801901BF1B6
:103E7000010B5146090E5A46D2B281541BF1010B77
:103E80005146090C5A46D2B281541BF1010B5146DE
:103E9000090A5A46D2B281541BF1010B5946C9B2E4
:103EA00000F801A01BF1010B5A46D2B292B201A94F
:103EB000DFF8F00503F0F2FE0EB0BDEC048BBDE8B8
:103EC000F18F00007C00002000040048000C004836
:103ED00088280020982800202DE9F04100240025A2
:103EE00000260027DFF8BC050078C0B2FF2871D09B
:103EF000DFF8B4050178C9B20906DFF8B00500782B
:103F0000C0B251EA0041DFF8A8050078C0B251EA1A
:103F10000021DFF8A0050078C0B201430C00DFF8F3
:103F200098050178C9B20906DFF890050078C0B29B
:103F300051EA0041DFF888050078C0B251EA00215B
:103F4000DFF880050078C0B201430D00DFF8780586
:103F50000178C9B20906DFF874050078C0B251EAE9
:103F60000041DFF86C050078C0B251EA0021DFF8AB
:103F700064050078C0B201430E00DFF85C050178EB
:103F8000C9B20906DFF854050078C0B251EA004111
:103F9000DFF84C050078C0B251EA0021DFF8440593
:103FA0000078C0B201430F00DFF83C854146200095
:103FB00000F0EEFB18F10401280000F0E9FB18F115
:103FC0000801300000F0E4FB18F10C01380000F0AB
:103FD000DFFB0BE0DFF81005DFF8C41401600021FF
:103FE0004160DFF8081581600021C160BDE8F08103
:103FF00070B52DED028B8EB0B0EE408A32210022DA
:104000006C46200001F030FF00250024DFF8640436
:1040100080ED098A90ED090A00F092FC06006846DE
:10402000DFF8CC1409782A00D2B281546D1C31001B
:10403000090E2A00D2B281546D1C3100090C2A00ED
:10404000D2B281546D1C3100090A2A00D2B28154C7
:104050006D1C2900C9B246546D1C2A00D2B292B21E
:104060006946DFF8900403F019FE0EB0BDEC028B38
:1040700070BD10B50024DFF87C040078C0B2FF28C2
:1040800022D0DFF874040078DFF864140870DFF8D9
:104090006C040178C9B20906DFF864040078C0B284
:1040A00051EA0041DFF85C040078C0B251EA002117
:1040B000DFF854040078C0B201430C00DFF84C1460
:1040C000200000F065FB04E0DFF8A803DFF84014EF
:1040D000416210BD78B591B004000D003C21002272
:1040E00002AE300001F0C0FE0020ADF80400032154
:1040F000032000F090FF0B2000900023DFF8142431
:1041000001A902A800F02EFB4FF47A73BDF8042039
:1041100002A9DFF8040402F0A4FD12B070BD78B566
:1041200091B004000D003C21002202AE300001F0ED
:104130009BFE0020ADF80400C54803F07FFDCE488B
:1041400003F07CFDDFF8A80300210170D4498160F1
:10415000002141600D2000900023DFF8C02301A959
:1041600002A800F0FFFA4FF47A73BDF8042002A908
:10417000DFF8A40302F075FD12B070BD38B590B041
:1041800004000D0003A8DFF89813322203F0CAFDE3
:10419000DFF89003D0E90023CDE9012303A80190C3
:1041A0000023DFF88403027802A903A800F065FA6F
:1041B0000220009000237CA202A903A800F0D2FAFA
:1041C0004FF47A73BDF808200199D34802F049FDF5
:1041D00011B030BDF8B504000D000026206800784D
:1041E00030283ADB206800783A2836DA00270020A9
:1041F0000100C9B2A28889B291420FD2216802009F
:10420000D2B2895C302905DB21680200D2B2895C18
:104210003A2900DB02E07F1C401CE9E73900C9B203
:10422000206800F057FB0600B6F5807F0DD2BE482F
:1042300041783000C0B200F0EEFE4FF47A730222F3
:104240005AA1B54802F00DFD0EE04FF47A73052235
:10425000B649B14802F005FD06E04FF47A73052235
:10426000B249AD4802F0FDFCF1BD00002E2900204E
:1042700038B590B004000D0003A8AD49322203F018
:1042800051FDAC48D0E90023CDE9012303A80190FA
:104290000023A548427802A903A800F0EEF9022005
:1042A0000090002340A202A903A800F05BFA4FF49B
:1042B0007A73BDF808200199974802F0D2FC11B03A
:1042C00030BD0000FC070020B0270020D8270020C8
:1042D000F8B504000D00002620680078302839DB8E
:1042E000206800783A2835DA002700200100C9B29A
:1042F000A28889B291420FD221680200D2B2895CB1
:10430000302905DB21680200D2B2895C3A2900DB42
:1043100002E07F1C401CE9E73900C9B2206800F0C8
:10432000D9FA06000C2E0DD23100C9B27E480078B1
:1043300000F071FE4FF47A7302221CA1764802F05D
:1043400090FC0EE04FF47A7305227849724802F02F
:1043500088FC06E04FF47A73052274496E4802F037
:1043600080FCF1BD80B5FFF7E5FBFFF79FFCFFF791
:10437000B3FDFFF77EFE70487049C0F8A413704982
:10438000C0F8B4136F49C0F8C4136F49C0F8D41310
:104390006E49C0F8E4136E49C0F8F41302F0EDFB67
:1043A00002F0DCFB01BD00000D0A00004F4B0000D5
:1043B000F4280020040800207C00002070B50020B4
:1043C000002400252800C0B2092836DA614E2800F2
:1043D000C0B200013044407801282CD101200400F3
:1043E0002800C0B200013044406800280ED001F01F
:1043F00083FA2900C9B2090131444968401A2900E9
:10440000C9B2090131448968884214D300202900C7
:10441000C9B209013144487001F06EFA2900C9B2ED
:104420000901314448602800C0B22900C9B209011D
:104430003144C96888476D1CC4E72000C0B270BD14
:10444000F82800202C2900200008004830220020F5
:10445000000802080208020803080208040802080B
:1044600005080208060802080708020808080208EA
:10447000090802085827002000100208021002084C
:1044800003100208041002080510020806100208B2
:104490000710020808100208091002080A10020892
:1044A00000204B46002002080220020803200208D8
:1044B000042002080520020806200208072002083E
:1044C00008200208092002080A2002080B2002081E
:1044D0000C2002080D2002080E2002080F200208FE
:1044E0001020020811200208982800200000A04295
:1044F000B428002000280208022802080328020825
:104500000428020805280208062802087C27002043
:104510000AD7233F08F900082021002034F60008BC
:1045200010E5000820FB0008700C002010FB0008BC
:1045300008F3000828FB000810080020D5400008F8
:104540001F4100087D410008D54100087142000864
:10455000D14200086C07002001000800C0B200280A
:1045600001D1012021E00800C0B2FF2801D10A20BA
:104570001BE00800C0B2FE2801D1642015E008004D
:10458000C0B2FD2802D14FF47A700EE00800C0B22C
:10459000FC2802D142F2107007E00800C0B2FB28EC
:1045A00002D1DFF8980300E0012070472DE9F24FB7
:1045B00082469346002000210A260027B046B946CD
:1045C000009A1588BBF1000F08D5DBF100042D20FF
:1045D0002A0092B20AF802006D1C00E05C4620003E
:1045E000002142464B4603F0F1FB002901D100288F
:1045F00008D0A6FB080106FB091107FB081180463D
:104600008946ECE7404649460A22002303F0DEFBD8
:1046100006000F00002F01D1002E28D0200000211D
:1046200032003B0003F0D2FB3030290089B20AF897
:1046300001006D1CA0465FF000092000002132003F
:104640003B0003F0C3FBA6FB002306FB013307FB83
:104650000033B8EB020079EB0301040030003900AD
:104660000A22002303F0B2FB06000F00D2E70098F5
:1046700005802800C0B2BDE8F28F2DE9FE4F06008C
:104680000F0090460020ADF800000020002400211B
:104690005FF0000BB7F80090B8F1000F02D5D8F129
:1046A000000500E04546424639003000FFF77EFF36
:1046B000B7F800A0002D4FD09DF80800FFF74CFF81
:1046C00001008D4205D20A2045431BF1010B002D4C
:1046D000F7D15846C0B2002821D050460200D2B2CD
:1046E000324412F8012C2D2A06D00200D2B24B46D9
:1046F00092B29BB29A4208D130220300DBB2F2544C
:104700001AF1010ABBF1010BE3E70200D2B2324415
:1047100012F8012C0300DBB2F254401EDEE70A203F
:10472000B1FBF0F450468346002C15D00A20B4FBB0
:10473000F0F45846C0B2304410F8010C5946C9B2E2
:104740007054BBF1010B002CEED12E205946C9B29A
:1047500070541AF1010AE7E7A7F800A05046C0B26A
:10476000BDE8FE8FF0B4049C00252E00B6B2A64230
:104770000BD20E88771C0F802F00BFB217FA83F779
:10478000D75DB6B287556D1CEFE7F0BC70470000EF
:104790002DE9F34F81B02DED028B9FED658A00244A
:1047A00001250026F7EE008A00273800C0B2202835
:1047B00064DA0398F84010F0010004003800C0B239
:1047C000172829DA18EE900A00F0FAFF82468B4685
:1047D0002000C0B200F0E6FF804689463800C0B233
:1047E000D0F117005FF0FF31484300F061FE41EC6B
:1047F000110B9FED500B00F074FE51EC100B424674
:104800004B4603F0FBFB52465B4603F0C9FC00F04D
:1048100095FF08EE900A2FE03800C0B21F2824DA76
:104820003000C0B200F0BEFF82468B462000C0B20E
:1048300000F0B8FF804689463800C0B2173800F053
:1048400037FE41EC110B9FED3B0B00F04AFE51ECA3
:10485000100B42464B4603F0D1FB52465B4603F039
:104860009FFC03F05BFD060006E02000C0B20128BB
:1048700002D15FF0FF3005007F1C96E7280040B2B0
:1048800000F016FE804689463000C0B27F3800F046
:104890000FFE41EC110B9FED270B00F022FE51ECB7
:1048A000100B42464B4603F0A9FB8046894618EEA2
:1048B000900A00F085FF42464B4603F09FFB00F054
:1048C0003DFF00EE100A049880ED000ABDEC028B5B
:1048D000BDE8F78F70B403000022002400200025FB
:1048E0002A000E00D2B2F6B2B2421FD22A00D2B2D1
:1048F0009A5C302A0ADB2A00D2B29A5C3A2A05DA9C
:104900002A00D2B29A5C303A140001E0002214006E
:104910002A00D2B2002A03D12200D2B2100003E052
:104920000A22504350FA84F06D1CD9E770BC7047DE
:10493000000000000000000000000040A086010010
:1049400010B42DED010A00206A460023042B07D283
:10495000D45C1900C9B2C9008C4020435B1CF5E748
:1049600012BC704702000020704730B40200DFF82C
:10497000A00A002304688588635583885B1C8380B4
:10498000DFF8903A1B7804688588635583885B1C40
:104990008380012030BC7047F8B504000D00002072
:1049A00000212E0022683300DBB2D25C236837007E
:1049B000FFB23B445F7857EA02273A0092B2B2F561
:1049C000807F23DA380080B200281FD0DFF8400A49
:1049D00021683200D2B2895C02688388D154818810
:1049E000491C818021683200D2B2114449780268A2
:1049F0008388D1548188491C8180DFF8180A417866
:104A00003800C0B200F007FB012000E00020F2BD3A
:104A100030B40200DFF8F809002304688588635584
:104A200083885B1C8380DFF8EC395B7804688588B9
:104A3000635583885B1C8380012030BC7047F8B5C8
:104A400004000D00002000212E0022683300DBB29C
:104A5000D25C23683700FFB23B445F7857EA0227F5
:104A60003A0092B20B2A1FDADFF8A409216832005B
:104A7000D2B2895C02688388D1548188491C8180C4
:104A800021683200D2B21144497802688388D15437
:104A90008188491C81803900C9B2DFF87809007823
:104AA00000F0B9FA012000E00020F2BDF8B50400E2
:104AB0000D000026DFF8600990ED040AFFF740FFC3
:104AC0000100DFF84C090A00120A03688788DA55EA
:104AD0008288521C828002688388D1548288521C4A
:104AE00082800A00120E03688788DA558288521C79
:104AF00082800A00120C03688788DA558288521C6B
:104B000082800120F2BDF8B504000D000026DFF818
:104B1000080990ED060AFFF713FF0100DFF8F0081F
:104B20000A00120A03688788DA558288521C82803C
:104B300002688388D1548288521C82800A00120E37
:104B400003688788DA558288521C82800A00120C1A
:104B500003688788DA558288521C82800120F2BD62
:104B6000F8B504000D000026DFF8AC0890ED050A4A
:104B7000FFF7E6FE0100DFF898080A00120A036852
:104B80008788DA558288521C828002688388D154D3
:104B90008288521C82800A00120E03688788DA55C8
:104BA0008288521C82800A00120C03688788DA55BA
:104BB0008288521C82800120F2BD0000F8B50400FA
:104BC0000D0000269FEDBE0AFFF7BAFE0100DFF8D8
:104BD00040080A00120A03688788DA558288521C46
:104BE000828002688388D1548288521C82800A00A5
:104BF000120E03688788DA558288521C82800A0068
:104C0000120C03688788DA558288521C8280012042
:104C1000F2BD30B40200DFF8F8070023046885888D
:104C2000635583885B1C8380DFF8EC3793F828306A
:104C300004688588635583885B1C8380012030BCB1
:104C4000704730B40200DFF8C80700230468858885
:104C5000635583885B1C8380DFF8BC3793F8293069
:104C600004688588635583885B1C8380012030BC81
:104C7000704730B40200DFF8980700230468858885
:104C8000635583885B1C8380DFF88C3793F82A3068
:104C900004688588635583885B1C8380012030BC51
:104CA000704730B40200DFF8680700230468858885
:104CB000635583885B1C8380DFF85C3793F8293069
:104CC00004688588635583885B1C8380012030BC21
:104CD000704730B40200DFF8380700230468858885
:104CE000635583885B1C8380002304688588635533
:104CF00083885B1C8380012030BC704730B4020085
:104D0000DFF80C07002304688588635583885B1CE3
:104D10008380DFF808371B780468858863558388AB
:104D20005B1C8380012030BC7047F8B504000D0087
:104D3000002000212E0022683300DBB2D25C236801
:104D40003700FFB23B445F7857EA02273A0092B23D
:104D5000012A03D0380080B2002822D1DFF8B00643
:104D600021683200D2B2895C02688388D15481887C
:104D7000491C818021683200D2B21144497802680E
:104D80008388D1548188491C8180DFF89006D0ED5A
:104D9000020A90ED010A3800C0B2FEF71BFF0120A5
:104DA00000E00020F2BDF8B504000D000026DFF899
:104DB0006C0690ED020AFFF7C3FD0100DFF8500614
:104DC0000A00120A03688788DA558288521C82809A
:104DD00002688388D1548288521C82800A00120E95
:104DE00003688788DA558288521C82800A00120C78
:104DF00003688788DA558288521C82800120F2BDC0
:104E00002DE9F84304000D00002600200090002743
:104E1000A84620684146C9B20844817820684246C5
:104E2000D2B21044C07850EA012021684246D2B282
:104E3000895C22684346DBB21A4492F8019059EA31
:104E4000012959EA0049DFF8C80521684246D2B273
:104E5000895C02688388D1548188491C81802168DB
:104E60004246D2B21144497802688388D15481887D
:104E7000491C818021684246D2B211448978026877
:104E80008388D1548188491C818021684246D2B2EE
:104E90001144C97802688388D1548188491C818073
:104EA00069464846FFF774FCDFF87005DDED000A3F
:104EB00090ED010A0078FEF78DFE0120BDE8F28337
:104EC00000000000F8B504000D000026DFF84C05D6
:104ED00090ED010AFFF734FD0100DFF834050A0008
:104EE000120A03688788DA558288521C8280026819
:104EF0008388D1548288521C82800A00120E036873
:104F00008788DA558288521C82800A00120C036856
:104F10008788DA558288521C82800120F2BD2DE9F3
:104F2000F84304000D000026002000900027A8464A
:104F300020684146C9B20844817820684246D2B20E
:104F40001044C07850EA012021684246D2B2895C00
:104F500022684346DBB21A4492F8019059EA0129CB
:104F600059EA0049DFF8A80421684246D2B2895CB8
:104F700002688388D1548188491C81802168424617
:104F8000D2B21144497802688388D1548188491C7F
:104F9000818021684246D2B21144897802688388B0
:104FA000D1548188491C818021684246D2B2114483
:104FB000C97802688388D1548188491C81806946F8
:104FC0004846FFF7E5FBDFF85404D0ED020A9DEDFB
:104FD000000A0078FEF7FEFD0120BDE8F28370B5FF
:104FE00004000D00DFF83864012220213000FDF7B5
:104FF000A2F80A2001F0E4FD4FF47A732A0092B27D
:105000002100DFF8200401F02CFE002220213000D6
:10501000FDF791F870BD7CB504000D000821002259
:105020006E46300000F020FF0026DFF8E803047031
:105030004570694602783300DBB2CA54761C40786A
:105040003200D2B28854761C3200D2B292B2694693
:10505000DFF8D40302F022FE73BDDFF8CC03007842
:10506000C0B2FF280AD0DFF8AC03DFF8C01309781C
:105070000170DFF8BC130978417005E0DFF8940394
:10508000032101700321417070472DE9F04F87B073
:10509000040000275FF000085FF000090025DFF83A
:1050A0009423D2E90001CDE902010026DFF888232C
:1050B000D2E90001CDE90401DFF854A35046FDF721
:1050C000A3F8A0880828C0F29E812068A18808441F
:1050D00010F8010C2168A288114411F8021C51EA51
:1050E0000021ADF81810A188891E206801F0B8F9D8
:1050F000ADF81A00BDF81A00BDF81810884240F04B
:10510000808120680078C3490978884240F079811D
:10511000206880782168CF7857EA00272068407897
:10512000032807D0042805D006286DD0102800F0E9
:10513000C48062E1206800792168497951EA002140
:105140000D005FF001084046C0B20F2836DA5FF06C
:105150001409DFF8E8B24046C0B209FB00F0584439
:105160004068390089B2884225D1280080B2414682
:10517000C9B209FB01F15944896888421BDB00214F
:1051800000204246D2B209FB02F25A44D26890474C
:1051900001280FD14046C0B209FB00F05844806896
:1051A0002D1A4046C0B209FB00F90BEB09008068DC
:1051B000C71900E002E018F10108C4E7BAF80400DA
:1051C000002820D0BAF80400022190FBF1F201FB84
:1051D0001200002817D1DAF800000190BAF8040094
:1051E000022190FBF1F080B200903B009BB220685E
:1051F00042782068017804A801F012FABDF8141072
:105200000498FFF7ECFEFAE004200100C9B2A2887E
:10521000921E91420EDA21680200D2B2895C029A93
:10522000BDF80C30D154BDF80C10491CADF80C1071
:10523000401CEAE75FF001084046C0B20F2817DAC9
:1052400014227E4B4046C0B2504318444068390097
:1052500089B2884209D1002102A8C4465FFA8CFCB9
:1052600002FB0CF21A441269904718F10108E3E7B7
:10527000BAF8040000281FD0BAF80400022190FBFD
:10528000F1F201FB1200002816D1DAF800000190BB
:10529000BAF80400022190FBF1F080B200903B00CC
:1052A0009BB206222068017804A801F00AFABDF832
:1052B00014100498FFF793FEA1E000200600206878
:1052C00000792168497951EA00210D000720010089
:1052D000C9B2A288921E91420EDA21680200D2B2AF
:1052E000895C029ABDF80C30D154BDF80C10491CF1
:1052F000ADF80C10401CEAE7280080B2400021689D
:10530000897988424DD1BDF80C002168897989B22C
:10531000884246D15FF001084046C0B20F2840DA0B
:105320005FF01409DFF814B14046C0B209FB00F089
:1053300058444068390089B288422FD1280080B291
:105340004146C9B209FB01F159448968884225DB0D
:10535000310089B202A84246D2B209FB02F25A4495
:1053600012699047012818D14046C0B209FB00F0ED
:1053700058448068400010FA86F64046C0B209FBE7
:1053800000F0584480682D1A4046C0B209FB00F96D
:105390000BEB09008068C71900E002E018F1010872
:1053A000BAE7BAF80400002826D0BAF804000221AF
:1053B00090FBF1F201FB120000281DD120688078DB
:1053C0002168C97851EA00210F00DAF80000019045
:1053D000BAF80400022190FBF1F080B200903B008B
:1053E0009BB210222068017804A801F06AF9BDF888
:1053F00014100498FFF7F3FD01E0002004E0012001
:1054000002E0002000E0002007B0BDE8F08F0000BF
:1054100024070020700C002058270020B42800200A
:1054200000040048A8210020000002080200020831
:105430000300020800FB000808FB0008CC05002060
:1054400000F10103810704D010F8011B820781B12C
:10545000FAD10268A2F10131914311F0803104BF09
:1054600050F8042FF6E709BAB1FA81F100EBD10048
:10547000401CC01A704730B4002513E050F8042BCC
:10548000D30744BFA9F101039A18091F042942F860
:10549000045BFAD213468C0744BF15809B1CC907D6
:1054A00048BF1D7050F8041B0029E7D130BC70477D
:1054B000C11768B14840401AB0FA80F29040D21C3F
:1054C000C907C2F5846241EA025202EBD0214005CD
:1054D00070470268531C03601170704741EC100B59
:1054E00001BD80B553EC112B51EC100B02F034FFD1
:1054F000F4E72E00F0B540F2FF7581EA030C0CF0E2
:10550000004C15EA11541DBF15EA1357AC42AF42C7
:10551000E5E0BC41C1F31301C3F31303801A9941C1
:1055200043F4801304D2641E40004941801859415D
:10553000C90241EA5051B1FBF3F603FB1611A2FB7D
:105540000675D7EBC020A94102D2761E80185941BA
:10555000C90241EA5051B1FBF3FE03FB1E11A2FB4D
:105560000E75D7EBC020A94103D2AEF1010E801811
:105570005941890241EA9051760546EA8E2EB1FBE7
:10558000F3F603FB1611A2FB0675D7EB8020A941A9
:1055900002D2761E80185941C90241EA50514EEAA2
:1055A000060EB1FBF3F603FB1611A2FB0675D7EB53
:1055B000C020A94102D2761E80185941C90241EA91
:1055C0005051B1FBF3F703FB1711A2FB0735D3EBE7
:1055D000C020A94167F100070CBF004247F0010756
:1055E00066F3D5274FEA1E31B80814F5806412DD42
:1055F000BD0775F1004250EB0E5051EB045111F50F
:10560000801F5CBF41EA0C01F0BD4CF07F6141F0AE
:10561000E0410020F0BDBD076D0840EA0E5041F4A6
:105620008011D4F10104B4F120060ADAC4F1200695
:105630000200E04001FA06F3E1401843B24015438E
:105640000EE0342C13DCC6F1200445EA40056D0859
:1056500020FA06F2154321FA06F0A1400D4300217D
:1056600075F1004250F1000051EB0C01F0BD00203B
:105670005FEA0C01F0BDCFB992185B41B3FA83F732
:1056800004BFB2FA82F6BF190B3FB7F120062FBF55
:1056900002FA06F3BB40C7F1200622FA06F638BF2D
:1056A0003343BA401CB1E419641E33E77F4231F042
:1056B0000041B1FA81F404BFB0FA80F6A4190B3CA2
:1056C000B4F120062FBF00FA06F1A140C4F1200674
:1056D00020FA06F638BF3143A0403C1B1AE7AC4223
:1056E0001ABF05EA1357AF4212E050EA41061CBF49
:1056F00052EA4306BFE750EA4107304661461CBF05
:1057000041EA0551F0BD52EA430C08BFC143F0BD68
:1057100000204FF4001616EB410F98BF16EB430F15
:1057200008BF16EB410F24BFC14305E016EB430F42
:105730000CBF61464CEA0551F0BD000001F000428B
:105740008B1AA3F16051B1F5801F0ADBB1F17F6FB5
:105750001FD242EAC102C10071F1004142EB507018
:1057600070470B15C3F10903212B10D2890241EABE
:10577000905180020128494141F0004121FA03F093
:10578000C3F12003994071F100415041704710006E
:1057900070476FF0000013EB103F5CBF000E42EA51
:1057A000C0507047014648B1B0FA80F18840C91C2A
:1057B000C1F58461090501EBD02140057047000067
:1057C000C0F3C75181B1FF2906D0C110400721F0B5
:1057D000E04101F16051704741020CBF40F4E0012B
:1057E0006FF000410020704700F0004100020AD035
:1057F000B0FA80FC00FA0CF001F16051A1EB0C5101
:1058000001EBD021400570470CB430B583B00A4697
:1058100006A90291044600250194009502AB01A956
:10582000084878441E3003F00DF9019A15700028DD
:105830004EBF04460198041B204603B030BC5DF8FF
:105840000CFB00BF8FFCFFFF80B5012240212348E5
:10585000FCF771FC2249234800F04EFA00F01EF8D4
:10586000012000F005F800F0D1FA00F01FFA01BDA8
:10587000704711B581B0194C002240212000FCF77F
:105880005AFC4FF47A73012201A9174804F03AF93F
:10589000012240212000FCF74EFC13BD10B50F4C37
:1058A000002240212000FCF746FC0022802120003D
:1058B000FCF741FC012000F019F8052000F016F873
:1058C000012280212000FCF736FC052000F00EF8B4
:1058D000012240212000FCF72EFC10BD00080048EA
:1058E000D028002028110020B825002010B5040081
:1058F000200001F065F910BD01480068704700BF45
:10590000E028002070B4039CDFF8805228602971E1
:105910006A71AB71EC7100262E7270BC70472DE974
:10592000F84F04000D00160000275FF00008DFF8B4
:105930005C9299F80500082880F2FC80300099F804
:105940000610C0B2884205D399F807003100C9B2E9
:10595000884201D22E200600402099F80510491CEB
:1059600090FBF1F02900C9B2814280F2E38099F8FE
:10597000040050FA84F0802880F2DC8099F8053029
:105980005B1C99F8050003FB05035B1CDBB299F86F
:1059900004201219D2B299F80500401C15FB00F141
:1059A000C9B22000C0B200F029F90021080099F81E
:1059B0000420C0B2904280F0BD80002015FB00F0B2
:1059C0000200D2B2082392FBF3F21700C0B2082201
:1059D00090FBF2F302FB13008046FF226C4BD3F8DE
:1059E00000C03800C0B250FA85FE802000FB0EFED9
:1059F0005EFA84FED3F800A03800C0B250FA85FBEE
:105A0000802000FB0BFB5BFA84F01AF800A0D8F1B1
:105A1000080B100050FA0BF010EA0A0A0CF80EA05E
:105A2000D3F800C03800C0B250FA85FE802000FBD9
:105A30000EFE5EFA84F00090D3F800E03800C0B2A9
:105A400050FA85FA802000FB0AFA5AFA84F01EF810
:105A500000E0D9F800A0B3465FFA8BFB99F8060086
:105A6000BBEB000099F804B00BFB00FB0AEB0B004A
:105A70008A465FFA8AFA10F80A0010FA08F050EA2B
:105A80000E00DDF800E00CF80E00D3F800C038007E
:105A9000C0B250FA85FE802000FB0EFE5EFA84F054
:105AA0008444D3F800E03800C0B250FA85FA802070
:105AB00000FB0AFA5AFA84F0704490F8800012FA57
:105AC00008F202408CF880201A683800C0B250FA00
:105AD00085FC802000FB0CFC5CFA84F002441B680F
:105AE0003800C0B250FA85FC802000FB0CFC5CFA48
:105AF00084F0184490F88030D9F800C0B6465FFAB8
:105B00008EFE99F80600BEEB000E99F8040000FB2B
:105B10000EFE0CEB0E008C465FFA8CFC10F80C00AD
:105B2000D8F1080C50FA0CF0034382F88030641C62
:105B3000491C3BE7BDE8F18FF8B507000C001600E3
:105B4000124D6879082820DA307800281DD0327884
:105B50002100C9B23800C0B2FFF7E1FE761C2879F7
:105B6000401CC719287950FA87F0401C812802DBB5
:105B700000200700641C40206979491C90FBF1F06B
:105B80002100C9B28142DFDBFFE7F1BDA828002078
:105B9000D4280020020001200B00DBB21B011344BB
:105BA000587000200B00DBB21B0113445860012029
:105BB000704738B504000D0001202900C9B2090161
:105BC00021444870FFF798FE2900C9B20901214419
:105BD0004860012032BD020000200B00DBB21B0137
:105BE000134458700120704780B5034800F024FC2E
:105BF00000F0CDF801BD000068E9000870B40400B1
:105C0000E4B2802C01DB7F2420001400E4B2802C5D
:105C100001DB7F2422000C00E4B2402C01DB3F2496
:105C200021001C00E4B2402C01DB3F242300354C52
:105C3000050026683678EDB2B54201D22568287095
:105C40002568AD781600F6B2B54201D22568AA7073
:105C50000D0026687678EDB2B54201D225686970EC
:105C60002568ED781E00F6B2B54201D22468E370D3
:105C700070BC704723487F210268117000210268C0
:105C800091703F210268517000210068C170704717
:105C90001C480021026811707F2102689170002168
:105CA000026851703F210068C170704770B54FF4B1
:105CB00080640025144806682A002100300000F0A6
:105CC000D3F83F237F2200210020FFF797FF00F049
:105CD0005EF870BD70B54FF4806400250A48066810
:105CE0002A002100300000F0BFF83F237F2200216E
:105CF0000020FFF783FF70BD034A1060014A116066
:105D000070470000D8280020D428002010B50400D7
:105D100000224FF480713A48FCF70DFA2000C0B21F
:105D2000FFF7A7FD10BD10B5040001224FF48071EC
:105D30003348FCF700FA2000C0B2FFF79AFD10BD0F
:105D400010B5040014F00F0050F0B000C0B2FFF71F
:105D5000DDFF10BD10B504002000C0B200F005F852
:105D60002000C0B200F00CF810BD10B504002000F7
:105D7000C0B2000950F01000C0B2FFF7C7FF10BD5D
:105D800010B5040014F00F00FFF7C0FF10BD70B590
:105D900000242000C0B210282EDA1A4D286840785E
:105DA0002100C9B2491CB0EBC10F23DA2868C078C2
:105DB0002100C9B2B0EBC10F1EDB2000C0B2FFF75B
:105DC000BFFF28680078FFF7C5FF286806782868B5
:105DD00080783100C9B288420CD30B480168220098
:105DE000D2B28020424352FA86F0085CFFF79BFF54
:105DF000761CECE7641CCCE7FFF73CFF70BD0000AD
:105E000000080048D8280020D428002080B5AE2003
:105E1000FFF77CFFA220FFF779FFA020FFF776FFB6
:105E2000C820FFF773FF2F20FFF770FF322000F02C
:105E3000C7FEA420FFF76AFF4020FFF767FF252079
:105E4000FFF764FF0A2000F0BBFE8120FFF75EFF32
:105E50001220FFF75BFFFFF729FFAF20FFF756FF88
:105E6000052000F0ADFE01BD62F30F2262F31F4278
:105E7000401810F0030308D0C91A1FD3DB0748BF2E
:105E800000F8012D28BF20F8022D130030B414466D
:105E90001546103928BF20E93C00FAD8490728BF29
:105EA00020E90C0048BF40F8042D890028BF20F8E5
:105EB000022D48BF00F8012D30BC7047C91818BF2B
:105EC00000F8012DCB0728BF00F8012D7047000016
:105ED00070B4039CDFF88453286029716A71AB7138
:105EE000EC7101262E7270BC70472DE9F74F04004B
:105EF0000D00DFF868639DF80800B179884204D38B
:105F0000F0799DF80810884202D22E208DF8080002
:105F1000307A002845D1002738003179C0B2884254
:105F20003DD231689DF80820B079121A3079424389
:105F300001EB02003900C9B210F801900020804640
:105F40004046C0B2082828DA3800C0B250FA84F0BF
:105F5000802805DA4046C0B250FA85F0402801DBBF
:105F600000205DE1012010FA08F04946C9B2014263
:105F700008D0012218EB0501C9B23819C0B200F0EF
:105F80006FF907E0002218EB0501C9B23819C0B259
:105F900000F066F918F10108D2E77F1CBCE7307900
:105FA0003EE1307A012840F08E807079082190FB24
:105FB000F1F201FB1200012806DB7079082190FB49
:105FC000F1FB1BF1010B03E07079082190FBF1FB61
:105FD00031795846C0B24143491C8DF801103168EF
:105FE0009DF80820B079121A9DF80100424301EB98
:105FF000020001788DF80010401C01905FF000084D
:1060000040469DF80010C0B2884259D25FF00009A6
:1060100048465946C0B2C9B288424ED2019942465A
:10602000D2B25846C0B2424301EB02004946C9B25F
:1060300010F801A0002007003800C0B2082839DAA3
:106040004046C0B250FA84F0802808DA4846C0B210
:10605000C00050FA85F050FA87F0402801DB00209C
:10606000DEE04846C0B2C00050FA87F0717988423D
:106070001EDA0121B9405046C0B208420CD00122BC
:106080005FFA89F915EBC9017918C9B218EB040058
:10609000C0B200F0E5F80BE000225FFA89F915EBD9
:1060A000C9017918C9B218EB0400C0B200F0D8F8E1
:1060B0007F1CC1E719F10109AAE718F101089FE760
:1060C0009DF80000ACE0307A022840F0A88070799A
:1060D000082190FBF1F0401C8DF8000030799DF80C
:1060E000001010FB01F08DF8020031689DF80820C7
:1060F000B079121A9DF80200424301EB02000190B0
:1061000096F804B000208DF8010000210020002244
:1061100010009DF80030C0B298420CD23079431E76
:106120009DF801001B1A13FB02F0019BC0B2185C22
:106130000100521CECE70800C0B200280BD1BBF1F3
:10614000010B5846C0B2002805D09DF80100401C44
:106150008DF80100D9E7002738009DF80010C0B283
:10616000884259D25FF0000840465946C0B2C9B2D1
:1061700088424FD201993A00D2B23079424301EBC2
:1061800002004146C9B210F801905FF0000A504683
:10619000C0B208283BDA4046C0B250FA84F08028EA
:1061A00008DA3800C0B2C00050FA85F050FA8AF020
:1061B000402801DB002033E03800C0B2C00050FAB4
:1061C0008AF0717988421FDA012111FA0AF14846F2
:1061D000C0B208420CD00122FFB215EBC7011AEB86
:1061E0000101C9B218EB0400C0B200F039F80BE0AD
:1061F0000022FFB215EBC7011AEB0101C9B218EB7F
:106200000400C0B200F02CF81AF1010ABFE718F13F
:106210000108A9E77F1C9FE75846C0B200E00020B4
:10622000BDE8FE8FF8B504000F0015000B4840795B
:10623000D0F13F003900C9B288420EDB287800282F
:106240000BD02A783900C9B22000C0B2FFF74DFE4A
:106250000600701C04196D1CF0E7F1BDA828002091
:10626000F8B504000D0016002000C0B2802803DA43
:106270002800C0B2402800DB57E03000C0B2002840
:1062800024D02900C9B20822DFF8CC312800C0B2DE
:10629000082790FBF7F78020474357FA84F7280038
:1062A000C0B25FF0080C90FBFCFC802000FB0CFCF3
:1062B0005CFA84F0185C5FF0010C91FBF2FE02FBCB
:1062C0001E111CFA01F10143D95524E02900C9B27D
:1062D0000822DFF884312800C0B2082790FBF7F7C6
:1062E0008020474357FA84F72800C0B25FF0080CBB
:1062F00090FBFCFC802000FB0CFC5CFA84F0185C3A
:106300005FF0010C91FBF2FE02FB1E111CFA01F181
:1063100030EA0101D9552B00DBB22200D2B22900AC
:10632000C9B22000C0B2FFF769FCF1BD2DE9F84FFA
:1063300005000E00170098460A9C3800C0B22900DC
:10634000C9B2401A03F0F7FD81464046C0B23100A1
:10635000C9B2401A03F0EFFD814502DA5FF0010B8C
:1063600001E05FF0000B5846C0B2002805D02800BD
:106370003500060038004746804638002900C0B284
:10638000C9B2884205D228003D00070030004646C9
:1063900080464346DBB23A00D2B23100C9B228008F
:1063A000C0B2FFF72BFC781B8DF800004046C0B24E
:1063B0003100C9B2401A03F0BEFD8DF801009DF80E
:1063C0000000022190FBF1F930004146C0B2C9B291
:1063D000884202D25FF0010A01E05FF0FF3A380024
:1063E0002900C0B2C9B2884224D35846C0B200289E
:1063F00008D02200D2B22900C9B23000C0B2FFF7E3
:106400002FFF07E02200D2B23100C9B22800C0B28B
:10641000FFF726FF9DF80100B9EB0009484640B29E
:10642000002805D51AEB06069DF8000010EB0909B7
:106430006D1CD4E7BDE8F18FF8B504004FF480651A
:106440002600064807682A003100380001F06AFC7F
:10645000FFF71EFCF1BD000028110020D428002009
:1064600030B403004FF6FF7000248C4213DA1A5D3B
:1064700050400822002A0CD0C50706D580B240083B
:1064800080F4204090F0010001E080B24008521EEC
:10649000F0E7641CE9E780B230BC70472DE9F843AF
:1064A00005000E0017009846089C5FF00009286858
:1064B000494689B2465419F101092868494689B20A
:1064C000475419F10109404680B2000A29684A463A
:1064D00092B2885419F101092868494689B200F836
:1064E000018019F10109200080B2000A29684A469A
:1064F00092B2885419F101092868494689B2445476
:1065000019F10109494689B22868FFF7A9FF01007E
:1065100028684A4692B2815419F10109080080B2F4
:10652000000A2A684B469BB2D05419F10109A5F81C
:1065300004900120BDE8F2832DE9F84F06000F001A
:10654000904699460A9DDDF82CA000240021306871
:10655000220092B28754641C3068220092B200F884
:106560000280641C484680B2000A326823009BB255
:10657000D054641C3068220092B200F80290641C6F
:106580004046C0B2062802D0102807D01CE02800E0
:1065900080B2012801D0002040E015E0280080B240
:1065A000000A326823009BB2D054641C3068220079
:1065B00092B28554641C2800C0B2400032682300A7
:1065C0009BB2D054641CFFE75FF0000B584680B2CA
:1065D000290089B2B0EB410F0BDA584680B21AF8A5
:1065E00000003168220092B28854641C1BF1010B38
:1065F000ECE7210089B23068FFF732FF0100306814
:10660000220092B28154641C080080B2000A3268F1
:1066100023009BB2D054641CB4800120BDE8F28FEB
:106620002DE9F84F05000E00170098460A9CDDF88A
:106630002C905FF0000B002029685A4692B28E54CD
:106640001BF1010B29685A4692B28F541BF1010BC2
:106650002100C9B249002A685B469BB2D1541BF1A4
:10666000010B5FF0000A504680B2210089B2B0EB06
:10667000410F0CDA504680B219F8000029685A46DA
:1066800092B288541BF1010B1AF1010AEBE759464B
:1066900089B22868FFF7E4FE010028685A4692B2E2
:1066A00081541BF1010B080080B2000A2A685B4686
:1066B0009BB2D0541BF1010BA5F804B00120BDE83A
:1066C000F28F2DE9F84F05000E00170098460A9C3E
:1066D000DDF82C905FF0000B5FF0000A2868594647
:1066E00089B246541BF1010B2868594689B24754B8
:1066F0001BF1010B404680B2000A29685A4692B24B
:1067000088541BF1010B2868594689B200F80180B2
:106710001BF1010B3800C0B2062802D010281DD092
:106720002CE0200080B2012801D000203EE00020B3
:106730008246504680B2210089B2B0EB410F0CDA9C
:10674000504680B219F8000029685A4692B288541F
:106750001BF1010B1AF1010AEBE70FE0200080B2F8
:10676000000A29685A4692B288541BF1010B286826
:10677000594689B244541BF1010BFFE7594689B2CF
:106780002868FFF76DFE010028685A4692B28154CE
:106790001BF1010B080080B2000A2A685B469BB21D
:1067A000D0541BF1010BA5F804B00120BDE8F28F15
:1067B00080B5D448D44901605FF4E13141600021E3
:1067C00081600021C160002101610C214161002133
:1067D0008161002101620021416200F005FA002878
:1067E00001D003F00BFC01BD80B5C848C849016069
:1067F0004FF416514160002181600021C1600021E9
:1068000001610C214161002181610021C1610021F0
:1068100001620021416200F0E7F9002801D003F095
:10682000EDFB01BD80B5BB48BB4901604FF416517B
:106830004160002181600021C160002101610C21C3
:106840004161002181610021C161002101620021BB
:10685000416200F0C9F9002801D003F0CFFB01BD6F
:1068600038B59EB0040014220021684603F0C8FB2E
:106870006022002106A803F0C3FB2068A2498842D9
:1068800052D1202006900020119006A803F0C2FBF0
:10689000002801D003F0B2FBA048016851F00101CB
:1068A0000160006810F00100059005989C4801689F
:1068B00051F002010160006810F002000590059897
:1068C0004FF44060009002200190012002900320CC
:1068D00003900820049069469248FBF78DFA924D88
:1068E00092482860042068600020A8600020E860CA
:1068F00080202861002068610020A8610020E861F4
:1069000000202862280003F0F9FD002801D003F0E0
:1069100075FB6567AC6200220021462004F08FF809
:10692000462004F0A1F8ABE020687949884251D1B3
:106930000120069000200E9006A803F06BFB0028B3
:1069400001D003F05BFB7A48016851F4804101609B
:10695000006810F48040059005987148016851F076
:1069600002010160006810F0020005900598C02047
:106970000090022001900020029003200390072045
:10698000049069466748FBF737FA6A4D6A48286001
:10699000022068600020A8600020E8608020286154
:1069A000002068610020A8610020E86100202862C2
:1069B000280003F0A3FD002801D003F01FFB65674A
:1069C000AC6200220021252004F039F8252004F0D3
:1069D0004BF855E020685049884251D10420069078
:1069E0000020109006A803F015FB002801D003F04A
:1069F00005FB5248016851F480210160006810F4E1
:106A00008020059005984648016851F00401016016
:106A1000006810F00400059005984FF44060009065
:106A20000220019000200290032003900720049090
:106A300069464348FBF7E0F9424D4348286002208D
:106A400068600020A8600020E860802028610020A5
:106A500068610020A8610020E86100202862280009
:106A600003F04CFD002801D003F0C8FA6567AC6262
:106A700000220021272003F0E2FF272003F0F4FF8B
:106A80001FB030BD10B5040020681F49884210D1E6
:106A9000224801684908490001604FF440612148DB
:106AA000FBF78BFA606F03F099FD462003F0E3FFDC
:106AB00027E02068164988420FD11D48016831F44B
:106AC00080410160C0211748FBF777FA606F03F03F
:106AD00085FD252003F0CFFF13E020680E49884292
:106AE0000FD11648016831F4802101604FF44061F4
:106AF0001348FBF762FA606F03F070FD272003F084
:106B0000BAFF10BD2021002000800040A8210020F5
:106B10000038014030220020004800405C10024054
:106B20004C100240000400488026002080040240EF
:106B300060100240C8260020580002405810024051
:106B400000080048102700203000024080B5184897
:106B5000FBF75AFB02201749087001BD80B50122DE
:106B60001549164800F0E3F800220121272003F020
:106B700066FF272003F078FF01BD704738B5040099
:106B80000B480D490A78036885885A558288521C3B
:106B90008280828840F2FF139A4201D300228280D1
:106BA0000122064800F0C3F801200249087031BDF7
:106BB000200C002031290020302900203022002024
:106BC00070B50400FEF798FE0500260016F1010FCF
:106BD00002D0044800783618FEF78EFE401BB04203
:106BE000FAD370BD730C002010B50400002C01D145
:106BF000012035E0A0690028FFD1E06F002805D111
:106C0000002084F878002000FFF72AFE2420E067A7
:106C1000206800684008400021680860606A002819
:106C200002D0200000F0DEFB200000F05FFA012817
:106C300001D1012014E02068406830F490402168C0
:106C400048602068806830F02A00216888602068E9
:106C5000006850F0010021680860200000F02FFC5F
:106C600010BD2DE9FC4706000D0017009846F06F97
:106C7000202859D1002D03D0380080B2002801D13E
:106C8000012052E00020C6F884002120F067FEF7C2
:106C900033FE8146A6F85070A6F85270B068B0F581
:106CA000805F05D13069002802D10024AA4602E0A5
:106CB0002C005FF0000AB6F85200002822D0CDF870
:106CC00000804B4600228021300000F061FC00284B
:106CD00003D02020F067032027E0002C08D1BAF869
:106CE0000000C005C00D316808851AF1020A03E0F2
:106CF000207831680885641CB6F85200401EA6F85A
:106D00005200D8E7CDF800804B46002240213000E9
:106D100000F03EFC002803D02020F067032004E0B0
:106D20002020F067002000E00220BDE8F68770B563
:106D300005000C001600D5F88000202824D1002C76
:106D400003D0300080B2002801D101201DE00020D6
:106D500028662868DFF8901388420ED028684068BB
:106D600000020AD5286850E8000F50F0806001004A
:106D70002A6842E800100028F4D1320092B22100C3
:106D8000280000F054FC00E0022070BD2DE9F0471F
:106D900006003068C7693068D0F800803068D0F8E5
:106DA000089040F60F043C40002C0BD1B80609D5E2
:106DB0005FEA886006D5B06E002802D03000B16E60
:106DC00088478FE1002C00F0AA805FEAC97005D4E3
:106DD000DFF8080618EA000F00F0A18017F00100A4
:106DE000C0B200280BD05FEAC85008D50120316836
:106DF0000862D6F8840050F00100C6F88400B80795
:106E00000DD519F00100C0B2002808D00220316869
:106E10000862D6F8840050F00400C6F884007807B1
:106E20000DD519F00100C0B2002808D00420316847
:106E30000862D6F8840050F00200C6F884003807D3
:106E400010D55FEA886004D419F00100C0B20028B0
:106E500008D0082031680862D6F8840050F0080095
:106E6000C6F8840038050CD55FEA481009D54FF400
:106E7000006031680862D6F8840050F02000C6F83F
:106E80008400D6F88400002848D0B80608D55FEA08
:106E9000886005D5B06E002802D03000B16E8847FA
:106EA000D6F88400050030688068400602D415F0EA
:106EB000280F2DD0300000F09EFC3068806840061E
:106EC00022D53068083050E8000F30F04000010053
:106ED000306810F1080242E800100028F1D1706F0C
:106EE00000280DD0DFF8F804716F8863706F03F02D
:106EF00055FC002812D0706F716F896B88470DE0C8
:106F0000300003F011FE09E0300003F00DFE05E053
:106F1000300003F009FE0020C6F88400E2E0306E85
:106F2000012840F0BD80F80640F1BA805FEAC860F1
:106F300040F1B680102031680862306880684006F1
:106F40006DD5706F0068D0F804A0504680B200285C
:106F500052D05046B6F8581080B288424CD2A6F8AB
:106F60005AA0706F00680068800639D4306850E815
:106F7000000F30F480700100326842E800100028F1
:106F8000F4D13068083050E8000F4008400001009C
:106F9000306810F1080242E800100028F1D1306892
:106FA000083050E8000F30F040000100306810F168
:106FB000080242E800100028F1D12020C6F8800025
:106FC00000203066306850E8000F30F010000100FB
:106FD000326842E800100028F4D1706F03F0B4FB6F
:106FE00002207066B6F85810B6F85A00091A89B22D
:106FF000300003F07AFD11E05046B6F8581080B228
:1070000088420BD1706F00680068800606D50220A8
:107010007066B6F85810300003F067FD62E0B6F80D
:107020005800B6F85AA0B0EB0A0AB6F85A00002881
:1070300035D0504680B2002831D0306850E8000F7B
:1070400030F490700100326842E800100028F4D15A
:107050003068083050E8000F4008400001003068F8
:1070600010F1080242E800100028F1D12020C6F8F3
:107070008000002030660020B066306850E8000FC5
:1070800030F010000100326842E800100028F4D10E
:1070900002207066514689B2300003F026FD21E0DF
:1070A000F8020AD55FEA492007D55FF480103168FD
:1070B0000862300003F0CAFD14E0380609D55FEA23
:1070C000086006D5F06E002802D03000F16E8847C7
:1070D00008E0780606D55FEA486003D5300000F086
:1070E00054FCFFE7BDE8F087008000402DE9F04741
:1070F00004000026DFF8A81920688842FFD0A268A3
:107100002069024360690243E06902432068036822
:10711000DFF8900903401343206803602068436848
:1071200033F44053E068034320684360D4F8188088
:107130002068884202D0206A50EA080820688068E7
:1071400030F4306058EA0000226890602068DFF870
:10715000482A904216D1DFF8440A006810F0030074
:10716000002805D0022805D006D3032806D007E062
:10717000012760E002275EE004275CE008275AE070
:10718000102758E02068DFF8182A904217D1DFF85E
:107190000C0A006810F00C00002806D0042808D063
:1071A000082804D00C2806D007E0002743E0022777
:1071B00041E004273FE008273DE010273BE020683E
:1071C000DFF8E029904217D1DFF8D009006810F00D
:1071D0003000002806D0102808D0202804D03028FD
:1071E00006D007E0002726E0022724E0042722E05B
:1071F000082720E010271EE0206888421AD1DFF817
:107200009C09006810F44060002809D0B0F5806F38
:107210000AD0B0F5006F05D0B0F5406F06D007E09A
:10722000002708E0022706E0042704E0082702E020
:10723000102700E010272068884246D13800C0B2ED
:10724000002806D0022808D0042809D008280BD02E
:107250000DE004F06BF981460DE0DFF84C990AE08F
:1072600004F0F7F8814606E04FF4004903E05FF0D0
:10727000000901200600B9F1000F00F0A580616847
:1072800003204143894505D361684FF48050414351
:10729000494502D20120060096E04FF480726068F2
:1072A00040080021E2FB09016268002300F08EFD26
:1072B0000500B5F5407F05D3B5F5801F02D22068E3
:1072C000C56081E0012006007EE0E069B0F5004F76
:1072D00041D13800C0B2002808D001280AD00228C5
:1072E0000CD004280DD008280FD011E004F01EF9AE
:1072F000814611E004F027F981460DE0DFF8A898F7
:107300000AE004F0A6F8814606E04FF4004903E0E5
:107310005FF0000901200600B9F1000F54D0606849
:10732000400810EB49006168B0FBF1F00500102D3A
:107330000ED3B5F5803F0BD24FF6F0712940C5F35F
:10734000420001438A46504680B22168C8603BE053
:107350000120060038E03800C0B2002808D001281B
:107360000AD002280CD004280DD008280FD011E034
:1073700004F0DCF8814611E004F0E5F881460DE008
:10738000DFF824980AE004F064F8814606E04FF440
:10739000004903E05FF0000901200600B9F1000F89
:1073A00012D0606819EB50006168B0FBF1F0050085
:1073B000102D07D3B5F5803F04D2280080B2216894
:1073C000C86001E0012006000020A0660020E06601
:1073D0003000C0B2BDE8F0870000000020010004CA
:1073E0007179000890F82410090707D501684A68E8
:1073F00032F40042416B0A4301684A6090F824105D
:10740000C90707D501684A6832F40032816A0A4325
:1074100001684A6090F82410890707D501684A6816
:1074200032F48032C16A0A4301684A6090F824103D
:10743000490707D501684A6832F48022016B0A4384
:1074400001684A6090F82410C90607D501688A6867
:1074500032F48052816B0A4301688A6090F82410EC
:10746000890607D501688A6832F40052C16B0A4365
:1074700001688A6090F82410490613D501684A68AB
:1074800032F48012016C0A4301684A60016CB1F564
:10749000801F07D101684A6832F4C002416C0A4378
:1074A00001684A6090F82410090607D501684A6807
:1074B00032F40022816C0A4301684A60704738B593
:1074C00004000020C4F88400FEF716FA05002068C6
:1074D000006800071DD57FF07E4000902B00002241
:1074E0005FF40011200000F053F8002811D020684C
:1074F00050E8000F30F080000100226842E80010E0
:107500000028F4D12020E067002084F878000320D0
:107510003DE02068006840072CD57FF07E40009059
:107520002B0000225FF48001200000F031F80028D9
:1075300020D0206850E8000F30F4907001002268DD
:1075400042E800100028F4D12068083050E8000F0D
:10755000400840000100206810F1080242E80010D5
:107560000028F1D12020C4F88000002084F87800A1
:1075700003200CE02020E0672020C4F880000020D9
:10758000206600206066002084F87800002032BD6C
:107590002DE9F04105000E0090461F00069C28686A
:1075A000C0693040B04201D1012000E000204146D6
:1075B000C9B2884238D114F1010FF0D0FEF79CF91E
:1075C000C01B844201D3002C01D103202DE0286888
:1075D00000684007E3D5802EE1D0402EDFD0286838
:1075E000C06900070DD5082029680862280000F04E
:1075F00002F90820C5F88400002085F878000120F1
:1076000013E02868C0690005C9D54FF400602968F7
:107610000862280000F0EFF82020C5F88400002060
:1076200085F87800032000E00020BDE8F08130B448
:1076300003005965A3F85820A3F85A200020986643
:107640009868B0F5805F0BD11869002804D140F22A
:10765000FF10A3F85C0023E0FF20A3F85C001FE00C
:10766000986800280AD11869002803D1FF20A3F8E0
:107670005C0015E07F20A3F85C0011E09868B0F191
:10768000805F0AD11869002803D17F20A3F85C002D
:1076900006E03F20A3F85C0002E00020A3F85C00B5
:1076A0000020C3F884002220C3F880001868083046
:1076B00050E8000F50F001000400186810F10805B0
:1076C00045E800400028F1D19868B0F5805F06D108
:1076D0001869002803D10FF2D130986602E00FF24A
:1076E000D5209866186900280BD0186850E8000F5C
:1076F00050F4907004001D6845E800400028F4D163
:107700000AE0186850E8000F50F0200004001D68DF
:1077100045E800400028F4D1002030BC704770B527
:1077200004000D0016006565A4F858600020C4F838
:1077300084002220C4F88000606F002821D00FF25E
:107740001510616FC8620FF2B110616F08630FF21C
:10775000D110616F48630020616F886333009BB272
:10776000626D206810F12401606F02F0A1FF002813
:1077700007D01020C4F884002020C4F88000012025
:107780002AE0206900280AD0206850E8000F50F451
:1077900080700100226842E800100028F4D12068BF
:1077A000083050E8000F50F001000100206810F18F
:1077B000080242E800100028F1D12068083050E8A3
:1077C000000F50F040000100206810F1080242E86C
:1077D00000100028F1D1002070BD016851E8001FA1
:1077E00031F0C0010A00036843E800210029F4D108
:1077F0002021C1677047016851E8001F31F4907182
:107800000A00036843E800210029F4D10168083127
:1078100051E8001F490849000A00016811F10803F6
:1078200043E800210029F1D1016E01290AD1016844
:1078300051E8001F31F010010A00036843E80021FD
:107840000029F4D12021C0F8801000210166002118
:107850008166704738B50400A56A20680068800614
:107860003AD40020A5F85A00286850E8000F30F4F8
:10787000807001002A6842E800100028F4D12868CE
:10788000083050E8000F400840000100286810F15F
:10789000080242E800100028F1D12868083050E8BA
:1078A000000F30F040000100286810F1080242E8A3
:1078B00000100028F1D12020C5F88000286E012892
:1078C0000AD1286850E8000F30F0100001002A6843
:1078D00042E800100028F4D100206866286E0128D4
:1078E00005D1B5F85810280003F0FFF802E0280091
:1078F00003F0E0F831BD000038B50400A56A0120AE
:107900006866286E012807D1B5F85810490889B271
:10791000280003F0EAF802E0280003F097FE31BDEA
:10792000F8B50400A56AEE6FD5F880702868806805
:10793000000607D5212E05D10020A5F85200280009
:10794000FFF74BFF28688068400607D5222F05D136
:107950000020A5F85A002800FFF74DFFD5F8840055
:1079600050F01000C5F88400280003F0DDF8F1BDE8
:1079700038B50400A56A0020A5F85A000020A5F833
:107980005200280003F0D0F831BD10B50400206883
:1079900050E8000F30F040000100226842E800107B
:1079A0000028F4D12020E0670020E066200003F0EA
:1079B0004EFE10BD70B50500B5F85C60D5F88000CE
:1079C000222866D12868808C040016EA0400696DBC
:1079D0000870686D401C6865B5F85A00401EA5F82F
:1079E0005A00B5F85A00002859D1286850E8000F0D
:1079F00030F4907001002A6842E800100028F4D1A9
:107A00002868083050E8000F40084000010028684E
:107A100010F1080242E800100028F1D12020C5F83A
:107A200080000020A8660020686628681C498842FB
:107A30000ED02868406800020AD5286850E8000F78
:107A400030F0806001002A6842E800100028F4D17C
:107A5000286E012819D100202866286850E8000FF8
:107A600030F0100001002A6842E800100028F4D12C
:107A70002868C069C00602D5102029680862B5F8D8
:107A80005810280003F031F809E0280003F012F83C
:107A900005E02868008B50F008002968088370BD55
:107AA00000800040F369FFEFF8B50500B5F85C70A1
:107AB000D5F88000222867D12868808C0400686D82
:107AC000060017EA04003080686D801C6865B5F810
:107AD0005A00401EA5F85A00B5F85A00002859D19E
:107AE000286850E8000F30F4907001002A6842E8DE
:107AF00000100028F4D12868083050E8000F400832
:107B000040000100286810F1080242E80010002837
:107B1000F1D12020C5F880000020A866002068660A
:107B20002868224988420ED02868406800020AD599
:107B3000286850E8000F30F0806001002A6842E8B1
:107B400000100028F4D1286E012819D100202866E1
:107B5000286850E8000F30F0100001002A6842E861
:107B600000100028F4D12868C069C00602D5102092
:107B700029680862B5F85810280002F0B6FF09E03D
:107B8000280002F097FF05E02868008B50F00800FD
:107B900029680883F1BD00000038014088100240C8
:107BA00000440040004800400024F40000800040F1
:107BB0002DE9F74F82B000265FF0000A5FF0000B5E
:107BC00054465D46002000900127DDF80C80DDF86A
:107BD0000890049810F0070F2BD10498C0080021DA
:107BE00082468B4603F08CFD4FF47A7003F0A0FDC3
:107BF00000200600300080B20021594517D801D37B
:107C0000504514D2D8E9000104000D0022002B00D9
:107C10004946002003F01CFD07003800C0B20128CF
:107C200005D019F1080918F10808761CE2E703F0FD
:107C300078FD3800C0B205B0BDE8F08F70B5040023
:107C4000012503F05DFD06004FF47A7003F070FD2E
:107C50003000C0B200280FD1C4F3CC20B0F5807F33
:107C600005D20121C4F3CC2003F0CEFD04E00121B4
:107C7000C4F3CC2003F0C8FD4FF47A7003F058FD34
:107C800005000548016831F00201016003F049FD7B
:107C90002800C0B270BD0000142002402DE9F04160
:107CA000C0B004000D00160000274FF480710022C0
:107CB000E8464046FEF7D8F82000FFF7BFFFA520B2
:107CC0008DF8000030008DF801005FF0000840469C
:107CD000310080B289B288420AD2404680B2285C24
:107CE0006946424692B21144887018F10108EEE7E5
:107CF000B61C300080B20821B6B20836361A90FBA6
:107D0000F1F001FB0066320092B269462000FFF7F5
:107D10004FFF002801D0002000E0012040B0BDE866
:107D2000F081000062B38B0708D0521E11F8013BAE
:107D300000F8013B00F024808B07F6D1830740F068
:107D4000208000BF103A07D330B4B1E83810103AA1
:107D5000A0E83810F9D230BC530724BFB1E80810AE
:107D6000A0E8081044BF51F8043B40F8043BD20798
:107D700024BF31F8022B20F8022B44BF0B7803708C
:107D80007047121F17D35B0009D151F8043B20F84C
:107D9000023B1B0C121F20F8023BF6D20BE051F8FD
:107DA000043B00F8013B1B0A20F8023B1B0C121F8E
:107DB00000F8013BF3D238BF121D521E24BF11F848
:107DC000013B00F8013BF8D870470000BBBBE1B1B4
:107DD000B2F5803F80F07E80022A1ED98C46B1FB2E
:107DE000F2F102FB11C31B0443EA1043B3FBF2FCA4
:107DF00002FB1C3380B240EA0343B3FBF2F002FB08
:107E0000103240EA0C4000237047022A05D984460C
:107E1000B0FBF2F002FB10C270474AB105D100F08E
:107E2000010249085FEA30007047002200237047D2
:107E300003F03ABD0B000200002100207047904281
:107E400071EB030CF6D3B3F5803F2FD2F0B5B3FA44
:107E500083F7B1FA81F4A7F10F0E3D1B5340CEF129
:107E6000200602FA0EF2F3415340B5F10F0746D84F
:107E70000F3C2C444140C4F12006A040F141414058
:107E8000B1FBF3F603FB1611A2FB0645001BA9414B
:107E900002D2761E8018594180EA010221FA0EF3BF
:107EA00062FA0EF200215A403046F0BD30B4B1FB08
:107EB000F3FC03FB1C11A2FB0C45001BA94103D2E0
:107EC000ACF1010C8018594130BC02460B466046AB
:107ED00000217047B2F1807F65D3F0B5B2FA82F726
:107EE000B1FA81F4C7F10F063D1B22FA06F307F140
:107EF000110EF24120355A40B5F10F07B8D9414073
:107F0000C4F12006A040F1414140B1FBF3FC03FB6A
:107F10001C11A2FB0C45001BA94103D2BCF1010CB2
:107F2000801859410F2F12D30F3FC90341EA504126
:107F3000B1FBF3F603FB1611A2FB0645D4EBC030F0
:107F4000A94102D2761E8018594146EACC3C07B3BB
:107F50004140C7F12006B840F1414140B1FBF3F682
:107F600003FB1611A2FB0645001BA94102D2761E97
:107F70008018594180EA010221FA0EF3C7F120046A
:107F800062FA0EF20CFA07F05A402CFA04F1304370
:107F9000F0BD80EA010221FA0EF3002162FA0EF22E
:107FA00060465A40F0BD8C46B1FBF2F102FB11C3B2
:107FB0001B0243EA1063B3FBF2FC02FB1C331B02FF
:107FC0004CEA002043EA1063B3FBF2FC02FB1C33D3
:107FD0001B024CEA002043EA1063B3FBF2FC02FBF5
:107FE0001C331B024CEA002043EA1063B3FBF2FC93
:107FF00002FB1C324CEA002000237047B0B581EA36
:10800000030C0CF0004C40F2FF7515EA11541DBF33
:1080100015EA1357AC42AF4239E0E41923EA45535D
:1080200043F48013C90241F0004141EA505EC702A7
:108030001100A7FB020200284FF00000EEFB012018
:108040004FF00001E3FB072118BF42F00102401886
:1080500000214941E3FB0E01A4F580640F0302D225
:1080600052004041494154F101046CDD470872F16E
:10807000004250F1000051EB0451A1F580115CBFAA
:1080800041EA0C01B0BD4CEA05510020B0BD05EA43
:108090001357AC4214BFAF4241E050EA410E1CBF3F
:1080A00052EA430E02E061460020B0BD24423C4447
:1080B0001BD15FEA070EF6D0090302BF014600207C
:1080C000AEF1140EB1FA81F7AEEB070401FA07FE28
:1080D0000C37C7F1200100FA07F7C8404EEA000E3E
:1080E00023EA455343F48013A2E733F00043B3FA85
:1080F00083F704BFB2FA82FE77440B3FE41BB7F16B
:10810000200E2FBF02FA0EF3BB40C7F1200E22FA59
:108110000EFE38BF43EA0E03BA40641C82E750EA01
:10812000410E14BF52EA430E6FF000014FF40017E6
:1081300017EB430F8ABF194617EB410FB5E74CEA1F
:1081400005510020B0BDD4F10104B4F120070FDACD
:10815000C4F12007520828BF42F0010210FA07F5C7
:1081600001FA07F7E1BF2A43E0403843E1400FE05E
:10817000352C98DCC7F1200452EA400220FA07F2BD
:1081800018BF42F0010231FA07F0A1400A43002172
:1081900072F1004250F1000051EB0C01B0BD000043
:1081A00070B44FF0004591EA030F43F187836B40B1
:1081B000841A71EB030604D26E40001BB141121900
:1081C00073414FF4001C1CEB410F34BF7CEB4306A2
:1081D00083E00C0DA4EB1356362E00F37C80012EA9
:1081E00045EAC32341DC43EA525312BFD202920252
:1081F0005B08240545EAC12141EA5051D2EBC02079
:10820000994125D407D1B0FA80F610FA06F162D070
:108210000020203608E0B1FA81F6B140C6F1200214
:1082200020FA02F21143B0404FEAF474B4EB465422
:1082300034F001064FEA74040AD8D6F50016760D1C
:1082400004F00044F04061FA06F25040F14048402A
:10825000C00A40EA415021F0004128BF5FEA5005C2
:1082600050F1000044EBD12135E0DB0A45EAC121A1
:10827000C90AB6F120050EDD42EA0242120CC5F130
:10828000200603FA06F6EB4042EA06056D429841E5
:1082900061F100010DE062FA06F5F240554063FA23
:1082A00006FC82EA0C02F3405A406D42904161EBB9
:1082B000030111F4801F05D1641E620502D06D0018
:1082C0004041494121F48011430875F1004350F1C8
:1082D000000041EB045170BC70471CEB410F15D2FC
:1082E00023F0004352EA43060BD04FEA4C0CBCEBA0
:1082F000410F04D80C0D661E342EB7DDEBE7801A53
:10830000994150EA410608BF0021E4E708BF1CEB91
:10831000430F28BF6FF00001DDE70000C1F30A53EF
:1083200040F2FE329B1A14DDD3F120034FEAE172D2
:1083300008DDC90241EA505141F00040D8408018A0
:108340005040704703F2E13010B1D24382F0004058
:1083500070470020704700002DE9F04D2DED0A8B8D
:1083600041EC190B43EC182B51EC180B20F00004D6
:1083700031F0004508BF002C84B000F0088353ECB6
:10838000192B0020DFF88C1603F002FB00F0FF82AF
:10839000DFF8141603F0FCFA08D151EC180B480072
:1083A0004015401C02D1090300F0F18251EC190B79
:1083B00048004015401C00F00E8251EC190B31F0C2
:1083C000004108BF002800F0068251EC180B48005D
:1083D0004015401C00F0FF8151EC180B4B0043EAA4
:1083E000D0734200002B08BF002A04D1B0EE48AA87
:1083F000F0EE68AA19E040F23344A4EB5352352A58
:1084000004DB00F0000001F000410CE0202A03DD55
:10841000203AD140914000E001D1002003E0002A41
:10842000C4BFD040904041EC1A0B51EC190BC80F5F
:108430000BD053EC182B51EC1A0B03F0A9FA04D013
:10844000AFF300809FED3F9BA3E253EC192B23F089
:108450000041B1F5801F22F000000DD2002200295A
:1084600008BF0028009216D06A4651EC190B03F0A1
:108470009FFA41EC190B0EE0DFF8AC45DFF82C75E4
:1084800004EB115000903B40DFF82405924643EA8C
:10849000000B4BEC19AB51EC190BC80F36D021F087
:1084A000004053EC192B034643EC192B51EC1A0BEB
:1084B0004B0043EAD0734200002B08BF002A04D1CE
:1084C000B0EE4A0AF0EE6A0A19E040F23444A4EB36
:1084D0005352352A04DB00F0000001F000410CE0AB
:1084E000202A03DD203AD140914000E001D1002054
:1084F00003E0002AC4BFD040904041EC100B53EC85
:108500001A2B51EC100B03F043FA01D1002600E0C6
:108510000126009801281DD151EC190BDFF8942495
:10852000DFF8943403F07CFA14D253EC192B0020BA
:108530004FF08041FFF762FD00279FED04BB41EC47
:10854000190B27E0FFFFFFFFFFFFFF7F0000000088
:108550000000F03F53EC192B0020DFF86014FFF708
:108560004DFD9FED78AB53EC1A2BFFF719FEFFF78B
:10857000D5FEA0F120042046FCF79AFF0022DFF888
:108580004034FFF73BFD53EC1A2BFFF709FE41EC9B
:108590001B0B670151EC190B53EC1B2B03F086F9F5
:1085A00041EC1A0B53EC192B51EC1B0BFFF7F8FDA8
:1085B00002460B4651EC1A0BFCF79CFF41EC190BE1
:1085C00053EC192BFFF71AFD41EC1C0B53EC1C2B41
:1085D000DFF8F003DFF8F013FFF710FDDFF8EC230E
:1085E000DFF8EC33FFF7DCFD53EC1C2BFFF706FD47
:1085F000DFF8E023DFF8E033FFF7D2FD53EC1C2B6C
:10860000FFF7FCFCDFF8D423DFF8D433FFF7C8FD15
:1086100053EC1C2BFFF7F2FCDFF8C823DFF8C8335C
:10862000FFF7BEFD53EC1C2BFFF7E8FCDFF8BC2383
:10863000DFF8BC33FFF7B4FD53EC1C2BFFF7DEFC77
:10864000DFF8B023DFF8B033FFF7AAFD53EC1C2BA3
:10865000FFF7D4FC53EC1A2B03F028F904460D461F
:108660000020DFF8B01353EC1B2B03F01FF900229E
:108670004FF08043FFF7C2FC22462B46FFF790FDE8
:1086800053EC192BFFF7BAFC41EC100BDFF86C032D
:10869000784400F55A70074453EC1A2B51EC100B38
:1086A000FFF77EFD41EC190B0098FCF701FFD7E9BD
:1086B0000023FFF775FD41EC1A0B53EC192BDFF883
:1086C0004003DFF84013FFF799FC53EC1A2BFFF738
:1086D00067FD53EC182BFFF791FC0022DFF82833DD
:1086E00003F09EF941EC1B0B69D30122C74B03F049
:1086F000AFF961D9C80F53EC1B2B1ABF0020C44936
:10870000AB49FFF74DFDFFF709FE0022C14BCDE954
:1087100001238046CDF8008053EC192B51EC180B47
:10872000FFF76CFC04460D46D7E90201D7E90423A4
:10873000FFF736FD53EC182BFFF760FC9FEDB6BB3F
:1087400004E000BF000000000000E03F53EC1B2BE2
:10875000FFF754FC22462B46FFF722FD07468B46C7
:1087600053EC1A2B51EC180BFFF748FC04460D464E
:108770004046FCF79DFE02460B462046294603F084
:1087800095F853EC1B2BFFF739FC3A465B46FFF795
:1087900007FDDDE9012303F073F941EC190B31F01A
:1087A000004108BF00280AD051EC190B48004015C1
:1087B000401C06D1090304D19FEDA09B01E09FED71
:1087C0009B9B002E00F0E58051EC190B81F00041DD
:1087D00041EC190BDDE051EC190B48004015401C31
:1087E00002D1090340F0D58051EC180B4800401528
:1087F000401C06D1090304D0B0EE489AF0EE689A06
:10880000C7E051EC180B480001244015401C61D012
:1088100051EC180B4B0043EAD0734200002B08BF09
:10882000002A04D1B0EE48AAF0EE68AA19E040F29E
:108830003345A5EB5352352A04DB00F0000001F06C
:1088400000410CE0202A03DD203AD140914000E0B5
:1088500001D1002003E0002AC4BFD040904041EC89
:108860001A0B53EC182B51EC1A0B03F091F818BFAC
:1088700000244B0043EAD0734200002B08BF002ABB
:1088800004D1B0EE4A0AF0EE6A0A19E040F234452B
:10889000A5EB5352352A04DB00F0000001F0004143
:1088A0000CE0202A03DD203AD140914000E001D1C4
:1088B000002003E0002AC4BFD040904041EC100BE0
:1088C00044B153EC1A2B51EC100B03F061F80CBFC0
:1088D0000024012451EC190B48004015401C0AD11A
:1088E000090308D151EC190BC80F21D153EC182BF7
:1088F000DA0F49D040E051EC180B48004015401CFD
:108900001ED109031CD153EC192B23F00041B1F502
:10891000801F22F0000021D20022002908BF002879
:1089200000921FD06A4651EC190B03F041F819E090
:1089300051EC180BC80F01D1002C21E0E4B10AE082
:10894000002C1ABF51EC190BC80F002053EC182B48
:10895000DA0F14D180B19FED329B1AE0324C04EB58
:108960001150009051EC180BC80F009802D100284C
:108970000ADC01E0002807DD9FED2C9B09E00028C0
:1089800018BF9FED2C9B04D19FED2C9B01E09FED28
:10899000049B04B051EC190BBDEC0A8BBDE8F08DC3
:1089A000000000000000F03F0000F0BFFFFF0F805C
:1089B0000000E03FCD3B7F669EA0E63F00005040B8
:1089C0000000903FF7DE29BFD8F8C23FF4B3FECCD9
:1089D0001A99C33F62CB68D96F46C73FC6C912DA3E
:1089E000C471CC3F4AE98A942449D23FF75F9799F2
:1089F0009999D93FBC5555555555E53F4C5B0000FD
:108A0000FE822B654715F73F0000E0C00000E04004
:108A10000000E0BF0000F03FEF39FAFE422EE63FD3
:108A2000000000000000008002FCFFFF00000000CA
:108A300000000000000000000000F0FF0000000047
:108A40000000F07F2DE9F14FB0B0924604910DF196
:108A500042013A9A2B9199464A7000200AE01AF88E
:108A6000011B0498309A90470028049000F0B686C5
:108A70000D98401C0D909AF8000050B12528EED1B9
:108A8000002100220791089209910A920B910C9201
:108A900004E00D9800F0A4BE41F001011AF8010FA6
:108AA0002028F9D023280CD02B2804D02D2805D03D
:108AB000302809D00BE041F00201EFE741F004015A
:108AC000ECE741F00801E9E741F01001E6E72A2868
:108AD0000FD1D9F8002052F8040BC9F80020002863
:108AE0000F9003D540420F9041F004010AF1010AB2
:108AF00014E00F92DFF828380AE00F98984205DA60
:108B000000EB800402EB4402303A0F920AF1010AB2
:108B10009AF80020A2F130000A28EED39AF800005B
:108B20002E2803D04FF0FF320E9229E01AF8010FE1
:108B30002A2809D1D9F8000050F8042BC9F8000000
:108B40000E920AF1010A1BE02D280CBF0AF1010A5E
:108B5000002000220E92DFF8C8470BE040B90E9AC1
:108B6000A24205DA02EB820503EB4503303B0E938C
:108B70000AF1010A9AF80030A3F130020A2AEDD373
:108B8000ADF84010DFF89C07784400F5F3609AF8E0
:108B9000001003F069F908B11AF8010B8DF84200D2
:108BA0009DF84200682805D19AF8000068280CD189
:108BB000622106E06C2804BF9AF800006C2804D1FA
:108BC00071218DF842100AF1010A12A806901AF8D4
:108BD00001BBBBF125012CD01C3900F0D081091F4D
:108BE000022940F2CC81133900F02385093900F0C5
:108BF000C681891E00F0B885491E00F06585491EB2
:108C0000022940F2BC81091F00F05E85491F00F077
:108C10002881491E00F00D85491E00F0D080C91E34
:108C20000DD0891E00F00585C91E00F0028500F0F8
:108C3000A6BD25238DF84830012100F0ABBDD9F841
:108C4000000050F8044BC9F80000002C059440F0D7
:108C5000A3802B994878002800F099804FF0FF34CA
:108C60000FF6843003F00CF9201A40F0B78500F0BD
:108C700092BD6D1E40F0A9853096079D12AF75B16B
:108C8000309E17F8012B02A9304600F073FE002831
:108C900001D46D1EF5D10028309640F09F850A9DC5
:108CA0003020002D8DF804000CDD309E012301AA38
:108CB00002A9304600F06EFE002840F08F856D1E40
:108CC000F4D13096059F089D75B1309E17F8012BA1
:108CD00002A9304600F04EFE002801D46D1EF5D1E9
:108CE0000028309640F07A850B9D3020002D8DF8BD
:108CF00004000CDD309E012301AA02A9304600F0D9
:108D000049FE002840F06A856D1EF4D13096059822
:108D10000899099D471875B1309E17F8012B02A9D3
:108D2000304600F027FE002801D46D1EF5D1002842
:108D3000309640F053850C9D3020002D8DF80400B6
:108D40000CDD309E012301AA02A9304600F022FE6C
:108D5000002840F043856D1EF4D130969DF8400008
:108D600041077FF588AE2020002C8DF804007FF7A6
:108D700082AE309D012301AA02A9284600F00AFE16
:108D8000002840F02B85641EF4D1309573E60FF671
:108D90006440059000F0FFBC0E9D002D04D52046D8
:108DA000FCF74EFB044607E02A46204603F088F80D
:108DB000002814BF041B2C46089400F0ECBCD9F822
:108DC000001051F8040BC9F8001020F00004002135
:108DD00021F0FF3512ABCDE902450593DDE9022311
:108DE00006993C2413B90AB90E9898B102F00F0500
:108DF0003035641EEEB23A2EA8BF2735120942EA7A
:108E000003721B090D5508BF002A03D005980D19E0
:108E1000A842EBD308190590C4F13C020E980892C1
:108E200082420ADABDF84010821A4FF6EF70014014
:108E30000A92ADF8401000F0AEBC002840F1AB84BF
:108E40009DF8400000F01400102840F0A4840F9B0F
:108E500007990A985B1A1B1A9A1A002A40F39B84F6
:108E6000E5E32B99487820B14FF0FF340FF65430EA
:108E7000F8E69DF84200622861D0682817D06A2879
:108E80003FD06C2806D0712847D074282CD07A287F
:108E90001DD064E0D9F8001051F8040BC9F8001097
:108EA000002868D14FF0FF340FF63030DAE6D9F8F9
:108EB000001051F8040BC9F8001020B94FF0FF342E
:108EC0000FF61830CEE60D99018000F064BCD9F899
:108ED000001051F8040BC9F8001000284BD14FF0D6
:108EE000FF340FF6F820BDE6D9F8001051F8040B56
:108EF000C9F8001000283ED14FF0FF340FF6DC20F7
:108F0000B0E6D9F8001051F8040BC9F8001080B988
:108F10004FF0FF340FF6C420A4E6D9F8001051F842
:108F2000040BC9F8001020B94FF0FF340FF6AC2045
:108F300098E60D9AD317C0E9002300F02CBCD9F8AD
:108F4000001051F8040BC9F8001020B94FF0FF349D
:108F50000FF6882086E60D99017000F01CBCD9F848
:108F6000001051F8040BC9F8001020B94FF0FF347D
:108F70000FF6682076E60D99016000F00CBCD9F878
:108F80000020D21D22F00702C9F80020D2E900011A
:108F90000832C9F80020CDE90201C80F02D00798B5
:108FA0002D210AE0BDF84000810702D507982B214A
:108FB00003E0C00705D50798202112AA1154401CD0
:108FC0000790DDE90223079912A8CDE92C23084474
:108FD0004BF020016129059021AC0BD00E9900299E
:108FE00002D506210E9105E001BF4BF02001672953
:108FF00001220E92DDE9022359004915491C0DD1C9
:109000001A030BD0ABF1610503211A2D089102D28E
:109010000FF6E41110E00FF6E4110DE059004915C8
:10902000491C0DD11A030BD1ABF1610503211A2D97
:10903000089119D30FF6CC110322FEF773FEAAE3B1
:10904000DDE90201CDE92E01DDE92E2323F0004701
:10905000B7F5801F22F000060DD20022002F08BFB6
:10906000002E009203D116E00FF69411E4E76A4651
:1090700002F09EFC0FE0DFF8DC08DFF8DC1800EB04
:1090800017500090DDE92E234FF0FF301940DFF834
:10909000CC7810403943CDE902014BF02000612823
:1090A0000DD1059830210170821CBBF1610F059232
:1090B0000CBF7821582141700798801C0790DDE98A
:1090C000020120F0000231F0004308BF002A02D163
:1090D0000026002568E14BF02008B8F1610F40F050
:1090E000B4800E98002847BF21210191401C0190B7
:1090F000019FDDE92C017F1C00220023DDE90245F0
:1091000002F08EFC00998DF8842038BF85F0004570
:10911000091F002F00910DF1850653DD20462946D9
:109120000022002302F094FC4CD24800400D00F1D4
:109130001C0212D0002A10DD40F2FF739A4206DBB7
:10914000DFF81C1805F000400143002011E06FF328
:109150001E5141EA025120460BE024F0000035F098
:10916000004108BF00280FBF29461C22294602F0F3
:10917000D3FE04460D46FFF7D1F8FF1F002F8046AF
:1091800009DDFCF795F902460B462046294602F018
:109190008DFB04460D46F01D0721B8F1000F0CDDD4
:1091A000491E5EBF08F00F0200F8012D4FEA281893
:1091B000F3D502E0002200F8012D491EFAD5C61DA4
:1091C000002FABDC0DF18500361A01988642D8BF1E
:1091D000304600280DF1850430D4B04206DA0DF196
:1091E00085010A5C082AA8BF0F2100DA0021024687
:1091F00021AB134400E0401E13F80159521E8D426A
:10920000F9D00F2904D10DF185018B5C5B1C8B54C7
:10921000002A04D50099091D21AC401C0091411E73
:109220000CD46218ABF13A0613783033DDB23A2D24
:10923000A8BFF318491E02F80139F5D50E99002987
:1092400040F1B080421E0E92ACE00099DFF8142786
:1092500047F29750414391FBF2F2DDE92C45009231
:1092600025F00045D2F1070204DD2046294600F032
:109270004EFB0BE052420020DFF8EC1600F047FBFB
:1092800002460B4620462946FCF734F90446B8F15D
:10929000660F0E9806BF009F0A3706273F18142F47
:1092A000C8BF142730200D468DF884000DF18506C7
:1092B000002F39DD2046294602F0CCFE01460A4641
:1092C00006F1080304200A26B2FBF6F606EB860E2A
:1092D000A2EB4E02303203F8012C0A22B6FBF2F266
:1092E00002EB820EA6EB4E063036401E03F8026DEE
:1092F000E9D1083F002F03F10806D9DD0846FCF745
:1093000051FA02460B462046294602F0CFFA0022C7
:10931000DFF85836FEF772FE04460D46CAE700BF76
:10932000CBCCCC0C446800000DF18500361A0DF151
:10933000850404E00098401E761E0090641C20788E
:109340003028F7D0B8F1660F02D10099491C04E02B
:10935000B8F1650F0CBF012100210E980818864254
:10936000B8BF701E00281DD4B04204DA215C342935
:10937000C8BF392100DC30210246631E9D1800E081
:10938000401E15F80169521E8E42F9D0392902D1CA
:10939000A15C491CA154002A04D50099491C1C4613
:1093A000401C00910646009D02F068FE406A077866
:1093B000DDF8388030B2002802DC01260FF2486464
:1093C0004BF02000662808BF6D1C16D0672846D1D8
:1093D00028B210F1040F48DB404546DA9DF8400002
:1093E0006D1C010703D430B24045B8BF804628B297
:1093F000B8EB000848BF4FF000080FFA85FBBBF13F
:10940000000F00F3B5800898411C0891302205999F
:109410000A54B8F1000F03DC9DF84000010704D5A1
:109420000898411C089105990F5418EB0B0FB8BF11
:10943000C8F100052DB268420B90A84432B29045A5
:10944000B8BF4646059B089836B209963246214673
:109450001844FEF767FCA8EB06000C90D2E0BBF1C5
:10946000610F17D14FF0700B19E030B2404504DAAC
:109470009DF840100A0758BF8046B8F1010848BF60
:109480004FF00008BBF1670F14BF4FF0450B4FF0D2
:10949000650B04E0BBF1410F08BF4FF0500B08987B
:1094A000411C0891B8F1000F059914F8012B0A54DA
:1094B00003DC9DF8400001071AD50898411C08916B
:1094C000B8F1000F05990F5412DD761E30B28045B9
:1094D0000598089BB8BF464632B221461844FEF7AD
:1094E00021FC089936B271180891A8EB06000B9080
:1094F00005980899084429B2002980F800B003D4DF
:109500002B224270821C04E02D2242700D46821CE8
:109510006D4200212CAB28460AE004460A2094FB49
:10952000F0F000EB8005A4EB450403F8014B491C67
:1095300000B20028F1DC012906DC4BF02000652890
:1095400004BF302002F8010B00292CAB08D13020D9
:1095500002F8010B06E0491E585C303002F8010B9E
:109560000029F8DC059908980844121A099249E084
:1095700030B229B288421CDA0598089B32B22146E3
:109580001844FEF7CFFB089936B27118ABEB06060C
:10959000B8F1000F08910B9603DC9DF8400002071C
:1095A00004D5059847540999491C0991CDF8308094
:1095B00028E00598089B2AB221461844FEF7B2FB22
:1095C0000898761B5844B8F1000F089003DC9DF80A
:1095D00040100A0703D5411C089105990F5430B279
:1095E00080450598089BB8BF464632B204EB0B0194
:1095F0001844FEF797FB089836B230180890A8EB8D
:1096000006000B909DF8400000F01400102840F078
:10961000C280079A08990B988A18099982180C98A1
:109620008A1882180F98824280F2B580821A0A92B4
:10963000B1E09DF84200622808D068280ED06A2860
:1096400014D06C281FD0712810D01CE0D9F800105D
:1096500051F8040BC9F80010C0B21AE0D9F8001094
:1096600051F8040BC9F8001080B212E0D9F80020BC
:10967000D21D22F00702C9F80020D2E90001083209
:10968000C9F8002006E0D9F8001051F8040BC9F819
:1096900000100021CDE902019DF8400001075AD5D4
:1096A000DDE90223002B08BF002A54D04BF0200034
:1096B000782850D1079812A930220A54401C431C24
:1096C000079301F800B046E09DF84200622808D0F8
:1096D00068280ED06A2814D06C281FD0712810D0AA
:1096E0001CE0D9F8001051F8040BC9F8001040B282
:1096F0001AE0D9F8001051F8040BC9F8001000B2B4
:1097000012E0D9F80020D21D22F00702C9F800208B
:10971000D2E900010832C9F8002006E0D9F80010AB
:1097200051F8040BC9F80010C117CDE90201002956
:1097300002D507982D210AE0BDF84000810702D527
:1097400007982B2103E0C00705D50798202112AA0E
:109750001154401C079012A807990144059102A8D2
:10976000594600F04FF816E001200790D9F80000A4
:1097700050F8041BC9F800008DF848100BE02521B3
:109780000122BBF1000F8DF84810079203D08DF82D
:1097900049B0022107910F9A07980A990C9C121A56
:1097A0000898521A0B99121A0998521A121A9DF80F
:1097B0004000141B41073FF560AA2020002C8DF8C3
:1097C00004007FF75AAA309E2546012301AA02A968
:1097D000304600F0DFF800283FF44BAA4FF0FF308E
:1097E00031B0BDE8F08F00007072696E74665F730F
:1097F0003A2062616420257320617267756D656E21
:10980000740000002DE9FC4307466F293E6908BF3C
:10981000082405D041F02000782814BF0A24102421
:109820003C25D7E90023642918BF69299046994649
:1098300005D1002B03D5D8F1000869EB4909B9F12E
:10984000000F08BFB8F1000F0CD1386B50B9082CCD
:1098500039D197F83800010735D530203B2586F8F7
:109860003B0030E08DF80010404649462246E317A1
:10987000FEF7ACFA3032D0B26D1E3A28019504DB07
:109880009DF80000A0F151018A18725540464946E2
:109890002246E317FEF79AFA80465FEA010908BFFD
:1098A000B8F1000F03D0F86871198842DCD3082C96
:1098B00009D197F83800010705D5705D302802D02E
:1098C0006D1E30207055C5F13C02BA617119F96006
:1098D000386B824208DA821A3A624FF6EF70398F9B
:1098E00001403987BDE8F38300280ED597F838008A
:1098F00000F01400102808D17B6B7969386A5B1A74
:109900001B1A9A1A002AC8BF3A62BDE8F3832DE9F0
:10991000D04306460F4614464FF00008DFF850903B
:1099200012E0E00707D542464B4630463946FEF77F
:1099300065FB06460F464046494642464B46FEF703
:109940005DFB641080468946002CEAD130463946DA
:10995000BDE8D08302FCFFFFFFFF0F800000E03F67
:109960000000F07FA08601000000F03F84D79741FF
:109970000000244010B503460C461146A0689847E5
:10998000A06020B1E06A401CE062002010BD4FF0F2
:10999000FF3010BDF8B505460E4617461C460020A0
:1099A0005CB117F8011BB068A847B06030B1F06A2D
:1099B000401CF0620020641EF3D1F2BD4FF0FF3076
:1099C000F2BD00007072696E74665F733A20256E96
:1099D00020646973616C6C6F776564007072696E86
:1099E00074663A2062616420256E20617267756D2D
:1099F000656E7400000000006E616E004E414E0006
:109A0000696E6600494E46003000000010B5040043
:109A1000002C01D1012074E0606A002806D1606842
:109A2000B0F5827F06D00020E06103E000202061D5
:109A3000002060610020A06294F85D00002805D13C
:109A4000002084F85C00200002F044FB022084F82F
:109A50005D002068006830F0400021680860E06820
:109A600040F20171884201D3002101E04FF480519E
:109A7000E068B0F5706F05D0E068B0F5E06F01D038
:109A80000020A062606810F48270A26812F40442A0
:109A90001043227C12F002021043227D12F00102D8
:109AA0001043A26912F400721043227F12F03802B0
:109AB000104394F8202012F080021043A26A12F49E
:109AC0000052104322681060A269120C12F00402C6
:109AD00094F8240010F01000024394F8340010F0C1
:109AE00008000243E06810F47060024311F48050F3
:109AF00002432068426000202066012084F85D0057
:109B0000002010BD2DE9F84306000D0017001C00D1
:109B1000FBF7F2FE8046B94696F85D00012801D0B9
:109B20000220ECE0002D03D0380080B2002801D1E3
:109B30000120E4E096F85C00012801D10220DEE07B
:109B4000012086F85C00032086F85D000020306666
:109B5000B563B787F787002030640020A6F844007B
:109B60000020A6F84600002030650020F064B068B0
:109B7000B0F5004F0BD13068006830F0400031681C
:109B800008603068006850F48040316808603068D0
:109B90000068400605D43068006850F04000316825
:109BA0000860F06840F20171884235D3706800287F
:109BB00003D0484680B2012809D1B06B00883168D3
:109BC000C860B06B801CB063F08F401EF087F08FD0
:109BD000002873D03068806880070AD5B06B008891
:109BE0003168C860B06B801CB063F08F401EF08796
:109BF000EDE7FBF781FEB0EB0800A04202D314F1C1
:109C0000010F01D1002CE2D1012086F85D00002077
:109C100086F85C00032072E07068002803D0484694
:109C200080B2012817D1F08F02280AD3B06B0088C8
:109C30003168C860B06B801CB063F08F801EF08705
:109C400009E0B06B007831680873B06B401CB063FA
:109C5000F08F401EF087F08F00282FD0306880688A
:109C6000800718D5F08F02280AD3B06B00883168BE
:109C7000C860B06B801CB063F08F801EF087EAE78D
:109C8000B06B007831680873B06B401CB063F08F24
:109C9000401EF087DFE7FBF72FFEB0EB0800A04285
:109CA00002D314F1010F01D1002CD4D1012086F888
:109CB0005D00002086F85C00032020E04246210081
:109CC000300000F003F9002801D020203066B06891
:109CD000002808D1002000903068C06800903068EB
:109CE000806800900098012086F85D00002086F8CA
:109CF0005C00306E002801D0012000E00020BDE8AB
:109D0000F2832DE9FC4705000E0017009846DDF8A8
:109D10002890FBF7F1FD0400B8EB040419EB0404F0
:109D2000FBF7EAFD8246684800684001000D00FB31
:109D300004F00090286880683040B04201D10120D2
:109D400000E000203900C9B2884243D018F1010F69
:109D5000F0D0FBF7D1FDB0EB0A00A04201D2002CFD
:109D60002FD12868406830F0E000296848606868B2
:109D7000B0F5827F0DD1A868B0F5004F03D0A86878
:109D8000B0F5806F05D12868006830F04000296880
:109D90000860A86AB0F5005F0BD12868006830F44D
:109DA0000050296808602868006850F4005029684D
:109DB0000860012085F85D00002085F85C00032024
:109DC00009E00098002801D1002004000098401EFE
:109DD0000090AFE70020BDE8F6872DE9FE4F0600B2
:109DE0000F0014009846DDF8309000208DF8000038
:109DF000FBF782FD0500B8EB050519EB0505FBF740
:109E00007BFD8246306810F10C0B2F48016823203F
:109E10004143090D01FB05F101913068806838402C
:109E2000A0424ED0B7F5C06F07D1002C05D19BF8EA
:109E300000008DF800009DF8000018F1010FECD033
:109E4000FBF75AFDB0EB0A00A84201D2002D2FD13A
:109E50003068406830F0E000316848607068B0F504
:109E6000827F0DD1B068B0F5004F03D0B068B0F577
:109E7000806F05D13068006830F0400031680860BC
:109E8000B06AB0F5005F0BD13068006830F4005064
:109E9000316808603068006850F40050316808602C
:109EA000012086F85D00002086F85C00032009E0B0
:109EB0000198002801D1002005000198401E019062
:109EC000ABE70020BDE8FE8F480500207CB504000C
:109ED0000D00160000962B0000224FF4C051200008
:109EE000FFF77BFF002805D0206E50F02000206691
:109EF00003201FE000962B00002280212000FFF7A6
:109F000000FF002805D0206E50F0200020660320BE
:109F100010E000962B0000224FF4C0612000FFF7F4
:109F20005CFF002805D0206E50F020002066032042
:109F300000E0002076BD002848BF4042704780B551
:109F400002F004F900F011F802F012F902F0F8F949
:109F5000FCF72EFC02F024FA02F094F8FCF744FC23
:109F6000FCF760FC02F046FBFEE710B596B044211A
:109F7000002205AC2000FBF777FF142100226C467D
:109F80002000FBF771FF4FF4007002F00FFD002876
:109F900001D000F033F81820059001200A9001202C
:109FA0000B9000200C9060200D9002200F9001205B
:109FB0001090012011902820129007201390022069
:109FC00014900220159005A800F042FE002801D050
:109FD00000F014F80F200090032001900020029060
:109FE00000200390002004900421684601F074F9D9
:109FF000002801D000F002F816B010BD72B6FEE7DE
:10A0000010B5044610460A4601462046FBF72CFFD1
:10A01000204610BD2DE9F84F05005FF0000800272D
:10A020002868000527D5686C00280DD0B0F5000F12
:10A0300003D0B0F5400F0DD00DE0DFF82403016828
:10A0400051F48031016008E00021281D00F092F9F0
:10A05000804602E001E0012080464046C0B2002870
:10A0600008D1DFF80C130A6832F44002686C02432E
:10A070000A6000E04746286880037AD55FF000094F
:10A08000DFF8E0A2DAF80000C0000DD4DAF8000032
:10A0900050F08050CAF80000DAF8000010F080504C
:10A0A0000090009801208146DFF8BCB2DBF8000088
:10A0B00050F48070CBF80000FBF71EFC0600DBF8C4
:10A0C0000000C00506D4FBF717FC801B0328F6D35D
:10A0D000032080464046C0B200283FD1DFF88CB252
:10A0E000DBF8000010F440700400002C15D0E86D7F
:10A0F000844212D0DBF8000030F440700400DBF83A
:10A10000000050F48030CBF80000DBF8000030F4A1
:10A110008030CBF80000CBF80040E0070FD5FBF70C
:10A12000EBFB0600DBF80000800708D4FBF7E4FB3C
:10A13000801B41F289318842F4D303208046404697
:10A14000C0B2002808D1DBF8001031F44071E86D8E
:10A150000143CBF8001002E0474600E0474648467E
:10A16000C0B2012805D1DAF8000030F08050CAF8FA
:10A1700000002878C00707D5DFF8F4110A689208B4
:10A180009200286A02430A602878800707D5DFF822
:10A19000E0110A6832F00C02686A02430A6028780B
:10A1A000400707D5DFF8C8110A6832F03002A86A04
:10A1B00002430A602878800607D5DFF8B4110A68E0
:10A1C00032F44062E86A02430A602868800507D5D5
:10A1D000DFF89C110A6832F44022E86B02430A60FF
:10A1E0002868400507D5DFF888110A6832F4401264
:10A1F000286C02430A602878400607D5DFF8701102
:10A200000A6832F44052286B02430A60287800063C
:10A2100007D5DFF85C110A6832F44042686B0243EC
:10A220000A602868C00507D5DFF844110A6832F4CF
:10A230004032A86B02430A602868800420D5DFF80A
:10A2400030110A6832F04062A86C02430A60A86CC0
:10A25000B0F1006F06D1DFF80801016851F48011F8
:10A2600001600DE0A86CB0F1806F09D10121281DBB
:10A2700000F080F880464046C0B2002800D0474633
:10A280002868000320D5DFF8E8100A6832F0406241
:10A29000E86C02430A60E86CB0F1006F06D1DFF8A9
:10A2A000C000016851F4801101600DE0E86CB0F16C
:10A2B000806F09D10121281D00F05CF880464046DE
:10A2C000C0B2002800D047462868400320D5DFF8F8
:10A2D000A0100A6832F04062286D02430A60286DBF
:10A2E000B0F1006F06D1DFF87800016851F48011F9
:10A2F00001600DE0286DB0F1806F09D10121281DAA
:10A3000000F038F880464046C0B2002800D04746EA
:10A310002868400415D5DFF858100A6832F040521A
:10A32000686D02430A60686DB0F1805F09D1022157
:10A33000281D00F01FF880464046C0B2002800D01B
:10A3400047462868000407D5DFF824100A6832F071
:10A350008042A86D02430A603800C0B2BDE8F28FA7
:10A360000C10024058100240007000409010024053
:10A37000881002402DE9F04105000C0000275949E2
:10A38000086810F0030F12D0086810F003002A6864
:10A39000904209D12868002806D00868C0F302104E
:10A3A000401C6968884232D0012007002FE02868ED
:10A3B000012804D01BD303280FD007D317E04A4845
:10A3C0000068800701D40120070012E046480068B9
:10A3D000400501D4012007000BE0434802689203C6
:10A3E00004D40068400301D40120070001E00120EB
:10A3F00007003800C0B2002809D10A6832F07302A1
:10A40000286802436868401E52EA00120A60380059
:10A41000C0B2002861D1DFF8D080D8F8000030F059
:10A420008060C8F80000FBF767FA0600D8F8000063
:10A43000000106D5FBF760FA801B0328F6D3032042
:10A4400007003800C0B2002847D1002C0BD12749A3
:10A450000A6827480240A86852EA0022E86852EADF
:10A46000C0620A601CE0012C0DD120490A68214815
:10A470000240A86852EA002228694008401E52EAB9
:10A4800040520A600CE019490A681B480240A8685B
:10A4900052EA002268694008401E52EA40620A609F
:10A4A000D8F8000050F08060C8F80000FBF724FAEC
:10A4B0000600D8F80000000106D4FBF71DFA801B47
:10A4C0000328F6D3032007003800C0B2002804D1C7
:10A4D00006490A68A86902430A603800C0B2BDE8AC
:10A4E000F08100000C1002400010024010100240E9
:10A4F000FF80FF07FF809FFFFF80FFF930B401005E
:10A50000002901D1012067E00868624A90420AD21E
:10A510000A68614882181420B2FBF0F08000486499
:10A520005E48086409E00A685D4882181420B2FB9E
:10A53000F0F0800048645B480864022081F8250040
:10A54000086802686FF30E128B68C86803430869D5
:10A5500003434869034388690343C8690343086A9E
:10A5600003431A43086802608868B0F5804F2AD018
:10A57000086C4A4B984213D14B4803680F2491F85A
:10A58000445015F01C05AC40A343036003684C68BD
:10A5900091F8445015F01C05AC402343036012E0D1
:10A5A000424803680F2491F8445015F01C05AC4054
:10A5B000A343036003684C6891F8445015F01C05F0
:10A5C000AC40234303600020C863012081F82500CC
:10A5D000002081F82400002030BC704710B4010036
:10A5E000002901D1012053E00868006840084000BC
:10A5F0000A6810600868274A90420AD20A6826480A
:10A6000082181420B2FBF0F08000486423480864EC
:10A6100009E00A68224882181420B2FBF0F080009A
:10A6200048642048086400200A681060012091F8FE
:10A63000442012F01C0290400A6C5060086C174ACB
:10A6400090420AD1184802680F2391F8444014F050
:10A650001C04A3409A43026009E0144802680F23D7
:10A6600091F8444014F01C04A3409A430260002077
:10A67000C86200200863002048630020886300202F
:10A68000C863002081F82500002081F82400002004
:10A6900010BC704708040240F8FFFDBF00000240F4
:10A6A000F8FBFDBF00040240A8000240A8040240DD
:10A6B0002DE9F04104000D0016001F005FF00008B6
:10A6C00094F82400012801D102203BE0012084F805
:10A6D000240094F8250001282DD1022084F82500BB
:10A6E0000020E0632068006840084000216808609E
:10A6F0003B0032002900200000F0F8F8206B002811
:10A7000006D02068006850F00E00216808600BE059
:10A710002068006830F00400216808602068006844
:10A7200050F00A00216808602068006850F00100BD
:10A730002168086004E0002084F82400022080469C
:10A740004046C0B2BDE8F0810100002291F825002A
:10A75000022806D00420C863002081F824000120CC
:10A760001BE00868006830F00E000B68186008688D
:10A770000068400840000B681860012091F84430E0
:10A7800013F01C0398400B6C5860012081F82500E1
:10A79000002081F824001000C0B2704738B50400D2
:10A7A000002594F82500022804D00420E06301204D
:10A7B00005001FE02068006830F00E002168086086
:10A7C000206800684008400021680860012094F873
:10A7D000441011F01C018840216C4860012084F86D
:10A7E0002500002084F82400A06B002802D020005F
:10A7F000A16B88472800C0B232BD70B50400206C40
:10A80000056820680668042094F8441011F01C01C3
:10A8100010FA01F10D4219D0710717D521680968A6
:10A82000890605D42168096831F0040122681160A5
:10A8300094F8441011F01C018840216C4860206B92
:10A84000002852D02000216B88474EE0022094F867
:10A85000441011F01C0110FA01F10D421FD0B10794
:10A860001DD521680968890608D42168096831F076
:10A870000A0122681160012184F8251094F844101F
:10A8800011F01C018840216C4860002084F82400ED
:10A89000E06A002829D02000E16A884725E00820E6
:10A8A00094F8441011F01C01884005421DD0300777
:10A8B0001BD52068006830F00E0021680860012078
:10A8C00094F8441011F01C018840216C486001206C
:10A8D000E063012084F82500002084F82400606BE8
:10A8E000002802D02000616B884770BD30B401247D
:10A8F00090F8445015F01C05AC40056C6C60046881
:10A9000063608468102C04D10468A2600468E1606C
:10A9100003E00468A1600468E26030BC7047000096
:10A9200010B410F00703DFF8684122684FF6FF010A
:10A930000A40DFF8601151EA03210A43226010BC8B
:10A940007047DFF84C010068C0F302207047000038
:10A95000010049B200290AD4012210F01F018A40E7
:10A96000DFF8341103005BB25B0941F82320704724
:10A97000010049B200290DD4012210F01F018A40C4
:10A98000464903005BB25B0941F82320BFF34F8FB8
:10A99000BFF36F8F704710B4020052B2002A05D483
:10A9A0000A013F4B040064B21A5508E00A013D4B0E
:10A9B000040064B214F00F04234403F8042C10BC08
:10A9C000704770B4030013F00704D4F107000528A2
:10A9D00001D3042001E0D4F10700251D072D01D289
:10A9E000002500E0E51E012616FA00F0401E014099
:10A9F000A94016FA05F56D1E2A401143080070BCE7
:10AA0000704710B50400601EB0F1807F01D30120B3
:10AA10000EE0601E244908600F215FF0FF30FFF751
:10AA2000BAFF002021490860072021490860002062
:10AA300010BD10B504002000FFF772FF10BD2DE916
:10AA4000F04104000D0016000027FFF77AFF804652
:10AA5000320029004046FFF7B4FF0100200040B259
:10AA6000FFF799FFBDE8F08110B50400200040B267
:10AA7000FFF76EFF10BD10B50400200040B2FFF7D5
:10AA800077FF10BD10B504002000FFF7BAFF10BD1E
:10AA90000CED00E00000FA0500E100E080E100E0DC
:10AAA00000E400E018ED00E014E000E018E000E051
:10AAB00010E000E010B504002068414909688842B0
:10AAC00002D1012001F067FE20683E4909688842F2
:10AAD00002D1012001F0BEFF20683B49096888428D
:10AAE00002D10120FCF74AF810BD38B504000D0072
:10AAF000206833490968884203D1280080B201F0F8
:10AB00004AFE20682F490968884203D1280080B294
:10AB100001F0A0FF20682C490968884203D1280071
:10AB200080B2FCF72BF831BD10B504002068244931
:10AB30000968884202D10020244908702068214910
:10AB40000968884202D102202049087020681E4905
:10AB50000968884202D104201C49087002211C485F
:10AB6000FBF718F810BD1CB5184C20780090194B55
:10AB700000220021032001F095FF207800280ED14B
:10AB800001F008FE14480188491C0180018814293D
:10AB900003DB0021018001F0E7FD01F0E9FD2078F1
:10ABA0002078022803D101F054FF01F043FF207800
:10ABB0002078042803D1FBF7E0FFFBF7CFFF13BD9C
:10ABC00020210020A821002030220020352900204B
:10ABD0004C050020C4F400082229002070B50500AF
:10ABE0000C001600D5F8800020282DD1002C03D0B1
:10ABF000300080B2002801D1012026E00120286623
:10AC000000206866320092B221002800FCF787FD20
:10AC100001000800C0B2002813D1286E01280ED10F
:10AC200010202A681062286850E8000F50F01000C9
:10AC300002002B6843E800200028F4D101E0012045
:10AC400001000800C0B200E0022070BD70470000A3
:10AC50002DE9FE4F0500002D01D101203AE3DFF878
:10AC60000499D9F8004014F00C04DFF81889D8F8DA
:10AC7000007017F003072878C00640F1C680002C4A
:10AC800003D00C2C7AD1012F78D1DFF8D4A8DAF8D0
:10AC90000000800704D5A869002801D1012019E32C
:10ACA000DAF80000000704D5DAF8000010F0F00030
:10ACB00005E0DFF860090068000910F0F000296A7B
:10ACC00088421ED2286A00F05FFC002801D00120D3
:10ACD00000E3DAF8000050F00800CAF80000DAF8E3
:10ACE000001031F0F001286A0143CAF80010DFF8C3
:10ACF0002809016831F47F41EA6951EA02210160C3
:10AD00001FE0DAF8000050F00800CAF80000DAF896
:10AD1000001031F0F001286A0143CAF80010DFF892
:10AD2000F808016831F47F41EA6951EA02210160C3
:10AD3000002C06D1286A00F027FC002801D0012051
:10AD4000C8E200F086FBDFF8D418D9F80020C2F37F
:10AD50000312895C11F01F01C840DFF80C1808606D
:10AD6000DFF80808006801F0BBFF8DF800009DF8CF
:10AD70000000002849D09DF80000ABE2A869002837
:10AD80002DD0DFF8DC97D9F8000050F00100C9F8A9
:10AD90000000FAF7B1FD0600D9F80000800706D4DC
:10ADA000FAF7AAFD801B0328F6D3032092E2D9F814
:10ADB000000050F00800C9F80000D9F8001031F088
:10ADC000F001286A0143C9F80010DFF84C08016857
:10ADD00031F47F41EA6951EA0221016015E0DFF8B0
:10ADE0008097D9F8000040084000C9F80000FAF741
:10ADF00083FD0600D9F80000800706D5FAF77CFD30
:10AE0000801B0328F6D3032064E22878C00754D5BA
:10AE1000082C03D00C2C0BD1032F09D1DFF84007ED
:10AE20000068800349D56868002846D1012051E2B6
:10AE30006868B0F5803F06D1DFF82407016851F457
:10AE40008031016018E06868B0F5A02F0AD1DFF802
:10AE50001007016851F480210160016851F48031CC
:10AE6000016009E0DFF8F806016831F48031016023
:10AE7000016831F480210160686800280ED0FAF77B
:10AE80003BFD0600DFF8D8060068800315D4FAF70A
:10AE900033FD801B6528F5D303201BE2FAF72CFD58
:10AEA0000600DFF8BC060068800306D5FAF724FD2B
:10AEB000801B6528F5D303200CE22878800752D543
:10AEC000042C03D00C2C15D1022F13D1DFF89006DF
:10AED0000068400504D5E868002801D10120F9E1A7
:10AEE000DFF83407016831F0F8512A6951EA02614C
:10AEF000016038E0E86800281FD0DFF86496D9F8D0
:10AF0000000050F48070C9F80000FAF7F5FC060064
:10AF1000D9F80000400506D4FAF7EEFC801B0328A0
:10AF2000F6D30320D6E1DFF8F006016831F0F851DE
:10AF30002A6951EA0261016015E0DFF82496D9F828
:10AF4000000030F48070C9F80000FAF7D5FC060064
:10AF5000D9F80000400506D5FAF7CEFC801B03287F
:10AF6000F6D30320B6E1287800072ED568690028BB
:10AF700015D0DFF8A096D9F8000050F00100C9F80C
:10AF80000000FAF7B9FC0600D9F8000080071CD4CD
:10AF9000FAF7B2FC801B0328F6D303209AE1DFF80E
:10AFA0007496D9F8000040084000C9F80000FAF78C
:10AFB000A3FC0600D9F80000800706D5FAF79CFC30
:10AFC000801B0328F6D3032084E12878400740F152
:10AFD00081805FF00009DFF848A6DAF80000C000C1
:10AFE0000DD4DAF8000050F08050CAF80000DAF80A
:10AFF000000010F080500190019801208146DFF898
:10B0000024B6DBF80000C00513D4DBF8000050F4D0
:10B010008070CBF80000FAF76FFC0600DBF8000048
:10B02000C00506D4FAF768FC801B0328F6D303207A
:10B0300050E1A868012806D1DFF8EC05016851F05D
:10B040000101016017E0A86805280AD1DFF8D805DA
:10B05000016851F004010160016851F001010160D3
:10B0600009E0DFF8C405016849084900016001688A
:10B0700031F004010160A868002810D0FAF73CFC08
:10B080000600DFF8A4050068800719D4FAF734FC3D
:10B09000801B41F289318842F3D303201AE1FAF789
:10B0A0002BFC0600DFF880050068800708D5FAF75A
:10B0B00023FC801B41F289318842F3D3032009E14C
:10B0C0004846C0B2012805D1DAF8000030F08050BF
:10B0D000CAF80000287880062ED5686A002815D0A6
:10B0E000DFF84895D9F8000050F00100C9F80000D9
:10B0F000FAF702FC0600D9F8000080071CD4FAF722
:10B10000FBFB801B0328F6D30320E3E0DFF81C954C
:10B11000D9F8000040084000C9F80000FAF7ECFB3D
:10B120000600D9F80000800706D5FAF7E5FB801B7A
:10B130000328F6D30320CDE0A86A002800F0C980D8
:10B14000A86A022840F0A380D8F80000070017F092
:10B150000300E96A884222D117F07000296B491E6A
:10B16000B0EB011F1BD117F4FE40696BB0EB012F50
:10B1700015D117F07840A96BB0EBC16F0FD117F460
:10B18000C000E96B4908491EB0EB415F07D117F0D9
:10B19000C060296C4908491EB0EB416F57D00C2C98
:10B1A00053D0DFF8BCA3DAF80000400101D501203C
:10B1B00090E0DAF8000030F08070CAF80000FAF78A
:10B1C0009BFB8146DAF80000800107D5FAF794FB73
:10B1D000B0EB09000328F5D303207BE0D8F800107A
:10B1E000DFF84C040140E86A0143286B401E51EA35
:10B1F0000011686B51EA0021E86B4008401E51EADB
:10B200004051286C4008401E51EA4061A86B51EA49
:10B21000C061C8F80010DAF8000050F08070CAF879
:10B220000000D8F8000050F08070C8F80000FAF76D
:10B2300063FB0600DAF8000080014AD4FAF75CFBF1
:10B24000801B0328F6D3032044E0012042E0DFF80E
:10B250001093D9F8000080013BD4D9F8000050F0D9
:10B260008070C9F80000D8F8000050F08070C8F86D
:10B270000000FAF741FB0600D9F80000800128D44D
:10B28000FAF73AFB801B0328F6D3032022E00C2CAC
:10B290001DD0DFF8CC92D9F8000030F08070C9F8EA
:10B2A0000000FAF729FB0600D9F80000800106D556
:10B2B000FAF722FB801B0328F6D303200AE0D8F814
:10B2C0000010DFF870030140C8F8001001E0012011
:10B2D00000E00020BDE8FE8F2DE9F04104000D00E4
:10B2E000002C01D10120B2E0DFF84C73386810F077
:10B2F0000700A8420BD23868C008C0002843386055
:10B30000386810F00700A84201D001209FE02078A3
:10B3100080070DD5DFF84C12086810F0F000A26825
:10B32000904205D20A6832F0F002A06802430A6037
:10B330002078C00742D56068032806D1DFF82002D4
:10B34000006880011CD4012081E06068022806D1D9
:10B35000DFF80C020068800312D4012077E06068F7
:10B36000002806D1DFF8F8010068800708D4012022
:10B370006DE0DFF8EC010068400501D4012066E0D3
:10B38000DFF8E081D8F8001089088900606801437F
:10B39000C8F80010FAF7B0FA0600D8F8000010F06C
:10B3A0000C006168B0EB810F08D0FAF7A5FA801B9A
:10B3B00041F289318842F0D3032048E020788007A9
:10B3C0000CD56849A0680A6812F0F002904205D2D4
:10B3D0000A6832F0F002A06802430A60386810F090
:10B3E000070085420BD23868C008C0002843386087
:10B3F000386810F00700A84201D0012027E020782B
:10B40000400706D557490A6832F4E062E068024313
:10B410000A602078000707D55248016831F460516E
:10B42000226951EAC201016000F013F8DFF8EC1163
:10B430004C4A1268C2F30312895C11F01F01C84024
:10B44000494908604948006801F04AFCC0B2BDE8BB
:10B45000F0812DE9F041002600204249096811F0F1
:10B460000C01DFF820C1DCF8007017F00307002999
:10B4700003D00C291AD1012F18D1DFF8E4E0DEF84F
:10B4800000805FEA087806D4DFF888E1DEF800E0A3
:10B49000CEF3032E03E0DEF800E0CEF3031E674E8A
:10B4A00056F82E6000290CD130000AE0042903D19F
:10B4B000DFF88CE1704604E0082902D1DFF884E16E
:10B4C00070460C292DD1DCF800E01EF0030E734607
:10B4D0009E46BEF1020F03D0BEF1030F03D005E07C
:10B4E000DFF85CE103E0DFF85CE100E0B646DCF8A1
:10B4F0000020C2F30212521C1500DCF80020C2F337
:10B50000062202FB0EFEBEFBF5F2DCF800C0CCF317
:10B51000416C1CF1010C5FEA4C0C6446B2FBF4FC7C
:10B520006046BDE8F08110480068704780B5FFF7BD
:10B53000FAFF45490B4A1268C2F30222895C11F0F6
:10B540001F01C84002BD80B5FFF7EDFF3E49054A27
:10B550001268C2F3C222895C11F01F01C84002BD0B
:10B560000010024008100240480500202405002079
:10B570002849086810F07E400A6852F400020A6008
:10B58000704700000C1002407CB504000025244EDA
:10B590003068C00003D501F003FA01000FE0306805
:10B5A00050F080503060306810F08050009000986B
:10B5B00001F0F6F90100306830F080503060B1F5EC
:10B5C000007F09D1812C15D3A12C02D302200500C4
:10B5D00010E0012005000DE0812C02D303200500BE
:10B5E00008E0802C02D10220050003E0702C01D17C
:10B5F0000120050010480268D208D2002A430260E8
:10B60000006810F00700A84201D0012000E00020EF
:10B6100076BD0000941002400410024024F6000899
:10B6200058100240007000409010024098100240F4
:10B630008C809D01FCFFEEFE002002403CF30008E0
:10B640000024F40000127A00F8FA000870477047EE
:10B650002DE9F84F82468B4614001D000026DFF8C6
:10B6600084713878012801D1022047E00120387028
:10B670004CF25038404600F05BF881464846C0B274
:10B68000002837D100207860DFF85C0101684905A7
:10B6900006D5016831F4806101600220387701E04D
:10B6A00000203877BAF1000F07D122002B0058464E
:10B6B00000F071F8012006000FE0BAF1010F02D08E
:10B6C000BAF1020F09D12100584600F071F8BAF121
:10B6D000020F02D15FF480200600404600F028F8F7
:10B6E0008146002E04D0DFF804010168B1430160F7
:10B6F00000F09FF8002038704846C0B2BDE8F28FD5
:10B7000000203A490A68002A09D53C4A3C4B13609C
:10B710003C4B13600968002901D501210800C0B223
:10B7200070473248016851F00041016000207047C5
:10B7300070B50400FAF7E0F805002D4A1068C00360
:10B7400009D514F1010FF8D0FAF7D6F8401BA04242
:10B75000F3D303201EE0116826480140002913D0CE
:10B76000204843680B43436011F0404F05D0224B03
:10B770001E6811F0404006431E60880002D021F090
:10B7800040401060012005E01068C00701D501208D
:10B790001060002070BD10B414490C6854F001040E
:10B7A0000C600260BFF36F8F011D0B6010BC70470F
:10B7B00070B4402304000D000C4A166856F480262D
:10B7C0001660EFF3108272B62E682660241D2D1DC0
:10B7D0005B1E1E00F6B2002EF6D182F3108870BCFC
:10B7E000704700002805002000200240142002407D
:10B7F00010200240FAC30200182002400820024034
:10B8000023016745AB89EFCD10B4DFF898201368AA
:10B8100033F47E73C40014F4FF642343136013688D
:10B8200053F002031360136853F48033136010BCA9
:10B830007047DFF86800017F0A00D2B2012A03D006
:10B840000A00D2B2032A11D1DFF85420136833F46E
:10B8500000731360136853F400631360136833F4C8
:10B8600000631360136853F4007313600A00D2B2CC
:10B87000022A03D00A00D2B2032A0CD1084A136864
:10B8800053F480531360136833F4805313601368C8
:10B8900053F480631360002202777047280500206C
:10B8A00000200240142002407047000070B44FF0A6
:10B8B000004591EA030F7CF57BAC6B40841A71EB79
:10B8C000030603D2001BB141121973414FF4001C4F
:10B8D0001CEB410F34BF7CEB430442E00C0DA4EBA6
:10B8E0001356352E4FDC45EAC323DB0A45EAC12156
:10B8F000C912B6F120050DDD63FA05F6EB4086EAC4
:10B900000305124218BF45F00105C01851F10001AE
:10B910000CD213E062FA06F5F2405540F3415A406A
:10B92000B340F3405A408018594107D349085FEAB1
:10B9300030005FEA350528BF45F0010501F58011AB
:10B94000420875F1004250F1000041EB04514E00F5
:10B9500016F5001F70BC38BF70470020090D09059F
:10B9600070471CEB410F10D252EA43060BD0BCEBE0
:10B97000410F05D80C0DAB43661E342EB6DD02E038
:10B98000AB438018594170BC704770BC70470000D1
:10B9900090420CD141EA030C50EA4C0C07D099427A
:10B9A00005D14FF4001C1CEB410F38BF8942704792
:10B9B00010B5144600F002F8226010BDC1F30A531E
:10B9C00043B14A0012F5001F28D2A3F2FE32A1EBC8
:10B9D0000251704750EA410C20D001F0004C31EA8E
:10B9E0000C01B1FA81F204BFB0FA80F3D2180B3A1D
:10B9F000B2F120032CBF00FA03F1914041EA0C019F
:10BA00003EBFC2F1200C20FA0CF319439040524281
:10BA100040F2FD33D21A01EB035170470022704708
:10BA20004FF4001C1CEB410F94BF1CEB430F09E0CB
:10BA300041EA030C50EA4C0C52EA0C0C03D2994236
:10BA400008BF9042704714BF8B428242704700008B
:10BA50004FF4001C1CEB410F94BF1CEB430F09E09B
:10BA600041EA030C50EA4C0C52EA0C0C03D28B4214
:10BA700008BF8242704714BF99429042704700004D
:10BA8000F8B52DED0A8B41EC1A0B48004015109DBE
:10BA9000401C43EC182B23D051EC1A0B31F0004121
:10BAA00008BF00281CD051EC180B48004015401C62
:10BAB00016D051EC180B31F0004108BF00280FD010
:10BAC00051EC1A0B0022DFF84833FFF7A9FF80F092
:10BAD000A38055EC184B9FED800B05F00042ACE0C5
:10BAE00051EC1A0B48004015401C02D1090340F0EC
:10BAF000898151EC180B48004015401C01D1090305
:10BB000053D151EC180B31F0004308BF002A08D183
:10BB100051EC1A0B48004015401C46D1090344D192
:10BB20000DE048004015401C12D1090310D151EC22
:10BB30001A0B48004015401C37D1090335D1AFF32B
:10BB40000080BDEC0A8B4FF0FF306FF00041F4BD78
:10BB500051EC1A0B31F0004108BF002828D151ECFC
:10BB6000180B4800400D05EB000234D151EC180BC6
:10BB700031F0004108BF002806D02A4651EC180BCE
:10BB800000F0CAF941EC180B51EC180B20F0000240
:10BB900031F0004308BF002A05D048004015401C82
:10BBA00003D1090301D1AFF3008051EC180B2BE155
:10BBB00051EC1A0B48004015401C26D1090324D132
:10BBC00053EC1A2B51EC180BBDEC0A8B01B0BDE8FD
:10BBD000F040FCF713BA002AC8DD40F2FF70824241
:10BBE00009DB9FED9F0B53EC102B01F000410B4341
:10BBF00043EC182BC8E76FF31E5141EA025155EC94
:10BC0000184B0D4645EC184BBEE755EC184B9FED15
:10BC1000320B05F0004210E001227E4BFFF718FFC7
:10BC200011D89FED8F0B51EC100B55EC184BAFF367
:10BC3000008005F0004040EA010251EC100BBDEC21
:10BC40000A8B1146F4BD53EC1A2B73487349FCF769
:10BC5000D5F941EC100B53EC102B9FED719B03F0C9
:10BC6000004251EC190B0C46144353EC192B51ECC8
:10BC7000100B2346FCF794FAFCF750FB0446F9F747
:10BC800017FC41EC1B0B53EC1B2B4FF07840664923
:10BC9000FCF7B4F902460B4651EC1A0BFFF706FE0F
:10BCA00006460F4653EC1B2B60486149FCF7A6F98A
:10BCB00002460B4630463946FFF7F8FD41EC1A0BB9
:10BCC00021F0004100225B4BFFF7AAFE08D2B0EE44
:10BCD00048AAF0EE68AA55E000000000000000004D
:10BCE00053EC1A2B51EC1A0BFCF788F941EC1B0BA7
:10BCF00053EC1B2B50485149FCF780F9504A514BEB
:10BD0000FCF74EFA53EC1B2BFCF778F941EC1C0BBB
:10BD100053EC1B2B4C484D49FCF770F94C4A4D4BEA
:10BD2000FCF73EFA53EC1B2BFCF768F953EC192B8C
:10BD3000FCF736FA53EC1A2BFCF760F941EC190BBF
:10BD400053EC1C2BFCF72CFA9FED43AB53EC1A2B56
:10BD5000FCF726FA06460F4651EC1C0B53EC192B48
:10BD6000FFF7A4FD53EC1A2BFCF71AFA02460B4618
:10BD700030463946F9F7BEFB53EC182BFCF73EF979
:10BD800041EC1A0B51EC1A0B2A194800400D02EB3A
:10BD9000000319D0002B17DD40F2FF70834209DB4E
:10BDA0009FED2F0B53EC102B01F000410B4343ECA4
:10BDB0001A2B16E06FF31E5141EA035155EC1A4B52
:10BDC0000D4645EC1A4B0CE051EC1A0B31F00041DA
:10BDD00008BF002805D051EC1A0B00F09DF841EC8B
:10BDE0001A0B51EC1A0B20F0000231F0004308BF8F
:10BDF000002A05D048004015401C03D1090301D199
:10BE0000AFF3008051EC1A0BBDEC0A8BF4BD0000BF
:10BE100000C89CC000C89C40FE822B654715F73FB8
:10BE2000000000000000E03F422EE63FF2E4D5BCF7
:10BE3000E7E84B3E0000903C112E5781A03F503F59
:10BE40005843128C8F71BC3F4BE8A541B752013F5C
:10BE50000BBDF3DAE8708C3F000000000000F03FFB
:10BE6000000000000000F07FC9B202788A421AB1D7
:10BE70001CBF10F8012FF9E718BF00207047000021
:10BE800080B500B906A005490B681BB1222200212C
:10BE9000984701E000F054FF222002BD1029002045
:10BEA000636F6E73747261696E742068616E646C26
:10BEB00065723A20626164206D6573736167650025
:10BEC000C9B2830706D0521E22D310F8013B994213
:10BED000F7D11FE0083A13D302F1040241EA01212D
:10BEE00041EA014150F8043B121F21BF4B40A3F12E
:10BEF000013C2CEA030C1CF0803FF3D0C9B2001FB8
:10BF0000083210F8013B521E28BF91EA030FF8D8FF
:10BF100018BF0120401E7047124254D440F2FF7CEB
:10BF20001CEA11530FD0634531D09B1863453CBFC9
:10BF300001EB0251704701F0004141EA0C51002031
:10BF4000AFF30080704750EA410320D001F0004C6D
:10BF500091EA0C011CD0B1FA81F30B3B9A420DD946
:10BF6000D21A994051EA0C01C3F1200C20FA0CFCC2
:10BF700061449840531C40F2FF7CD7E7914041EA6E
:10BF80000C01C2F1200C20FA0CF3194390407047C9
:10BF9000B0FA80F31533202BE0D3202AEED3203AD9
:10BFA000203B9A4209D9D21A00FA03F141EA0C0166
:10BFB0000020531C40F2FF7CB8E700FA02F141EA8E
:10BFC0000C0100207047524240F2FF7C1CEA1153E2
:10BFD0000DD06345DBD0B2EB030C3CBFA1EB0251AB
:10BFE00070470CF1010221EA035141F4801150EA3B
:10BFF000410CCCD001F0004C352A27DC30B481EA6A
:10C000000C01B2F1200309DAC2F12003044601FA5F
:10C0100003F5D0402843D1409C400CE0C3F12002FE
:10C02000450020FA03F418BF44F0010421FA03F09C
:10C0300091400C43002174F1004550F1000051EB98
:10C040000C01244230BC7FF47BAF70476146002076
:10C0500076E70000400D491840EA81200CD2490DD6
:10C06000A1F58061491C40F0004005DBD1F11F01C2
:10C0700054BFC840C0177047002070470048704741
:10C08000380C002080B52C482C4901604FF4827197
:10C090004160002181604FF4E061C16000210161D5
:10C0A000002141614FF4007181610021C1610021D3
:10C0B000016200214162002181620721C1620021E9
:10C0C000016308214163FDF7A1FC002801D0FDF7C1
:10C0D00095FF01BD10B586B004001422002101A80F
:10C0E000FDF78EFF20681549884222D11448016867
:10C0F00051F480410160006810F480400090009885
:10C100001048016851F002010160006810F002005F
:10C11000009000984FF420400190022002900020EF
:10C120000390032004900520059001A90648F5F727
:10C1300063FE06B010BD0000B825002000380040A6
:10C14000581002404C1002400004004810B5002472
:10C150000320FEF76EFC0F2000F0C2FD002802D085
:10C160000120040001E000F0EFFD2000C0B210BD8E
:10C1700070B586B0142200216846FDF741FF6B4878
:10C18000016851F004010160016811F0040105919A
:10C190000599016851F080010160016811F080018A
:10C1A00005910599016851F001010160016811F0E4
:10C1B000010105910599016851F0020101600168D2
:10C1C00011F0020105910599016851F00801016023
:10C1D000006810F0080005900598554C002243F2C5
:10C1E000C1312000F5F7A7FF00224FF4F8515FF0AE
:10C1F0009040F5F7A0FF4F4D002204212800F5F7ED
:10C200009AFF4D4E002238213000F5F794FF42F29C
:10C21000C130009001200190002002900020039086
:10C2200069462000F5F7E8FD4CF21E00009003205F
:10C2300001900020029069462000F5F7DDFD0B20FB
:10C240000090032001900020029069463B48F5F7DA
:10C25000D3FD48F2FF0000900320019000200290DF
:10C2600069465FF09040F5F7C7FD20200090002060
:10C2700001900120029069462000F5F7BDFD0720DE
:10C280000090002001900120029069463000F5F7EF
:10C29000B3FD4FF4A64000900320019000200290CF
:10C2A00069463000F5F7A8FD4FF4F85000900120E2
:10C2B0000190002002900020039069465FF09040BA
:10C2C000F5F79AFD4FF48050009001200190002076
:10C2D00002900320039069462000F5F78DFD0420AD
:10C2E00000900120019000200290002003906946F8
:10C2F0002800F5F781FD1820009001200190002012
:10C3000002900020039069463000F5F775FD20206B
:10C3100000900120019000200290032003906946C4
:10C320003000F5F769FD06B070BD00BF4C1002404B
:10C3300000080048000C004800040048001C0048A9
:10C3400080B51648016851F002010160016811F0E2
:10C35000020100910099016851F00101016000683B
:10C3600010F0010000900098002200210D20FEF73F
:10C3700066FB0D20FEF778FB002200210F20FEF760
:10C380005EFB0F20FEF770FB002200214520FEF728
:10C3900056FB4520FEF768FB01BD00BF4810024078
:10C3A00018B591B01422002101A8FDF729FE04223E
:10C3B00000216846FDF724FE2C22002106A8FDF787
:10C3C0001FFE484C48482060002060607F20A0602D
:10C3D000FF20E06000202061002060610020A0615B
:10C3E0000020E061200000F0CBFC002801D0FDF728
:10C3F00005FE00208DF8040000208DF805000020C7
:10C400008DF806000020049000200590012201A96B
:10C41000200000F01AFD002801D0FDF7EFFD0120FB
:10C420008DF8000001208DF8010001208DF8020038
:10C4300000208DF8030001226946200000F0B3FDC2
:10C44000002801D0FDF7DAFD00208DF8180000204B
:10C450008DF8190000208DF81A00002007900020A8
:10C46000099000200A9000200B9000200D900020E1
:10C470000E9001208DF83C004FF480701090012246
:10C4800006A9200000F01EFE002801D0FDF7B6FD31
:10C4900012B010BD10B598B00400602200216846AB
:10C4A000FDF7AEFD20681049884219D15FF40030D5
:10C4B00000904FF4007017906846FDF7ABFD002820
:10C4C00001D0FDF79BFD0948016851F4004101606E
:10C4D000002200212920FEF7B2FA2920FEF7C4FA33
:10C4E00018B010BD00280020002800409010024025
:10C4F00010B5040001F0EFF8012010BD38B50400BC
:10C50000DFF85814087800280ED101200870DFF8F1
:10C5100050048088DFF84C1408802100C9B2DFF88D
:10C520004804F9F746FB22E0DFF83804DFF830541E
:10C53000AA8803889A4212D100200870AA88296824
:10C540000220F5F77FFE92A10220F5F791FE01216E
:10C55000280001F065F92800F5F756FE07E0A988E4
:10C5600001802100C9B2DFF80004F9F722FB0120A5
:10C5700032BD10B50400FEF7F6FA012010BD10B56B
:10C580000400DFF8E8130320F5F780FE0421DFF84C
:10C59000D803F9F70EFB012010BD01000120704700
:10C5A00001000120704701000120704780B500F0B4
:10C5B000AFFF01F023FA01BD1CB500F039F801F01E
:10C5C000AAFAF5F7E7FEF7F7CDFEDFF8A44300205F
:10C5D00000900FF2291300225FF0FF31200000F0DD
:10C5E000A1FFDFF89013200001F058F8200000F0C0
:10C5F000BFFF13BDF8B50024FFF7D8FFFFF7DCFF3E
:10C6000000F096F8012803D14FF4FA60FAF7D8FA4F
:10C61000002500F01DF806002E4301F087FA070000
:10C620003743F7F7CBFE38430400F5F740FFEFE759
:10C6300080B500F099F800F09BF80FF2B500DFF834
:10C64000381308600FF2D100DFF83013086001BD25
:10C6500070B50020002400252800C0B207283ADA6F
:10C66000C14E2800C0B2000130444078012830D1CA
:10C670002800C0B2042801D0012004002800C0B264
:10C6800000013044406800280ED0F9F735F9290040
:10C69000C9B2090131444968401A2900C9B20901E7
:10C6A00031448968884214D300202900C9B20901A5
:10C6B00031444870F9F720F92900C9B20901314421
:10C6C00048602800C0B22900C9B209013144C968D4
:10C6D00088476D1CC0E7A44A92F84100002803D1A6
:10C6E00004211000F9F765FA2000C0B270BD000007
:10C6F00080B500219C48F9F74DFA01BD10B5040042
:10C700009F490320F5F7B4FD05219748F9F742FA50
:10C7100000F001F810BD704738B504000D004FF46B
:10C720007A732A0092B221009648FAF79AFA31BD3C
:10C7300038B500250024FEF71BFF0100880110D446
:10C74000C8000ED488000CD448000AD4002908D4AC
:10C75000480102D50120040003E0080101D50120B1
:10C7600004002000C0B232BD80B5FAF721F801BD47
:10C7700080B5012284498348FAF7D9FA00220121C1
:10C780004620FEF75CF94620FEF76EF901BD000079
:10C790000D0A000070472DE9F0410400002500213A
:10C7A0007A4A16887A4FF869002823D16C48828823
:10C7B00012FA84F2B2F5966F01D3002282805FF004
:10C7C00000084146220089B292B291420ED201681D
:10C7D00082881144424692B26E4BC4461FFA8CFCCA
:10C7E00013F80C308B5418F10108EAE781886118BE
:10C7F000818077E03000230080B29BB2984229D23A
:10C80000A01B05005648838813FA85F3B3F5966F8D
:10C8100001D3002383805FF0000841462B0089B2DA
:10C820009BB2994212D201688388194443469BB255
:10C83000DFF860C1C6461FFA8EFE1EFA86FE1CF89F
:10C840000EC001F803C018F10108E6E781886918F5
:10C85000818046E0D6F164000500414B988810FACB
:10C8600084F010FA85F0B0F5966F01D3002098801F
:10C8700000200100AC4689B21FFA8CFC614513D23E
:10C880001968B3F804C0614484461FFA8CFCDFF8D1
:10C8900004E180461FFA88F818FA86F81EF808E0C6
:10C8A00001F80CE0401CE4E75FF00008404621007E
:10C8B00080B289B2884210D21868998808444146EB
:10C8C00089B2DFF8D0C0C6461FFA8EFE1CF80EC033
:10C8D00000F801C018F10108E8E799882819411803
:10C8E00099801480F86900280AD1642229492548D2
:10C8F000FEF774F93868006830F0040039680860A1
:10C9000001211948F9F746F9BDE8F08101002248F4
:10C9100001600020704780B52048016851F48041D3
:10C920000160016831F4804101601648FAF7AAF805
:10C93000002002BD38B504000D00104A1068002820
:10C9400004D0290089B220001268904700201249C3
:10C9500009688847002032BD000000002A29002015
:10C96000C40500201C2900204C050020E0F400082C
:10C970007028002080A90300FC2800200C2900203A
:10C98000A8F4000820210020292900201A290020CD
:10C99000802600201C260020E828002040100240AD
:10C9A000DFF88000006810F4C06070470200B2F544
:10C9B000007F26D1DFF86C00036813F4C063B3F581
:10C9C000007F2CD0036833F4C06353F4007303601A
:10C9D000DFF85400036832204343DFF85000B3FB14
:10C9E000F0F0401C0100DFF8480003685B0503D548
:10C9F000002901D0491EF6E7006840050FD5032045
:10CA00000EE0DFF82000036813F4C063B3F5806F15
:10CA100005D0036833F4C06353F4806303600020DF
:10CA200070470000007000404805002040420F00A1
:10CA30001470004080B5012217491848FAF777F9B9
:10CA4000002201212520FDF7FAFF2520FEF70CF832
:10CA500001BD704738B504000D480F490A780368D6
:10CA600085885A558288521C8280828840F2FF1342
:10CA70009A4201D30022828001220848FAF757F92E
:10CA800001200449087002210548F9F792F831BDE8
:10CA9000280C00203329002032290020A821002062
:10CAA0002C0700202DE9F84785B005000E00140082
:10CAB0001F000020ADF802005FF0000ADFF80C2232
:10CAC000107AA84202D27FF0040055E0D0683040CE
:10CAD000B04202D07FF005004EE05068002806D03A
:10CAE000002C04D00DF1020101A8526890470DF10D
:10CAF000380843463A004FF40071DFF8DC0101F0DA
:10CB000020F9814600F0CFF86946BDF8020010EB2D
:10CB1000090080B200F076F810F1010F28D05FF024
:10CB2000000A5046BDF8021080B2884210D201A817
:10CB3000514689B2405CDFF89811BDF80020885456
:10CB4000BDF80000401CADF800001AF1010AE8E74A
:10CB500043463A004FF40071DFF87401BDF800C09D
:10CB6000604401F0EEF800F0A3F800F008F803E0EC
:10CB700000F09EF87FF0020006B0BDE8F08770B5C7
:10CB80000024002500F099F8002837D100F08BF838
:10CB90004E4E308A718A88422ED0B07801280ED14C
:10CBA0003188308A091AB1820220B07000203080AA
:10CBB000B08A002803D10020B07000203082B07805
:10CBC00000280CD1308A718A884204D2718A308A56
:10CBD000091AB18203E0308AD0F58060B0823C4807
:10CBE000318A0844050000F079F8B18A2800394AF2
:10CBF00092689047040001E000F05AF8200040B22B
:10CC000070BD000070B402005FF0FF302F4B5C8AF3
:10CC10001D8AAC4216D15C8AD4F5806415002600CA
:10CC2000ADB2B6B2B5422BD315001E8AADB2B54235
:10CC300026D201259D705D8A1D801D8A2C0000254D
:10CC40005D821DE01C8A5D8AAC4216D25C8AD4F5F6
:10CC5000806415002600ADB2B6B2B54210D31500FF
:10CC60001E8AADB2B5420BD201259D705D8A1D8032
:10CC70001D8A2C0000255D8202E01D8A5C8A2C1B27
:10CC800015002600ADB2B6B2B54209D25D8A0D805C
:10CC90005D8A15FA82F5AD05AD0D5D8200231800A1
:10CCA00000B270BC70470948C18A491CC1827047F4
:10CCB0000648C18A491EC18270470448C08A0028BC
:10CCC00001D1002000E0012070470000582800201A
:10CCD00028150020FCF800082819002070470000E3
:10CCE00038B5040000251349087800281DD04FF4FA
:10CCF0007A700978B0FBF1F00F490968B1FBF0F0E8
:10CD0000FDF7C0FE00280DD1102C08D20022210012
:10CD10005FF0FF30FDF793FE0848046007E0012054
:10CD2000050004E00120050001E0012005002800C5
:10CD3000C0B232BD730C002048050020240500203D
:10CD4000012001F0EFB8000081B00B48016851F0FC
:10CD500001010160006810F0010000900098074890
:10CD6000016851F080510160006810F0805000901F
:10CD7000009801B0704700BF601002405810024098
:10CD800070B504000125002C5CD094F82100002827
:10CD900005D1002084F820002000FFF77BFB022053
:10CDA00084F821002068C068C00642D4CA202168E7
:10CDB0004862532021684862200000F02AFB0600E8
:10CDC0003000C0B200281AD120688168DFF8E80678
:10CDD00001402068816020688168626820690243A0
:10CDE000A0690243114320688160E06821680861FE
:10CDF00020680069A16850EA0140216808612000AC
:10CE000000F02DFB05002800C0B200280DD12068DD
:10CE1000C06C800880002168C8642068C16CE26929
:10CE20006069024311432068C164FF2021684862A1
:10CE300001E0002005002800C0B2002802D1012036
:10CE400084F821002800C0B270BD2DE9F04705002C
:10CE50000E00140095F82000012801D102206DE099
:10CE6000012085F82000022085F82100CA202968C9
:10CE70004862532029684862280000F0CAFA8046B8
:10CE80004046C0B200284AD1002C20D128688068D2
:10CE9000400601D40020F070307800F01FFB82467D
:10CEA000707800F01BFB8146B07800F017FB5FFA4A
:10CEB0008AFA5FFA89F95FEA092959EA0A49C0B290
:10CEC00050EA0909F07859EA80594F4610E028687D
:10CED0008068400601D40020F07030787178090233
:10CEE00051EA0041B0780143F07851EA80510F00D7
:10CEF000DFF8C8053840296808602868806830F481
:10CF000080202968886028688168F2683069024357
:10CF1000114328688160280000F0A1FA8046FF20B4
:10CF2000296848624046C0B2002802D1012085F835
:10CF30002100002085F820004046C0B2BDE8F087FF
:10CF4000F8B505000E0014002868806A7060286833
:10CF500000694004400CB06028680768DFF85C0591
:10CF600007403800000C10F03F0030703800000A15
:10CF700010F07F00707017F07F00B0703800800DE7
:10CF800010F00100F070002C0BD1307800F0B4FAF2
:10CF90003070707800F0B0FA7070B07800F0ACFAD1
:10CFA000B0700020F2BD2DE9F04105000E00140024
:10CFB00095F82000012801D1022058E0012085F8D1
:10CFC0002000022085F82100002C07D17078C006CF
:10CFD00004D5707810F0EF000A307070002C16D174
:10CFE000F07800F07BFA8046707800F077FA07005E
:10CFF000B07800F073FA5FFA88F8FFB23F0257EAA0
:10D000000847C0B20743307857EA403709E0F07864
:10D0100077783F0257EA0047B0780743307857EAFD
:10D020004037CA202968486253202968486228008E
:10D0300000F0EFF980464046C0B2002808D1DFF882
:10D040008004384029684860280000F008FA8046CB
:10D05000FF20296848624046C0B2002802D1012062
:10D0600085F82100002085F820004046C0B2BDE8C8
:10D07000F081F8B505000E00140028684768DFF855
:10D08000400407403800000CF0703800000A10F02F
:10D090001F00707017F03F00B0703800400B10F0A8
:10D0A00007003070002C0BD1F07800F025FAF070FA
:10D0B000707800F021FA7070B07800F01DFAB0704E
:10D0C0000020F2BD2DE9F84305000E00140095F88C
:10D0D0002000012801D10220E5E0012085F8200090
:10D0E000022085F82100002C2DD128688068400698
:10D0F00001D40020F070306A0028FFD0307800F0B2
:10D10000EDF98046707800F0E9F90700B07800F09A
:10D11000E5F9814696F8240000F0E0F95FFA88F816
:10D12000FFB23F0257EA08475FFA89F959EA070751
:10D13000F17857EA8157C0B257EA0067306A07436F
:10D140007069074317E028688068400601D4002012
:10D15000F070307877783F0257EA0047B07807439D
:10D16000F07857EA805796F8240057EA0067306A4B
:10D17000074370690743D6F80480F06950EA08084D
:10D18000CA2029684862532029684862B06AB0F50D
:10D19000807F39D12868806830F480702968886081
:10D1A0002868C06810F0800070F4C0702968C860FA
:10D1B000F8F7A2FB81462868C068C00712D4F8F7C8
:10D1C0009BFBB0EB090040F2E9318842F3D3FF202A
:10D1D00029684862032085F82100002085F8200096
:10D1E000032060E02868C7612868C0F84480286888
:10D1F000806850F48070296888602868806850F4DE
:10D2000080502968886038E02868806830F40070B1
:10D21000296888602868C06810F0800070F4207069
:10D220002968C860F8F768FB81462868C0688007ED
:10D2300012D4F8F761FBB0EB090040F2E931884203
:10D24000F3D3FF2029684862032085F821000020DD
:10D2500085F82000032026E0286807622868C0F8C7
:10D2600048802868806850F40070296888602868C1
:10D27000806850F4005029688860DFF8480201682F
:10D2800051F480210160DFF84002016851F48021EF
:10D290000160FF2029684862012085F821000020F4
:10D2A00085F820000020BDE8F28370B504000D0071
:10D2B00094F82000012801D1022062E0012084F8C6
:10D2C0002000022084F82100CA20216848625320EF
:10D2D00021684862B5F5807F24D12068806830F4E9
:10D2E0008070216888602068806830F480502168F0
:10D2F0008860F8F701FB06002068C068C00736D4D4
:10D30000F8F7FAFA801B40F2E9318842F4D3FF20A3
:10D3100021684862032084F82100002084F820005E
:10D3200003202EE02068806830F400702168886057
:10D330002068806830F4005021688860F8F7DCFAD3
:10D3400006002068C068800711D4F8F7D5FA801B62
:10D3500040F2E9318842F4D3FF202168486203207B
:10D3600084F82100002084F82000032009E0FF2039
:10D3700021684862012084F82100002084F8200000
:10D38000002070BD10B504005FF480204F49086094
:10D3900020688068C0040ED52068C068C0050AD522
:10D3A0002068C06810F0800070F4C0702168C86008
:10D3B000200000F049FE2068806880040ED52068B7
:10D3C000C06880050AD52068C06810F0800070F43D
:10D3D00020702168C860200000F082FF012084F8DE
:10D3E000210010BD38B5040039482168C860F8F73D
:10D3F00083FA05002068C068800608D4F8F77CFA34
:10D40000401B40F2E9318842F4D3032000E00020C1
:10D4100032BD70B5040000262068C06840061BD4E9
:10D420005FF0FF302168C860F8F766FA05002068F1
:10D43000C068400610D43000C0B203280CD0F8F702
:10D440005BFA401B40F2E9318842F0D3032006002A
:10D45000032084F82100EAE73000C0B270BD70B547
:10D46000040000251B48016831F0800101601A4E5C
:10D47000306880060AD42000FFF7B4FF002817D0D8
:10D48000032084F821000320050011E0306830F00B
:10D49000200030602000FFF7A5FF002804D0032003
:10D4A00084F8210003200500306850F0200030602F
:10D4B0002800C0B270BD0000BFFF8FFF7F7F7F00DC
:10D4C0003FFFFF0000040140080401401404014034
:10D4D0005FFF03000C2800400828004001000022E4
:10D4E00008000300DBB20A2B02D3521C0A38F8E70B
:10D4F00050EA0210C0B270470100C9B209090A22FD
:10D5000011FB02F110F00F004018C0B2704700008C
:10D5100080B50020DFF800130860DFF80003006822
:10D52000804702BD2DE9F04104000D0016001F00E8
:10D53000DDF81880002C18D03800002815D0002005
:10D5400020602800DFF8D412496A88476060002014
:10D550002072002060720020A072E760C4F8108082
:10D56000E67200206061002000E00120BDE8F0814B
:10D570002DE9F04704005FF00008002C3BD02000AC
:10D5800000F002F9002836D1607A002833D16068B3
:10D590000700DFF88892D9F8200080470600B742DC
:10D5A00000D2370027600020207201206072002026
:10D5B000A072DFF864A2DAF80000002806D1D9F8DA
:10D5C00010008047200000F019F916E0D9F8180083
:10D5D000804705002068281820602068DAF80010CD
:10D5E0000968884203D2200000F008F905E0200015
:10D5F00000F0EDF801E0012080464046C0B2BDE8F1
:10D60000F0872DE9F04105000026002D40D0DFF81D
:10D610000882D8F80070D8F800400120A872D8F825
:10D620000000002836D000206872D8F80000A84218
:10D630001AD10020D8F800100872D8F8000040690C
:10D64000002809D0D8F800004069C8F80000D8F8D0
:10D65000000000F0A6F818E0DFF8C001C0688047BD
:10D660000020C8F8000010E0002C0ED0AC4209D118
:10D670006069002802D064697C6102E00020040037
:10D680007C6102E027006469EEE70020060001E00B
:10D69000012006003000C0B2BDE8F08170B5040082
:10D6A0000D000026002C02D10120060010E0280009
:10D6B0005A49496A88476060200000F065F80028F0
:10D6C00006D02000FFF79DFF2000FFF751FF060066
:10D6D0003000C0B270BD2DE9F843504D68698047F5
:10D6E0000600286980470700B7EB0608DFF8289195
:10D6F000D9F8000000280FD0D9F8000004002068F5
:10D70000804504D22068B0EB0800206001E00020D2
:10D7100020606469002CF2D1D9F80000002824D0E0
:10D72000D9F800000068002806D0A8698047D9F819
:10D7300000100968814218D2D9F800000400D9F815
:10D7400000004069C9F800000020207200206072CB
:10D750002069E1688847E07A0128DDD1A07A0028B5
:10D76000DAD12000FFF704FFD6E7D9F8000000283F
:10D7700008D0D9F80000007A002803D1D9F80000B9
:10D7800000F00FF8BDE8F18302002348016800298A
:10D7900005D0914201D1012002E04969F7E700205C
:10D7A000704770B504001D4D286A804706000120AF
:10D7B0002072A869804721683018814203D2A86985
:10D7C0008047301820602068A968884770BD10B471
:10D7D00011490A6809684B695169002909D019681B
:10D7E0000468A14202D21A005B69F5E75061436107
:10D7F00002E050610021416110BC704738B505005E
:10D8000005480468002C01D0002121726C6105607C
:10D810000068FFF7C6FF31BD002900206CF3000847
:10D820002DE9FC4704000D005FF0FF3600226E4B2F
:10D83000D3E90001CDE900015FF000094846A18865
:10D8400080B2884224D22068494689B2405C3D2893
:10D8500005D02068494689B2405C3F2800D117E0D6
:10D860002068494689B2405C41280EDB2068494661
:10D8700089B2405C5B2808DA2068494689B2405C7E
:10D88000203021684A4692B2885419F10109D5E73F
:10D8900000273800C0B2412880F2A280DFF84C8116
:10D8A00021003800C0B200014044083000F019FDEA
:10D8B0000600002E00F192803800C0B20001404402
:10D8C0004068002800F08A803800C0B2000140445F
:10D8D0004068002808D14FF47A73A2882100444898
:10D8E000F9F7BFF901207CE0DFF808A15046F4F712
:10D8F0008BFC0020010089B2A288921B914223DA9E
:10D9000021683144020092B2895C3F290AD0216823
:10D910003144020092B2895C3D2903D0BAF8041068
:10D92000802900DB10E021683144020092B2895C5A
:10D93000DAF80020BAF80430D154BAF80410491CBF
:10D94000AAF80410401CD5E73900C9B209014144C6
:10D95000898916FA81F6B1464846A18880B2884284
:10D9600026D22068494689B2405C0D280CD1484631
:10D9700080B2A188491E884206DA2068494689B2E9
:10D98000084440780A2813D0BDF8040080280CD23F
:10D990002068494689B2405C0099BDF8042088544B
:10D9A000BDF80400401CADF8040019F10109D3E7EB
:10D9B000114805702800C0B2401E012802D9801EFF
:10D9C00009D009E0002168463A00D2B2120142446F
:10D9D0005268904700E0FFE7012002E07F1C58E713
:10D9E0000020BDE8F68700BF50FB000810080020AB
:10D9F00020210020080800202F29002010B586B023
:10DA0000DFF84840002201A92000FFF799FA002220
:10DA100069462000FFF72DFBDFF834009DF8061063
:10DA200081709DF8051041709DF8041001709DF8FB
:10DA30000010C1709DF8021001719DF80110417134
:10DA40009DF80310817106B010BD00000028002071
:10DA5000C028002010B50400012210215448F4F71A
:10DA60006AFB012010BD70B50400524D524E307853
:10DA70006978884207D05148697850F8210000F051
:10DA80002BF8687830702100C9B24D48F8F791F84A
:10DA9000012070BD10B504004A48C078012802D1A9
:10DAA0004948F7F7F2FA03214548F8F782F8464863
:10DAB000F4F7AAFB012010BD10B504003F483D4912
:10DAC000497850F8210000F007F82100C9B23C481D
:10DAD000F8F76FF8012010BD10B504003B483C4931
:10DAE00001604460002181600021C160002101616A
:10DAF0000C214161002181610021C161002101628D
:10DB000000214162F9F770F8002801D0FCF776FA9D
:10DB1000FEF790FF10BD80B5F7F79FFA274825491B
:10DB2000497850F82100FFF7D7FF01BD70B50020FC
:10DB3000002400252800C0B2042836DA204E280030
:10DB4000C0B200013044407801282CD101200400EB
:10DB50002800C0B200013044406800280ED0F7F71A
:10DB6000CBFE2900C9B2090131444968401A290095
:10DB7000C9B2090131448968884214D300202900C0
:10DB8000C9B2090131444870F7F7B6FE2900C9B29D
:10DB90000901314448602800C0B22900C9B2090116
:10DBA0003144C96888476D1CC4E72000C0B270BD0D
:10DBB00000040048700C00202B290020F8060020EB
:10DBC0002C070020F0280020280C0020A82100208D
:10DBD00000380140020000201168097830290CDB70
:10DBE000116809783A2908DA11684B1C13600A2376
:10DBF000097803FB00103038EEE770472DE9F04F4D
:10DC000091B00400DDF868801B9D1C9EDFF80803BE
:10DC10000768700603D5DFF8040300680700022BCD
:10DC200001DB252B01DB002088E0F00702D55FF047
:10DC3000300C01E05FF0200C5FF0000EB00706D55D
:10DC4000002A04D52D2086465242B8F101085FF023
:10DC50000009002A06D13020EA460AF8090019F125
:10DC6000010910E0002A0ED010009A46B0FBFAFB22
:10DC70000AFB1B00385CEA460AF8090019F10109A1
:10DC8000B2FBF3F2EEE74D4500DA4D46B8EB05087E
:10DC9000F0070DD44046B0F10108012808DB202030
:10DCA0002070641C491E002901D1200046E0F1E7E4
:10DCB0007046C0B2002807D084F800E0641C491EFA
:10DCC000002901D1200039E04046B0F101080128C7
:10DCD00008DB84F800C0641C491E002901D1200023
:10DCE0002CE0F1E72800451E814508DA302020703D
:10DCF000641C491E002901D120001FE0F2E74846BC
:10DD0000B0F1010901280ADB684610F8090020700B
:10DD1000641C491E002901D120000FE0EFE74046B6
:10DD2000B0F10108012808DB20202070641C491E86
:10DD3000002901D1200001E0F1E7200011B0BDE889
:10DD4000F08F2DE9F74F88B005001E0009980128D3
:10DD500001DA0020DDE0AA460A980078002806D102
:10DD6000BAEB05000999491E8842C0F2CC80BAEB93
:10DD700005000999491E884280F2C5800A980078FA
:10DD8000252806D00A9800788AF800001AF1010ABE
:10DD9000B5E0002080460A98401C0A900A98007856
:10DDA000302801D158F001085FF0FF3BD9460A98AE
:10DDB0000078302807DB0A9800783A2803DA0AA8A6
:10DDC000FFF708FF8146CDF81CB0CDF818B00A2047
:10DDD00005900A980078582843D063280AD0642810
:10DDE00044D0692842D0732816D0752840D07828AE
:10DDF00039D03EE0B9F10109B9F1010F05DB20206E
:10DE00008AF800001AF1010AF4E73068361D8AF832
:10DE100000001AF1010A72E03068361D0400002C7F
:10DE200001D13F4804002000F7F70AFB0490484660
:10DE3000B0F101090499814205DA20208AF8000036
:10DE40001AF1010AF3E7002007000498874207DA75
:10DE500020788AF80000641C1AF1010A7F1CF4E79C
:10DE60004DE058F040081020059026E058F00208D8
:10DE700023E00A980078252804D025208AF800009D
:10DE80001AF1010ABAEB05000999491E884214DA11
:10DE90000A980078002806D00A9800788AF80000CE
:10DEA0001AF1010A02E00A98401E0A90BAEB050036
:10DEB0000999491E884200DA21E006986C2803D1AE
:10DEC0003068361D039009E05FEA887003D530683A
:10DED000361D039002E03068361D0390CDF80880AF
:10DEE00007980190CDF80090059B039A0999491E67
:10DEF000BAEB0500091A5046FFF780FE82460A98E1
:10DF0000401C0A9028E700208AF80000BAEB0505BB
:10DF100028000BB0BDE8F08F300C0020340C00203E
:10DF200058FB000880B5AFF30080024A11001820AA
:10DF3000ABBEFBE72600020080B5DFF87003DFF818
:10DF400070130160002141601F21816040F2FF31A8
:10DF5000C160002101610021416100218161002136
:10DF6000C161FEF70DFF002801D0FCF747F801BDA5
:10DF700038B5DFF84043207800280FD1FFF7DCFFE9
:10DF8000DFF828534FF480712800FFF78EF928003E
:10DF900000F09AFA00F01CF801202070002032BD39
:10DFA00010B50400200000F055F8002010BD80B529
:10DFB000DFF8F8020168C96811F0800171F4C071DE
:10DFC0000268D1604FF48071FFF76FF9002002BD45
:10DFD00010B5DFF8E442211D14F1180000F01DF91E
:10DFE0002060206810BDDFF8D0020068704780B55F
:10DFF00086B001A9684600F010F9AF490968401AD7
:10E0000007B000BD10B586B00024AA4800780128EA
:10E0100004D101A9684600F000F90400200006B010
:10E0200010BD0320704700B58021A1FB00017D22B7
:10E030000023F9F7CBFE00BD7D21A1FB0001C00943
:10E0400040EA4160C909704710B504009B48006868
:10E05000804710BD2DE9F04F99B004004021002207
:10E0600009AD2800F7F700FF5FF000085FF0000A35
:10E07000002600275FF0000B8F4D04A8291D1422F5
:10E08000F9F760FEA8690390FFF791FF40F2FF30B7
:10E09000059D451B20008005800D4519A40A9DF8AB
:10E0A0000E908748844204D38648041919F1010967
:10E0B000F7E79DF81080B4F5616F04D3B4F561649F
:10E0C00018F10108F7E79DF811703C2C02D33C3C95
:10E0D0007F1CFAE79DF81200210051FA80F6280013
:10E0E00080B2B0F5806F03DBB5F58065761CF6E78E
:10E0F000300080B23C2802D33C3E7F1CF8E7380059
:10E1000080B23C2803D33C3F18F10108F7E74046B2
:10E1100080B2182804D3B8F1180819F10109F6E7FC
:10E120009DF80F00042190FBF1F201FB1200002882
:10E1300017D165499DF80D00084410F8010C4A46B6
:10E1400080B292B2904223D21FFA89F948469DF8D4
:10E150000D20114411F8011C90FBF1F901FB190984
:10E1600016E05A499DF80D00084410F8010C4A4683
:10E1700080B292B290420BD21FFA89F948469DF8BC
:10E180000D20114411F8011C90FBF1F901FB190954
:10E19000DFF83CA140F2FF31280080B2091ACAF82A
:10E1A00004105FF02060CAF81C008AF802608AF848
:10E1B00001708AF800808AF824909DF813008AF88C
:10E1C00003000020CAF820005FF00040CAF81400E5
:10E1D0004FF48070CAF828000020CAF80C00002014
:10E1E000CAF81000002251463048FEF76BFF0028A5
:10E1F00010D0DAF8040002909AF8020001909AF820
:10E20000010000909AF800309AF82420314909A8BA
:10E21000F7F7FAFA19B0BDE8F08FF8B504000D0071
:10E220000026224F002221003800FEF722FF0022A4
:10E2300029003800FEF784FEE17840F2B5504143F2
:10E24000C91C8908E078042290FBF2F302FB13005A
:10E25000002801D1204A00E0204A63783D20434352
:10E260003C3B022093FBF0F041186078401EC0B2A6
:10E2700040001300C34013F00303C91AA078401EE6
:10E2800041180F484143AB786E783C204643F31861
:10E290002E784FF4616000FB06335918890201F2B1
:10E2A000FF316868091A0800F2BD0000002800204C
:10E2B000002800403429002024280020FC280020C9
:10E2C0008051010080AEFEFF70FA000864FA000879
:10E2D0008427002054F4000850554400A0AA990057
:10E2E00070472DE9FE4F04000D0000200026002796
:10E2F0000021ADF804105FF001085FF000095FF045
:10E30000000A21680978212901D101218A465FF09C
:10E31000000B584600B2A988884272DA206851463C
:10E32000C9B2405C29685A4612B2895C884265D1FC
:10E33000012080465046C0B2401C060000208146A5
:10E340000020ADF80400300000B2A18888424ADA0B
:10E350002068310009B2405C7C281ED1BDF9040060
:10E36000002804D10120814616EB0B00070001A80C
:10E3700000903B001BB22A002100701C00B200F08C
:10E3800059F880464046C0B2012806D15146C9B26C
:10E39000584600B200F03DF839E04846C0B20028C7
:10E3A0000FD12068310009B2405C29685A4612B288
:10E3B0001144320012B2895C884202D000208046AB
:10E3C00011E04846C0B2002801D1761CBBE73000FE
:10E3D000BDF9041000B2884203DABDF9040006005A
:10E3E000B1E7761CAFE74046C0B2012806D15146DE
:10E3F000C9B2584600B200F00CF808E01BF1010B5E
:10E4000087E75146C9B25FF0FF3000F002F8BDE87F
:10E41000FE8F02000800C0B2002802D1100000B236
:10E4200007E0100000B2002802D45FF0FF3000E0E7
:10E4300000207047F0B50400059D0120002637003C
:10E440003FB207FA84F7B1F804C067453ADA0F68BB
:10E45000A4460FFA8CFC6744B4460FFA8CFC17F8FC
:10E460000C707C2F03D137192F8000B22BE09788D6
:10E47000B4460FFA8CFC0CFA83FC674506DAB2F955
:10E4800004707F1C2F805FF0FF3738000F68A446B0
:10E490000FFA8CFC6744B4460FFA8CFC17F80C702A
:10E4A000D2F800C09E460FFA8EFEF444B6460FFA2C
:10E4B0008EFE1CF80EC0674502D05FF0FF373800B3
:10E4C000761CBCE700B2F0BD010091F820000128E5
:10E4D00001D102201BE0012081F82000022081F8F8
:10E4E0002100CA200A68506253200A6850620868F6
:10E4F000806850F020000A689060FF200A6850622F
:10E50000012081F82100002081F8200000207047C0
:10E51000494420536C6176653A20000000000000F9
:10E5200000000000000000000000000000000000EB
:10E5300000000000000000000000000000000000DB
:10E540000000000000000000000000000000F0BF1C
:10E5500000000000000000800000000000000080BB
:10E560000000000000000000000000C05294EEBF58
:10E5700000000048204E51BE000000F86467BCBC9B
:10E580000000000000000000000000208133EDBF0B
:10E5900000000080B3DB14BE000000506706A3BC7F
:10E5A0000000000000000000000000D0E9DCEBBF2C
:10E5B00000000008C39259BE00000080B0D3B8BC70
:10E5C000000000000000000000000070F98FEABFAA
:10E5D000000000C0A51028BE000000E8BFC0B0BC0D
:10E5E000000000000000000000000070284CE9BF9F
:10E5F00000000060134B42BE000000C03D20B8BCCC
:10E60000000000000000000000000050FA10E8BF09
:10E61000000000C05FF62BBE000000905C71A7BC3C
:10E62000000000000000000000000020FCDDE6BF4C
:10E63000000000C0F8F154BE00000018E9F6B9BCB3
:10E640000000000000000000000000D0C3B2E5BFE1
:10E6500000000070E43254BE00000050DB06B4BC81
:10E66000000000000000000000000010EF8EE4BF7A
:10E6700000000020F36252BE000000C02A879ABC4E
:10E680000000000000000000000000B02272E3BFA4
:10E69000000000F0E8E056BE00000028352DBDBCAB
:10E6A0000000000000000000000000000A5CE2BF63
:10E6B000000000B0FA8E41BE00000040AE6FBDBC4D
:10E6C000000000000000000000000000564CE1BF08
:10E6D000000000F015CD5FBE00000000141C90BCCF
:10E6E000000000000000000000000040BD42E0BF4C
:10E6F00000000030F93457BE000000E06C1E93BCEF
:10E700000000000000000000000000E0F57DDEBF1A
:10E71000000000B08A535EBE00000080DA77AABC19
:10E720000000000000000000000000C09D81DCBF70
:10E7300000000000FFA226BE0000006057E2B0BC4F
:10E74000000000000000000000000060F98FDABF48
:10E75000000000580A8151BE000000F05F60B8BCA4
:10E7600000000000000000000000000098A8D8BFD2
:10E77000000000607A7F45BE000000D05433A3BC87
:10E780000000000000000000000000600FCBD6BFBA
:10E79000000000D091CB40BE000000406D1BA0BC2B
:10E7A0000000000000000000000000A0FBF6D4BF45
:10E7B00000000098C5CE52BE000000003A397EBC71
:10E7C0000000000000000000000000E0FE2BD3BFAE
:10E7D0000000004073872BBE00000000926879BCE7
:10E7E000000000000000000000000040C069D1BF30
:10E7F00000000058F16353BE00000080438D7CBCD4
:10E80000000000000000000000000080D85FCFBFC3
:10E81000000000181F8354BE000000B03F42A2BC9D
:10E8200000000000000000000000008067FCCBBF7B
:10E8300000000060FAFF53BE00000050E00DB8BCBD
:10E8400000000000000000000000000098A8C8BF01
:10E85000000000607A7F35BE000000C0543393BCD6
:10E86000000000000000000000000000DC63C5BFE5
:10E8700000000058D6FF54BE00000000396490BC70
:10E880000000000000000000000000C0AD2DC2BF6D
:10E8900000000080A45915BE000000E0484BABBC4E
:10E8A0000000000000000000000000801A0BBEBF46
:10E8B00000000050BF3C5ABE000000A0B364B6BCCC
:10E8C00000000000000000000000008004D6B7BF78
:10E8D00000000040BBCF36BE0000008076CEA8BC52
:10E8E00000000000000000000000008032BBB1BF4B
:10E8F000000000402A0043BE00000028C60CBDBC3A
:10E900000000000000000000000000009473A7BF9A
:10E91000000000182B3B59BE000000C0E55DA5BCFF
:10E92000000000000000000000000000EE4397BF60
:10E93000000000A0E6C340BE00000020958DB5BCDD
:10E940000000000000000000000000000000008047
:10E9500000000000000000800000000000000080B7
:10E9600000000000000000000000000000000000A7
:10E970000000000000000000000000000000000097
:10E980000000000000000000000000000000000087
:10E990000000000000000000000000000000000077
:10E9A0000000000000000000000000000000000067
:10E9B0000000000000000000000000000000000057
:10E9C0000000000000000000000000000000000047
:10E9D0000000000000000000000000000000000037
:10E9E0000000000000000000000000000000000027
:10E9F00000000000000000000000000000C0F0FC6B
:10EA0000FFFEF8C000000000000000000000000051
:10EA100000000000000000000000000000000000F6
:10EA200000000000000000000000000000000000E6
:10EA300000000000000000000000000000000000D6
:10EA400000000000000000000000000000000000C6
:10EA500000000000000000000000000000000000B6
:10EA600000000000000000000000000000000000A6
:10EA7000000000000000000000C0F0FCFFFFFFFFEE
:10EA8000FFFFFFFFFFFCF0C00000000000000000DF
:10EA90000000000080C0C0C0C0E0F0F0F0F07038AE
:10EAA0003C3C3C3C3F3F0F030000000000000000E6
:10EAB0000000000000000000000000000000000056
:10EAC0000000000000000000000000000000000046
:10EAD0000000000000000000000000000000000036
:10EAE0000000000000000000000000000000000026
:10EAF0000000000000C0F0FCFFFFFFFFFF3F0F0F12
:10EB000003070F3FFFFFFFFFFFFC30383C3C1C0EAC
:10EB10008FCFC7C3C3C3E37371303030383C0C00B0
:10EB200000000070F8CCCC0C0C0000C0F03C0CFCD9
:10EB3000FC000000C0F01C0C0C8CFCF0000000007D
:10EB400000000CFCFC0000C03C0C00C0FCFC0C00F5
:10EB500000FCFCCCCCCCCC0C000C8CFCFC1C0C0CBD
:10EB60000C00000000000000000000000000000099
:10EB700000C0F0FCFFFF7F3F0F07C3C040303018DC
:10EB8000CCCCC7C3033330100C8CCCC4C3C3E3F369
:10EB90003130303038380C00000000000000000038
:10EBA00000000C0C0C0C0F03030C0F030303030FEA
:10EBB0000F000000030F0C0C0C0F030100000000FD
:10EBC0000000000F0F0C030000000C0F0F000000EE
:10EBD0000F0F0F0C0C0C000000000F0F00000000C6
:10EBE00000000000000000000000000000C0F0FC79
:10EBF0003F3F0F0703000C00C3C13030CCCC0333C0
:10EC00003300000C0C0003030300000001030F0F8E
:10EC10003C78C00000000000000000000000000080
:10EC200000000000000000000000000000000000E4
:10EC300000000000000000000000000000000000D4
:10EC400000000000000000000000000000000000C4
:10EC500000000000000000000000000000000000B4
:10EC600000000000000000000000C0300F0303009F
:10EC70000000000000000000000000030000000091
:10EC80000000000000000000000000000000000084
:10EC9000000000030C30C000000000000000000075
:10ECA0000000000000000000000000000000000064
:10ECB0000000000000000000000000000000000054
:10ECC0000000000000000000000000000000000044
:10ECD0000000000000000000000000000000000034
:10ECE0000000000000000000000000000000000024
:10ECF0000000000000000000000000000000000014
:10ED00000000000000000000000000000000000003
:10ED100000000000000000000000000000000000F3
:10ED200000000000000000000000000000000000E3
:10ED300000000000000000000000000000000000D3
:10ED400000000000000000000000000000000000C3
:10ED500000000000000000000000000000000000B3
:10ED6000000000000000000006000000000000009D
:10ED7000000F00000F00000F00000F000000000057
:10ED80000000000000000000000000000000000083
:10ED90000000000000000700001E00E01F00FF1F31
:10EDA000F8FF03FF1F00FF01000F0000000000003C
:10EDB0000000000000000000000000000000000053
:10EDC000000000000E000000C07F00F8FF01FCFF03
:10EDD00007FCFF073E800F0E000E0E000E0E000E09
:10EDE0001E800FFCFF07FCFF07F8FF01C07F00003B
:10EDF00000000E00000070000E38000E38000E1CDF
:10EE0000000E0E000EFEFF0FFEFF0FFEFF0FFEFFB7
:10EE10000F00000E00000E00000E00000E000000AB
:10EE20000E00000060000F78800F7CC00F7CE00FA8
:10EE30001EF00F0EF80E0E7C0E0E3E0E1E1F0EFE66
:10EE40000F0EFC070EF8030EF0010E0000000E007E
:10EE500000003080013880033C80073C800F1E009A
:10EE60000F0E0E0E0E0E0E0E0E0E1E1F0FFEFF0FBD
:10EE7000FCFB07FCF903F0E0010000000F000000BC
:10EE800000F00000F80000FE0080EF00C0E700F096
:10EE9000E1007CE0003EE000FEFF0FFEFF0FFEFF02
:10EEA0000FFEFF0F00E00000E0000E0000000080F9
:10EEB00001F88703FE8707FE870FFE070F0E030E7C
:10EEC0008E030E8E030E8E070F8EFF070EFF070EAA
:10EED000FE0300FC000000000E000000C07F00F0F8
:10EEE000FF01F8FF07FCFF073E0E0F0E070E0E078F
:10EEF0000E0E070E1E0F0F3EFF0F3CFE0738FE03DF
:10EF000030F8010000000E0000000E00000E0000AE
:10EF10000E00000E000F0EE00F0EF80F0EFE0F8E0B
:10EF2000FF00CE0F00FE0300FE00003E00001E00AA
:10EF3000000000000E000000F0E001F8FB03FCFB05
:10EF400007FEFF0F1E1F0F0E0E0E0E0E0E0E0E0EE4
:10EF50001E1F0FFEFF0FFCFB07FCFB03F0E0010090
:10EF600000000E000000F08301F88703FC8F07FE0D
:10EF70009F0F1E1E0F0E1C0E0E1C0E0E1C0E1E8E44
:10EF80000FFCFF07FCFF03F8FF01C07F000000003B
:10EF9000000000000000005F0000000700070014F0
:10EFA0007F147F14242A7F2A1223130864623649AF
:10EFB0005522500005030000001C224100004122A0
:10EFC0001C00082A1C2A0808083E080800503000C7
:10EFD000000808080808006060000020100804020B
:10EFE0003E5149453E00427F400042615149462121
:10EFF00041454B311814127F1027454545393C4A8D
:10F0000049493001710905033649494936064949DC
:10F01000291E003636000000563600000008142273
:10F020004114141414144122140800020151090659
:10F03000324979413E7E1111117E7F494949363E60
:10F04000414141227F4141221C7F494949417F0979
:10F050000901013E414151327F0808087F00417F8C
:10F0600041002040413F017F081422417F40404041
:10F07000407F0204027F7F0408107F3E4141413EF1
:10F080007F090909063E4151215E7F09192946463B
:10F090004949493101017F01013F4040403F1F2064
:10F0A00040201F7F2018207F631408146303047816
:10F0B0000403615149454300007F414102040810A7
:10F0C0002041417F000004020102044040404040D2
:10F0D000000102040020545454787F4844443838D6
:10F0E00044444420384444487F3854545418087EDB
:10F0F000090102081454543C7F0804047800447D3C
:10F1000040002040443D00007F10284400417F40E3
:10F11000007C041804787C0804047838444444389B
:10F120007C14141408081414187C7C08040408487F
:10F1300054545420043F4440203C4040207C1C2038
:10F1400040201C3C4030403C44281028440C505087
:10F15000503C4464544C44000836410000007F0099
:10F1600000004136080008082A1C08081C2A080864
:10F170006070787C7E1C362A361C303E3F3E30075D
:10F18000087F09077C444444387C7C4444387C7CB8
:10F190007C44387C7C7C7C381E3276321E00000237
:10F1A00005020000FEE7FEE7FEE7FEE7FEE7704728
:10F1B0007047704780B500F05FF824480168491C2B
:10F1C000016023480168491C01600168C92918D3FE
:10F1D000002101601F490878002802D10120087031
:10F1E00001E0002008700878012805D101220121E2
:10F1F0001948F2F7A0FF04E0002201211648F2F7B7
:10F200009AFF01BD80B51548FBF7F7FA01BD80B53F
:10F210001348FBF7F2FA01BD80B51248F7F7B6FDC7
:10F2200001BD80B51048F7F7B1FD01BD80B50F48AD
:10F23000FEF7A8F801BD80B50D48FBF7DEFA01BD69
:10F2400080B50C48F7F7A2FD01BD0000042900209D
:10F25000E42800202829002000080048102700206A
:10F26000C8260020A82100203022002000280020ED
:10F27000802600202021002003480168034A1278DC
:10F2800089180160704700BFE0280020730C00203F
:10F29000F0B40246106895681318506803EB5004E8
:10F2A000C0071CD54D441AE013F8017B05F8017B1B
:10F2B000491EF9D198B113F8011BC6F38106032E3C
:10F2C00008BF13F8016B01EB06214942801C294459
:10F2D00005D011F8016B05F8016B401EF9D1A3426E
:10F2E0000ED013F8016B16F0030104BF13F8011BD5
:10F2F000C91C30090F28DBD113F8010B0F30D7E7F9
:10F30000F0BC02F10C007047425220536C617665EC
:10F310003A20000000000000000000000000000093
:10F3200000000000000000000000000000000000DD
:10F33000000000000000000000000000A0860100A6
:10F34000400D0300801A060000350C0040420F00FB
:10F3500080841E0000093D0000127A000024F400A1
:10F3600000366E010048E801006CDC0271DF000825
:10F3700000000000A1DF0008AFDF0008D1DF0008B7
:10F38000E7DF0008EFDF000805E0000823E00008E1
:10F3900027E0000839E000083031323334353637A1
:10F3A00038396162636465666768696A6B6C6D6E43
:10F3B0006F707172737475767778797A00000000D7
:10F3C000303132333435363738394142434445469B
:10F3D0004748494A4B4C4D4E4F5051525354555645
:10F3E0005758595A0000000010B5074979441831A0
:10F3F000064C7C44163404E00A68081D1144884712
:10F400000146A142F8D110BD2C00000048000000C8
:10F410004EF68851CEF20001086840F47000086092
:10F42000BFF34F8FBFF36F8F4FF00070E1EE100A04
:10F43000704700004360FFFFC01C0000780C0020F4
:10F44000000000004DFEFFFF20080000C60A00007B
:10F4500000000020616C61726D206661696C3A2069
:10F4600025642D25643A25643A25643A25640D0AFD
:10F470000000000000F00DF8002801D0FFF7B4FFF5
:10F48000AFF300800020AFF30080FAF758FD00F0E2
:10F4900002F80120704700F001B800000746384626
:10F4A000FEF740FDFBE70000755F6170705F636F02
:10F4B0006D6D3A2074782074696D65722063620DF9
:10F4C0000A000000755F6170705F636F6D3A2075B0
:10F4D000617274202564206572726F72210D0A00BA
:10F4E000755F6170705F636F6D6D3A207365742036
:10F4F000727463210D0A000073616F766965746729
:10F50000726F75702E636F6D2E766E005356544871
:10F510005F53564D5F444C535F56315F315F31004E
:10F5200061742B72646C617374666F726C6F673D8B
:10F530000000000061742B72646C617374666F72FA
:10F540006F706572613D000061742B72646C617351
:10F5500074666F726576656E743D000061742B721F
:10F56000646C617374666F726770733D00000000B5
:10F5700061742B726573746F7265736C6176653F2D
:10F580000000000053565F454E56495F434D5F549F
:10F5900044530000456E7465722050617373776F39
:10F5A00072640000312E4D6F6462757320525455A1
:10F5B00000000000362E496E666F726D6174696FCF
:10F5C0006E000000534554204D4F44425553205285
:10F5D00054550000312E49442020202020203A207C
:10F5E00000000000322E42617564726174653A2039
:10F5F0000000000043414C49422053454E534F52B6
:10F600000000000052414E47452053455454494E96
:10F61000470000005375636365737366756C6C799E
:10F6200021000000000000000000000001020304AF
:10F6300006070809526573746F7265204F4B210DE0
:10F640000A00000061742B6D7174746D61696E3D08
:10F650000000000061742B6D7174746D61696E3F00
:10F660000000000061742B6D7174746261636B75CE
:10F67000703D000061742B6D7174746261636B7511
:10F68000703F000061742B726573657470756C73E4
:10F69000653F000061742B666C6F777468726573E8
:10F6A000683D000061742B666C6F777468726573D7
:10F6B000683F000061742B7175616E7468726573C8
:10F6C000683D000061742B7175616E7468726573BA
:10F6D000683F000061742B626174746872657368BE
:10F6E0003D00000061742B62617474687265736818
:10F6F0003F00000061742B65726173656D656D3F3D
:10F700000000000061742B667776657273696F6E16
:10F710003F00000061742B6C6F67696E6465783F11
:10F720000000000061742B72646C6173746C6F670D
:10F730003F00000061742B6C6576656C63616C69D9
:10F74000623D000061742B6C6576656C63616C6969
:10F75000623F000061742B6C6576656C746872653D
:10F7600073683D0061742B6C6576656C74687265B6
:10F7700073683F0061742B657862617474687265A8
:10F7800073683D0061742B6578626174746872659A
:10F7900073683F0061742B776D6368616E6E656C92
:10F7A0003D00000061742B776D6368616E6E656C5F
:10F7B0003F00000061742B6D6F64696E666F723D6F
:10F7C0000000000061742B6D6F64696E666F723F9C
:10F7D0000000000061742B7072657373696E666F50
:10F7E000723D000061742B7072657373696E666F91
:10F7F000723F000061742B7265736574736C61767F
:10F80000653F0000014880470148004715F800089F
:10F810007DFA00080248016851F4700101607047E8
:10F8200088ED00E054656D7020203A200000000053
:10F83000332E4F666673657400000000342E5761E6
:10F84000726E696E67000000312E5A65726F20205B
:10F850003A200000322E536C6F7065203A20000071
:10F86000332E466163746F723A200000312E544487
:10F870005320203A20000000322E54656D70203A4B
:10F88000200000005741524E494E47205444530037
:10F89000312E4D6F6465203A20000000322E5570E5
:10F8A0007065723A20000000332E4C6F7765723A13
:10F8B00020000000312E555F544453203A200000B0
:10F8C000322E4C5F544453203A200000332E555FB3
:10F8D00054656D703A200000342E4C5F54656D7095
:10F8E0003A2000002A56657273696F6E00000000AE
:10F8F000576562736974653A000000000DC900081D
:10F9000017C9000835C900085265736574204F4B4C
:10F91000210D0A0061742B736572693D00000000BF
:10F9200061742B736572693F0000000061742B7372
:10F93000696D736572693F0061742B7377736572CB
:10F940007665720061742B647574793D0000000067
:10F9500061742B647574793F0000000061742B663C
:10F960007265716D696E3D0061742B667265716DB3
:10F97000696E3F0061742B73617665626F783F003A
:10F9800061742B6E756D77616B653D0061742B72D0
:10F990006561646C6F673D0061742B70756C736595
:10F9A0003D00000061742B70756C73653F000000B2
:10F9B00061742B64656275673D00000061742B649F
:10F9C000656275673F00000061742B6D7265736539
:10F9D000743F000061742B7573657275726C3D0025
:10F9E00061742B757365726674703D0061742B745D
:10F9F0006573746C6F673F0061742B726561646C32
:10FA00006F673F0061742B736C6176653D00000089
:10FA100061742B736C6176653F00000061742B6F1D
:10FA20006E74656D683F000061742B6F6666746567
:10FA30006D683F0061742B6964736C6176653F008B
:10FA400061742B6964736C6176653D0061742B622F
:10FA500072736C6176653F0061742B6272736C61C6
:10FA600076653D001F1C1F1E1F1E1F1F1E1F1E1F11
:10FA70001F1D1F1E1F1E1F1F1E1F1E1FAFF30080F6
:10FA8000FFF7C6FCFFF7F6FC5444532E00000000BD
:10FA90006D672F4C000000004C6F6767696E0000B7
:10FAA00053455454494E4700322E43616C696200FD
:10FAB000352E52616E6765004543203A20000000F4
:10FAC0005444533A200000002075532F636D00000A
:10FAD000342E5265736574004F46465345540000FA
:10FAE000206D672F4C000000496E666F722E00007B
:10FAF0002A4D6F64656C00000000000001020304E1
:10FB000038230020000000003824002000000000FE
:10FB10004552524F5200000000000000000000005B
:10FB2000000000000C000000000000000C000000BD
:10FB300061742B7274633D0061742B7274633F00B7
:10FB400061742B6770733F0061742B656E640000F5
:10FB5000B8240020000000003C4E554C4C3E0000F4
:10FB6000252E2A6600000000686A6C747A4C00003A
:10FB70004F4646004F4E000020894300FFF7FEBF6E
:10FB8000FFF7FEBFFFF7FEBFFFF7FEBFFFF7FEBFA9
:10FB9000FFF7FEBFFFF7FEBFFFF7FEBFFFF7FEBF99
:10FBA000FFF7FEBFFFF7FEBFFFF7FEBFFFF7FEBF89
:10FBB000FFF7FEBFFFF7FEBFFFF7FEBFFFF7FEBF79
:10FBC000FFF7FEBFFFF7FEBFFFF7FEBFFFF7FEBF69
:10FBD000FFF7FEBFFFF7FEBFFFF7FEBFFFF7FEBF59
:10FBE000FFF7FEBFFFF7FEBFFFF7FEBFFFF7FEBF49
:10FBF000FFF7FEBFFFF7FEBFFFF7FEBFFFF7FEBF39
:10FC0000FFF7FEBFFFF7FEBFFFF7FEBFFFF7FEBF28
:10FC1000FFF7FEBFFFF7FEBFFFF7FEBFFFF7FEBF18
:10FC2000FFF7FEBFFFF7FEBFFFF7FEBFFFF7FEBF08
:10FC3000FFF7FEBFFFF7FEBFFFF7FEBFFFF7FEBFF8
:10FC4000FFF7FEBFFFF7FEBFFFF7FEBFFFF7FEBFE8
:10FC5000FFF7FEBFFFF7FEBFFFF7FEBFFFF7FEBFD8
:10FC6000FFF7FEBFFFF7FEBFD00331323334000190
:10FC70004008F40100002D25000801011A1003D0EE
:10FC80000700007F10520229126408500327260043
:10FC9000080310100388130000A310520410212839
:10FCA0005003212700080510120A081255101206E9
:10FCB00008520504126D107178F338FE000110032C
:10FCC00084F500080E4F123101B22001201000000F
:10FCD000456E74657220746F2053657475700000F2
:10FCE00020100557616974696E670B41102003206D
:10FCF000446F6E650952001030034572726F721FB7
:10FD000040050070FB000874FBB84388FA089207AE
:10FD1000BB92010C251C4790FA1425104324F8309F
:10FD200021181278442138210CF20198482201341C
:10FD3000C394F518900302180001056061182402AD
:10FD40000330000158F201A04822020CE2A448202E
:10FD50000112000211D2A83012031812090CC3308C
:10FD6000F81812041825C0D23C18120518120B0CF2
:10FD7000D2B048120618120C0CD2B478120718121E
:10FD80000D0CD2C41811012603B09BD4F51011013B
:10FD90001003020400030F1152E418695C120318E7
:10FDA00012100CF201F4481304110C52B890652C97
:10FDB000230205C3D0010000C01812031819B78030
:10FDC000010048F81846C8B01304140CD254181196
:10FDD000081304150C62601859B4157C1304160B33
:10FDE000D6D00811081304170CF601D8981305187B
:10FDF0000C926C6012E02419241305190C927818E7
:10FE00002928192413051A0CD68480110113061B06
:10FE10000CD29018114813061C0CD29C6011481388
:10FE2000061D0CD2A81811F013061E0CF30004F6E0
:10FE30006013071F0CF201B4A82E070C03F201C0D7
:10FE4000601307210CD2CCC011601307220CD2D84A
:10FE50001811081307230CF601E8201308240CE2FC
:10FE6000E4D880031C000825000179B810020400C2
:10FE700008260CD2F048120430F202273012053066
:10FE8000F20328481002180009290CD61408F004BF
:10FE9000010318020A100001E20114B3093D1260C7
:10FEA00002F1C400082429508FFDC4400521108FA1
:10FEB00073C540052101127F1052043112E8198FD9
:10FEC0009BC5400521014FA1C54005610112A71046
:10FED0001E0C040329C4E002780C00208F80046506
:10FEE0004900086549842108126B104399498852DA
:10FEF00001044004114A00083F4A8C52020443ADF9
:10FF00004A3C2D74036DC00443074B1421945206E0
:10FF100014526114211052081452BD142540520A83
:10FF20006443134C142124520B145243142D7404B3
:10FF3000520C145273142138520D1452A314213848
:10FF4000520E1452D31421384300101412FD1430F1
:10FF5000022B4D00083842108C12A7104F014E1092
:10FF60000652031412C51010031F4F0008B0D91217
:10FF7000607D1EC01D041A80591340381D124B0CA1
:10FF80001D18061300961812DA0812E1045403C271
:10FF90000100B823607F0100C0064F55DA200761D9
:10FFA000104767DA58210C25E012951052032010F3
:10FFB00003E0930400B91061404404983A0000251E
:10FFC000309C211012DC0583373040210447A130DA
:10FFD00094210C2D900747E1309021102D700717C8
:10FFE00097318C5150100360EA0000AB109206105C
:10FFF00012B11022076111012DC007175F32805125
:020000040801F1
:10000000202DC00712E3106BEC2838C802803F385F
:1000100025444714F9B051435300201069C4472CBC
:10002000F99469C44744F6906DA8055254105205DE
:10003000104764F68869C45274106D6803523850D2
:100040006208505170520910525010520A10525CFE
:1000500030520B10526810520C10528460620D70B6
:100060008AF9442101528010520F10528C106DEC0D
:100070000352944052111052A41052121052B41054
:1000800052131052C4105214104BD4F68C52151047
:1000900052E4105216104B98F9FC6217605110523E
:1000A00018105E302408521910523810521A10528B
:1000B000B030521B1052BC10521C104FC8F94803EC
:1000C000521D1056F490521E104304F790521F1008
:1000D00056D400690552E0105221104314F74052E3
:1000E000221052EC2052231052F8105224105224A5
:1000F000606DB4051E20AC04255C5226101234102D
:10010000254C6DA4055248106D9C054734F750529C
:100110002910524410522A1012541025BC522B1090
:10012000526410522C10564030522D10525C8052A6
:100130002E104704FA30522F105210105230105225
:100140007450523110528410523210471CFA6052CF
:1001500033104728FA006D4D0B569400523510525B
:10016000A41052361056B45052371052C4105238A0
:100170001052D4F052391052E410523A1052F41086
:10018000523B105270E0523C105234906D96065221
:100190004010523E10524C10523F105258105241D3
:1001A000104F48FBD8054B281B1343281D0810038C
:1001B00098F30008C004F3093A570452FF01E3F230
:0B01C00054141D50040002032D010325
:040000050800FA7D78
:00000001FF
