:020000040800F2
:10000000102D00200DFA0008ADF30008AFF3000832
:10001000B1F30008B3F30008B5F3000800000000D6
:10002000000000000000000000000000B7F300081E
:10003000B9F3000800000000BBF30008BDF300089E
:1000400095FD000899FD00089DFD0008A1FD000830
:10005000A5FD0008A9FD0008ADFD0008B1FD0008E0
:10006000B5FD0008B9FD0008BDFD0008C1FD000890
:10007000C5FD00080DF40008C9FD000817F40008CC
:10008000CDFD0008D1FD0008D5FD0008D9FD000810
:10009000DDFD0008E1FD0008E5FD0008E9FD0008C0
:1000A000EDFD0008F1FD0008F5FD0008F9FD000870
:1000B000FDFD0008000000000000000001FE000837
:1000C00005FE000809FE00080DFE000811FE0008EC
:1000D00015FE000821F4000819FE00082BF40008A2
:1000E0001DFE000835F400080000000000000000BC
:1000F0000000000000000000000000000000000000
:100100000000000021FE00080000000025FE00089D
:10011000000000000000000029FE00082DFE00087D
:1001200031FE000835FE000839FE00083DFE0008DB
:1001300041FE000800000000000000000000000078
:1001400045FE000849FE00084DFE000851FE00086B
:1001500055FE00083FF4000849F4000859FE000865
:100160005DFE000861FE000865FE0008000000005A
:1001700069FE00086DFE000871FE00080000000026
:1001800075FE000879FE00087DFE000880B5514824
:100190000078012806D0022807D0042808D00828B3
:1001A00009D00BE000F0A2F808E000F035FF05E010
:1001B00001F032F902E001F01BFBFFE701BD2DE980
:1001C000F0470024444D2888002804D02888401E89
:1001D000288000207CE03F4E307A002877D1202113
:1001E0003E4802F075F8002801D1012700E0002701
:1001F000DFF8EC800421404602F06AF8002802D1C2
:100200005FF0010901E05FF000090221404602F0C1
:100210005FF8002802D15FF0010A01E05FF0000AF8
:100220000121404602F054F8002801D1012000E0ED
:10023000002057EA490757EA8A073C0054EAC004FD
:100240002000C0B2012805D0022803D0042801D024
:10025000082834D17068401C7060706850282DD315
:100260003470012030721F490868142801D2192007
:1002700028801D4822000378D2B29A4219D10A6818
:10028000521C0A600A681E2A02D20021716014E022
:100290000A68B42A02D2412171600EE00A68F02A8D
:1002A00002D24621716008E04E227260F0220A609C
:1002B00003E00022726000220A60047007E0002060
:1002C00009490870282070600020064908603078CD
:1002D000BDE8F0870C280020E8280020000800482E
:1002E0000004004898280020F8280020F8B584B0C1
:1002F000DFF8104DA078002817D001283AD0022846
:100300006AD0032800F0FB80042800F07F810528D4
:1003100000F0C182062800F04583072800F0108411
:10032000092800F0188500F06BBEDFF8DC5C0020C7
:10033000E860DFF8D86C0A220021300002F04EF8A5
:1003400030203070302070703020B0703020F0706D
:10035000E8680001801CC0B203900296052001905D
:1003600004200090052300220121A01C02F075FE4C
:1003700000F046BEDFF8900CC168491CC160C1683E
:1003800004291EDBDFF8840C02F082FE012815D15F
:10039000A51C0622290014F1080002F06DF8F120D6
:1003A0000390002002900C2001900720009007236A
:1003B00000220221280002F050FE0BE00020A07075
:1003C00008E0C0680001801C0200D2B20021A01C1D
:1003D00002F020FE00F014BE207907280AD0C0F0F9
:1003E0008C80092832D01BD30B285BD044D30C2837
:1003F0006ED082E0A51C0622290014F1080002F04C
:100400003BF8F1200390002002900F2001900E2075
:1004100000900E2300220321280002F01EFE6CE053
:10042000A51C0622290014F1080002F025F8F1208D
:1004300003900020029017200190132000901323B6
:1004400000220421280002F008FE56E0A51C062226
:10045000290014F1080002F00FF8F12003900020A9
:1004600002901B20019019200090192300220521E1
:10047000280002F0F2FD40E0A51C0622290014F13C
:10048000080001F0F9FFF1200390002002901F20E6
:1004900001901D2000901D2300220621280002F05B
:1004A000DCFD2AE0A51C0622290014F1080001F059
:1004B000E3FFF120039000200290242001902120EE
:1004C0000090212300220721280002F0C6FD14E03D
:1004D000A51C0622290014F1080001F0CDFF002020
:1004E00003900020029027200190272000902723CE
:1004F00000220821280002F0B0FD00F081BD207923
:100500000E2802D00F2840D07EE0E078002802D0EC
:1005100001281FD038E0A61C0622310014F1080083
:1005200001F0AAFFDFF8E05AF220039015F10C0069
:1005300002900F2001900E2000900E23E278521CB2
:10054000D2B20321300002F088FDDFF8C40A4078FF
:10055000E86019E0A51C0622290014F1080001F04A
:100560008BFFF0200390002002902A2001902A2087
:1005700000902A2300220921280002F06EFD0120AC
:10058000DFF88C1A0870FFE73EE0E078002802D020
:1005900001281FD038E0A61C0622310014F1080003
:1005A00001F06AFFDFF8605AF220039015F10C00A9
:1005B00002900F2001900F2000900F23E278521C30
:1005C000D2B20321300002F048FDDFF8440A40684F
:1005D000E86019E0A51C0622290014F1080001F0CA
:1005E0004BFFF0200390002002902A2001902A2047
:1005F00000902A2300220921280002F02EFD01206C
:10060000DFF80C1A0870FFE700F0FABC2079132815
:100610000BD0C0F03F81152800F093804BD31728F2
:1006200000F01B81C0F0D38034E1E078002802D0D4
:1006300001281FD03EE0A61C0622310014F108005C
:1006400001F01AFFDFF8C059F220039015F10C00F9
:10065000029017200190132000901323E278521C7F
:10066000D2B20421300002F0F8FCDFF8A409406B9C
:10067000E8601FE0A51C0622290014F1080001F023
:10068000FBFEF0200390002002902A2001902A20F7
:1006900000902A2300220921280002F0DEFCDFF866
:1006A0007419DFF86409C06808800222052003F08D
:1006B00057FBFFE7EEE0E078002802D001281FD0CA
:1006C0003EE0A61C0622310014F1080001F0D4FE21
:1006D000DFF83459F220039015F10C000290172036
:1006E0000190132000901423E278521CD2B204210E
:1006F000300002F0B2FCDFF81809806BE8601FE000
:10070000A51C0622290014F1080001F0B5FEF02016
:100710000390002002902A2001902A2000902A2392
:1007200000220921280002F098FCDFF8E818DFF821
:10073000D808C06808800222062003F011FBFFE7FA
:10074000A8E0E078002802D001281FD03EE0A61CD7
:100750000622310014F1080001F08EFEDFF8A858DF
:10076000F220039015F10C00029017200190132045
:1007700000901523E278521CD2B20421300002F01E
:100780006CFCDFF88C08C06BE8601FE0A51C06223B
:10079000290014F1080001F06FFEF0200390002002
:1007A00002902A2001902A2000902A230022092169
:1007B000280002F052FCDFF85C18DFF84C08C06833
:1007C00008800222072003F0CBFAFFE762E0E0781E
:1007D000002802D001281FD03EE0A61C06223100CE
:1007E00014F1080001F048FEDFF81C58F2200390D5
:1007F00015F10C0002901720019013200090162391
:10080000E278521CD2B20421300002F026FCDFF85C
:100810000008006CE8601FE0A51C0622290014F106
:10082000080001F029FEF0200390002002902A2009
:1008300001902A2000902A2300220921280002F09A
:100840000CFCDFF8D017DFF8C007C0680880022270
:10085000082003F085FAFFE71CE0A51C062229000A
:1008600014F1080001F008FEF0200390002002902F
:100870002A2001902A2000902A2300220921280002
:1008800002F0EBFBDFF88C17002008800222092021
:1008900003F066FAB4E32079192802D01B2840D06F
:1008A0007FE0E078002802D001281FD038E0A61CA5
:1008B0000622310014F1080001F0DEFDDFF8485790
:1008C000F220039015F10C0002901B2001901920DA
:1008D00000901923E278521CD2B20521300002F0B8
:1008E000BCFBDFF82C07806AE86019E0A51C062233
:1008F000290014F1080001F0BFFDF0200390002052
:1009000002902A2001902A2000902A230022092107
:10091000280002F0A2FB0120DFF8F4160870FFE7C0
:100920003FE0E078002802D001281FD038E0A61C64
:100930000622310014F1080001F09EFDDFF8C856D0
:10094000F220039015F10C0002901B200190192059
:1009500000901B23E278521CD2B20521300002F035
:100960007CFBDFF8AC06006BE86019E0A51C0622F2
:10097000290014F1080001F07FFDF0200390002011
:1009800002902A2001902A2000902A230022092187
:10099000280002F062FB0120DFF874160870FFE700
:1009A000FFE72DE320791D2806D0C0F0C8801F285E
:1009B00000F0858043D3C2E0E078002802D001280F
:1009C00022D03BE0A71C0622390014F1080001F0F8
:1009D00053FDDFF8345615F10C06F2200390029611
:1009E0001F2001901D2000901D23E278521CD2B2DE
:1009F0000621380002F031FBDFF8180A0078E860C1
:100A0000DFF80C06C66419E0A51C0622290014F1C3
:100A1000080001F031FDF0200390002002902A2010
:100A200001902A2000902A2300220921280002F0A8
:100A300014FB0120DFF8D8150870FFE77FE0E078AD
:100A4000002802D001281FD038E0A61C0622310061
:100A500014F1080001F010FDDFF8AC55F22003900E
:100A600015F10C0002901F2001901D2000901E2304
:100A7000E278521CD2B20621300002F0EEFADFF822
:100A80009005406CE86019E0A51C0622290014F1CD
:100A9000080001F0F1FCF0200390002002902A20D1
:100AA00001902A2000902A2300220921280002F028
:100AB000D4FA0120DFF858150870FFE73FE0E0782E
:100AC000002802D001281FD038E0A61C06223100E1
:100AD00014F1080001F0D0FCDFF82C55F22003904F
:100AE00015F10C0002901F2001901D2000901F2383
:100AF000E278521CD2B20621300002F0AEFADFF8E2
:100B00001005806CE86019E0A51C0622290014F18C
:100B1000080001F0B1FCF0200390002002902A2090
:100B200001902A2000902A2300220921280002F0A7
:100B300094FA0120DFF8D8140870FFE7FFE75FE2BE
:100B40002079212809D0C0F00581232800F0858074
:100B500043D3242800F0C180FCE0E078002802D0D4
:100B600001281FD038E0A61C0622310014F108002D
:100B700001F082FCDFF89054F220039015F10C0094
:100B8000029024200190212000902123E278521C21
:100B9000D2B20721300002F060FADFF87404006D71
:100BA000E86019E0A51C0622290014F1080001F0F4
:100BB00063FCF0200390002002902A2001902A205C
:100BC00000902A2300220921280002F046FA012081
:100BD000DFF83C140870FFE7BCE0E078002802D0A2
:100BE00001281FD038E0A61C0622310014F10800AD
:100BF00001F042FCDFF81054F220039015F10C00D4
:100C0000029024200190212000902223E278521C9F
:100C1000D2B20721300002F020FADFF8F403406D71
:100C2000E86019E0A51C0622290014F1080001F073
:100C300023FCF0200390002002902A2001902A201B
:100C400000902A2300220921280002F006FA012040
:100C5000DFF8BC130870FFE77CE0E078002802D0E2
:100C600001281FD038E0A61C0622310014F108002C
:100C700001F002FCDFF89053F220039015F10C0014
:100C8000029024200190212000902323E278521C1E
:100C9000D2B20721300002F0E0F9DFF87403806D72
:100CA000E86019E0A51C0622290014F1080001F0F3
:100CB000E3FBF0200390002002902A2001902A20DC
:100CC00000902A2300220921280002F0C6F9012001
:100CD000DFF83C130870FFE73CE0E078002802D022
:100CE00001281DD035E0A61C0622310014F10800B1
:100CF00001F0C2FBC44DF220039015F10C000290EC
:100D000024200190212000902423E278521CD2B2AA
:100D10000721300002F0A1F9BD48C06DE86018E07D
:100D2000A51C0622290014F1080001F0A5FBF02003
:100D30000390002002902A2001902A2000902A236C
:100D400000220921280002F088F90120B04908702A
:100D5000FFE7FFE754E1207A03280BD0C0F04F8172
:100D6000052839D0C0F04881072800F0D080C0F0B5
:100D7000878044E1322001F0EDFD0320A449087092
:100D8000A07A0E2802D00F2809D024E0DFF8400A0C
:100D900041789D48C068C0B204F03FF81BE00020D5
:100DA0000100C9B20B290FDADFF8281A0200D2B20B
:100DB00051F82210944AD268914203D1DFF8101AF8
:100DC000487001E0401CEBE7DFF8040A4178007846
:100DD00004F023F8FFE712E18D4D03202870322044
:100DE00001F0B8FDA07A192804D048D31B282FD0D1
:100DF00017D344E0287A04F021FA00EE100ADFF855
:100E0000D80990ED091AD0ED080A7F48D0ED031AF1
:100E1000F8EEE11AB8EE400A81EE800A03F046F8D7
:100E20002DE0687A04F00AFA00EE100ADFF8A8094B
:100E300090ED091A7449D1ED030AF8EEE00AB8EE14
:100E4000400AC0EE800A90ED070A03F02FF816E082
:100E5000A87A04F0F3F900EE100ADFF87C096A4979
:100E6000D1ED030AF8EEE00AB8EE400A80EE801AEF
:100E7000D0ED080A90ED070A03F018F8FFE7BEE08E
:100E8000634D03202870322001F064FDA07A1D28F4
:100E900004D03BD31F2823D00CD337E0DFF87405F0
:100EA000D0ED020A90ED010A5748C068C0B203F0C5
:100EB000F5F82BE0E87A04F0C1F900EE100ADFF84B
:100EC00054055149D1ED030AF8EEE00AB8EE400AA4
:100ED000C0EE800A90ED010A007803F0DFF815E01B
:100EE000E87A04F0ABF900EE100ADFF82805D0ED3F
:100EF000020A454991ED031AB8EEC11AB8EE400A4C
:100F000081EE000A007803F0C9F8FFE777E0404D72
:100F100003202870322001F01DFDA07A212806D080
:100F200069D3232835D01BD324284BD063E0287BFA
:100F300004F084F900EE100ADFF8A008D0ED031ADF
:100F400090ED021AD0ED010A2F4890ED032AB8EE79
:100F5000C22AB8EE400A82EE000A03F05AF94AE0CB
:100F6000287B04F06BF900EE100ADFF87008D0ED72
:100F7000031A90ED021A2449D1ED030AF8EEE00AB3
:100F8000B8EE400AC0EE800A90ED000A03F041F985
:100F900031E0287B04F052F900EE100ADFF83C083B
:100FA000D0ED031A1849D1ED030AF8EEE00AB8EEC5
:100FB000400A80EE801AD0ED010A90ED000A03F09D
:100FC00028F918E0287B04F039F900EE100ADFF860
:100FD0000C080D49D1ED030AF8EEE00AB8EE400A1C
:100FE000C0EE801A90ED021AD0ED010A90ED000AD1
:100FF00003F00FF9FFE702E002F0A4FEFFE7FFE7CE
:1010000005B0F0BD542800200C280020000000206E
:101010007C000020EA28002010B5DFF8C43798785B
:1010200000280ED002281ED00CD3042876D027D357
:10103000062800F02281C0F0ED80072800F07581BD
:10104000E6E1E5E1DFF89C07DFF89C17CA68825CFF
:10105000521CCB68C254CA68825C3A2A02DB302236
:10106000C9684254D4E158791979884202D2187972
:10107000401E1871F1220021981C01F0CBFFC7E13E
:10108000D87800280CD158791979884202D2187979
:10109000401E1871F1220021981C01F0BBFF3CE0BA
:1010A00018790E2802D00F2812D036E0D878002800
:1010B00002D0012801D00AE009E0DFF82C07C1685E
:1010C000B1F5807F02DAC168491CC160FFE724E006
:1010D000D878002802D0012801D01EE01DE00021B0
:1010E0000800C0B20B2817DADFF8E826DFF8F806A8
:1010F0000B00DBB252F82330C468A3420AD10B00C4
:10110000DBB20A2B06DA0B00DBB202EB8302526879
:10111000C26001E0491CE3E7FFE779E1D8780028E5
:101120000CD158791979884202D21879401E187169
:10113000F1220021981C01F06DFF6AE01879132854
:1011400007D066D3152834D01BD3172861D048D3D5
:101150005FE0D878002802D0012801D010E00FE02D
:10116000DFF88806007A04F069F8DFF87C26D36897
:10117000C8214843834202D2D0686430D060FFE780
:1011800047E0D878002802D0012801D010E00FE015
:10119000DFF85806007A04F051F8DFF84C26D368DF
:1011A000C8214843834202D2D0686430D060FFE750
:1011B0002FE0D878002802D0012801D010E00FE0FD
:1011C000DFF82806407A04F039F8DFF81C26D368E7
:1011D000C8214843834202D2D068401CD060FFE758
:1011E00017E0D878002802D0012801D010E00FE0E5
:1011F000DFF8F805407A04F021F8DFF8EC25D36831
:10120000C8214843834202D2D068401CD060FFE727
:10121000FFE7FDE0D87800280CD158791979884289
:1012200002D21879401E1871F1220021981C01F099
:10123000F1FE21E01879192802D01B280ED01BE0FE
:10124000D878002802D0012801D006E005E0DFF8B8
:101250009805C168491CC160FFE70DE0D8780028F7
:1012600002D0012801D006E005E0DFF87C05C16866
:10127000491CC160FFE7FFE7CAE0D87800280CD11D
:1012800058791979884202D21879401E1871F122D2
:101290000021981C01F0BEFE46E018791D2804D0FC
:1012A00042D31F282CD013D33EE0D878002802D098
:1012B000012801D00BE00AE0DFF82C15C8680028EF
:1012C00002D10120C86001E00020C860FFE72BE0E8
:1012D000D878002802D0012801D010E00FE0DFF814
:1012E0000C05C07A03F0AAFFDFF8FC24D368C821FC
:1012F0004843834202D2D068401CD060FFE713E02D
:10130000D878002802D0012801D00CE00BE0DFF8EB
:10131000D804C168DFF8D424526C914202DAC16863
:10132000491CC160FFE7FFE772E0D87800280CD1C4
:1013300058791979884202D21879401E1871F12221
:101340000021981C01F066FE61E01879212806D082
:101350005DD323282FD01AD3242844D057E0D8783F
:10136000002802D0012801D010E00FE0DFF87C0453
:10137000007B03F063FFDFF87024D368C821484383
:10138000834202D2D068401CD060FFE73FE0D878AB
:10139000002802D0012801D00CE00BE0DFF848045F
:1013A000C168DFF84824126D914202DAC168491C15
:1013B000C160FFE72BE0D878002802D0012801D0D7
:1013C00010E00FE0DFF82404007B03F037FFDFF8C4
:1013D0001824D36850214843834202D2D068401C6D
:1013E000D060FFE713E0D878002802D0012801D0B0
:1013F0000CE00BE0DFF8F003C168DFF8F023926D3A
:10140000914202DAC168491CC160FFE7FFE7FFE7CC
:1014100010BD00008028002010B5DFF8C433987894
:1014200000280ED002281ED00CD3042876D027D353
:10143000062800F00681C0F0D180072800F057810F
:10144000C4E1C3E1DFF89C03DFF8241BCA68825CB7
:10145000521ECB68C254CA68825C302A02DA392232
:10146000C9684254B2E118799979884202D2187950
:10147000401C1871F1220021981C01F0CBFDA5E160
:10148000D87800280CD118799979884202D2187935
:10149000401C1871F1220021981C01F0BBFD3CE0BA
:1014A00018790E2802D00F2811D036E0D8780028FD
:1014B00002D0012801D009E008E0DFF8B40AC168D1
:1014C000012902DBC168491EC160FFE725E0D87829
:1014D000002802D0012801D01FE01EE00A221000DF
:1014E000C0B2002818D0DFF8EC32DFF8841A100000
:1014F000C0B253F82000CC68A0420BD11000C0B29B
:10150000002807D01000C0B203EB800050F8040C94
:10151000C86001E0521EE2E7FFE757E1D8780028F3
:101520000CD118799979884202D21879401C187127
:10153000F1220021981C01F06DFD4EE0187913286E
:1015400007D04AD3152826D014D3172845D033D333
:1015500043E0D878002802D0012801D009E008E053
:10156000DFF80C0AC168012902DBC1686439C16077
:10157000FFE732E0D878002802D0012801D009E046
:1015800008E0DFF8EC09C168012902DBC1686439B1
:10159000C160FFE721E0D878002802D0012801D0FF
:1015A00009E008E0DFF8C809C168012902DBC16869
:1015B000491EC160FFE710E0D878002802D001285A
:1015C00001D009E008E0DFF8A809C168012902DBC1
:1015D000C168491EC160FFE7FFE7F7E0D87800283F
:1015E0000CD118799979884202D21879401C187167
:1015F000F1220021981C01F00DFD21E01879192835
:1016000002D01B280ED01BE0D878002802D0012879
:1016100001D006E005E0DFF85809C168491EC16045
:10162000FFE70DE0D878002802D0012801D006E0BD
:1016300005E0DFF83C09C168491EC160FFE7FFE72C
:10164000C4E0D87800280CD118799979884202D260
:101650001879401C1871F1220021981C01F0DAFC65
:1016600044E018791D2804D040D31F2827D013D375
:101670003CE0D878002802D0012801D00BE00AE035
:10168000DFF8EC18C868002802D10120C86001E02A
:101690000020C860FFE729E0D878002802D00128A0
:1016A00001D00BE00AE0DFF8C8085049896CC26835
:1016B000914202DAC168491EC160FFE716E0D8789E
:1016C000002802D0012801D00FE00EE04748C07A80
:1016D00003F0B4FDDFF8982800214843D168884220
:1016E00002D2D068401ED060FFE7FFE76EE0D878F6
:1016F00000280CD118799979884202D21879401CB7
:101700001871F1220021981C01F084FC5DE0187929
:10171000212806D059D323282DD015D324283DD0F5
:1017200053E0D878002802D0012801D00BE00AE06D
:10173000DFF83C082D49496DC268914202DAC16860
:10174000491EC160FFE740E0D878002802D0012898
:1017500001D00FE00EE02548007B03F06FFDDFF8BD
:10176000102800214843D168884202D2D068401E28
:10177000D060FFE729E0D878002802D0012801D006
:101780000BE00AE0DFF8E8071849C96DC26891422A
:1017900002DAC168491EC160FFE716E0D878002868
:1017A00002D0012801D00FE00EE01048007B03F0CA
:1017B00045FDDFF8BC2700214843D168884202D2AA
:1017C000D068401ED060FFE7FFE7FFE710BD0000D4
:1017D000140C0020A80600201827002064280020F0
:1017E00054280020000000200C2800207C0000204D
:1017F0007FB5DFF88047A078002814D0022816D0E3
:1018000012D3042800F0898014D3062800F00E8239
:10181000C0F09981082800F09583C0F0B2820928B1
:1018200000F09783A2E3A1E30020A0709EE30020D4
:10183000A0709BE320790E2802D00F2836D06BE0F1
:10184000E078002802D0012816D02EE0A51CF12057
:101850000390002002900C200190072000900723A5
:1018600000220221280001F0F8FB0622290014F1D1
:10187000080000F001FE18E0A51C0622290014F162
:10188000080000F0F9FDF1200390DFF8EC0602906B
:101890000F2001900E2000900E23E078421ED2B25D
:1018A0000321280001F0D9FBFFE735E0E0780028AC
:1018B00002D0012816D02EE0A51CF12003900020B4
:1018C00002900C20019007200090072300220221A3
:1018D000280001F0C2FB0622290014F1080000F0E4
:1018E000CBFD18E0A51C0622290014F1080000F029
:1018F000C3FDF1200390DFF8840602900F200190D1
:101900000E2000900F23E078421ED2B2032128005F
:1019100001F0A3FBFFE7FFE728E3207913280BD0B2
:10192000C0F01081152800F07F8041D3172800F007
:10193000F380C0F0B58005E1E078002802D00128EE
:1019400016D034E0A51CF1200390002002900C205A
:10195000019007200090082300220221280001F0B6
:101960007CFB0622290014F1080000F085FD1EE032
:10197000A61C0622310014F1080000F07DFDDFF8FE
:101980000056F120039015F13400029017200190C9
:10199000132000901323E078421ED2B204213000BD
:1019A00001F05BFBDFF8C805C0686863FFE7C9E0CA
:1019B000E078002802D0012816D034E0A51CF120E0
:1019C0000390002002900C20019007200090082333
:1019D00000220221280001F040FB0622290014F118
:1019E000080000F049FD1EE0A61C0622310014F19B
:1019F000080000F041FDDFF88855F120039015F153
:101A00003800029017200190132000901423E078F2
:101A1000421ED2B20421300001F01FFBDFF8500556
:101A2000C068A863FFE78DE0E078002802D00128B5
:101A300016D034E0A51CF1200390002002900C2069
:101A4000019007200090082300220221280001F0C5
:101A500004FB0622290014F1080000F00DFD1EE031
:101A6000A61C0622310014F1080000F005FDDFF885
:101A70001055F120039015F13C00029017200190C1
:101A8000132000901523E078421ED2B204213000CA
:101A900001F0E3FADFF8D804C068E863FFE751E03B
:101AA000E078002802D0012816D034E0A51CF120EF
:101AB0000390002002900C20019007200090082342
:101AC00000220221280001F0C8FA0622290014F1A0
:101AD000080000F0D1FC1EE0A61C0622310014F123
:101AE000080000F0C9FCDFF89854F120039015F1CC
:101AF0004000029017200190132000901623E078F8
:101B0000421ED2B20421300001F0A7FADFF86004CF
:101B1000C0682864FFE715E0A51CF12003900020B1
:101B200002900C200190072000900823002202213F
:101B3000280001F092FA0622290014F1080000F0B2
:101B40009BFCFFE712E22079192802D01B2836D02F
:101B50006BE0E078002802D0012816D02EE0A51C0A
:101B6000F1200390002002900C20019007200090AB
:101B7000092300220221280001F06FFA0622290021
:101B800014F1080000F078FC18E0A51C06222900DA
:101B900014F1080000F070FCF1200390DFF8E4037A
:101BA00002901B200190192000901923E078421E1A
:101BB000D2B20521280001F050FAFFE735E0E078C5
:101BC000002802D0012816D02EE0A51CF120039099
:101BD000002002900C200190072000900923002291
:101BE0000221280001F039FA0622290014F1080028
:101BF00000F042FC18E0A51C0622290014F10800A0
:101C000000F03AFCF1200390DFF87C0302901B20E7
:101C10000190192000901B23E078421ED2B20521CA
:101C2000280001F01AFAFFE7FFE79FE120791D285D
:101C300005D0C0F0A5801F286DD037D3A0E0E07894
:101C4000002802D0012816D02FE0A51CF120039017
:101C5000002002900C200190072000900A2300220F
:101C60000221280001F0F9F90622290014F10800E8
:101C700000F002FC19E0A51C0622290014F108005E
:101C800000F0FAFBC14EF120039002961F20019054
:101C90001D2000901D23E078421ED2B206212800AC
:101CA00001F0DBF9B648C664FFE769E0E078002898
:101CB00002D0012816D02DE0A51CF12003900020B1
:101CC00002900C200190072000900A23002202219C
:101CD000280001F0C2F90622290014F1080000F0E2
:101CE000CBFB17E0A51C0622290014F1080000F028
:101CF000C3FBF1200390A64802901F2001901D20F5
:101D000000901E23E078421ED2B20621280001F086
:101D1000A4F9FFE734E0E078002802D0012816D0CB
:101D20002DE0A51CF1200390002002900C200190D2
:101D3000072000900A2300220221280001F08DF9DB
:101D40000622290014F1080000F096FB17E0A51CFC
:101D50000622290014F1080000F08EFBF120039008
:101D60008C4802901F2001901D2000901F23E078D6
:101D7000421ED2B20621280001F06FF9FFE7FFE70B
:101D8000F4E02079212808D0C0F0DB8023286ED031
:101D900038D3242800F0A080D3E0E078002802D0D7
:101DA000012816D02DE0A51CF12003900020029000
:101DB0000C200190072000900B2300220221280014
:101DC00001F04BF90622290014F1080000F054FB41
:101DD00017E0A51C0622290014F1080000F04CFBB6
:101DE000F12003906C480290242001902120009063
:101DF0002123E078421ED2B20721280001F02DF9FC
:101E0000FFE79EE0E078002802D0012816D02DE000
:101E1000A51CF1200390002002900C2001900720C7
:101E200000900B2300220221280001F016F906225F
:101E3000290014F1080000F01FFB17E0A51C062282
:101E4000290014F1080000F017FBF120039053481B
:101E5000029024200190212000902223E078421E4D
:101E6000D2B20721280001F0F8F8FFE769E0E07836
:101E7000002802D0012816D02DE0A51CF1200390E7
:101E8000002002900C200190072000900B230022DC
:101E90000221280001F0E1F80622290014F10800CF
:101EA00000F0EAFA17E0A51C0622290014F1080048
:101EB00000F0E2FAF12003903948029024200190CA
:101EC000212000902323E078421ED2B2072128006F
:101ED00001F0C3F8FFE734E0E078002802D00128E1
:101EE00016D02DE0A51CF1200390002002900C20BC
:101EF0000190072000900B2300220221280001F00E
:101F0000ACF80622290014F1080000F0B5FA17E039
:101F1000A51C0622290014F1080000F0ADFAF120FA
:101F20000390204802902420019021200090242337
:101F3000E078421ED2B20721280001F08EF8FFE7B8
:101F4000FFE713E0062214F10801A01C00F094FA48
:101F50000CE00B4D2878022807D0062214F1080166
:101F6000A01C00F089FA00202870FFE77FBD000068
:101F70000C280020542800207D0000208000002034
:101F80007C000020A4000020AC000020802800205D
:101F9000C0000020C4000020CC000020D0000020A1
:101FA000D4000020D8000020F8B403000025086801
:101FB000E840002800F0D78001260F6816FA05F0E7
:101FC00007403A00002A00F0CC80087910F00300A6
:101FD000012804D0087910F0030002281DD19F6861
:101FE0005FF0030C2800C0B240001CFA00FC37EA86
:101FF0000C07D1F80CC02800C0B240001CFA00FC4D
:102000005CEA07079F605868AE40B0434E68C6F36D
:102010000016AE40304304005C60087910F0030005
:1020200003280ED0DE6803272800C0B24000874096
:10203000BE438F682800C0B2400087403E43340052
:10204000DC60087910F00300022818D12800C008CD
:1020500003EB8000066A0F2715F00700C0B280006E
:102060008740BE430F6915F00700C0B2800087406B
:102070003E4334002800C00803EB800004621E6861
:1020800003272800C0B240008740BE430F7917F0F5
:1020900003072800C0B2400087403E4334001C6064
:1020A000486810F4403F5CD09548066856F0010639
:1020B0000660006810F0010000900098914F280021
:1020C000800857F820605FF00F0C15F00300C0B2D5
:1020D00080001CFA00FC36EA0C06B3F1904F01D1E7
:1020E000002414E08848834201D101240FE087488E
:1020F000834201D102240AE08548834201D10324AE
:1021000005E08448834201D1042400E0072415F04F
:102110000300C0B28000844026432800800847F8AE
:1021200020607D4C206890434F68FF0200D510432B
:1021300020607A4E346894434F68BF0200D5144340
:102140003460774E306890434F68BF0300D510432A
:102150003060744E346894434F68FF0300D51443D5
:1021600034606D1C23E7F1BC70472DE9F04103009A
:1021700000250800E840002800F0A880012616FA93
:1021800005F008400200002A00F09E80DFF874C1CC
:10219000280080085CF820000F2715F0030E5FFA76
:1021A0008EFE5FEA8E0E17FA0EFE1EEA0000040095
:1021B000B3F1904F02D15FF0000E19E05248834214
:1021C00002D15FF0010E13E05048834202D15FF06C
:1021D000020E0DE04E48834202D15FF0030E07E08D
:1021E0004C48834202D15FF0040E01E05FF0070E1D
:1021F00015F00300C0B280001EFA00FE74452CD119
:102200004848D0F800E03EEA020EC0F800E044483A
:10221000D0F800E03EEA020EC0F800E03F48D0F8F7
:1022200000E03EEA020EC0F800E03B48D0F800E0D3
:102230003EEA020EC0F800E015F00300C0B28000D4
:1022400017FA00F00400280080085CF82000A04382
:10225000AE465FEA9E0E4CF82E005FF0030C186845
:10226000AE465FFA8EFE5FEA4E0E1CFA0EFE5EEA86
:10227000000018602800C00803EB800E2800C0088A
:1022800003EB8000D0F8208015F00700C0B280007A
:10229000874038EA0707CEF8207098682F00FFB211
:1022A0007F001CFA07F7B84398605868AE4030EAE0
:1022B00006065E60DE682800C0B240001CFA00FC22
:1022C00036EA0C0CC3F80CC06D1C52E7BDE8F08177
:1022D000020010690B009BB2184201D0012000E0FF
:1022E0000020C0B270471300DBB2002B03D00B00FC
:1022F0009BB2836102E00B009BB2836270470000D7
:102300006010024008000140000400480008004836
:10231000000C004800100048080401400C04014073
:10232000040401400004014038B504000D00DFF84A
:10233000FC010168200000F006F8A84201D301204A
:1023400000E0002032BD814204D25FF0FF32101A5B
:10235000081800E0081A704738B52DED048B08EE18
:10236000100A0C001500DFED438A2800C0B2FB28DC
:1023700010DBB8EEC89A2800C0B24042C0B200F0EC
:102380008BF829EE009A00212000B0EE490A00F0F7
:10239000B1F80EE0B8EEC89A2800C0B200F07CF8A0
:1023A00089EE009A2900C9B22000B0EE490A00F077
:1023B000A1F8BDEC048B31BD10B400210A00838864
:1023C00092B29A4206D2002203680C00A4B21A55B7
:1023D000491CF3E70022828010BC704710B404004F
:1023E00013005A1E9BB2002B02D02170641CF7E729
:1023F00010BC704770B504000D001600DFF8240112
:1024000000782100C9B2884209D3DFF8242110687E
:10241000002804D0310089B228001268904770BDAE
:1024200038B504000D00280003F00EF9020092B246
:1024300029002000C0B2FFF7DDFF31BD70B50400F8
:102440000D00280003F000F9020092B229002000DC
:10245000C0B2FFF7CFFFDFF8DC603068002807D09C
:10246000280003F0F1F8010089B228003268904793
:1024700070BD00000000000030B404000D00130027
:102480005A1E9BB2002B04D02B7823706D1C641C49
:10249000F5E730BC7047000010B504002000C0B262
:1024A000FB2816DB2000C0B2D0F5807003F004F9E1
:1024B00041EC110B9FED200B03F017F953EC102B9F
:1024C0000020194903F01AF903F03CFA00EE100A53
:1024D0000FE02000C0B203F069FA41EC110B9FED50
:1024E000160B03F002F951EC100B03F02BFA00EE7F
:1024F000100A10BD38B52DED028B82B0B0EE408AC7
:1025000004000D0018EE100A03F05EFACDE9000198
:102510002A000B49200003F07BFA02B0BDEC028BCD
:1025200031BD0000180C00200000F03FD82800202A
:10253000E0280020DC2800200000000000002440EB
:1025400070FD000880B500224FF40071DFF8B80B71
:10255000FFF7C9FE00224FF400715FF09040FFF7D3
:10256000C2FE03F075FADFF8A40BDFF8A41BC16408
:10257000DFF8FC1B421CC1F85821021DC1F8702174
:1025800010F11C020A62027A81F8252010F124025F
:102590008A63827A81F83D2010F11002C1F8A021EF
:1025A000027A81F8A52110F11402C1F8B821427A0B
:1025B00081F8BD2110F13402C1F8D021027A81F8EE
:1025C000D52110F13802C1F8E821027A81F8ED2115
:1025D00010F13C02C1F80022427A81F8052210F184
:1025E0004002C1F81822427A81F81D2210F1280217
:1025F000C1F86022027A81F8652210F12C02C1F83C
:102600007822427A81F87D2210F13002C1F89022BE
:10261000827A81F8952210F14402C1F8D822C27A58
:1026200081F8DD2210F14802C1F8F022C27A81F867
:10263000F52210F15002C1F82023027B81F82523F6
:1026400010F15402C1F83823027B81F83D2310F1C8
:102650005802C1F85023027B81F8552310F15C0227
:10266000C1F86823007B81F86D03DFF8080B006870
:10267000C1F8B003DFF8000B0068C1F8E00301BD4A
:1026800038B5002000242000C0B2072835DADFF872
:10269000F05A2000C0B200012844407801282AD115
:1026A0002000C0B200012844406800280ED003F08A
:1026B00027FA2100C9B2090129444968401A2100BA
:1026C000C9B2090129448968884214D30020210035
:1026D000C9B209012944487003F012FA2100C9B2B5
:1026E0000901294448602000C0B22100C9B2090193
:1026F0002944C9688847641CC5E7002032BD38B545
:102700000400DFF8845A687800281FD100224FF4B3
:102710000071DFF8F409FFF7E6FD00224FF40071C5
:102720005FF09040FFF7DFFD03F092F98920009001
:10273000202307220521DFF8540A03F0E7F90120DE
:1027400068700221DFF8380A03F028FB012032BD4F
:102750007CB50400DFF8385A2878002803D0022816
:1027600023D003D33DE003F043FB3AE003F0B6FB94
:1027700089200090202307220521DFF8100A03F0AA
:10278000C5F9DFF8102A03212C2003F0D9FADFF86D
:10279000082A0421082003F0D3FA03F0FCFB41F2DD
:1027A0008830DFF8DC1988611BE00120DFF8D819D8
:1027B000487089200090202307220521DFF8CC09EA
:1027C00003F0A4F9DFF8B8690221300003F0E6FA5B
:1027D0000321300003F0E2FA0421300003F0DEFAB6
:1027E000FFE72878401C28702100C9B2DFF8900963
:1027F00003F0E3FA012076BD70B5040000F0BCF8E8
:10280000DFF884596878012803D1A87800F0D9FB53
:1028100004E00021DFF8680903F0C0FADFF87C0962
:10282000A9780278914207D0A9780170DFF8700981
:102830000068DFF870190860A8780A2812D1DFF85C
:1028400064694FF4FA613068FFF76EFD012809D121
:10285000DFF84C0900683060062215F10801A81C59
:10286000FFF70AFE2100C9B2DFF8140903F0A5FA48
:10287000012070BD10B50400DFF82C19DFF82C0919
:102880000069FFF751FD012827D1DFF824090178FD
:10289000012905D1002101700020DFF8EC188870B3
:1028A000DFF810090188491C018042F21071DFF83D
:1028B000D0282300DBB21B011A449268B1FBF2F16D
:1028C00002888A420DD300210180DFF8BC18887885
:1028D000002806D00020887003E00120DFF8D0181F
:1028E00008702100C9B2DFF8980803F066FA0120E9
:1028F00010BD38B50400FDF762FCDFF8B058287A47
:10290000012808D10521DFF8780803F047FADFF83D
:102910009008006828612100C9B2DFF8640803F05C
:102920004CFA012032BD10B50400FDF72FFCDFF892
:102930007C080021017000210172012010BD10B53A
:10294000040000224FF40051DFF8BC07FFF7CBFC76
:10295000012010BD10B5040001224FF40051DFF832
:10296000A807FFF7C0FCDFF81808210089B28166CC
:10297000062103F022FA10BD38B5DFF89047DFF8E2
:102980003808E16C097850F82100DFF8E417C1F845
:10299000C002DFF8280801786170DFF82418407859
:1029A00051F820006060207A02F048FC00EE100A26
:1029B000DFF81058B8EE400AD5ED010A20EE200AE3
:1029C000BDEEC00A84ED040A607A02F037FC00EE26
:1029D000100AB8EE400AD5ED020A20EE200ABDEE3C
:1029E000C00A84ED050AA07A02F028FC00EE100A65
:1029F000B8EE400AD5ED030A20EE200ABDEEC00A6B
:102A000084ED060A207A02F019FC00EE100AB8EEF6
:102A1000400AD5ED040A20EE200ABDEEC00A84ED7E
:102A2000070A607A02F00AFC00EE100AB8EE400ACB
:102A3000D5ED050A20EE200ABDEEC00A84ED080A95
:102A4000A07A02F0FBFB00EE100AB8EE400AD5EDCA
:102A5000060A20EE200ABDEEC00A84ED090A207A9B
:102A600002F0ECFB00EE100AB8EE400AD5ED070AC2
:102A700020EE200ABDEEC00A84ED0A0A607A02F058
:102A8000DDFB00EE100AB8EE400AD5ED080A20EE94
:102A9000200ABDEEC00A84ED0B0AA07A02F0CEFB3C
:102AA00000EE100AB8EE400AD5ED090A20EE200A21
:102AB000BDEEC00A84ED0C0AE07A02F0BFFB00EE26
:102AC000100ADFF84C56B8EE400AD5ED020A20EEA7
:102AD000200ABDEEC00A84ED110AE07A02F0AEFBD6
:102AE00000EE100AB8EE400AD5ED010A20EE200AE9
:102AF000BDEEC00A84ED120A207B02F09FFB00EEBF
:102B0000100ADFF8C456B8EE400AD5ED000A20EEF0
:102B1000200ABDEEC00A84ED140A207B02F08EFB71
:102B200000EE100AB8EE400AD5ED010A20EE200AA8
:102B3000BDEEC00A84ED150A207B02F07FFB00EE9B
:102B4000100AB8EE400AD5ED020A20EE200ABDEECA
:102B5000C00A84ED160A207B02F070FB00EE100A1A
:102B6000B8EE400AD5ED030A20EE200ABDEEC00AF9
:102B700084ED170A31BD2DE9F84F8AB006002021F7
:102B8000002202AC200003F073FA0024002500208C
:102B90008DF8050000208DF806001827DFF8D08595
:102BA0003000C0B27843404490F815903000C0B275
:102BB000784340444068002842D001213000C0B230
:102BC00000F0A9F900280ED13000C0B2784340448B
:102BD00042683000C0B278434044017D4846C0B2EC
:102BE00003F0AEF81EE05FF0000A3000C0B2784398
:102BF0004044406802F028FD5146C9B2814207D2E4
:102C0000202002A95246D2B288541AF1010AECE7F8
:102C100002AA3000C0B278434044017D4846C0B2A9
:102C200003F08EF83000C0B278434044406802F0B0
:102C30000BFDDFF898150979491C484310FA89F90A
:102C40003000C0B2784340448068002800F03A81E8
:102C50003000C0B278434044007B00280BD00228EB
:102C60001ED012D3042830D024D3062845D036D322
:102C700007283ED044E03000C0B27843404480682A
:102C80000078002104000D003AE03000C0B2784323
:102C90004044806890F90000C11704000D002FE047
:102CA0003000C0B2784340448068008800210400AE
:102CB0000D0025E03000C0B2784340448068B0F990
:102CC0000000C11704000D001AE03000C0B27843C4
:102CD000404480680068002104000D0010E03000CE
:102CE000C0B27843404480680068C11704000D00FA
:102CF00006E001208DF8050002E002208DF80500B5
:102D00009DF8050000280CD13000C0B27843404443
:102D1000407B40420200D2B202A92000FFF71CFB18
:102D200026E09DF8050001281AD13000C0B2784392
:102D30004044806802F088FC202819D23000C0B2DC
:102D400078434044806802F07FFC020092B2300079
:102D5000C0B278434044816802A8FFF78DFB07E0CA
:102D60003000C0B278434044806800788DF8080095
:102D700002213000C0B200F0CEF8012823D130008B
:102D8000C0B278434044807DC0B200098DF806008F
:102D90009DF806000F2805D0202002A99DF80620E6
:102DA000885410E05FF0000A02A802F04DFC514682
:102DB000C9B2814207D2202002A95246D2B2885419
:102DC0001AF1010AF0E73000C0B201285ED15FF0CD
:102DD000000A00208DF804003000C0B2784340445F
:102DE000407B002802D009208DF804003920009093
:102DF0002E2315220F21DFF8D80303F06DF902A866
:102E000002F022FC8346DFF8C4030079401C00FB7B
:102E10000BFB5846C0B2022190FBF1F01F280BDAE1
:102E20005846C0B2022190FBF1F0D0F140009DF86D
:102E3000041050FA81FA07E05846C0B2D0F15F00A2
:102E40009DF8041050FA81FA02AA3000C0B278430B
:102E50004044007D401CC0B2DFF870134979D1EBCB
:102E6000C001491EC9B25046C0B203F0DFFA5AFA97
:102E70008BF09DF80490B0EB090989200090202385
:102E800007220521C14802F041FE1BE08920009085
:102E9000202307220521BD4802F038FE02AA300097
:102EA000C0B278434044017D4846C0B202F048FFBA
:102EB00002A802F0C9FBC5490979491C484310FA28
:102EC00089F081463000C0B2784340440069002850
:102ED0001ED03000C0B2784340448068002817D02C
:102EE0003000C0B2784340448068BA4988420FD06D
:102EF0003000C0B27843404402693000C0B207FBE2
:102F000000F708EB0700017D4846C0B202F018FF49
:102F10000BB0BDE8F08FF8B504000D009449220015
:102F2000D2B21820424301EB0200817D2800C0B2DA
:102F300001402800C0B281422FD1B026A64F4FF4E5
:102F400096712800C0B2704338442200D2B250F8C3
:102F50002200FFF7E9F901282AD12800C0B206FBB8
:102F600000F607EB06002100C9B28D4A126840F84E
:102F700021202C2099492A00D2B242430A4423003E
:102F8000DBB22E00F6B200FB06F008442100C9B205
:102F9000405CD0F10100D0540AE090492A00D2B23E
:102FA0002C20424301EB02002100C9B2002242540E
:102FB0008A49EDB22C20454301EB0500E4B2005DE7
:102FC000F2BD70B50400002602F088FF00F077F82B
:102FD0002000C0B200F07DF82000C0B200F09AF8E6
:102FE0000025280080B22C2811DA61492A0092B20B
:102FF0001820424301EB0200C07D2100C9B2884283
:1030000003D12800C0B2FFF7B6FD6D1CE9E702F05E
:10301000C2FF70BDF0B44271C47803792500EDB2EF
:10302000AB420AD3F025524E2700FFB218235F436C
:1030300006EB07039D75641CEFE718234C4C85785D
:103040005D4325444679AE75002904D0857803FB9D
:1030500005F323449960F0BC70472DE9F84F070051
:10306000884691469A460A9E0B9DDDF830B00D9C2D
:1030700087F8008087F8019087F802A0FE703D7104
:103080002200D2B259463800FFF7C4FFBDE8F18FE5
:1030900010B4010000221000C0B204280CD21000AD
:1030A000C0B2085C4E4B1400E4B21B5D984201D0E4
:1030B000002002E0521CEEE7012010BC704780B5F2
:1030C0000120009008237F220821002003F032FA1B
:1030D00001BD10B504002000C0B2002812D139484B
:1030E0000078002807D125A2214890F844107820C4
:1030F00002F026FE06E023A21D4890F84410782036
:1031000002F01EFE10BD0000000800487C000020F8
:10311000802800200100C9B2092924D13149097849
:10312000002906D002290ED008D3042915D00FD3C8
:1031300018E02D490E4AC2F8F81318E02B490C4A42
:10314000C2F8F81313E02A49094AC2F8F8130EE04E
:103150002849074AC2F8F81309E02749044AC2F887
:10316000F81304E003E02049014AC2F8F81370475D
:1031700040010020F8050020DC00002020000000B5
:103180000C0000204E0000005428002098F1000898
:10319000F928002010FB000800F70008FA2800209A
:1031A000D8280020A8280020C02709000C280020CB
:1031B000FB280020EC28002038010020140C0020FF
:1031C000A80600201827002064280020742800206A
:1031D00070EF0008160C0020CC180020742200208C
:1031E000E40000207C000020E8000020F80000201F
:1031F00008010020180100202801002010B504005B
:103200000121DFF8980C02F0D8FD012010BD30B587
:1032100087B004001421002202AD280002F028FF2C
:10322000DFF8C00BD0E90023CDE9002302A800900D
:10323000DFF8B45B2978684600F0DDF9287868701B
:10324000BDF80410009800F004FE00202870DFF89C
:103250004C5C0221280002F0A1FD0321280002F0AD
:10326000ACFD2100C9B2280002F0A7FD012007B083
:1032700030BD10B50400DFF82C1C8888002810D061
:10328000DFF8240C02888B889A4208D10021018043
:103290000321DFF8080C02F081FD012008E0898895
:1032A00001802100C9B2DFF8F40B02F086FD012095
:1032B00010BD2DE9F041040000250026DFF8E47B75
:1032C000B88803283DDB3868B988084410F8010C39
:1032D0003968BA88114411F8021C51EA00210E0025
:1032E000B988891E386803F0BFF90500280031004D
:1032F00080B289B288421DD10721DFF8A00B02F00D
:103300005CFD3868007809280DD1DFF8DC8A0121DE
:1033100098F8010000F088F998F80120D7E9000139
:1033200000F072F913E00021DFF8BC0A407800F0E9
:103330007BF90CE00021DFF8B00A407800F074F966
:1033400005E00021DFF8A00A407800F06DF9DFF811
:10335000980A407800F0B6F80221DFF8400B02F03E
:103360003EFD0120BDE8F0810100DFF8200D02786C
:10337000032A01D0042202700120704710B5040016
:103380002100C9B2DFF8140B02F017FD012010BDB7
:1033900010B50400DFF8140C0178012936D1DFF8EC
:1033A000101CC978012931D1DFF8081C91ED040AFD
:1033B000D0ED020AB4EE600AF1EE10FA08DA91EDEF
:1033C000040AD0ED010AB4EE600AF1EE10FA0ED54F
:1033D00001224FF400615FF09040FEF784FF01226C
:1033E0004FF480515FF09040FEF77DFF1CE000221B
:1033F0004FF400615FF09040FEF775FF00224FF43C
:1034000080515FF09040FEF76EFF0DE000224FF418
:1034100000615FF09040FEF766FF00224FF480519C
:103420005FF09040FEF75FFFDFF8700A4FF47A71AB
:1034300081662100C9B202F0C0FC012010BD38B580
:103440000400DFF84C1C087800281FD10120087008
:10345000DFF8405C012210212800FEF744FF002223
:1034600008212800FEF73FFF00220421DFF8280C86
:10347000FEF739FF4FF4FA60DFF8201A886703F08F
:10348000D5FA03F07EFC03F06DFC12E0002008701A
:1034900001220821DFF8FC0BFEF725FF01220421A1
:1034A000DFF8F40BFEF71FFF4EF66020DFF8EC1993
:1034B00088672100C9B2DFF8E40902F07EFC012030
:1034C00032BD000038B52DED028B04009FEDB48AAB
:1034D0002000C0B2002868D1DFF8D85A95ED010A63
:1034E000DFEDB00A20EE200ABDEEC00A10EE100A91
:1034F00000F0EAFA85ED010A95ED010A00F052FBB1
:1035000085ED040A95ED030A00F0ACFB85ED060A93
:1035100095ED020A00F0A8FB85ED050A95ED060A77
:10352000D5ED090A30EE200ADFF8400CD0ED020A92
:10353000F4EE400AF1EE10FA02D5D0ED020A0BE0EB
:10354000D0ED030AB4EE600AF1EE10FA02D5D0ED28
:10355000030A01E0F0EE400AC5ED060AD5ED050AC2
:1035600095ED081A70EE810AC5ED050AD5ED040A3D
:1035700095ED071A30EE818AD0ED000AF4EE480A84
:10358000F1EE10FA02D590ED000A0BE090ED010A81
:10359000B4EE408AF1EE10FA02D590ED010A01E096
:1035A000B0EE480A85ED040AFFE7DFF8085A2878EC
:1035B000002807D10020686095ED010A00F0F2FABA
:1035C00085ED040A2878002807D10020E86095EDF1
:1035D000030A00F047FB85ED060A2878002807D18A
:1035E0000020A86095ED020A00F0DCFA85ED050ADE
:1035F000BDEC028B31BD38B504000D002900C9B205
:10360000200000F01BF831BD70B504000D0016005D
:1036100020000078C0B2092805D13200D2B22000C3
:10362000290000F0C1F870BD38B504000D00290074
:10363000C9B22000C0B200F0BBF931BD3EB50400F4
:103640000D002800C0B200280FD0022820D015D3CA
:10365000042831D026D306284DD037D3082874D07B
:103660005ED3092800F0868099E0062000900023B0
:1036700003220921200003F015F890E001200090BA
:103680004FF4805303220921200003F00BF886E059
:103690000120009041F2040303220921200003F0DD
:1036A00001F87CE0012000904FF4815303220921AE
:1036B000200002F0F7FF72E00120009041F22403A5
:1036C00003220921200002F0EDFF68E0DFF8080E78
:1036D000818802290ED1016801918088022190FB26
:1036E000F1F080B200904FF48053062209212000AF
:1036F00003F026F853E0DFF8E00D818802290ED1AF
:10370000016801918088022190FBF1F080B2009065
:1037100041F2040306220921200003F011F83EE0E3
:10372000DFF8B40D818802290ED1016801918088EB
:10373000022190FBF1F080B200904FF481530622F9
:103740000921200002F0FCFF29E0DFF88C0D8188C0
:1037500002290ED1016801918088022190FBF1F0CD
:1037600080B2009041F2240306220921200002F0D9
:10377000E7FF14E0DFF8600D818802290ED10168AF
:1037800001918088022190FBF1F080B2009042F21A
:10379000200306220921200002F0D2FFFFE737BDF7
:1037A000000000000000C8422DE9F0472DED048B19
:1037B00084B004000D0092460020ADF808009FED93
:1037C000988A00265046C0B2002810D0401E00F053
:1037D0008B80401E00F09F80401E00F0B380401E92
:1037E00000F0C780401E042840F2DA80DBE00320AE
:1037F000ADF80800022202A9200000F0F7FA08EE56
:10380000900A022202A9200000F0F0FA8146DFF8B7
:10381000A477B8EE680A10EE100A02F0D5F8CDE9E8
:103820000001484602F0C2F841EC110B9FED7D0B00
:1038300001F05BFF53EC102BDDE9000101F05EFFAE
:1038400002F080F87860022202A9200000F0CEFA8F
:1038500009EE100A022202A9200000F0C7FA8046F1
:10386000B8EE490A10EE100A02F0AEF8CDE90001F8
:10387000404602F09BF841EC110B9FED6A0B01F002
:1038800034FF53EC102BDDE9000101F037FF02F0AB
:1038900059F8F860022202A9200000F0A7FA00EE11
:1038A000100AB0EE408A022202A9200000F09EFA1F
:1038B0000600B8EE480A10EE100A02F085F8CDE9CD
:1038C0000001300002F072F841EC110B9FED550B36
:1038D00001F00BFF53EC102BDDE9000101F00EFFAE
:1038E00002F030F8B8605EE00320ADF80800022274
:1038F00002A9200000F07AFA00EE100AB0EE408A29
:10390000B8EE480AF2EE040A80EE200ADFF8A406B8
:1039100080ED0A0A47E00320ADF80800022202A960
:10392000200000F063FA00EE100AB0EE408AB8EE14
:10393000480AF2EE040A80EE200ADFF8780680EDED
:103940000B0A30E00320ADF80800022202A9200093
:1039500000F04CFA00EE100AB0EE408AB8EE480AC9
:10396000F2EE040A80EE200ADFF8480680ED0C0A29
:1039700019E00320ADF80800022202A9200000F09F
:1039800035FA00EE100AB0EE408AB8EE480AF2EEC0
:10399000040A80EE200ADFF81C0680ED0D0A02E022
:1039A00000F0C2F9FFE704B0BDEC048BBDE8F0877E
:1039B0000200D2B2002A092A1BD80A00D2B2012A78
:1039C0000ED1DFF8F025002353700123137002009D
:1039D000D2B2002A0CD10122DFF8D435DA7007E028
:1039E000DFF8D0255378032B02DA53785B1C537031
:1039F000FFE7DFF8C0355A78002A10D05A78032A3A
:103A00000DDB00221A7000225A600022DA600022C8
:103A10009A620022DA620022DFF89435DA70704789
:103A20000000000000000000000024402DE9F041EB
:103A300000242500EDB20A2D43DA00252E00F6B24F
:103A4000092E3CDA2E00F6B201EB860676682F00CE
:103A5000FFB251F82770BE422FDA00262F00FFB2C6
:103A600051F82770AC465FFA8CFC01EB8C0CDCF84B
:103A700004C0AE465FFA8EFE41F82EC0AC465FFA37
:103A80008CFC01EB8C0CCCF80470AC465FFA8CFC1F
:103A900050F82CC0AE465FFA8EFE00EB8E0EDEF8BC
:103AA00004E0A8465FFA88F840F828E0AE465FFADE
:103AB0008EFE00EB8E0ECEF804C06D1CBEE7641CBB
:103AC000B7E7BDE8F081000038B52DED028B0400AA
:103AD0009FED9B8ADFF8501B087800282AD101202F
:103AE000087000210800C0B20A2815DA0800C0B228
:103AF000DFF8382B0B00DBB242F82300DFF8302B65
:103B00000800C0B252F82000002803D10800C0B25B
:103B100042F82040491CE5E7DFF8145B0923002246
:103B20002900DFF8080BFFF781FF95ED050AB8EED5
:103B3000C00A30E000200100C9B20A291EDADFF80D
:103B4000EC1A0200D2B251F82220092A0BD100222D
:103B50000300DBB241F82320DFF8D41A0200D2B20E
:103B600041F8224008E00200D2B251F82220521C53
:103B70000300DBB241F82320401CDCE7DFF8B05A39
:103B8000092300222900DFF8A40AFFF74FFF95ED73
:103B9000050AB8EEC00ADFEDBF0A80EE200ABDECD0
:103BA000028B31BDF0EE400A9FED8B1A9FED8B3AF0
:103BB000DFED633AF5EE400AF1EE10FA40D0F0EE98
:103BC000603A9FED870ADFF8280C90ED004A34EE4A
:103BD000634AB4EE404AF1EE10FA08DA90ED004A7A
:103BE00033EEC44AB4EE404AF1EE10FA03DB9FED27
:103BF000AA0A21EE001ADFF8240B90ED000AF0EE7D
:103C0000401ADFF81C1B91ED000A30EE010AB0EEFD
:103C1000402A32EE030A82EE000AF0EE402A33EE2A
:103C2000E10AB0EE614A00EE224A80ED004AB7EEAA
:103C3000000A30EE620A20EE020A81ED000A08E076
:103C4000DFF8DC0A5FF07E510160DFF8D00A002166
:103C50000160DFF8C80ADFF8981B02680A6090ED7F
:103C6000000A704770470000F0EE400A9FED5A1AB4
:103C70009FED5A3ADFED323AF5EE400AF1EE10FAD6
:103C800040D0F0EE603A9FED860ADFF8680B90EDC9
:103C9000004A34EE634AB4EE404AF1EE10FA08DA14
:103CA00090ED004A33EEC44AB4EE404AF1EE10FA09
:103CB00003DB9FED790A21EE001ADFF83C0B90ED53
:103CC000000AF0EE401ADFF8341B91ED000A30EEE6
:103CD000010AB0EE402A32EE030A82EE000AF0EE4C
:103CE000402A33EEE10AB0EE614A00EE224A80ED4E
:103CF000004AB7EE000A30EE620A20EE020A81EDB9
:103D0000000A08E0DFF8F40A5FF07E510160DFF896
:103D1000E80A00210160DFF8E00ADFF8D81A02683B
:103D20000A6090ED000A704780B50320D7490870FB
:103D300004215A4802F053F83220FEF70BFE01BD71
:103D40000000000080B5DFF8B80A00782649087046
:103D50000220CE4908700421504802F02EF801BD1F
:103D60002DE9F04104000D0016002F00DFF86887F0
:103D70004046FEF721FB300080B2022802D0042822
:103D80000BD01DE07878D8F8001008703878D8F893
:103D900000104870A8F8046015E07878D8F8001092
:103DA00008703878D8F800104870F878D8F8001003
:103DB0008870B878D8F80010C870A8F8046002E0DD
:103DC0000020A8F80400DFF8380A04700120DFF8AA
:103DD000341A0870BDE8F08195BFD63317B7D138D3
:103DE0000100204128FD0008F4280020F0B4030061
:103DF00000200C881500EDB2042D16D12500ADB2BF
:103E00001D44AE782500ADB21D44ED7855EA062577
:103E10002600B6B29E5D2700BFB21F447F7857EAE6
:103E2000062757EA054738000DE01500EDB2022DD0
:103E300009D12500ADB25D5D2600B6B21E4476788C
:103E400056EA052630000D8855FA82F50D80F0BC43
:103E5000704770B504000D00DFF8AC6901224FF423
:103E600080513000FEF73FFA0A2002F0ADFF02F069
:103E700071FF4FF47A732A0092B22100DFF88C09A7
:103E800002F0F3FF00224FF480513000FEF72BFACE
:103E900070BD00000000C84200007A441C070020EA
:103EA000CDCC4C3EC40B0020F22800202DE9F04779
:103EB0002DED048B8EB0B0EE409AB0EE608AF0EE3D
:103EC000418A322100226C46200002F0D1F8002401
:103ED000002500260027DFF8DCA08AED079A8AED8E
:103EE000088ACAED098A9AED070A01F09BFB804611
:103EF0009AED080A01F096FB81469AED090A01F055
:103F000091FB824668464146090E2200D2B2815496
:103F1000641C4146090C2200D2B28154641C414603
:103F2000090A2200D2B28154641C2100C9B200F8EF
:103F30000180641C4946090E2200D2B28154641CDF
:103F40004946090C2200D2B28154641C4946090A30
:103F50002200D2B28154641C2100C9B200F8019041
:103F6000641C5146090E2200D2B28154641C514691
:103F7000090C2200D2B28154641C5146090A220065
:103F8000D2B28154641C2100C9B200F801A0641CA3
:103F90002200D2B292B26946DFF8740803F082FFC1
:103FA0000EB0BDEC048BBDE8F08700008028002037
:103FB000BC28002018270020F8B500240025002682
:103FC000DFF84C080078C0B2FF2856D0DFF844086C
:103FD0000178C9B20906DFF840080078C0B251EA9A
:103FE0000041DFF838080078C0B251EA0021DFF85C
:103FF00030080078C0B201430C00DFF828080178CF
:10400000C9B20906DFF820080078C0B251EA0041C1
:10401000DFF818080078C0B251EA0021DFF8100874
:104020000078C0B201430D00DFF808080178C9B27A
:104030000906DFF804080078C0B251EA0041DFF851
:10404000FC070078C0B251EA0021DFF8F4070078DD
:10405000C0B201430E00DFF8EC7717F11C0120001D
:1040600001F008FA17F12001280001F003FA17F116
:104070002401300001F0FEF907E0DFF8C807002155
:10408000C1610021016200214162F1BD7C0000207C
:104090000129002000040048000C00482DE9F047E9
:1040A0002DED028B8EB00400F0EE408AB0EE608AF7
:1040B000322100226D46280001F0DAFF002500269B
:1040C0000027DFF884A78AF800408AED028ACAED4B
:1040D000018A9AED020A01F0A5FA80469AED010ADA
:1040E00001F0A0FA814668469AF800102A00D2B280
:1040F00081546D1C4146090E2A00D2B281546D1CB8
:104100004146090C2A00D2B281546D1C4146090A6D
:104110002A00D2B281546D1C2900C9B200F8018076
:104120006D1C4946090E2A00D2B281546D1C4946C5
:10413000090C2A00D2B281546D1C4946090A2A0092
:10414000D2B281546D1C2900C9B200F801906D1CD7
:104150002A00D2B292B26946DFF8F00603F0A2FE5E
:104160000EB0BDEC028BBDE8F08700006428002093
:1041700070B500240025DFF8D4060078C0B2FF280F
:104180003DD0DFF8C466DFF8C80600783070DFF88D
:10419000C4060178C9B20906DFF8BC060078C0B2CF
:1041A00051EA0041DFF8B4060078C0B251EA0021BC
:1041B000DFF8AC060078C0B201430C00DFF8A406BB
:1041C0000178C9B20906DFF8A0060078C0B251EA4A
:1041D0000041DFF898060078C0B251EA0021DFF80C
:1041E00090060078C0B201430D0016F108012000CE
:1041F00001F040F9311D280001F03CF908E0DFF83A
:10420000480600210170DFF86C16816000214160D2
:1042100070BD2DE9F84F2DED048B8EB0F0EE409A75
:10422000B0EE608AF0EE418AB0EE619A322100224F
:1042300001AC200001F01CFF5FF0000B002000909B
:10424000002400250026DFF830A6CAED009A8AED8A
:10425000018ACAED028A8AED039A9AED000A01F0FA
:10426000E1F907009AED010A01F0DCF980469AEDC8
:10427000020A01F0D7F981469AED030A01F0D2F95A
:10428000824601A83900090E5A46D2B281541BF168
:10429000010B3900090C5A46D2B281541BF1010BB3
:1042A0003900090A5A46D2B281541BF1010B594612
:1042B000C9B247541BF1010B4146090E5A46D2B20E
:1042C00081541BF1010B4146090C5A46D2B281546C
:1042D0001BF1010B4146090A5A46D2B281541BF127
:1042E000010B5946C9B200F801801BF1010B494688
:1042F000090E5A46D2B281541BF1010B4946090CF2
:104300005A46D2B281541BF1010B4946090A5A465A
:10431000D2B281541BF1010B5946C9B200F8019089
:104320001BF1010B5146090E5A46D2B281541BF1C2
:10433000010B5146090C5A46D2B281541BF1010BB4
:104340005146090A5A46D2B281541BF1010B594613
:10435000C9B200F801A01BF1010B5A46D2B292B2C9
:1043600001A9DFF8180503F09DFD0EB0BDEC048B2C
:10437000BDE8F18F2DE9F04100240025002600273B
:10438000DFF8F8040078C0B2FF2871D0DFF8F0043D
:104390000178C9B20906DFF8EC040078C0B251EA2E
:1043A0000041DFF8E4040078C0B251EA0021DFF8F0
:1043B000DC040078C0B201430C00DFF8D4040178BB
:1043C000C9B20906DFF8CC040078C0B251EA004156
:1043D000DFF8C4040078C0B251EA0021DFF8BC0461
:1043E0000078C0B201430D00DFF8B4040178C9B20F
:1043F0000906DFF8B0040078C0B251EA0041DFF8E6
:10440000A8040078C0B251EA0021DFF8A0040078C7
:10441000C0B201430E00DFF898040178C9B2090662
:10442000DFF890040078C0B251EA0041DFF8880458
:104430000078C0B251EA0021DFF880040078C0B2F1
:1044400001430F00DFF830844146200001F012F8EC
:1044500018F10401280001F00DF818F108013000EE
:1044600001F008F818F10C01380001F003F80BE036
:10447000DFF80404DFF8FC13016000214160DFF87D
:10448000401481600021C160BDE8F08178B591B031
:1044900004000D003C21002202AE300001F0E8FDD6
:1044A0000020ADF804000321052000F0B6FC0B202D
:1044B00000900023DFF80C2401A902A800F0C4FF3B
:1044C0004FF47A73BDF8042002A9DFF8FC0302F070
:1044D000CCFC12B070BD00009C07002078B591B0F4
:1044E00004000D003C21002202AE300001F0C0FDAE
:1044F0000020ADF80400C64803F0A4FCD34803F044
:10450000A1FCD14800210170DFF86813816000210F
:1045100041600D2000900023DFF8B02301A902A81C
:1045200000F092FF4FF47A73BDF8042002A9DFF87F
:10453000980302F09AFC12B070BD38B590B0040038
:104540000D0003A8DFF88813322203F0EFFCDFF838
:104550008403D0E90023CDE9012303A801900023BF
:10456000DFF87403027802A903A800F0F8FE022025
:10457000009000237BA202A903A800F065FF4FF47E
:104580007A73BDF808200199CF4802F06EFC11B093
:1045900030BDF8B504000D000026206800783028F2
:1045A0003ADB206800783A2836DA0027002001003C
:1045B000C9B2A28889B291420FD221680200D2B258
:1045C000895C302905DB21680200D2B2895C3A2976
:1045D00000DB02E07F1C401CE9E73900C9B220681B
:1045E00000F0EAFF0600B6F5807F0DD2BA484178A8
:1045F0003000C0B200F011FC4FF47A7302227BA1AC
:10460000B14802F032FC0EE04FF47A730522B34950
:10461000AD4802F02AFC06E04FF47A730522AF4958
:10462000A94802F022FCF1BD022900207C270020CD
:10463000A427002038B590B004000D0003A8A849B5
:10464000322203F073FCA748D0E90023CDE901230F
:1046500003A801900023A048427802A903A800F013
:104660007EFE0220009000233EA202A903A800F0D3
:10467000EBFE4FF47A73BDF808200199924802F0DE
:10468000F4FB11B030BDF8B504000D000026206821
:104690000078302839DB206800783A2835DA00279E
:1046A00000200100C9B2A28889B291420FD22168CC
:1046B0000200D2B2895C302905DB21680200D2B247
:1046C000895C3A2900DB02E07F1C401CE9E73900E5
:1046D000C9B2206800F070FF06000C2E0DD2310028
:1046E000C9B27D48007800F098FB4FF47A7302223B
:1046F0003EA1754802F0B9FB0EE04FF47A73052233
:104700007649714802F0B1FB06E04FF47A73052256
:1047100072496D4802F0A9FBF1BD0000C0280020DD
:10472000A407002080B5FFF747FCFFF721FDFFF746
:1047300021FE6D486D49C0F8A4136D49C0F8B4134B
:104740006C49C0F8C4136C49C0F8D4136B49C0F865
:10475000E4136B49C0F8F41302F013FB02F002FB00
:1047600001BD00000D0A000070B5002000240025E6
:104770002800C0B2082836DA624E2800C0B2000114
:104780003044407801282CD1012004002800C0B218
:1047900000013044406800280ED001F0B1F9290032
:1047A000C9B2090131444968401A2900C9B2090156
:1047B00031448968884214D300202900C9B2090114
:1047C0003144487001F09CF92900C9B20901314413
:1047D00048602800C0B22900C9B209013144C96843
:1047E00088476D1CC4E72000C0B270BD4F4B00006D
:1047F000C4280020CC280020C8280020A8070020BA
:10480000002900207C00002000080048EC21002046
:104810000008020802080208030802080408020847
:104820000508020806080208070802080808020826
:10483000090802080A0802080B0802080C08020806
:104840000D08020818270020802800200010020808
:1048500002100208031002080410020805100208E2
:1048600006100208071002080810020809100208C2
:104870000A100208000048436428002000200208B3
:104880000220020803200208042002080520020872
:104890000620020807200208082002080920020852
:1048A0000A2002080B2002080C2002080D20020832
:1048B0000E2002080F200208102002081120020812
:1048C0000000A04228FB0008DC2000203CF8000883
:1048D00018E7000830FD0008140C002020FD000837
:1048E00010F5000838FD0008B40700208D440008CA
:1048F000DD4400083B4500089345000835460008A4
:10490000874600081C07002002000020704730B4D2
:104910000200DFF8F808002304688588635583885F
:104920005B1C8380DFF8E8381B7804688588635552
:1049300083885B1C8380012030BC7047F8B504007D
:104940000D00002000212E0022683300DBB2D25C73
:1049500023683700FFB23B445F7857EA02273A00EA
:1049600092B2B2F5807F23DA380080B200281FD0DF
:10497000DFF8980821683200D2B2895C0268838827
:10498000D1548188491C818021683200D2B21144FF
:10499000497802688388D1548188491C8180DFF876
:1049A000700841783800C0B200F037FA012000E00A
:1049B0000020F2BD30B40200DFF850080023046884
:1049C0008588635583885B1C8380DFF844385B7877
:1049D00004688588635583885B1C8380012030BC14
:1049E0007047F8B504000D00002000212E00226859
:1049F0003300DBB2D25C23683700FFB23B445F7800
:104A000057EA02273A0092B20B2A1FDADFF8FC07B6
:104A100021683200D2B2895C02688388D1548188CF
:104A2000491C818021683200D2B211444978026861
:104A30008388D1548188491C81803900C9B2DFF84C
:104A4000D007007800F0E9F9012000E00020F2BD75
:104A5000F8B504000D000026DFF8B80790ED040A51
:104A600000F0E0FD0100DFF8A4070A00120A036865
:104A70008788DA558288521C828002688388D154E4
:104A80008288521C82800A00120E03688788DA55D9
:104A90008288521C82800A00120C03688788DA55CB
:104AA0008288521C82800120F2BDF8B504000D00FE
:104AB0000026DFF8600790ED060A00F0B3FD010064
:104AC000DFF848070A00120A03688788DA558288E7
:104AD000521C828002688388D1548288521C828052
:104AE0000A00120E03688788DA558288521C828079
:104AF0000A00120C03688788DA558288521C82806B
:104B00000120F2BD30B40200DFF800070023046882
:104B10008588635583885B1C8380DFF8FC361B78AF
:104B200004688588635583885B1C8380012030BCC2
:104B30007047F8B504000D00002000212E00226807
:104B40003300DBB2D25C23683700FFB23B445F78AE
:104B500057EA02273A0092B2012A03D0380080B205
:104B6000002822D1DFF8A40621683200D2B2895C85
:104B700002688388D1548188491C81802168320071
:104B8000D2B21144497802688388D1548188491C83
:104B90008180DFF88406D0ED020A90ED010A38002A
:104BA000C0B2FFF77BFA012000E00020F2BDF8B5AB
:104BB00004000D000026DFF8600690ED020A00F008
:104BC00031FD0100DFF844060A00120A03688788F5
:104BD000DA558288521C828002688388D154828888
:104BE000521C82800A00120E03688788DA55828878
:104BF000521C82800A00120C03688788DA5582886A
:104C0000521C82800120F2BD2DE9F84304000D0002
:104C10000026002000900027A84620684146C9B21F
:104C20000844817820684246D2B21044C07850EAE5
:104C3000012021684246D2B2895C22684346DBB239
:104C40001A4492F8019059EA012959EA0049DFF81B
:104C5000BC0521684246D2B2895C02688388D1547F
:104C60008188491C818021684246D2B2114449782A
:104C700002688388D1548188491C8180216842461A
:104C8000D2B21144897802688388D1548188491C42
:104C9000818021684246D2B21144C9780268838873
:104CA000D1548188491C81806946484600F0E2FB66
:104CB000DFF86405DDED000A90ED010A0078FFF7EA
:104CC000EDF90120BDE8F283F8B504000D000026DF
:104CD000DFF8440590ED010A00F0A4FC0100DFF8C4
:104CE0002C050A00120A03688788DA558288521C4C
:104CF000828002688388D1548288521C82800A0094
:104D0000120E03688788DA558288521C82800A0056
:104D1000120C03688788DA558288521C8280012031
:104D2000F2BD2DE9F84304000D000026002000909C
:104D30000027A84620684146C9B208448178206807
:104D40004246D2B21044C07850EA0120216842465F
:104D5000D2B2895C22684346DBB21A4492F80190D1
:104D600059EA012959EA0049DFF8A00421684246BE
:104D7000D2B2895C02688388D1548188491C8180C1
:104D800021684246D2B21144497802688388D154DE
:104D90008188491C818021684246D2B211448978B9
:104DA00002688388D1548188491C818021684246E9
:104DB000D2B21144C97802688388D1548188491CD1
:104DC00081806946484600F055FBDFF84C04D0ED81
:104DD000020A9DED000A0078FFF760F90120BDE8A6
:104DE000F28370B504000D00DFF830640122202149
:104DF0003000FDF778FA0A2001F0E6FF4FF47A73ED
:104E00002A0092B22100DFF8180402F02EF80022E6
:104E100020213000FDF767FA70BD7CB504000D005D
:104E2000082100226E46300001F022F90026DFF84A
:104E3000E00304704570694602783300DBB2CA545F
:104E4000761C40783200D2B28854761C3200D2B23E
:104E500092B26946DFF8CC0303F024F873BDDFF8A3
:104E6000C4030078C0B2FF280AD0DFF8A403DFF83B
:104E7000B81309780170DFF8B4130978417005E0C0
:104E8000DFF88C03052101700321417070472DE983
:104E9000F04F87B0040000275FF000085FF00009C2
:104EA0000025DFF88C23D2E90001CDE902010026BC
:104EB000DFF88023D2E90001CDE90401DFF84CA33B
:104EC0005046FDF779FAA0880828C0F29B81206837
:104ED000A188084410F8010C2168A288114411F837
:104EE000021C51EA0021ADF81810A188891E206823
:104EF00001F0BAFBADF81A00BDF81A00BDF81810A1
:104F0000884240F07D8120680078C1490978884254
:104F100040F07681206880782168CF7857EA0027B2
:104F200020684078032805D006286CD0102800F0AF
:104F3000C38061E1206800792168497951EA002144
:104F40000D005FF001084046C0B2082836DA5FF075
:104F50001409DFF8E4B24046C0B209FB00F058443F
:104F60004068390089B2884225D1280080B2414684
:104F7000C9B209FB01F15944896888421BDB002151
:104F800000204246D2B209FB02F25A44D26890474E
:104F900001280FD14046C0B209FB00F05844806898
:104FA0002D1A4046C0B209FB00F90BEB09008068DE
:104FB000C71900E002E018F10108C4E7BAF80400DC
:104FC00000281FD0BAF80400022190FBF1F201FB87
:104FD0001200002816D1DAF800000190BAF8040097
:104FE000022190FBF1F080B200903B009BB20322C3
:104FF0002068017804A801F017FCBDF8141004988B
:10500000FFF7EFFEFAE004200100C9B2A288921E69
:1050100091420EDA21680200D2B2895C029ABDF890
:105020000C30D154BDF80C10491CADF80C10401CCC
:10503000EAE75FF001084046C0B2082817DA1422F8
:105040007D4B4046C0B2504318444068390089B295
:10505000884209D1002102A8C4465FFA8CFC02FBF9
:105060000CF21A441269904718F10108E3E7BAF804
:10507000040000281FD0BAF80400022190FBF1F2CE
:1050800001FB1200002816D1DAF800000190BAF8EE
:105090000400022190FBF1F080B200903B009BB233
:1050A00006222068017804A801F00FFCBDF8141056
:1050B0000498FFF796FEA1E0002006002068007922
:1050C0002168497951EA00210D0007200100C9B289
:1050D000A288921E91420EDA21680200D2B2895C47
:1050E000029ABDF80C30D154BDF80C10491CADF833
:1050F0000C10401CEAE7280080B240002168897942
:1051000088424DD1BDF80C002168897989B2884266
:1051100046D15FF001084046C0B2082840DA5FF08F
:105120001409DFF814B14046C0B209FB00F058443E
:105130004068390089B288422FD1280080B24146A8
:10514000C9B209FB01F159448968884225DB310065
:1051500089B202A84246D2B209FB02F25A4412694D
:105160009047012818D14046C0B209FB00F05844CE
:105170008068400010FA86F64046C0B209FB00F095
:10518000584480682D1A4046C0B209FB00F90BEB69
:1051900009008068C71900E002E018F10108BAE7C9
:1051A000BAF80400002826D0BAF80400022190FBC7
:1051B000F1F201FB120000281DD1206880782168DF
:1051C000C97851EA00210F00DAF800000190BAF81E
:1051D0000400022190FBF1F080B200903B009BB2F2
:1051E00010222068017804A801F06FFBBDF81410AC
:1051F0000498FFF7F6FD01E0002004E0012002E042
:10520000002000E0002007B0BDE8F08FD4060020A9
:10521000140C0020182700208028002000040048DB
:1052200064210020000002080200020803000208B6
:1052300010FD000818FD0008080600200100080005
:10524000C0B2002801D1012021E00800C0B2FF282F
:1052500001D10A201BE00800C0B2FE2801D1642061
:1052600015E00800C0B2FD2802D14FF47A700EE0BC
:105270000800C0B2FC2802D142F2107007E008001A
:10528000C0B2FB2802D1DFF8980300E0012070478C
:105290002DE9F24F82469346002000210A2600277E
:1052A000B046B946009A1588BBF1000F08D5DBF16E
:1052B00000042D202A0092B20AF802006D1C00E0C2
:1052C0005C462000002142464B4602F083FE002946
:1052D00001D1002808D0A6FB080106FB091107FB35
:1052E000081180468946ECE7404649460A220023D9
:1052F00002F070FE06000F00002F01D1002E28D012
:105300002000002132003B0002F064FE3030290012
:1053100089B20AF801006D1CA0465FF00009200068
:10532000002132003B0002F055FEA6FB002306FBE5
:10533000013307FB0033B8EB020079EB03010400F3
:10534000300039000A22002302F044FE06000F005C
:10535000D2E7009805802800C0B2BDE8F28F2DE9A1
:10536000FE4F06000F0090460020ADF80000002020
:10537000002400215FF0000BB7F80090B8F1000F97
:1053800002D5D8F1000500E045464246390030001C
:10539000FFF77EFFB7F800A0002D4FD09DF8080062
:1053A000FFF74CFF01008D4205D20A2045431BF157
:1053B000010B002DF7D15846C0B2002821D050462D
:1053C0000200D2B2324412F8012C2D2A06D002007B
:1053D000D2B24B4692B29BB29A4208D1302203001D
:1053E000DBB2F2541AF1010ABBF1010BE3E7020050
:1053F000D2B2324412F8012C0300DBB2F254401E48
:10540000DEE70A20B1FBF0F450468346002C15D0AD
:105410000A20B4FBF0F45846C0B2304410F8010C36
:105420005946C9B27054BBF1010B002CEED12E20AD
:105430005946C9B270541AF1010AE7E7A7F800A06B
:105440005046C0B2BDE8FE8FF0B4049C00252E008B
:10545000B6B2A6420BD20E88771C0F802F00BFB2C7
:1054600017FA83F7D75DB6B287556D1CEFE7F0BC2E
:10547000704700002DE9F34F81B02DED028B9FEDB9
:10548000658A002401250026F7EE008A00273800EF
:10549000C0B2202864DA0398F84010F0010004003C
:1054A0003800C0B2172829DA18EE900A00F08CFAFA
:1054B00082468B462000C0B200F078FA80468946CA
:1054C0003800C0B2D0F117005FF0FF31484300F060
:1054D000F3F841EC110B9FED500B00F006F951EC85
:1054E000100B42464B4602F08DFE52465B4602F0E0
:1054F0005BFF00F027FA08EE900A2FE03800C0B2F8
:105500001F2824DA3000C0B200F050FA82468B46E1
:105510002000C0B200F04AFA804689463800C0B286
:10552000173800F0C9F841EC110B9FED3B0B00F070
:10553000DCF851EC100B42464B4602F063FE52463B
:105540005B4602F031FF02F0EDFF060006E02000AE
:10555000C0B2012802D15FF0FF3005007F1C96E742
:10556000280040B200F0A8F8804689463000C0B25A
:105570007F3800F0A1F841EC110B9FED270B00F0F4
:10558000B4F851EC100B42464B4602F03BFE80460D
:10559000894618EE900A00F017FA42464B4602F090
:1055A00031FE00F0CFF900EE100A049880ED000AF9
:1055B000BDEC028BBDE8F78F70B40300002200241D
:1055C000002000252A000E00D2B2F6B2B2421FD24D
:1055D0002A00D2B29A5C302A0ADB2A00D2B29A5C44
:1055E0003A2A05DA2A00D2B29A5C303A140001E075
:1055F000002214002A00D2B2002A03D12200D2B223
:10560000100003E00A22504350FA84F06D1CD9E7E1
:1056100070BC704700000000000000000000004067
:10562000A086010010B42DED010A00206A46002377
:10563000042B07D2D45C1900C9B2C9008C402043A6
:105640005B1CF5E712BC704700F10103810704D031
:1056500010F8011B820781B1FAD10268A2F1013171
:10566000914311F0803104BF50F8042FF6E709BAD6
:10567000B1FA81F100EBD100401CC01A704730B480
:10568000002513E050F8042BD30744BFA9F1010310
:105690009A18091F042942F8045BFAD213468C07B2
:1056A00044BF15809B1CC90748BF1D7050F8041BE0
:1056B0000029E7D130BC7047C11768B14840401A93
:1056C000B0FA80F29040D21CC907C2F5846241EA68
:1056D000025202EBD021400570470268531C036060
:1056E0001170704741EC100B01BD80B553EC112BCC
:1056F00051EC100B02F034FFF4E72E00F0B540F24D
:10570000FF7581EA030C0CF0004C15EA11541DBF23
:1057100015EA1357AC42AF42E5E0BC41C1F31301B7
:10572000C3F31303801A994143F4801304D2641E17
:105730004000494180185941C90241EA5051B1FB2A
:10574000F3F603FB1611A2FB0675D7EBC020A941A7
:1057500002D2761E80185941C90241EA5051B1FB6C
:10576000F3FE03FB1E11A2FB0E75D7EBC020A9416F
:1057700003D2AEF1010E80185941890241EA9051DD
:10578000760546EA8E2EB1FBF3F603FB1611A2FB5B
:105790000675D7EB8020A94102D2761E80185941A8
:1057A000C90241EA50514EEA060EB1FBF3F603FB83
:1057B0001611A2FB0675D7EBC020A94102D2761EB6
:1057C00080185941C90241EA5051B1FBF3F703FB7C
:1057D0001711A2FB0735D3EBC020A94167F10007E1
:1057E0000CBF004247F0010766F3D5274FEA1E3190
:1057F000B80814F5806412DDBD0775F1004250EB66
:105800000E5051EB045111F5801F5CBF41EA0C01B1
:10581000F0BD4CF07F6141F0E0410020F0BDBD07DC
:105820006D0840EA0E5041F48011D4F10104B4F146
:1058300020060ADAC4F120060200E04001FA06F36D
:10584000E1401843B24015430EE0342C13DCC6F19E
:10585000200445EA40056D0820FA06F2154321FAB6
:1058600006F0A1400D43002175F1004250F1000007
:1058700051EB0C01F0BD00205FEA0C01F0BDCFB987
:1058800092185B41B3FA83F704BFB2FA82F6BF19EC
:105890000B3FB7F120062FBF02FA06F3BB40C7F15A
:1058A000200622FA06F638BF3343BA401CB1E41989
:1058B000641E33E77F4231F00041B1FA81F404BF46
:1058C000B0FA80F6A4190B3CB4F120062FBF00FA01
:1058D00006F1A140C4F1200620FA06F638BF314394
:1058E000A0403C1B1AE7AC421ABF05EA1357AF426F
:1058F00012E050EA41061CBF52EA4306BFE750EAF5
:105900004107304661461CBF41EA0551F0BD52EAED
:10591000430C08BFC143F0BD00204FF4001616EB46
:10592000410F98BF16EB430F08BF16EB410F24BF82
:10593000C14305E016EB430F0CBF61464CEA05512D
:10594000F0BD000001F000428B1AA3F16051B1F5E7
:10595000801F0ADBB1F17F6F1FD242EAC102C10092
:1059600071F1004142EB507070470B15C3F1090310
:10597000212B10D2890241EA90518002012849412D
:1059800041F0004121FA03F0C3F12003994071F185
:10599000004150417047100070476FF0000013EB5A
:1059A000103F5CBF000E42EAC0507047014648B14C
:1059B000B0FA80F18840C91CC1F58461090501EB8A
:1059C000D021400570470000C0F3C75181B1FF29C5
:1059D00006D0C110400721F0E04101F1605170474D
:1059E00041020CBF40F4E0016FF00041002070471D
:1059F00000F0004100020AD0B0FA80FC00FA0CF07E
:105A000001F16051A1EB0C5101EBD0214005704731
:105A10000CB430B583B00A4606A9029104460025AD
:105A20000194009502AB01A9084878441E3003F0A8
:105A30000DF9019A157000284EBF04460198041B09
:105A4000204603B030BC5DF80CFB00BF8FFCFFFFAD
:105A500080B5012240212348FCF745FC2249234818
:105A600000F04EFA00F01EF8012000F005F800F0FA
:105A7000D1FA00F01FFA01BD704711B581B0194C81
:105A8000002240212000FCF72EFC4FF47A73012203
:105A900001A9174804F03AF9012240212000FCF73F
:105AA00022FC13BD10B50F4C002240212000FCF752
:105AB0001AFC002280212000FCF715FC012000F0D8
:105AC00019F8052000F016F8012280212000FCF7CB
:105AD0000AFC052000F00EF8012240212000FCF70E
:105AE00002FC10BD000800489C280020CC100020BB
:105AF0007825002010B50400200001F065F910BDE4
:105B000001480068704700BFAC28002070B4039CB7
:105B1000DFF88052286029716A71AB71EC71002640
:105B20002E7270BC70472DE9F84F04000D0016006E
:105B300000275FF00008DFF85C9299F8050008285C
:105B400080F2FC80300099F80610C0B2884205D37C
:105B500099F807003100C9B2884201D22E20060010
:105B6000402099F80510491C90FBF1F02900C9B2BA
:105B7000814280F2E38099F8040050FA84F0802892
:105B800080F2DC8099F805305B1C99F8050003FB76
:105B900005035B1CDBB299F804201219D2B299F804
:105BA0000500401C15FB00F1C9B22000C0B200F096
:105BB00029F90021080099F80420C0B2904280F031
:105BC000BD80002015FB00F00200D2B2082392FB3A
:105BD000F3F21700C0B2082290FBF2F302FB1300AD
:105BE0008046FF226C4BD3F800C03800C0B250FA98
:105BF00085FE802000FB0EFE5EFA84FED3F800A036
:105C00003800C0B250FA85FB802000FB0BFB5BFA2A
:105C100084F01AF800A0D8F1080B100050FA0BF02D
:105C200010EA0A0A0CF80EA0D3F800C03800C0B27F
:105C300050FA85FE802000FB0EFE5EFA84F0009094
:105C4000D3F800E03800C0B250FA85FA802000FB9B
:105C50000AFA5AFA84F01EF800E0D9F800A0B34618
:105C60005FFA8BFB99F80600BBEB000099F804B0D3
:105C70000BFB00FB0AEB0B008A465FFA8AFA10F86E
:105C80000A0010FA08F050EA0E00DDF800E00CF807
:105C90000E00D3F800C03800C0B250FA85FE802054
:105CA00000FB0EFE5EFA84F08444D3F800E0380076
:105CB000C0B250FA85FA802000FB0AFA5AFA84F042
:105CC000704490F8800012FA08F202408CF88020AC
:105CD0001A683800C0B250FA85FC802000FB0CFC2A
:105CE0005CFA84F002441B683800C0B250FA85FCAC
:105CF000802000FB0CFC5CFA84F0184490F88030A3
:105D0000D9F800C0B6465FFA8EFE99F80600BEEBE1
:105D1000000E99F8040000FB0EFE0CEB0E008C4602
:105D20005FFA8CFC10F80C00D8F1080C50FA0CF05B
:105D3000034382F88030641C491C3BE7BDE8F18FC7
:105D4000F8B507000C001600124D6879082820DA13
:105D5000307800281DD032782100C9B23800C0B296
:105D6000FFF7E1FE761C2879401CC719287950FA04
:105D700087F0401C812802DB00200700641C4020C3
:105D80006979491C90FBF1F02100C9B28142DFDB47
:105D9000FFE7F1BD74280020A028002002000120A8
:105DA0000B00DBB21B011344587000200B00DBB268
:105DB0001B01134458600120704738B504000D00E2
:105DC00001202900C9B2090121444870FFF798FE5B
:105DD0002900C9B2090121444860012032BD0200F6
:105DE00000200B00DBB21B011344587001207047E8
:105DF00080B5034800F024FC00F0CDF801BD0000A0
:105E000070EB000870B40400E4B2802C01DB7F2446
:105E100020001400E4B2802C01DB7F2422000C005F
:105E2000E4B2402C01DB3F2421001C00E4B2402CF2
:105E300001DB3F242300354C050026683678EDB29F
:105E4000B54201D2256828702568AD781600F6B2F3
:105E5000B54201D22568AA700D0026687678EDB2A9
:105E6000B54201D2256869702568ED781E00F6B24A
:105E7000B54201D22468E37070BC704723487F218B
:105E8000026811700021026891703F210268517010
:105E900000210068C17070471C4800210268117021
:105EA0007F21026891700021026851703F210068D3
:105EB000C170704770B54FF48064002514480668BF
:105EC0002A002100300000F0D3F83F237F22002178
:105ED0000020FFF797FF00F05EF870BD70B54FF43B
:105EE000806400250A4806682A002100300000F07E
:105EF000BFF83F237F2200210020FFF783FF70BD02
:105F0000034A1060014A116070470000A428002075
:105F1000A028002010B5040000224FF480713A48F8
:105F2000FCF7E1F92000C0B2FFF7A7FD10BD10B5E6
:105F3000040001224FF480713348FCF7D4F92000AB
:105F4000C0B2FFF79AFD10BD10B5040014F00F00A9
:105F500050F0B000C0B2FFF7DDFF10BD10B5040077
:105F60002000C0B200F005F82000C0B200F00CF82C
:105F700010BD10B504002000C0B2000950F01000A0
:105F8000C0B2FFF7C7FF10BD10B5040014F00F003A
:105F9000FFF7C0FF10BD70B500242000C0B210286C
:105FA0002EDA1A4D286840782100C9B2491CB0EB9E
:105FB000C10F23DA2868C0782100C9B2B0EBC10F45
:105FC0001EDB2000C0B2FFF7BFFF28680078FFF794
:105FD000C5FF28680678286880783100C9B28842F1
:105FE0000CD30B4801682200D2B28020424352FAFF
:105FF00086F0085CFFF79BFF761CECE7641CCCE79F
:10600000FFF73CFF70BD000000080048A4280020F6
:10601000A028002080B5AE20FFF77CFFA220FFF76C
:1060200079FFA020FFF776FFC820FFF773FF2F202E
:10603000FFF770FF322000F0C7FEA420FFF76AFFD1
:106040004020FFF767FF2520FFF764FF0A2000F0DC
:10605000BBFE8120FFF75EFF1220FFF75BFFFFF71B
:1060600029FFAF20FFF756FF052000F0ADFE01BD70
:1060700062F30F2262F31F42401810F0030308D0AE
:10608000C91A1FD3DB0748BF00F8012D28BF20F82D
:10609000022D130030B414461546103928BF20E9EC
:1060A0003C00FAD8490728BF20E90C0048BF40F857
:1060B000042D890028BF20F8022D48BF00F8012DCB
:1060C00030BC7047C91818BF00F8012DCB0728BF96
:1060D00000F8012D7047000070B4039CDFF8845372
:1060E000286029716A71AB71EC7101262E7270BC47
:1060F00070472DE9F74F04000D00DFF868639DF845
:106100000800B179884204D3F0799DF808108842DC
:1061100002D22E208DF80800307A002845D10027C1
:1061200038003179C0B288423DD231689DF80820EC
:10613000B079121A3079424301EB02003900C9B23A
:1061400010F80190002080464046C0B2082828DAA6
:106150003800C0B250FA84F0802805DA4046C0B258
:1061600050FA85F0402801DB00205DE1012010FAA3
:1061700008F04946C9B2014208D0012218EB0501D6
:10618000C9B23819C0B200F06FF907E0002218EB6D
:106190000501C9B23819C0B200F066F918F101085A
:1061A000D2E77F1CBCE730793EE1307A012840F02D
:1061B0008E807079082190FBF1F201FB120001281A
:1061C00006DB7079082190FBF1FB1BF1010B03E06A
:1061D0007079082190FBF1FB31795846C0B24143F8
:1061E000491C8DF8011031689DF80820B079121A09
:1061F0009DF80100424301EB020001788DF8001088
:10620000401C01905FF0000840469DF80010C0B2AD
:10621000884259D25FF0000948465946C0B2C9B217
:1062200088424ED201994246D2B25846C0B2424349
:1062300001EB02004946C9B210F801A00020070096
:106240003800C0B2082839DA4046C0B250FA84F0AB
:10625000802808DA4846C0B2C00050FA85F050FAEB
:1062600087F0402801DB0020DEE04846C0B2C000D5
:1062700050FA87F0717988421EDA0121B940504600
:10628000C0B208420CD001225FFA89F915EBC901AE
:106290007918C9B218EB0400C0B200F0E5F80BE0C1
:1062A00000225FFA89F915EBC9017918C9B218EB18
:1062B0000400C0B200F0D8F87F1CC1E719F1010951
:1062C000AAE718F101089FE79DF80000ACE0307ADA
:1062D000022840F0A8807079082190FBF1F0401C62
:1062E0008DF8000030799DF8001010FB01F08DF85A
:1062F000020031689DF80820B079121A9DF802005A
:10630000424301EB0200019096F804B000208DF8A2
:10631000010000210020002210009DF80030C0B2D2
:1063200098420CD23079431E9DF801001B1A13FBD2
:1063300002F0019BC0B2185C0100521CECE708009F
:10634000C0B200280BD1BBF1010B5846C0B20028E7
:1063500005D09DF80100401C8DF80100D9E7002709
:1063600038009DF80010C0B2884259D25FF0000892
:1063700040465946C0B2C9B288424FD201993A004C
:10638000D2B23079424301EB02004146C9B210F863
:1063900001905FF0000A5046C0B208283BDA404640
:1063A000C0B250FA84F0802808DA3800C0B2C000C9
:1063B00050FA85F050FA8AF0402801DB002033E0E3
:1063C0003800C0B2C00050FA8AF0717988421FDAF2
:1063D000012111FA0AF14846C0B208420CD001224C
:1063E000FFB215EBC7011AEB0101C9B218EB0400AB
:1063F000C0B200F039F80BE00022FFB215EBC70184
:106400001AEB0101C9B218EB0400C0B200F02CF87D
:106410001AF1010ABFE718F10108A9E77F1C9FE7FD
:106420005846C0B200E00020BDE8FE8FF8B5040079
:106430000F0015000B484079D0F13F003900C9B278
:1064400088420EDB287800280BD02A783900C9B2A0
:106450002000C0B2FFF74DFE0600701C04196D1C31
:10646000F0E7F1BD74280020F8B504000D00160017
:106470002000C0B2802803DA2800C0B2402800DB28
:1064800057E03000C0B2002824D02900C9B2082249
:10649000DFF8CC312800C0B2082790FBF7F7802046
:1064A000474357FA84F72800C0B25FF0080C90FB0E
:1064B000FCFC802000FB0CFC5CFA84F0185C5FF0B4
:1064C000010C91FBF2FE02FB1E111CFA01F10143CB
:1064D000D95524E02900C9B20822DFF88431280008
:1064E000C0B2082790FBF7F78020474357FA84F79C
:1064F0002800C0B25FF0080C90FBFCFC802000FB81
:106500000CFC5CFA84F0185C5FF0010C91FBF2FE6D
:1065100002FB1E111CFA01F130EA0101D9552B00D2
:10652000DBB22200D2B22900C9B22000C0B2FFF70C
:1065300069FCF1BD2DE9F84F05000E0017009846E3
:106540000A9C3800C0B22900C9B2401A03F0F7FD16
:1065500081464046C0B23100C9B2401A03F0EFFD97
:10656000814502DA5FF0010B01E05FF0000B584655
:10657000C0B2002805D02800350006003800474684
:10658000804638002900C0B2C9B2884205D228002E
:106590003D0007003000464680464346DBB23A00E5
:1065A000D2B23100C9B22800C0B2FFF72BFC781B71
:1065B0008DF800004046C0B23100C9B2401A03F065
:1065C000BEFD8DF801009DF80000022190FBF1F95D
:1065D00030004146C0B2C9B2884202D25FF0010A1F
:1065E00001E05FF0FF3A38002900C0B2C9B288422A
:1065F00024D35846C0B2002808D02200D2B22900C5
:10660000C9B23000C0B2FFF72FFF07E02200D2B2BC
:106610003100C9B22800C0B2FFF726FF9DF8010083
:10662000B9EB0009484640B2002805D51AEB06062A
:106630009DF8000010EB09096D1CD4E7BDE8F18F4F
:10664000F8B504004FF480652600064807682A0064
:106650003100380001F06AFCFFF71EFCF1BD0000BC
:10666000CC100020A028002030B403004FF6FF70AB
:1066700000248C4213DA1A5D50400822002A0CD004
:10668000C50706D580B2400880F4204090F0010094
:1066900001E080B24008521EF0E7641CE9E780B2D6
:1066A00030BC70472DE9F84305000E0017009846EE
:1066B000089C5FF000092868494689B2465419F1E0
:1066C00001092868494689B2475419F10109404631
:1066D00080B2000A29684A4692B2885419F1010929
:1066E0002868494689B200F8018019F101092000A3
:1066F00080B2000A29684A4692B2885419F1010909
:106700002868494689B2445419F10109494689B2B9
:106710002868FFF7A9FF010028684A4692B2815411
:1067200019F10109080080B2000A2A684B469BB2A1
:10673000D05419F10109A5F804900120BDE8F283B5
:106740002DE9F84F06000F00904699460A9DDDF8A6
:106750002CA0002400213068220092B28754641CCF
:106760003068220092B200F80280641C484680B271
:10677000000A326823009BB2D054641C30682200A7
:1067800092B200F80290641C4046C0B2062802D0C3
:10679000102807D01CE0280080B2012801D000207A
:1067A00040E015E0280080B2000A326823009BB266
:1067B000D054641C3068220092B28554641C2800B6
:1067C000C0B24000326823009BB2D054641CFFE783
:1067D0005FF0000B584680B2290089B2B0EB410F40
:1067E0000BDA584680B21AF800003168220092B2E3
:1067F0008854641C1BF1010BECE7210089B230685E
:10680000FFF732FF01003068220092B28154641C0D
:10681000080080B2000A326823009BB2D054641C86
:10682000B4800120BDE8F28F2DE9F84F05000E007D
:10683000170098460A9CDDF82C905FF0000B0020B2
:1068400029685A4692B28E541BF1010B29685A46A8
:1068500092B28F541BF1010B2100C9B249002A6882
:106860005B469BB2D1541BF1010B5FF0000A50460E
:1068700080B2210089B2B0EB410F0CDA504680B2F1
:1068800019F8000029685A4692B288541BF1010B8E
:106890001AF1010AEBE7594689B22868FFF7E4FECE
:1068A000010028685A4692B281541BF1010B08007E
:1068B00080B2000A2A685B469BB2D0541BF1010BE0
:1068C000A5F804B00120BDE8F28F2DE9F84F0500CE
:1068D0000E00170098460A9CDDF82C905FF0000B24
:1068E0005FF0000A2868594689B246541BF1010B33
:1068F0002868594689B247541BF1010B404680B2C3
:10690000000A29685A4692B288541BF1010B286884
:10691000594689B200F801801BF1010B3800C0B262
:10692000062802D010281DD02CE0200080B20128BB
:1069300001D000203EE000208246504680B2210077
:1069400089B2B0EB410F0CDA504680B219F8000062
:1069500029685A4692B288541BF1010B1AF1010AB8
:10696000EBE70FE0200080B2000A29685A4692B295
:1069700088541BF1010B2868594689B244541BF115
:10698000010BFFE7594689B22868FFF76DFE010049
:1069900028685A4692B281541BF1010B080080B25C
:1069A000000A2A685B469BB2D0541BF1010BA5F884
:1069B00004B00120BDE8F28F80B5D448D44901600D
:1069C0005FF4E1314160002181600021C16000215C
:1069D00001610C21416100218161002101620021DE
:1069E000416200F005FA002801D003F00BFC01BD64
:1069F00080B5C848C84901604FF416514160002174
:106A000081600021C160002101610C2141610021F0
:106A100081610021C161002101620021416200F019
:106A2000E7F9002801D003F0EDFB01BD80B5BB48BC
:106A3000BB4901604FF41651416000218160002183
:106A4000C160002101610C214161002181610021AF
:106A5000C161002101620021416200F0C9F90028F2
:106A600001D003F0CFFB01BD38B59EB00400142265
:106A70000021684603F0C8FB6022002106A803F04D
:106A8000C3FB2068A249884252D1202006900020F2
:106A9000119006A803F0C2FB002801D003F0B2FB5E
:106AA000A048016851F001010160006810F0010088
:106AB000059005989C48016851F00201016000684A
:106AC00010F00200059005984FF4406000900220FD
:106AD0000190012002900320039008200490694651
:106AE0009248FBF761FA924D924828600420686052
:106AF0000020A8600020E8608020286100206861F4
:106B00000020A8610020E86100202862280003F02E
:106B1000F9FD002801D003F075FB6567AC62002227
:106B20000021462004F08FF8462004F0A1F8ABE0E5
:106B300020687949884251D10120069000200E90AA
:106B400006A803F06BFB002801D003F05BFB7A483A
:106B5000016851F480410160006810F480400590A4
:106B600005987148016851F002010160006810F059
:106B7000020005900598C02000900220019000209E
:106B80000290032003900720049069466748FBF7B2
:106B90000BFA6A4D6A482860022068600020A860ED
:106BA0000020E86080202861002068610020A86142
:106BB0000020E86100202862280003F0A3FD0028DF
:106BC00001D003F01FFB6567AC6200220021252085
:106BD00004F039F8252004F04BF855E020685049BE
:106BE000884251D1042006900020109006A803F09E
:106BF00015FB002801D003F005FB5248016851F451
:106C000080210160006810F48020059005984648B6
:106C1000016851F004010160006810F00400059063
:106C200005984FF4406000900220019000200290EF
:106C3000032003900720049069464348FBF7B4F90A
:106C4000424D43482860022068600020A860002070
:106C5000E86080202861002068610020A861002091
:106C6000E86100202862280003F04CFD002801D0D4
:106C700003F0C8FA6567AC6200220021272003F008
:106C8000E2FF272003F0F4FF1FB030BD10B5040071
:106C900020681F49884210D12248016849084900EC
:106CA00001604FF440612148FBF75FFA606F03F029
:106CB00099FD462003F0E3FF27E02068164988424B
:106CC0000FD11D48016831F480410160C02117488F
:106CD000FBF74BFA606F03F085FD252003F0CFFF33
:106CE00013E020680E4988420FD11648016831F43C
:106CF000802101604FF440611348FBF736FA606F62
:106D000003F070FD272003F0BAFF10BDDC20002047
:106D1000008000406421002000380140EC21002068
:106D2000004800405C1002404C1002400004004843
:106D30004026002080040240601002408826002087
:106D4000580002405810024000080048D026002099
:106D50003000024080B51848FBF72EFB022017498F
:106D6000087001BD80B501221549164800F0E3F80E
:106D700000220121272003F066FF272003F078FF7F
:106D800001BD704738B504000B480D490A78036807
:106D900085885A558288521C8280828840F2FF136F
:106DA0009A4201D3002282800122064800F0C3F8F3
:106DB00001200249087031BDC40B002005290020C4
:106DC00004290020EC21002070B50400FEF798FE95
:106DD0000500260016F1010F02D00448007836188D
:106DE000FEF78EFE401BB042FAD370BD170C002098
:106DF00010B50400002C01D1012035E0A069002865
:106E0000FFD1E06F002805D1002084F87800200031
:106E1000FFF72AFE2420E067206800684008400051
:106E200021680860606A002802D0200000F0DEFBC4
:106E3000200000F05FFA012801D1012014E0206851
:106E4000406830F49040216848602068806830F0E5
:106E50002A00216888602068006850F001002168DD
:106E60000860200000F02FFC10BD2DE9FC47060053
:106E70000D0017009846F06F202859D1002D03D03F
:106E8000380080B2002801D1012052E00020C6F86D
:106E900084002120F067FEF733FE8146A6F850708B
:106EA000A6F85270B068B0F5805F05D1306900284F
:106EB00002D10024AA4602E02C005FF0000AB6F8D6
:106EC0005200002822D0CDF800804B4600228021BD
:106ED000300000F061FC002803D02020F067032080
:106EE00027E0002C08D1BAF80000C005C00D3168B9
:106EF00008851AF1020A03E0207831680885641CCD
:106F0000B6F85200401EA6F85200D8E7CDF800802F
:106F10004B4600224021300000F03EFC002803D008
:106F20002020F067032004E02020F067002000E02C
:106F30000220BDE8F68770B505000C001600D5F8F4
:106F40008000202824D1002C03D0300080B20028FB
:106F500001D101201DE0002028662868DFF8901389
:106F600088420ED02868406800020AD5286850E898
:106F7000000F50F0806001002A6842E800100028ED
:106F8000F4D1320092B22100280000F054FC00E05D
:106F9000022070BD2DE9F04706003068C7693068EF
:106FA000D0F800803068D0F8089040F60F043C40DC
:106FB000002C0BD1B80609D55FEA886006D5B06E03
:106FC000002802D03000B16E88478FE1002C00F01D
:106FD000AA805FEAC97005D4DFF8080618EA000F36
:106FE00000F0A18017F00100C0B200280BD05FEACA
:106FF000C85008D5012031680862D6F8840050F0E6
:107000000100C6F88400B8070DD519F00100C0B220
:10701000002808D0022031680862D6F8840050F0B9
:107020000400C6F8840078070DD519F00100C0B23D
:10703000002808D0042031680862D6F8840050F097
:107040000200C6F88400380710D55FEA886004D4CF
:1070500019F00100C0B2002808D008203168086289
:10706000D6F8840050F00800C6F8840038050CD526
:107070005FEA481009D54FF4006031680862D6F81D
:10708000840050F02000C6F88400D6F88400002860
:1070900048D0B80608D55FEA886005D5B06E0028EC
:1070A00002D03000B16E8847D6F884000500306801
:1070B0008068400602D415F0280F2DD0300000F073
:1070C0009EFC30688068400622D53068083050E861
:1070D000000F30F040000100306810F1080242E873
:1070E00000100028F1D1706F00280DD0DFF8F804EF
:1070F000716F8863706F03F055FC002812D0706FB9
:10710000716F896B88470DE0300003F011FE09E0D4
:10711000300003F00DFE05E0300003F009FE002012
:10712000C6F88400E2E0306E012840F0BD80F80629
:1071300040F1BA805FEAC86040F1B6801020316843
:1071400008623068806840066DD5706F0068D0F8BE
:1071500004A0504680B2002852D05046B6F85810CD
:1071600080B288424CD2A6F85AA0706F00680068BE
:10717000800639D4306850E8000F30F48070010088
:10718000326842E800100028F4D13068083050E836
:10719000000F400840000100306810F1080242E88A
:1071A00000100028F1D13068083050E8000F30F0AE
:1071B00040000100306810F1080242E80010002889
:1071C000F1D12020C6F8800000203066306850E8F9
:1071D000000F30F010000100326842E80010002873
:1071E000F4D1706F03F0B4FB02207066B6F858104B
:1071F000B6F85A00091A89B2300003F07AFD11E09E
:107200005046B6F8581080B288420BD1706F0068B3
:107210000068800606D502207066B6F85810300067
:1072200003F067FD62E0B6F85800B6F85AA0B0EB7C
:107230000A0AB6F85A00002835D0504680B2002815
:1072400031D0306850E8000F30F49070010032689F
:1072500042E800100028F4D13068083050E8000FF0
:10726000400840000100306810F1080242E80010B8
:107270000028F1D12020C6F88000002030660020D0
:10728000B066306850E8000F30F01000010032683E
:1072900042E800100028F4D102207066514689B2FD
:1072A000300003F026FD21E0F8020AD55FEA49200C
:1072B00007D55FF4801031680862300003F0CAFD22
:1072C00014E0380609D55FEA086006D5F06E00289C
:1072D00002D03000F16E884708E0780606D55FEAF4
:1072E000486003D5300000F054FCFFE7BDE8F087AC
:1072F000008000402DE9F04704000026DFF8A819BF
:1073000020688842FFD0A268206902436069024376
:10731000E069024320680368DFF8900903401343E3
:10732000206803602068436833F44053E0680343F7
:1073300020684360D4F818802068884202D0206A10
:1073400050EA08082068806830F4306058EA00008D
:10735000226890602068DFF8482A904216D1DFF852
:10736000440A006810F00300002805D0022805D068
:1073700006D3032806D007E0012760E002275EE07D
:1073800004275CE008275AE0102758E02068DFF85F
:10739000182A904217D1DFF80C0A006810F00C0090
:1073A000002806D0042808D0082804D00C2806D0CD
:1073B00007E0002743E0022741E004273FE00827D9
:1073C0003DE010273BE02068DFF8E029904217D12C
:1073D000DFF8D009006810F03000002806D010282F
:1073E00008D0202804D0302806D007E0002726E067
:1073F000022724E0042722E0082720E010271EE0CF
:10740000206888421AD1DFF89C09006810F44060B7
:10741000002809D0B0F5806F0AD0B0F5006F05D014
:10742000B0F5406F06D007E0002708E0022706E02D
:10743000042704E0082702E0102700E01027206856
:10744000884246D13800C0B2002806D0022808D0B1
:10745000042809D008280BD00DE004F06BF9814610
:107460000DE0DFF84C990AE004F0F7F8814606E0F9
:107470004FF4004903E05FF0000901200600B9F174
:10748000000F00F0A580616803204143894505D3C2
:1074900061684FF480504143494502D20120060003
:1074A00096E04FF48072606840080021E2FB090119
:1074B0006268002300F08EFD0500B5F5407F05D31E
:1074C000B5F5801F02D22068C56081E0012006006A
:1074D0007EE0E069B0F5004F41D13800C0B200282D
:1074E00008D001280AD002280CD004280DD0082882
:1074F0000FD011E004F01EF9814611E004F027F9E5
:1075000081460DE0DFF8A8980AE004F0A6F881466D
:1075100006E04FF4004903E05FF000090120060097
:10752000B9F1000F54D06068400810EB4900616861
:10753000B0FBF1F00500102D0ED3B5F5803F0BD256
:107540004FF6F0712940C5F3420001438A46504688
:1075500080B22168C8603BE00120060038E03800B6
:10756000C0B2002808D001280AD002280CD0042874
:107570000DD008280FD011E004F0DCF8814611E0AE
:1075800004F0E5F881460DE0DFF824980AE004F005
:1075900064F8814606E04FF4004903E05FF000091B
:1075A00001200600B9F1000F12D0606819EB5000FD
:1075B0006168B0FBF1F00500102D07D3B5F5803FF1
:1075C00004D2280080B22168C86001E001200600D2
:1075D0000020A0660020E0663000C0B2BDE8F08761
:1075E0000000000020010004797B000890F82410BE
:1075F000090707D501684A6832F40042416B0A4323
:1076000001684A6090F82410C90707D501684A68E4
:1076100032F40032816A0A4301684A6090F824100B
:10762000890707D501684A6832F48032C16A0A4383
:1076300001684A6090F82410490707D501684A6834
:1076400032F48022016B0A4301684A6090F82410EA
:10765000C90607D501688A6832F48052816B0A43F3
:1076600001688A6090F82410890607D501688A6845
:1076700032F40052C16B0A4301688A6090F824100A
:10768000490613D501684A6832F48012016C0A4336
:1076900001684A60016CB1F5801F07D101684A6832
:1076A00032F4C002416C0A4301684A6090F8241029
:1076B000090607D501684A6832F40022816C0A4342
:1076C00001684A60704738B504000020C4F884009F
:1076D000FEF716FA05002068006800071DD57FF048
:1076E0007E4000902B0000225FF40011200000F08B
:1076F00053F8002811D0206850E8000F30F08000C7
:107700000100226842E800100028F4D12020E06740
:10771000002084F8780003203DE0206800684007DE
:107720002CD57FF07E4000902B0000225FF480017A
:10773000200000F031F8002820D0206850E8000F29
:1077400030F490700100226842E800100028F4D163
:107750002068083050E8000F400840000100206811
:1077600010F1080242E800100028F1D12020C4F8EE
:107770008000002084F8780003200CE02020E067DF
:107780002020C4F8800000202066002060660020D1
:1077900084F87800002032BD2DE9F04105000E008C
:1077A00090461F00069C2868C0693040B04201D155
:1077B000012000E000204146C9B2884238D114F1CE
:1077C000010FF0D0FEF79CF9C01B844201D3002CBE
:1077D00001D103202DE0286800684007E3D5802E02
:1077E000E1D0402EDFD02868C06900070DD5082001
:1077F00029680862280000F002F90820C5F8840012
:10780000002085F87800012013E02868C069000591
:10781000C9D54FF4006029680862280000F0EFF82D
:107820002020C5F88400002085F87800032000E0BF
:107830000020BDE8F08130B403005965A3F858205A
:10784000A3F85A20002098669868B0F5805F0BD1A5
:107850001869002804D140F2FF10A3F85C0023E06F
:10786000FF20A3F85C001FE0986800280AD118697F
:10787000002803D1FF20A3F85C0015E07F20A3F8C7
:107880005C0011E09868B0F1805F0AD118690028A7
:1078900003D17F20A3F85C0006E03F20A3F85C0042
:1078A00002E00020A3F85C000020C3F8840022203E
:1078B000C3F880001868083050E8000F50F001004D
:1078C0000400186810F1080545E800400028F1D1CF
:1078D0009868B0F5805F06D11869002803D10FF2CF
:1078E000D130986602E00FF2D5209866186900281A
:1078F0000BD0186850E8000F50F4907004001D6819
:1079000045E800400028F4D10AE0186850E8000F6C
:1079100050F0200004001D6845E800400028F4D124
:10792000002030BC704770B504000D00160065657E
:10793000A4F858600020C4F884002220C4F8800015
:10794000606F002821D00FF21510616FC8620FF22E
:10795000B110616F08630FF2D110616F48630020AE
:10796000616F886333009BB2626D206810F124015F
:10797000606F02F0A1FF002807D01020C4F8840037
:107980002020C4F8800001202AE0206900280AD0C5
:10799000206850E8000F50F480700100226842E82F
:1079A00000100028F4D12068083050E8000F50F093
:1079B00001000100206810F1080242E800100028D0
:1079C000F1D12068083050E8000F50F0400001006D
:1079D000206810F1080242E800100028F1D10020D0
:1079E00070BD016851E8001F31F0C0010A00036852
:1079F00043E800210029F4D12021C16770470168C4
:107A000051E8001F31F490710A00036843E8002137
:107A10000029F4D10168083151E8001F49084900E4
:107A20000A00016811F1080343E800210029F1D19F
:107A3000016E01290AD1016851E8001F31F01001DF
:107A40000A00036843E800210029F4D12021C0F88E
:107A500080100021016600218166704738B504005E
:107A6000A56A2068006880063AD40020A5F85A006C
:107A7000286850E8000F30F4807001002A6842E85E
:107A800000100028F4D12868083050E8000F4008A2
:107A900040000100286810F1080242E800100028A8
:107AA000F1D12868083050E8000F30F040000100A4
:107AB000286810F1080242E800100028F1D12020C7
:107AC000C5F88000286E01280AD1286850E8000F08
:107AD00030F0100001002A6842E800100028F4D1BC
:107AE00000206866286E012805D1B5F858102800D6
:107AF00003F0FFF802E0280003F0E0F831BD0000D9
:107B000038B50400A56A01206866286E012807D1EF
:107B1000B5F85810490889B2280003F0EAF802E0E5
:107B2000280003F097FE31BDF8B50400A56AEE6F9A
:107B3000D5F8807028688068000607D5212E05D109
:107B40000020A5F852002800FFF74BFF2868806846
:107B5000400607D5222F05D10020A5F85A0028009D
:107B6000FFF74DFFD5F8840050F01000C5F88400F1
:107B7000280003F0DDF8F1BD38B50400A56A002047
:107B8000A5F85A000020A5F85200280003F0D0F80C
:107B900031BD10B50400206850E8000F30F04000FF
:107BA0000100226842E800100028F4D12020E0679C
:107BB0000020E066200003F04EFE10BD70B5050009
:107BC000B5F85C60D5F88000222866D12868808CE2
:107BD000040016EA0400696D0870686D401C686551
:107BE000B5F85A00401EA5F85A00B5F85A0000280A
:107BF00059D1286850E8000F30F4907001002A68CD
:107C000042E800100028F4D12868083050E8000F3E
:107C1000400840000100286810F1080242E8001006
:107C20000028F1D12020C5F880000020A86600209F
:107C3000686628681C4988420ED02868406800029F
:107C40000AD5286850E8000F30F0806001002A68EB
:107C500042E800100028F4D1286E012819D1002034
:107C60002866286850E8000F30F0100001002A68EC
:107C700042E800100028F4D12868C069C00602D587
:107C8000102029680862B5F85810280003F031F870
:107C900009E0280003F012F805E02868008B50F096
:107CA00008002968088370BD00800040F369FFEF79
:107CB000F8B50500B5F85C70D5F88000222867D1CA
:107CC0002868808C0400686D060017EA0400308084
:107CD000686D801C6865B5F85A00401EA5F85A000A
:107CE000B5F85A00002859D1286850E8000F30F440
:107CF000907001002A6842E800100028F4D128683A
:107D0000083050E8000F400840000100286810F1DA
:107D1000080242E800100028F1D12020C5F88000B8
:107D20000020A866002068662868224988420ED094
:107D30002868406800020AD5286850E8000F30F033
:107D4000806001002A6842E800100028F4D1286E03
:107D5000012819D100202866286850E8000F30F06B
:107D6000100001002A6842E800100028F4D12868B9
:107D7000C069C00602D5102029680862B5F85810FD
:107D8000280002F0B6FF09E0280002F097FF05E0A6
:107D90002868008B50F0080029680883F1BD0000B6
:107DA0000038014088100240004400400048004074
:107DB0000024F400008000402DE9F74F82B0002637
:107DC0005FF0000A5FF0000B54465D460020009013
:107DD0000127DDF80C80DDF80890049810F0070FFB
:107DE0002BD10498C008002182468B4603F08CFDFD
:107DF0004FF47A7003F0A0FD00200600300080B23E
:107E00000021594517D801D3504514D2D8E90001B3
:107E100004000D0022002B004946002003F01CFD49
:107E200007003800C0B2012805D019F1080918F17F
:107E30000808761CE2E703F078FD3800C0B205B010
:107E4000BDE8F08F70B50400012503F05DFD06006C
:107E50004FF47A7003F070FD3000C0B200280FD1EB
:107E6000C4F3CC20B0F5807F05D20121C4F3CC202F
:107E700003F0CEFD04E00121C4F3CC2003F0C8FDE3
:107E80004FF47A7003F058FD05000548016831F0A1
:107E90000201016003F049FD2800C0B270BD00007E
:107EA000142002402DE9F041C0B004000D0016007E
:107EB00000274FF480710022E8464046FEF7D8F8CC
:107EC0002000FFF7BFFFA5208DF8000030008DF8DF
:107ED00001005FF000084046310080B289B288425C
:107EE0000AD2404680B2285C6946424692B21144AA
:107EF000887018F10108EEE7B61C300080B2082146
:107F0000B6B20836361A90FBF1F001FB006632007B
:107F100092B269462000FFF74FFF002801D00020F1
:107F200000E0012040B0BDE8F081000062B38B07A3
:107F300008D0521E11F8013B00F8013B00F02480EC
:107F40008B07F6D1830740F0208000BF103A07D39B
:107F500030B4B1E83810103AA0E83810F9D230BC8B
:107F6000530724BFB1E80810A0E8081044BF51F837
:107F7000043B40F8043BD20724BF31F8022B20F821
:107F8000022B44BF0B7803707047121F17D35B009E
:107F900009D151F8043B20F8023B1B0C121F20F8BA
:107FA000023BF6D20BE051F8043B00F8013B1B0A00
:107FB00020F8023B1B0C121F00F8013BF3D238BF24
:107FC000121D521E24BF11F8013B00F8013BF8D8E6
:107FD00070470000BBBBE1B1B2F5803F80F07E800E
:107FE000022A1ED98C46B1FBF2F102FB11C31B041D
:107FF00043EA1043B3FBF2FC02FB1C3380B240EABD
:108000000343B3FBF2F002FB103240EA0C400023C2
:108010007047022A05D98446B0FBF2F002FB10C279
:1080200070474AB105D100F0010249085FEA30000B
:10803000704700220023704703F03ABD0B00020096
:10804000002100207047904271EB030CF6D3B3F58A
:10805000803F2FD2F0B5B3FA83F7B1FA81F4A7F1DC
:108060000F0E3D1B5340CEF1200602FA0EF2F341F3
:108070005340B5F10F0746D80F3C2C444140C4F1A2
:108080002006A040F1414140B1FBF3F603FB16117D
:10809000A2FB0645001BA94102D2761E8018594159
:1080A00080EA010221FA0EF362FA0EF200215A4030
:1080B0003046F0BD30B4B1FBF3FC03FB1C11A2FB56
:1080C0000C45001BA94103D2ACF1010C80185941A9
:1080D00030BC02460B46604600217047B2F1807FFB
:1080E00065D3F0B5B2FA82F7B1FA81F4C7F10F06A1
:1080F0003D1B22FA06F307F1110EF24120355A40DA
:10810000B5F10F07B8D94140C4F12006A040F141B4
:108110004140B1FBF3FC03FB1C11A2FB0C45001B0F
:10812000A94103D2BCF1010C801859410F2F12D381
:108130000F3FC90341EA5041B1FBF3F603FB1611AF
:10814000A2FB0645D4EBC030A94102D2761E8018AE
:10815000594146EACC3C07B34140C7F12006B8403C
:10816000F1414140B1FBF3F603FB1611A2FB0645BA
:10817000001BA94102D2761E8018594180EA0102F3
:1081800021FA0EF3C7F1200462FA0EF20CFA07F09E
:108190005A402CFA04F13043F0BD80EA010221FA82
:1081A0000EF3002162FA0EF260465A40F0BD8C4692
:1081B000B1FBF2F102FB11C31B0243EA1063B3FBF4
:1081C000F2FC02FB1C331B024CEA002043EA106362
:1081D000B3FBF2FC02FB1C331B024CEA002043EA17
:1081E0001063B3FBF2FC02FB1C331B024CEA0020C1
:1081F00043EA1063B3FBF2FC02FB1C324CEA0020A2
:1082000000237047B0B581EA030C0CF0004C40F23B
:10821000FF7515EA11541DBF15EA1357AC42AF4262
:1082200039E0E41923EA455343F48013C90241F0CD
:10823000004141EA505EC7021100A7FB020200287C
:108240004FF00000EEFB01204FF00001E3FB07219F
:1082500018BF42F00102401800214941E3FB0E0122
:10826000A4F580640F0302D252004041494154F109
:1082700001046CDD470872F1004250F1000051EB3F
:108280000451A1F580115CBF41EA0C01B0BD4CEA7C
:1082900005510020B0BD05EA1357AC4214BFAF42F0
:1082A00041E050EA410E1CBF52EA430E02E0614633
:1082B0000020B0BD24423C441BD15FEA070EF6D03B
:1082C000090302BF01460020AEF1140EB1FA81F796
:1082D000AEEB070401FA07FE0C37C7F1200100FAE4
:1082E00007F7C8404EEA000E23EA455343F48013D3
:1082F000A2E733F00043B3FA83F704BFB2FA82FE79
:1083000077440B3FE41BB7F1200E2FBF02FA0EF3A8
:10831000BB40C7F1200E22FA0EFE38BF43EA0E031F
:10832000BA40641C82E750EA410E14BF52EA430E81
:108330006FF000014FF4001717EB430F8ABF194687
:1083400017EB410FB5E74CEA05510020B0BDD4F161
:108350000104B4F120070FDAC4F12007520828BF46
:1083600042F0010210FA07F501FA07F7E1BF2A43CC
:10837000E0403843E1400FE0352C98DCC7F12004A1
:1083800052EA400220FA07F218BF42F0010231FA25
:1083900007F0A1400A43002172F1004250F10000B1
:1083A00051EB0C01B0BD000070B44FF0004591EAF4
:1083B000030F43F187836B40841A71EB030604D2E9
:1083C0006E40001BB141121973414FF4001C1CEBAD
:1083D000410F34BF7CEB430683E00C0DA4EB135636
:1083E000362E00F37C80012E45EAC32341DC43EAAC
:1083F000525312BFD20292025B08240545EAC12102
:1084000041EA5051D2EBC020994125D407D1B0FAAE
:1084100080F610FA06F162D00020203608E0B1FAAA
:1084200081F6B140C6F1200220FA02F21143B040B9
:108430004FEAF474B4EB465434F001064FEA740486
:108440000AD8D6F50016760D04F00044F04061FA23
:1084500006F25040F1404840C00A40EA415021F045
:10846000004128BF5FEA500550F1000044EBD121E4
:1084700035E0DB0A45EAC121C90AB6F120050EDD67
:1084800042EA0242120CC5F1200603FA06F6EB405E
:1084900042EA06056D42984161F100010DE062FA81
:1084A00006F5F240554063FA06FC82EA0C02F340FE
:1084B0005A406D42904161EB030111F4801F05D1D8
:1084C000641E620502D06D004041494121F48011D3
:1084D000430875F1004350F1000041EB045170BCBA
:1084E00070471CEB410F15D223F0004352EA4306BC
:1084F0000BD04FEA4C0CBCEB410F04D80C0D661EA0
:10850000342EB7DDEBE7801A994150EA410608BFE7
:108510000021E4E708BF1CEB430F28BF6FF0000108
:10852000DDE70000C1F30A5340F2FE329B1A14DD6E
:10853000D3F120034FEAE17208DDC90241EA50514C
:1085400041F00040D84080185040704703F2E130BD
:1085500010B1D24382F00040704700207047000005
:108560002DE9F04D2DED0A8B41EC190B43EC182B46
:1085700051EC180B20F0000431F0004508BF002C2E
:1085800084B000F0088353EC192B0020DFF88C1620
:1085900003F002FB00F0FF82DFF8141603F0FCFA90
:1085A00008D151EC180B48004015401C02D10903BA
:1085B00000F0F18251EC190B48004015401C00F00E
:1085C0000E8251EC190B31F0004108BF002800F079
:1085D000068251EC180B48004015401C00F0FF814A
:1085E00051EC180B4B0043EAD0734200002B08BF3C
:1085F000002A04D1B0EE48AAF0EE68AA19E040F2D1
:108600003344A4EB5352352A04DB00F0000001F0A0
:1086100000410CE0202A03DD203AD140914000E0E7
:1086200001D1002003E0002AC4BFD040904041ECBB
:108630001A0B51EC190BC80F0BD053EC182B51EC43
:108640001A0B03F0A9FA04D0AFF300809FED3F9B13
:10865000A3E253EC192B23F00041B1F5801F22F067
:1086600000000DD20022002908BF0028009216D079
:108670006A4651EC190B03F09FFA41EC190B0EE01E
:10868000DFF8AC45DFF82C7504EB115000903B404F
:10869000DFF82405924643EA000B4BEC19AB51EC92
:1086A000190BC80F36D021F0004053EC192B0346AC
:1086B00043EC192B51EC1A0B4B0043EAD0734200E8
:1086C000002B08BF002A04D1B0EE4A0AF0EE6A0A75
:1086D00019E040F23444A4EB5352352A04DB00F095
:1086E000000001F000410CE0202A03DD203AD140D7
:1086F000914000E001D1002003E0002AC4BFD04037
:10870000904041EC100B53EC1A2B51EC100B03F082
:1087100043FA01D1002600E00126009801281DD16E
:1087200051EC190BDFF89424DFF8943403F07CFA51
:1087300014D253EC192B00204FF08041FFF762FD5B
:1087400000279FED04BB41EC190B27E0FFFFFFFF63
:10875000FFFFFF7F000000000000F03F53EC192BEB
:108760000020DFF86014FFF74DFD9FED78AB53EC70
:108770001A2BFFF719FEFFF7D5FEA0F120042046C3
:10878000FCF79AFF0022DFF84034FFF73BFD53EC83
:108790001A2BFFF709FE41EC1B0B670151EC190B7B
:1087A00053EC1B2B03F086F941EC1A0B53EC192BFD
:1087B00051EC1B0BFFF7F8FD02460B4651EC1A0B70
:1087C000FCF79CFF41EC190B53EC192BFFF71AFD3A
:1087D00041EC1C0B53EC1C2BDFF8F003DFF8F0131B
:1087E000FFF710FDDFF8EC23DFF8EC33FFF7DCFDDB
:1087F00053EC1C2BFFF706FDDFF8E023DFF8E03336
:10880000FFF7D2FD53EC1C2BFFF7FCFCDFF8D42361
:10881000DFF8D433FFF7C8FD53EC1C2BFFF7F2FC55
:10882000DFF8C823DFF8C833FFF7BEFD53EC1C2B7D
:10883000FFF7E8FCDFF8BC23DFF8BC33FFF7B4FD3B
:1088400053EC1C2BFFF7DEFCDFF8B023DFF8B0336E
:10885000FFF7AAFD53EC1C2BFFF7D4FC53EC1A2BAB
:1088600003F028F904460D460020DFF8B01353EC5E
:108870001B2B03F01FF900224FF08043FFF7C2FCCF
:1088800022462B46FFF790FD53EC192BFFF7BAFC5D
:1088900041EC100BDFF86C03784400F55A70074484
:1088A00053EC1A2B51EC100BFFF77EFD41EC190B2A
:1088B0000098FCF701FFD7E90023FFF775FD41ECB5
:1088C0001A0B53EC192BDFF84003DFF84013FFF7C6
:1088D00099FC53EC1A2BFFF767FD53EC182BFFF7AD
:1088E00091FC0022DFF8283303F09EF941EC1B0BCA
:1088F00069D30122C74B03F0AFF961D9C80F53EC1C
:108900001B2B1ABF0020C449AB49FFF74DFDFFF7F1
:1089100009FE0022C14BCDE901238046CDF800803D
:1089200053EC192B51EC180BFFF76CFC04460D4669
:10893000D7E90201D7E90423FFF736FD53EC182BE2
:10894000FFF760FC9FEDB6BB04E000BF0000000035
:108950000000E03F53EC1B2BFFF754FC22462B4654
:10896000FFF722FD07468B4653EC1A2B51EC180BF0
:10897000FFF748FC04460D464046FCF79DFE0246C4
:108980000B462046294603F095F853EC1B2BFFF7C6
:1089900039FC3A465B46FFF707FDDDE9012303F0AA
:1089A00073F941EC190B31F0004108BF00280AD0DF
:1089B00051EC190B48004015401C06D1090304D1A5
:1089C0009FEDA09B01E09FED9B9B002E00F0E580BA
:1089D00051EC190B81F0004141EC190BDDE051EC39
:1089E000190B48004015401C02D1090340F0D58006
:1089F00051EC180B48004015401C06D1090304D067
:108A0000B0EE489AF0EE689AC7E051EC180B4800B7
:108A100001244015401C61D051EC180B4B0043EA77
:108A2000D0734200002B08BF002A04D1B0EE48AA40
:108A3000F0EE68AA19E040F23345A5EB5352352A0F
:108A400004DB00F0000001F000410CE0202A03DD0F
:108A5000203AD140914000E001D1002003E0002AFB
:108A6000C4BFD040904041EC1A0B53EC182B51EC92
:108A70001A0B03F091F818BF00244B0043EAD0739F
:108A80004200002B08BF002A04D1B0EE4A0AF0EEE3
:108A90006A0A19E040F23445A5EB5352352A04DB4B
:108AA00000F0000001F000410CE0202A03DD203A34
:108AB000D140914000E001D1002003E0002AC4BF72
:108AC000D040904041EC100B44B153EC1A2B51ECC8
:108AD000100B03F061F80CBF0024012451EC190BBA
:108AE00048004015401C0AD1090308D151EC190B6C
:108AF000C80F21D153EC182BDA0F49D040E051ECCC
:108B0000180B48004015401C1ED109031CD153EC22
:108B1000192B23F00041B1F5801F22F0000021D273
:108B20000022002908BF002800921FD06A4651EC9D
:108B3000190B03F041F819E051EC180BC80F01D1E3
:108B4000002C21E0E4B10AE0002C1ABF51EC190B13
:108B5000C80F002053EC182BDA0F14D180B19FED11
:108B6000329B1AE0324C04EB1150009051EC180B80
:108B7000C80F009802D100280ADC01E0002807DDB8
:108B80009FED2C9B09E0002818BF9FED2C9B04D182
:108B90009FED2C9B01E09FED049B04B051EC190B61
:108BA000BDEC0A8BBDE8F08D000000000000F03F36
:108BB0000000F0BFFFFF0F800000E03FCD3B7F666D
:108BC0009EA0E63F000050400000903FF7DE29BF26
:108BD000D8F8C23FF4B3FECC1A99C33F62CB68D930
:108BE0006F46C73FC6C912DAC471CC3F4AE98A94BE
:108BF0002449D23FF75F97999999D93FBC5555556C
:108C00005555E53F4C5B0000FE822B654715F73F4D
:108C10000000E0C00000E0400000E0BF0000F03FC6
:108C2000EF39FAFE422EE63F00000000000000800F
:108C300002FCFFFF00000000000000000000000038
:108C40000000F0FF000000000000F07F2DE9F14F70
:108C5000B0B0924604910DF142013A9A2B91994697
:108C60004A7000200AE01AF8011B0498309A9047D5
:108C70000028049000F0B6860D98401C0D909AF8DC
:108C8000000050B12528EED1002100220791089262
:108C900009910A920B910C9204E00D9800F0A4BE89
:108CA00041F001011AF8010F2028F9D023280CD037
:108CB0002B2804D02D2805D0302809D00BE041F016
:108CC0000201EFE741F00401ECE741F00801E9E7B8
:108CD00041F01001E6E72A280FD1D9F8002052F818
:108CE000040BC9F8002000280F9003D540420F90D4
:108CF00041F004010AF1010A14E00F92DFF828386C
:108D00000AE00F98984205DA00EB800402EB440277
:108D1000303A0F920AF1010A9AF80020A2F13000CD
:108D20000A28EED39AF800002E2803D04FF0FF3225
:108D30000E9229E01AF8010F2A2809D1D9F800006B
:108D400050F8042BC9F800000E920AF1010A1BE04A
:108D50002D280CBF0AF1010A002000220E92DFF834
:108D6000C8470BE040B90E9AA24205DA02EB820531
:108D700003EB4503303B0E930AF1010A9AF80030E9
:108D8000A3F130020A2AEDD3ADF84010DFF89C07BA
:108D9000784400F5F3609AF8001003F069F908B11F
:108DA0001AF8010B8DF842009DF84200682805D1A1
:108DB0009AF8000068280CD1622106E06C2804BFF4
:108DC0009AF800006C2804D171218DF842100AF144
:108DD000010A12A806901AF801BBBBF125012CD09C
:108DE0001C3900F0D081091F022940F2CC811339CF
:108DF00000F02385093900F0C681891E00F0B8858E
:108E0000491E00F06585491E022940F2BC81091FF8
:108E100000F05E85491F00F02881491E00F00D8595
:108E2000491E00F0D080C91E0DD0891E00F00585B6
:108E3000C91E00F0028500F0A6BD25238DF848303C
:108E4000012100F0ABBDD9F8000050F8044BC9F87F
:108E50000000002C059440F0A3802B99487800284E
:108E600000F099804FF0FF340FF6843003F00CF9D6
:108E7000201A40F0B78500F092BD6D1E40F0A98524
:108E80003096079D12AF75B1309E17F8012B02A9DD
:108E9000304600F073FE002801D46D1EF5D1002885
:108EA000309640F09F850A9D3020002D8DF80400FB
:108EB0000CDD309E012301AA02A9304600F06EFEAF
:108EC000002840F08F856D1EF4D13096059F089DD7
:108ED00075B1309E17F8012B02A9304600F04EFE06
:108EE000002801D46D1EF5D10028309640F07A8517
:108EF0000B9D3020002D8DF804000CDD309E0123E9
:108F000001AA02A9304600F049FE002840F06A8517
:108F10006D1EF4D1309605980899099D471875B1D2
:108F2000309E17F8012B02A9304600F027FE0028DA
:108F300001D46D1EF5D10028309640F053850C9D6C
:108F40003020002D8DF804000CDD309E012301AA95
:108F500002A9304600F022FE002840F043856D1E35
:108F6000F4D130969DF8400041077FF588AE20206F
:108F7000002C8DF804007FF782AE309D012301AAFA
:108F800002A9284600F00AFE002840F02B85641E46
:108F9000F4D1309573E60FF66440059000F0FFBC05
:108FA0000E9D002D04D52046FCF74EFB044607E03D
:108FB0002A46204603F088F8002814BF041B2C46DC
:108FC000089400F0ECBCD9F8001051F8040BC9F873
:108FD000001020F00004002121F0FF3512ABCDE994
:108FE00002450593DDE9022306993C2413B90AB929
:108FF0000E9898B102F00F053035641EEEB23A2E8D
:10900000A8BF2735120942EA03721B090D5508BF94
:10901000002A03D005980D19A842EBD30819059032
:10902000C4F13C020E98089282420ADABDF8401060
:10903000821A4FF6EF7001400A92ADF8401000F02E
:10904000AEBC002840F1AB849DF8400000F0140055
:10905000102840F0A4840F9B07990A985B1A1B1AEA
:109060009A1A002A40F39B84E5E32B99487820B1B3
:109070004FF0FF340FF65430F8E69DF842006228B6
:1090800061D0682817D06A283FD06C2806D0712894
:1090900047D074282CD07A281DD064E0D9F800106D
:1090A00051F8040BC9F80010002868D14FF0FF34C4
:1090B0000FF63030DAE6D9F8001051F8040BC9F891
:1090C000001020B94FF0FF340FF61830CEE60D999E
:1090D000018000F064BCD9F8001051F8040BC9F805
:1090E000001000284BD14FF0FF340FF6F820BDE6FA
:1090F000D9F8001051F8040BC9F8001000283ED12F
:109100004FF0FF340FF6DC20B0E6D9F8001051F82C
:10911000040BC9F8001080B94FF0FF340FF6C420DB
:10912000A4E6D9F8001051F8040BC9F8001020B9D2
:109130004FF0FF340FF6AC2098E60D9AD317C0E934
:10914000002300F02CBCD9F8001051F8040BC9F82A
:10915000001020B94FF0FF340FF6882086E60D99F5
:10916000017000F01CBCD9F8001051F8040BC9F8CC
:10917000001020B94FF0FF340FF6682076E60D9905
:10918000016000F00CBCD9F80020D21D22F00702CB
:10919000C9F80020D2E900010832C9F80020CDE961
:1091A0000201C80F02D007982D210AE0BDF8400047
:1091B000810702D507982B2103E0C00705D5079842
:1091C000202112AA1154401C0790DDE902230799BF
:1091D00012A8CDE92C2308444BF020016129059009
:1091E00021AC0BD00E99002902D506210E9105E085
:1091F00001BF4BF02001672901220E92DDE9022315
:1092000059004915491C0DD11A030BD0ABF161056A
:1092100003211A2D089102D20FF6E41110E00FF687
:10922000E4110DE059004915491C0DD11A030BD169
:10923000ABF1610503211A2D089119D30FF6CC115A
:109240000322FEF773FEAAE3DDE90201CDE92E0158
:10925000DDE92E2323F00047B7F5801F22F000063A
:109260000DD20022002F08BF002E009203D116E07D
:109270000FF69411E4E76A4602F09EFC0FE0DFF877
:10928000DC08DFF8DC1800EB17500090DDE92E2336
:109290004FF0FF301940DFF8CC7810403943CDE96A
:1092A00002014BF0200061280DD10598302101709A
:1092B000821CBBF1610F05920CBF782158214170CF
:1092C0000798801C0790DDE9020120F0000231F0D0
:1092D000004308BF002A02D10026002568E14BF0B8
:1092E0002008B8F1610F40F0B4800E98002847BF05
:1092F00021210191401C0190019FDDE92C017F1C7F
:1093000000220023DDE9024502F08EFC00998DF871
:10931000842038BF85F00045091F002F00910DF112
:10932000850653DD204629460022002302F094FCE6
:109330004CD24800400D00F11C0212D0002A10DD72
:1093400040F2FF739A4206DBDFF81C1805F000407C
:109350000143002011E06FF31E5141EA0251204603
:109360000BE024F0000035F0004108BF00280FBFDB
:1093700029461C22294602F0D3FE04460D46FFF77B
:10938000D1F8FF1F002F804609DDFCF795F9024652
:109390000B462046294602F08DFB04460D46F01D83
:1093A0000721B8F1000F0CDD491E5EBF08F00F0267
:1093B00000F8012D4FEA2818F3D502E0002200F84A
:1093C000012D491EFAD5C61D002FABDC0DF185001D
:1093D000361A01988642D8BF304600280DF1850420
:1093E00030D4B04206DA0DF185010A5C082AA8BF24
:1093F0000F2100DA0021024621AB134400E0401E99
:1094000013F80159521E8D42F9D00F2904D10DF1E4
:1094100085018B5C5B1C8B54002A04D50099091DC7
:1094200021AC401C0091411E0CD46218ABF13A06ED
:1094300013783033DDB23A2DA8BFF318491E02F875
:109440000139F5D50E99002940F1B080421E0E92E7
:10945000ACE00099DFF8142747F29750414391FBA5
:10946000F2F2DDE92C45009225F00045D2F1070229
:1094700004DD2046294600F04EFB0BE0524200205E
:10948000DFF8EC1600F047FB02460B462046294663
:10949000FCF734F90446B8F1660F0E9806BF009F3A
:1094A0000A3706273F18142FC8BF142730200D464F
:1094B0008DF884000DF18506002F39DD2046294600
:1094C00002F0CCFE01460A4606F1080304200A26F3
:1094D000B2FBF6F606EB860EA2EB4E02303203F834
:1094E000012C0A22B6FBF2F202EB820EA6EB4E062C
:1094F0003036401E03F8026DE9D1083F002F03F11A
:109500000806D9DD0846FCF751FA02460B4620460C
:10951000294602F0CFFA0022DFF85836FEF772FE35
:1095200004460D46CAE700BFCBCCCC0C4C6800000B
:109530000DF18500361A0DF1850404E00098401EF7
:10954000761E0090641C20783028F7D0B8F1660FA2
:1095500002D10099491C04E0B8F1650F0CBF01214C
:1095600000210E9808188642B8BF701E00281DD42E
:10957000B04204DA215C3429C8BF392100DC302133
:109580000246631E9D1800E0401E15F80169521E38
:109590008E42F9D0392902D1A15C491CA154002A7C
:1095A00004D50099491C1C46401C00910646009DAC
:1095B00002F068FE406A0778DDF8388030B2002893
:1095C00002DC01260FF248644BF02000662808BF39
:1095D0006D1C16D0672846D128B210F1040F48DB65
:1095E000404546DA9DF840006D1C010703D430B2B7
:1095F0004045B8BF804628B2B8EB000848BF4FF0DE
:1096000000080FFA85FBBBF1000F00F3B580089846
:10961000411C0891302205990A54B8F1000F03DC6F
:109620009DF84000010704D50898411C0891059950
:109630000F5418EB0B0FB8BFC8F100052DB26842EC
:109640000B90A84432B29045B8BF4646059B089897
:1096500036B20996324621461844FEF767FCA8EB5D
:1096600006000C90D2E0BBF1610F17D14FF0700BE8
:1096700019E030B2404504DA9DF840100A0758BF9F
:109680008046B8F1010848BF4FF00008BBF1670FF2
:1096900014BF4FF0450B4FF0650B04E0BBF1410FD9
:1096A00008BF4FF0500B0898411C0891B8F1000F0B
:1096B000059914F8012B0A5403DC9DF840000107BA
:1096C0001AD50898411C0891B8F1000F05990F545C
:1096D00012DD761E30B280450598089BB8BF46461D
:1096E00032B221461844FEF721FC089936B27118AF
:1096F0000891A8EB06000B9005980899084429B238
:10970000002980F800B003D42B224270821C04E0B0
:109710002D2242700D46821C6D4200212CAB284642
:109720000AE004460A2094FBF0F000EB8005A4EB6D
:10973000450403F8014B491C00B20028F1DC012963
:1097400006DC4BF02000652804BF302002F8010B36
:1097500000292CAB08D1302002F8010B06E0491E8D
:10976000585C303002F8010B0029F8DC05990898A4
:109770000844121A099249E030B229B288421CDA30
:109780000598089B32B221461844FEF7CFFB089992
:1097900036B27118ABEB0606B8F1000F08910B96C4
:1097A00003DC9DF84000020704D505984754099949
:1097B000491C0991CDF8308028E00598089B2AB211
:1097C00021461844FEF7B2FB0898761B5844B8F1BE
:1097D000000F089003DC9DF840100A0703D5411CD8
:1097E000089105990F5430B280450598089BB8BF81
:1097F000464632B204EB0B011844FEF797FB08987B
:1098000036B230180890A8EB06000B909DF8400087
:1098100000F01400102840F0C280079A08990B98B5
:109820008A18099982180C988A1882180F9882420F
:1098300080F2B580821A0A92B1E09DF84200622857
:1098400008D068280ED06A2814D06C281FD0712840
:1098500010D01CE0D9F8001051F8040BC9F8001022
:10986000C0B21AE0D9F8001051F8040BC9F8001082
:1098700080B212E0D9F80020D21D22F00702C9F808
:109880000020D2E900010832C9F8002006E0D9F82A
:10989000001051F8040BC9F800100021CDE90201B5
:1098A0009DF8400001075AD5DDE90223002B08BFCF
:1098B000002A54D04BF02000782850D1079812A9E4
:1098C00030220A54401C431C079301F800B046E0C4
:1098D0009DF84200622808D068280ED06A2814D06B
:1098E0006C281FD0712810D01CE0D9F8001051F856
:1098F000040BC9F8001040B21AE0D9F8001051F872
:10990000040BC9F8001000B212E0D9F80020D21DF3
:1099100022F00702C9F80020D2E900010832C9F894
:10992000002006E0D9F8001051F8040BC9F8001027
:10993000C117CDE90201002902D507982D210AE0BF
:10994000BDF84000810702D507982B2103E0C0072E
:1099500005D50798202112AA1154401C079012A87F
:1099600007990144059102A8594600F04FF816E006
:1099700001200790D9F8000050F8041BC9F8000036
:109980008DF848100BE025210122BBF1000F8DF866
:109990004810079203D08DF849B0022107910F9A21
:1099A00007980A990C9C121A0898521A0B99121AC5
:1099B0000998521A121A9DF84000141B41073FF5EE
:1099C00060AA2020002C8DF804007FF75AAA309E50
:1099D0002546012301AA02A9304600F0DFF800283D
:1099E0003FF44BAA4FF0FF3031B0BDE8F08F0000DC
:1099F0007072696E74665F733A20626164202573C9
:109A000020617267756D656E740000002DE9FC437E
:109A100007466F293E6908BF082405D041F02000A1
:109A2000782814BF0A2410243C25D7E90023642990
:109A300018BF69299046994605D1002B03D5D8F166
:109A4000000869EB4909B9F1000F08BFB8F1000F30
:109A50000CD1386B50B9082C39D197F83800010770
:109A600035D530203B2586F83B0030E08DF80010DE
:109A7000404649462246E317FEF7ACFA3032D0B2F0
:109A80006D1E3A28019504DB9DF80000A0F15101FC
:109A90008A187255404649462246E317FEF79AFA5D
:109AA00080465FEA010908BFB8F1000F03D0F868EB
:109AB00071198842DCD3082C09D197F838000107C6
:109AC00005D5705D302802D06D1E30207055C5F16F
:109AD0003C02BA617119F960386B824208DA821A65
:109AE0003A624FF6EF70398F01403987BDE8F38352
:109AF00000280ED597F8380000F01400102808D17F
:109B00007B6B7969386A5B1A1B1A9A1A002AC8BFDC
:109B10003A62BDE8F3832DE9D04306460F4614466A
:109B20004FF00008DFF8509012E0E00707D54246FA
:109B30004B4630463946FEF765FB06460F46404623
:109B4000494642464B46FEF75DFB64108046894617
:109B5000002CEAD130463946BDE8D08302FCFFFF35
:109B6000FFFF0F800000E03F0000F07FA0860100B3
:109B70000000F03F84D797410000244010B5034611
:109B80000C461146A0689847A06020B1E06A401CCE
:109B9000E062002010BD4FF0FF3010BDF8B5054663
:109BA0000E4617461C4600205CB117F8011BB06832
:109BB000A847B06030B1F06A401CF0620020641E1B
:109BC000F3D1F2BD4FF0FF30F2BD00007072696E4C
:109BD00074665F733A20256E20646973616C6C6FE4
:109BE000776564007072696E74663A206261642001
:109BF000256E20617267756D656E7400000000004F
:109C00006E616E004E414E00696E6600494E460020
:109C10003000000010B50400002C01D1012074E0D8
:109C2000606A002806D16068B0F5827F06D0002007
:109C3000E06103E000202061002060610020A0625C
:109C400094F85D00002805D1002084F85C00200015
:109C500002F044FB022084F85D002068006830F0C8
:109C6000400021680860E06840F20171884201D339
:109C7000002101E04FF48051E068B0F5706F05D02D
:109C8000E068B0F5E06F01D00020A062606810F4D9
:109C90008270A26812F404421043227C12F0020285
:109CA0001043227D12F001021043A26912F40072E7
:109CB0001043227F12F03802104394F8202012F053
:109CC00080021043A26A12F400521043226810600E
:109CD000A269120C12F0040294F8240010F0100093
:109CE000024394F8340010F008000243E06810F4D6
:109CF0007060024311F480500243206842600020EB
:109D00002066012084F85D00002010BD2DE9F84395
:109D100006000D0017001C00FBF7F2FE8046B94656
:109D200096F85D00012801D00220ECE0002D03D060
:109D3000380080B2002801D10120E4E096F85C00F0
:109D4000012801D10220DEE0012086F85C0003201A
:109D500086F85D0000203066B563B787F78700207E
:109D600030640020A6F844000020A6F84600002039
:109D700030650020F064B068B0F5004F0BD130685A
:109D8000006830F04000316808603068006850F4C6
:109D900080403168086030680068400605D430684B
:109DA000006850F0400031680860F06840F20171CE
:109DB000884235D37068002803D0484680B2012815
:109DC00009D1B06B00883168C860B06B801CB0638B
:109DD000F08F401EF087F08F002873D030688068C5
:109DE00080070AD5B06B00883168C860B06B801CF2
:109DF000B063F08F401EF087EDE7FBF781FEB0EB1C
:109E00000800A04202D314F1010F01D1002CE2D1CD
:109E1000012086F85D00002086F85C00032072E0D7
:109E20007068002803D0484680B2012817D1F08F0F
:109E300002280AD3B06B00883168C860B06B801C00
:109E4000B063F08F801EF08709E0B06B0078316856
:109E50000873B06B401CB063F08F401EF087F08F2A
:109E600000282FD030688068800718D5F08F02282E
:109E70000AD3B06B00883168C860B06B801CB063D7
:109E8000F08F801EF087EAE7B06B007831680873C6
:109E9000B06B401CB063F08F401EF087DFE7FBF72C
:109EA0002FFEB0EB0800A04202D314F1010F01D144
:109EB000002CD4D1012086F85D00002086F85C00DB
:109EC000032020E042462100300000F003F9002882
:109ED00001D020203066B068002808D10020009012
:109EE0003068C06800903068806800900098012059
:109EF00086F85D00002086F85C00306E002801D0F6
:109F0000012000E00020BDE8F2832DE9FC470500B8
:109F10000E0017009846DDF82890FBF7F1FD0400CD
:109F2000B8EB040419EB0404FBF7EAFD8246684829
:109F300000684001000D00FB04F000902868806874
:109F40003040B04201D1012000E000203900C9B208
:109F5000884243D018F1010FF0D0FBF7D1FDB0EBF0
:109F60000A00A04201D2002C2FD12868406830F0AE
:109F7000E000296848606868B0F5827F0DD1A86864
:109F8000B0F5004F03D0A868B0F5806F05D1286800
:109F9000006830F0400029680860A86AB0F5005FEA
:109FA0000BD12868006830F40050296808602868E0
:109FB000006850F4005029680860012085F85D00B1
:109FC000002085F85C00032009E00098002801D1FA
:109FD000002004000098401E0090AFE70020BDE87C
:109FE000F6872DE9FE4F06000F0014009846DDF8B5
:109FF000309000208DF80000FBF782FD0500B8EBE3
:10A00000050519EB0505FBF77BFD8246306810F16D
:10A010000C0B2F48016823204143090D01FB05F17A
:10A020000191306880683840A0424ED0B7F5C06FCB
:10A0300007D1002C05D19BF800008DF800009DF899
:10A04000000018F1010FECD0FBF75AFDB0EB0A004D
:10A05000A84201D2002D2FD13068406830F0E000D6
:10A06000316848607068B0F5827F0DD1B068B0F596
:10A07000004F03D0B068B0F5806F05D1306800683C
:10A0800030F0400031680860B06AB0F5005F0BD175
:10A090003068006830F4005031680860306800684B
:10A0A00050F4005031680860012086F85D000020FF
:10A0B00086F85C00032009E00198002801D1002007
:10A0C00005000198401E0190ABE70020BDE8FE8F1F
:10A0D000840500207CB504000D00160000962B00BE
:10A0E00000224FF4C0512000FFF77BFF002805D06D
:10A0F000206E50F02000206603201FE000962B0009
:10A10000002280212000FFF700FF002805D0206EEC
:10A1100050F020002066032010E000962B00002263
:10A120004FF4C0612000FFF75CFF002805D0206ECF
:10A1300050F020002066032000E0002076BD0028BB
:10A1400048BF4042704780B502F004F900F011F8B2
:10A1500002F012F902F0F8F9FCF72EFC02F024FAF2
:10A1600002F094F8FCF744FCFCF760FC02F046FBBC
:10A17000FEE710B596B04421002205AC2000FBF7A5
:10A1800077FF142100226C462000FBF771FF4FF48B
:10A19000007002F00FFD002801D000F033F8182005
:10A1A000059001200A9001200B9000200C90602067
:10A1B0000D9002200F900120109001201190282076
:10A1C000129007201390022014900220159005A8E9
:10A1D00000F042FE002801D000F014F80F2000909B
:10A1E00003200190002002900020039000200490A2
:10A1F0000421684601F074F9002801D000F002F84B
:10A2000016B010BD72B6FEE710B5044610460A46F9
:10A2100001462046FBF72CFF204610BD2DE9F84FE4
:10A2200005005FF0000800272868000527D5686C46
:10A2300000280DD0B0F5000F03D0B0F5400F0DD0C1
:10A240000DE0DFF82403016851F48031016008E07B
:10A250000021281D00F092F9804602E001E0012073
:10A2600080464046C0B2002808D1DFF80C130A68C7
:10A2700032F44002686C02430A6000E047462868F6
:10A2800080037AD55FF00009DFF8E0A2DAF8000079
:10A29000C0000DD4DAF8000050F08050CAF8000079
:10A2A000DAF8000010F080500090009801208146FC
:10A2B000DFF8BCB2DBF8000050F48070CBF800008F
:10A2C000FBF71EFC0600DBF80000C00506D4FBF718
:10A2D00017FC801B0328F6D3032080464046C0B2FB
:10A2E00000283FD1DFF88CB2DBF8000010F440709A
:10A2F0000400002C15D0E86D844212D0DBF8000079
:10A3000030F440700400DBF8000050F48030CBF8EB
:10A310000000DBF8000030F48030CBF80000CBF810
:10A320000040E0070FD5FBF7EBFB0600DBF8000071
:10A33000800708D4FBF7E4FB801B41F28931884297
:10A34000F4D3032080464046C0B2002808D1DBF891
:10A35000001031F44071E86D0143CBF8001002E0C9
:10A36000474600E047464846C0B2012805D1DAF822
:10A37000000030F08050CAF800002878C00707D5E8
:10A38000DFF8F4110A6892089200286A02430A6012
:10A390002878800707D5DFF8E0110A6832F00C0250
:10A3A000686A02430A602878400707D5DFF8C811B9
:10A3B0000A6832F03002A86A02430A6028788006F0
:10A3C00007D5DFF8B4110A6832F44062E86A024344
:10A3D0000A602868800507D5DFF89C110A6832F406
:10A3E0004022E86B02430A602868400507D5DFF881
:10A3F00088110A6832F44012286C02430A602878F7
:10A40000400607D5DFF870110A6832F44052286B15
:10A4100002430A602878000607D5DFF85C110A6855
:10A4200032F44042686B02430A602868C00507D5D1
:10A43000DFF844110A6832F44032A86B02430A6024
:10A440002868800420D5DFF830110A6832F04062B5
:10A45000A86C02430A60A86CB0F1006F06D1DFF867
:10A460000801016851F4801101600DE0A86CB0F1A1
:10A47000806F09D10121281D00F080F880464046F8
:10A48000C0B2002800D047462868000320D5DFF876
:10A49000E8100A6832F04062E86C02430A60E86C37
:10A4A000B0F1006F06D1DFF8C000016851F48011EF
:10A4B00001600DE0E86CB0F1806F09D10121281D29
:10A4C00000F05CF880464046C0B2002800D0474605
:10A4D0002868400320D5DFF8A0100A6832F04062F7
:10A4E000286D02430A60286DB0F1006F06D1DFF8D5
:10A4F0007800016851F4801101600DE0286DB0F121
:10A50000806F09D10121281D00F038F880464046AF
:10A51000C0B2002800D047462868400415D5DFF8AF
:10A5200058100A6832F04052686D02430A60686D44
:10A53000B0F1805F09D10221281D00F01FF880468C
:10A540004046C0B2002800D047462868000407D51E
:10A55000DFF824100A6832F08042A86D02430A60D6
:10A560003800C0B2BDE8F28F0C1002405810024013
:10A570000070004090100240881002402DE9F04128
:10A5800005000C0000275949086810F0030F12D08D
:10A59000086810F003002A68904209D12868002852
:10A5A00006D00868C0F30210401C6968884232D0A7
:10A5B000012007002FE02868012804D01BD30328BE
:10A5C0000FD007D317E04A480068800701D4012064
:10A5D000070012E046480068400501D4012007004A
:10A5E0000BE043480268920304D40068400301D49E
:10A5F0000120070001E0012007003800C0B2002858
:10A6000009D10A6832F07302286802436868401E64
:10A6100052EA00120A603800C0B2002861D1DFF8A7
:10A62000D080D8F8000030F08060C8F80000FBF758
:10A6300067FA0600D8F80000000106D5FBF760FABB
:10A64000801B0328F6D3032007003800C0B200287F
:10A6500047D1002C0BD127490A6827480240A86837
:10A6600052EA0022E86852EAC0620A601CE0012C4B
:10A670000DD120490A6821480240A86852EA002208
:10A6800028694008401E52EA40520A600CE019490D
:10A690000A681B480240A86852EA0022686940081C
:10A6A000401E52EA40620A60D8F8000050F0806014
:10A6B000C8F80000FBF724FA0600D8F800000001F3
:10A6C00006D4FBF71DFA801B0328F6D303200700EE
:10A6D0003800C0B2002804D106490A68A8690243BC
:10A6E0000A603800C0B2BDE8F08100000C100240E2
:10A6F0000010024010100240FF80FF07FF809FFF04
:10A70000FF80FFF930B40100002901D1012067E08A
:10A710000868624A90420AD20A6861488218142086
:10A72000B2FBF0F0800048645E48086409E00A6803
:10A730005D4882181420B2FBF0F0800048645B484A
:10A740000864022081F82500086802686FF30E1281
:10A750008B68C868034308690343486903438869F1
:10A760000343C8690343086A03431A430868026045
:10A770008868B0F5804F2AD0086C4A4B984213D1B4
:10A780004B4803680F2491F8445015F01C05AC4069
:10A79000A343036003684C6891F8445015F01C050E
:10A7A000AC402343036012E0424803680F2491F851
:10A7B000445015F01C05AC40A343036003684C688B
:10A7C00091F8445015F01C05AC4023430360002071
:10A7D000C863012081F82500002081F824000020B2
:10A7E00030BC704710B40100002901D1012053E0B2
:10A7F00008680068400840000A6810600868274A36
:10A8000090420AD20A68264882181420B2FBF0F05F
:10A81000800048642348086409E00A6822488218D6
:10A820001420B2FBF0F08000486420480864002047
:10A830000A681060012091F8442012F01C02904038
:10A840000A6C5060086C174A90420AD11848026896
:10A850000F2391F8444014F01C04A3409A43026073
:10A8600009E0144802680F2391F8444014F01C04D6
:10A87000A3409A4302600020C862002008630020C1
:10A880004863002088630020C863002081F8250009
:10A89000002081F82400002010BC7047080402400A
:10A8A000F8FFFDBF00000240F8FBFDBF00040240BE
:10A8B000A8000240A80402402DE9F04104000D0068
:10A8C00016001F005FF0000894F82400012801D151
:10A8D00002203BE0012084F8240094F825000128A0
:10A8E0002DD1022084F825000020E0632068006854
:10A8F00040084000216808603B0032002900200029
:10A9000000F0F8F8206B002806D02068006850F0AE
:10A910000E00216808600BE02068006830F0040039
:10A92000216808602068006850F00A00216808600B
:10A930002068006850F001002168086004E00020F1
:10A9400084F82400022080464046C0B2BDE8F08171
:10A950000100002291F82500022806D00420C863D7
:10A96000002081F8240001201BE00868006830F016
:10A970000E000B68186008680068400840000B680B
:10A980001860012091F8443013F01C0398400B6CC0
:10A990005860012081F82500002081F82400100073
:10A9A000C0B2704738B50400002594F8250002288D
:10A9B00004D00420E063012005001FE02068006847
:10A9C00030F00E00216808602068006840084000F0
:10A9D00021680860012094F8441011F01C0188409F
:10A9E000216C4860012084F82500002084F82400B0
:10A9F000A06B002802D02000A16B88472800C0B2BD
:10AA000032BD70B50400206C05682068066804201B
:10AA100094F8441011F01C0110FA01F10D4219D004
:10AA2000710717D521680968890605D42168096866
:10AA300031F004012268116094F8441011F01C01F7
:10AA40008840216C4860206B002852D02000216B88
:10AA500088474EE0022094F8441011F01C0110FACF
:10AA600001F10D421FD0B1071DD521680968890683
:10AA700008D42168096831F00A01226811600121B7
:10AA800084F8251094F8441011F01C018840216CC2
:10AA90004860002084F82400E06A002829D02000C3
:10AAA000E16A884725E0082094F8441011F01C0161
:10AAB000884005421DD030071BD52068006830F063
:10AAC0000E0021680860012094F8441011F01C0168
:10AAD0008840216C48600120E063012084F8250053
:10AAE000002084F82400606B002802D02000616BF5
:10AAF000884770BD30B4012490F8445015F01C050F
:10AB0000AC40056C6C60046863608468102C04D1F0
:10AB10000468A2600468E16003E00468A16004685E
:10AB2000E26030BC7047000010B410F00703DFF89B
:10AB3000684122684FF6FF010A40DFF8601151EAD0
:10AB400003210A43226010BC7047DFF84C01006803
:10AB5000C0F3022070470000010049B200290AD466
:10AB6000012210F01F018A40DFF8341103005BB2AC
:10AB70005B0941F823207047010049B200290DD438
:10AB8000012210F01F018A40464903005BB25B09B5
:10AB900041F82320BFF34F8FBFF36F8F704710B47E
:10ABA000020052B2002A05D40A013F4B040064B2ED
:10ABB0001A5508E00A013D4B040064B214F00F047A
:10ABC000234403F8042C10BC704770B4030013F046
:10ABD0000704D4F10700052801D3042001E0D4F1D3
:10ABE0000700251D072D01D2002500E0E51E0126E6
:10ABF00016FA00F0401E0140A94016FA05F56D1E38
:10AC00002A401143080070BC704710B50400601E54
:10AC1000B0F1807F01D301200EE0601E244908605E
:10AC20000F215FF0FF30FFF7BAFF002021490860D5
:10AC3000072021490860002010BD10B50400200045
:10AC4000FFF772FF10BD2DE9F04104000D00160062
:10AC50000027FFF77AFF8046320029004046FFF7C1
:10AC6000B4FF0100200040B2FFF799FFBDE8F0817A
:10AC700010B50400200040B2FFF76EFF10BD10B504
:10AC80000400200040B2FFF777FF10BD10B50400AC
:10AC90002000FFF7BAFF10BD0CED00E00000FA0540
:10ACA00000E100E080E100E000E400E018ED00E0F9
:10ACB00014E000E018E000E010E000E010B504004F
:10ACC000206841490968884202D1012001F067FEED
:10ACD00020683E490968884202D1012001F0BEFF88
:10ACE00020683B490968884202D10120FCF74AF8F4
:10ACF00010BD38B504000D0020683349096888424A
:10AD000003D1280080B201F04AFE20682F4909686B
:10AD1000884203D1280080B201F0A0FF20682C49AE
:10AD20000968884203D1280080B2FCF72BF831BDB6
:10AD300010B50400206824490968884202D1002027
:10AD400024490870206821490968884202D10220FC
:10AD50002049087020681E490968884202D10420F1
:10AD60001C49087002211C48FBF718F810BD1CB5DF
:10AD7000184C20780090194B00220021032001F08C
:10AD800095FF207800280ED101F008FE14480188B4
:10AD9000491C01800188142903DB0021018001F096
:10ADA000E7FD01F0E9FD20782078022803D101F0C9
:10ADB00054FF01F043FF20782078042803D1FBF7EB
:10ADC000E0FFFBF7CFFF13BDDC2000206421002053
:10ADD000EC2100200929002088050020CCF600087D
:10ADE000F628002070B505000C001600D5F880008C
:10ADF00020282DD1002C03D0300080B2002801D1B2
:10AE0000012026E00120286600206866320092B208
:10AE100021002800FCF787FD01000800C0B20028CF
:10AE200013D1286E01280ED110202A6810622868DC
:10AE300050E8000F50F0100002002B6843E800209B
:10AE40000028F4D101E0012001000800C0B200E0B8
:10AE5000022070BD704700002DE9FE4F0500002D57
:10AE600001D101203AE3DFF80499D9F8004014F049
:10AE70000C04DFF81889D8F8007017F00307287859
:10AE8000C00640F1C680002C03D00C2C7AD1012FD3
:10AE900078D1DFF8D4A8DAF80000800704D5A869D3
:10AEA000002801D1012019E3DAF80000000704D5D9
:10AEB000DAF8000010F0F00005E0DFF86009006843
:10AEC000000910F0F000296A88421ED2286A00F0BA
:10AED0005FFC002801D0012000E3DAF8000050F008
:10AEE0000800CAF80000DAF8001031F0F001286A12
:10AEF0000143CAF80010DFF82809016831F47F41E6
:10AF0000EA6951EA022101601FE0DAF8000050F01E
:10AF10000800CAF80000DAF8001031F0F001286AE1
:10AF20000143CAF80010DFF8F808016831F47F41E6
:10AF3000EA6951EA02210160002C06D1286A00F07A
:10AF400027FC002801D00120C8E200F086FBDFF8D2
:10AF5000D418D9F80020C2F30312895C11F01F0144
:10AF6000C840DFF80C180860DFF80808006801F036
:10AF7000BBFF8DF800009DF80000002849D09DF827
:10AF80000000ABE2A86900282DD0DFF8DC97D9F8E3
:10AF9000000050F00100C9F80000FAF7B1FD06000A
:10AFA000D9F80000800706D4FAF7AAFD801B032811
:10AFB000F6D3032092E2D9F8000050F00800C9F857
:10AFC0000000D9F8001031F0F001286A0143C9F8F7
:10AFD0000010DFF84C08016831F47F41EA6951EA5A
:10AFE0000221016015E0DFF88097D9F800004008E1
:10AFF0004000C9F80000FAF783FD0600D9F8000008
:10B00000800706D5FAF77CFD801B0328F6D30320C2
:10B0100064E22878C00754D5082C03D00C2C0BD13F
:10B02000032F09D1DFF840070068800349D568681D
:10B03000002846D1012051E26868B0F5803F06D172
:10B04000DFF82407016851F48031016018E0686876
:10B05000B0F5A02F0AD1DFF81007016851F4802164
:10B060000160016851F48031016009E0DFF8F80601
:10B07000016831F480310160016831F480210160A0
:10B08000686800280ED0FAF73BFD0600DFF8D80606
:10B090000068800315D4FAF733FD801B6528F5D3CB
:10B0A00003201BE2FAF72CFD0600DFF8BC0600685F
:10B0B000800306D5FAF724FD801B6528F5D303200D
:10B0C0000CE22878800752D5042C03D00C2C15D123
:10B0D000022F13D1DFF890060068400504D5E86818
:10B0E000002801D10120F9E1DFF83407016831F0CF
:10B0F000F8512A6951EA0261016038E0E8680028E5
:10B100001FD0DFF86496D9F8000050F48070C9F8B9
:10B110000000FAF7F5FC0600D9F80000400506D457
:10B12000FAF7EEFC801B0328F6D30320D6E1DFF804
:10B13000F006016831F0F8512A6951EA02610160B4
:10B1400015E0DFF82496D9F8000030F48070C9F8D3
:10B150000000FAF7D5FC0600D9F80000400506D536
:10B16000FAF7CEFC801B0328F6D30320B6E128783B
:10B1700000072ED56869002815D0DFF8A096D9F809
:10B18000000050F00100C9F80000FAF7B9FC060011
:10B19000D9F8000080071CD4FAF7B2FC801B032802
:10B1A000F6D303209AE1DFF87496D9F8000040083E
:10B1B0004000C9F80000FAF7A3FC0600D9F8000027
:10B1C000800706D5FAF79CFC801B0328F6D30320E2
:10B1D00084E12878400740F181805FF00009DFF8C2
:10B1E00048A6DAF80000C0000DD4DAF8000050F0EC
:10B1F0008050CAF80000DAF8000010F0805001908A
:10B20000019801208146DFF824B6DBF80000C00574
:10B2100013D4DBF8000050F48070CBF80000FAF78C
:10B220006FFC0600DBF80000C00506D4FAF768FCE6
:10B23000801B0328F6D3032050E1A868012806D11B
:10B24000DFF8EC05016851F00101016017E0A86822
:10B2500005280AD1DFF8D805016851F00401016022
:10B26000016851F00101016009E0DFF8C4050168DF
:10B27000490849000160016831F004010160A868D3
:10B28000002810D0FAF73CFC0600DFF8A40500689F
:10B29000800719D4FAF734FC801B41F289318842C7
:10B2A000F3D303201AE1FAF72BFC0600DFF8800540
:10B2B0000068800708D5FAF723FC801B41F289312A
:10B2C0008842F3D3032009E14846C0B2012805D1E2
:10B2D000DAF8000030F08050CAF8000028788006C4
:10B2E0002ED5686A002815D0DFF84895D9F80000F7
:10B2F00050F00100C9F80000FAF702FC0600D9F886
:10B30000000080071CD4FAF7FBFB801B0328F6D350
:10B310000320E3E0DFF81C95D9F800004008400066
:10B32000C9F80000FAF7ECFB0600D9F80000800726
:10B3300006D5FAF7E5FB801B0328F6D30320CDE002
:10B34000A86A002800F0C980A86A022840F0A380FB
:10B35000D8F80000070017F00300E96A884222D1FC
:10B3600017F07000296B491EB0EB011F1BD117F4B9
:10B37000FE40696BB0EB012F15D117F07840A96B37
:10B38000B0EBC16F0FD117F4C000E96B4908491E3B
:10B39000B0EB415F07D117F0C060296C4908491E26
:10B3A000B0EB416F57D00C2C53D0DFF8BCA3DAF8C8
:10B3B0000000400101D5012090E0DAF8000030F0F3
:10B3C0008070CAF80000FAF79BFB8146DAF80000AB
:10B3D000800107D5FAF794FBB0EB09000328F5D3F9
:10B3E00003207BE0D8F80010DFF84C040140E86A45
:10B3F0000143286B401E51EA0011686B51EA00219D
:10B40000E86B4008401E51EA4051286C4008401E3D
:10B4100051EA4061A86B51EAC061C8F80010DAF83F
:10B42000000050F08070CAF80000D8F8000050F01A
:10B430008070C8F80000FAF763FB0600DAF8000035
:10B4400080014AD4FAF75CFB801B0328F6D3032063
:10B4500044E0012042E0DFF81093D9F800008001B9
:10B460003BD4D9F8000050F08070C9F80000D8F83B
:10B47000000050F08070C8F80000FAF741FB0600A9
:10B48000D9F80000800128D4FAF73AFB801B032882
:10B49000F6D3032022E00C2C1DD0DFF8CC92D9F893
:10B4A000000030F08070C9F80000FAF729FB0600B0
:10B4B000D9F80000800106D5FAF722FB801B03288B
:10B4C000F6D303200AE0D8F80010DFF8700301403B
:10B4D000C8F8001001E0012000E00020BDE8FE8F68
:10B4E0002DE9F04104000D00002C01D10120B2E053
:10B4F000DFF84C73386810F00700A8420BD23868A8
:10B50000C008C00028433860386810F00700A8421F
:10B5100001D001209FE0207880070DD5DFF84C1284
:10B52000086810F0F000A268904205D20A6832F074
:10B53000F002A06802430A602078C00742D5606824
:10B54000032806D1DFF82002006880011CD4012006
:10B5500081E06068022806D1DFF80C0200688003F1
:10B5600012D4012077E06068002806D1DFF8F801E6
:10B570000068800708D401206DE0DFF8EC01006866
:10B58000400501D4012066E0DFF8E081D8F8001022
:10B590008908890060680143C8F80010FAF7B0FA1A
:10B5A0000600D8F8000010F00C006168B0EB810FC5
:10B5B00008D0FAF7A5FA801B41F289318842F0D30E
:10B5C000032048E0207880070CD56849A0680A6805
:10B5D00012F0F002904205D20A6832F0F002A06840
:10B5E00002430A60386810F0070085420BD23868C1
:10B5F000C008C00028433860386810F00700A8422F
:10B6000001D0012027E02078400706D557490A6875
:10B6100032F4E062E06802430A602078000707D550
:10B620005248016831F46051226951EAC201016057
:10B6300000F013F8DFF8EC114C4A1268C2F3031261
:10B64000895C11F01F01C8404949086049480068F9
:10B6500001F04AFCC0B2BDE8F0812DE9F0410026BE
:10B6600000204249096811F00C01DFF820C1DCF824
:10B67000007017F00307002903D00C291AD1012FFD
:10B6800018D1DFF8E4E0DEF800805FEA087806D43D
:10B69000DFF888E1DEF800E0CEF3032E03E0DEF809
:10B6A00000E0CEF3031E674E56F82E6000290CD141
:10B6B00030000AE0042903D1DFF88CE1704604E091
:10B6C000082902D1DFF884E170460C292DD1DCF87D
:10B6D00000E01EF0030E73469E46BEF1020F03D03B
:10B6E000BEF1030F03D005E0DFF85CE103E0DFF813
:10B6F0005CE100E0B646DCF80020C2F30212521C06
:10B700001500DCF80020C2F3062202FB0EFEBEFB91
:10B71000F5F2DCF800C0CCF3416C1CF1010C5FEADF
:10B720004C0C6446B2FBF4FC6046BDE8F081104866
:10B730000068704780B5FFF7FAFF45490B4A126869
:10B74000C2F30222895C11F01F01C84002BD80B51E
:10B75000FFF7EDFF3E49054A1268C2F3C222895C39
:10B7600011F01F01C84002BD001002400810024045
:10B7700084050020600500202849086810F07E40FC
:10B780000A6852F400020A60704700000C10024080
:10B790007CB504000025244E3068C00003D501F0BC
:10B7A00003FA01000FE0306850F0805030603068DC
:10B7B00010F080500090009801F0F6F90100306818
:10B7C00030F080503060B1F5007F09D1812C15D365
:10B7D000A12C02D30220050010E0012005000DE09D
:10B7E000812C02D30320050008E0802C02D1022026
:10B7F000050003E0702C01D101200500104802680B
:10B80000D208D2002A430260006810F00700A84264
:10B8100001D0012000E0002076BD0000941002401D
:10B82000041002402CF8000858100240007000403C
:10B8300090100240981002408C809D01FCFFEEFEAB
:10B840000020024044F500080024F40000127A00B1
:10B8500008FD0008704770472DE9F84F82468B4677
:10B8600014001D000026DFF884713878012801D10A
:10B87000022047E0012038704CF25038404600F07A
:10B880005BF881464846C0B2002837D10020786076
:10B89000DFF85C010168490506D5016831F4806173
:10B8A00001600220387701E000203877BAF1000FFC
:10B8B00007D122002B00584600F071F80120060045
:10B8C0000FE0BAF1010F02D0BAF1020F09D1210045
:10B8D000584600F071F8BAF1020F02D15FF48020EF
:10B8E0000600404600F028F88146002E04D0DFF81C
:10B8F00004010168B143016000F09FF80020387036
:10B900004846C0B2BDE8F28F00203A490A68002AD2
:10B9100009D53C4A3C4B13603C4B13600968002935
:10B9200001D501210800C0B270473248016851F0CA
:10B93000004101600020704770B50400FAF7E0F89C
:10B9400005002D4A1068C00309D514F1010FF8D085
:10B95000FAF7D6F8401BA042F3D303201EE011688B
:10B9600026480140002913D0204843680B43436018
:10B9700011F0404F05D0224B1E6811F040400643A5
:10B980001E60880002D021F040401060012005E0D8
:10B990001068C00701D501201060002070BD10B4F0
:10B9A00014490C6854F001040C600260BFF36F8FFF
:10B9B000011D0B6010BC704770B4402304000D00E3
:10B9C0000C4A166856F480261660EFF3108272B6A1
:10B9D0002E682660241D2D1D5B1E1E00F6B2002E53
:10B9E000F6D182F3108870BC704700006405002017
:10B9F000002002401420024010200240FAC302003E
:10BA0000182002400820024023016745AB89EFCD92
:10BA100010B4DFF89820136833F47E73C40014F474
:10BA2000FF6423431360136853F002031360136829
:10BA300053F48033136010BC7047DFF86800017F57
:10BA40000A00D2B2012A03D00A00D2B2032A11D1CD
:10BA5000DFF85420136833F400731360136853F451
:10BA600000631360136833F400631360136853F4C6
:10BA7000007313600A00D2B2022A03D00A00D2B2C5
:10BA8000032A0CD1084A136853F4805313601368D7
:10BA900033F480531360136853F4806313600022FF
:10BAA0000277704764050020002002401420024005
:10BAB0007047000070B44FF0004591EA030F7CF529
:10BAC0007BAC6B40841A71EB030603D2001BB141BF
:10BAD000121973414FF4001C1CEB410F34BF7CEB77
:10BAE000430442E00C0DA4EB1356352E4FDC45EA1F
:10BAF000C323DB0A45EAC121C912B6F120050DDDD9
:10BB000063FA05F6EB4086EA0305124218BF45F0DA
:10BB10000105C01851F100010CD213E062FA06F5DC
:10BB2000F2405540F3415A40B340F3405A40801828
:10BB3000594107D349085FEA30005FEA350528BF5D
:10BB400045F0010501F58011420875F1004250F100
:10BB5000000041EB04514E0016F5001F70BC38BFC9
:10BB600070470020090D090570471CEB410F10D2EA
:10BB700052EA43060BD0BCEB410F05D80C0DAB438A
:10BB8000661E342EB6DD02E0AB438018594170BC0E
:10BB9000704770BC7047000090420CD141EA030C22
:10BBA00050EA4C0C07D0994205D14FF4001C1CEB15
:10BBB000410F38BF8942704710B5144600F002F8B3
:10BBC000226010BDC1F30A5343B14A0012F5001FB1
:10BBD00028D2A3F2FE32A1EB0251704750EA410C89
:10BBE00020D001F0004C31EA0C01B1FA81F204BF1F
:10BBF000B0FA80F3D2180B3AB2F120032CBF00FA4E
:10BC000003F1914041EA0C013EBFC2F1200C20FA41
:10BC10000CF319439040524240F2FD33D21A01EB2B
:10BC200003517047002270474FF4001C1CEB410F7A
:10BC300094BF1CEB430F09E041EA030C50EA4C0CA3
:10BC400052EA0C0C03D2994208BF9042704714BFCD
:10BC50008B428242704700004FF4001C1CEB410FE6
:10BC600094BF1CEB430F09E041EA030C50EA4C0C73
:10BC700052EA0C0C03D28B4208BF8242704714BFB9
:10BC80009942904270470000F8B52DED0A8B41ECC7
:10BC90001A0B48004015109D401C43EC182B23D074
:10BCA00051EC1A0B31F0004108BF00281CD051ECB8
:10BCB000180B48004015401C16D051EC180B31F001
:10BCC000004108BF00280FD051EC1A0B0022DFF80A
:10BCD0004833FFF7A9FF80F0A38055EC184B9FED88
:10BCE000800B05F00042ACE051EC1A0B4800401507
:10BCF000401C02D1090340F0898151EC180B480027
:10BD00004015401C01D1090353D151EC180B31F0FF
:10BD1000004308BF002A08D151EC1A0B4800401517
:10BD2000401C46D1090344D10DE048004015401C99
:10BD300012D1090310D151EC1A0B48004015401CD8
:10BD400037D1090335D1AFF30080BDEC0A8B4FF03A
:10BD5000FF306FF00041F4BD51EC1A0B31F000419F
:10BD600008BF002828D151EC180B4800400D05EB06
:10BD7000000234D151EC180B31F0004108BF00280B
:10BD800006D02A4651EC180B00F0CAF941EC180B0A
:10BD900051EC180B20F0000231F0004308BF002ADC
:10BDA00005D048004015401C03D1090301D1AFF371
:10BDB000008051EC180B2BE151EC1A0B4800401598
:10BDC000401C26D1090324D153EC1A2B51EC180B3B
:10BDD000BDEC0A8B01B0BDE8F040FCF713BA002AB5
:10BDE000C8DD40F2FF70824209DB9FED9F0B53ECF0
:10BDF000102B01F000410B4343EC182BC8E76FF305
:10BE00001E5141EA025155EC184B0D4645EC184BBA
:10BE1000BEE755EC184B9FED320B05F0004210E0E9
:10BE200001227E4BFFF718FF11D89FED8F0B51ECCD
:10BE3000100B55EC184BAFF3008005F0004040EAC2
:10BE4000010251EC100BBDEC0A8B1146F4BD53EC12
:10BE50001A2B73487349FCF7D5F941EC100B53ECDE
:10BE6000102B9FED719B03F0004251EC190B0C4617
:10BE7000144353EC192B51EC100B2346FCF794FAA6
:10BE8000FCF750FB0446F9F717FC41EC1B0B53EC95
:10BE90001B2B4FF078406649FCF7B4F902460B467D
:10BEA00051EC1A0BFFF706FE06460F4653EC1B2B10
:10BEB00060486149FCF7A6F902460B463046394610
:10BEC000FFF7F8FD41EC1A0B21F0004100225B4B1B
:10BED000FFF7AAFE08D2B0EE48AAF0EE68AA55E035
:10BEE000000000000000000053EC1A2B51EC1A0B6C
:10BEF000FCF788F941EC1B0B53EC1B2B50485149C4
:10BF0000FCF780F9504A514BFCF74EFA53EC1B2BCF
:10BF1000FCF778F941EC1C0B53EC1B2B4C484D49BA
:10BF2000FCF770F94C4A4D4BFCF73EFA53EC1B2BD7
:10BF3000FCF768F953EC192BFCF736FA53EC1A2B83
:10BF4000FCF760F941EC190B53EC1C2BFCF72CFAB5
:10BF50009FED43AB53EC1A2BFCF726FA06460F462F
:10BF600051EC1C0B53EC192BFFF7A4FD53EC1A2BCF
:10BF7000FCF71AFA02460B4630463946F9F7BEFB83
:10BF800053EC182BFCF73EF941EC1A0B51EC1A0B51
:10BF90002A194800400D02EB000319D0002B17DDD1
:10BFA00040F2FF70834209DB9FED2F0B53EC102B07
:10BFB00001F000410B4343EC1A2B16E06FF31E51C6
:10BFC00041EA035155EC1A4B0D4645EC1A4B0CE077
:10BFD00051EC1A0B31F0004108BF002805D051EC9C
:10BFE0001A0B00F09DF841EC1A0B51EC1A0B20F0E3
:10BFF000000231F0004308BF002A05D04800401578
:10C00000401C03D1090301D1AFF3008051EC1A0B9E
:10C01000BDEC0A8BF4BD000000C89CC000C89C4069
:10C02000FE822B654715F73F000000000000E03F4F
:10C03000422EE63FF2E4D5BCE7E84B3E0000903CE0
:10C04000112E5781A03F503F5843128C8F71BC3F37
:10C050004BE8A541B752013F0BBDF3DAE8708C3FC6
:10C06000000000000000F03F000000000000F07F32
:10C07000C9B202788A421AB11CBF10F8012FF9E741
:10C0800018BF00207047000080B500B906A0054920
:10C090000B681BB122220021984701E000F054FFF9
:10C0A000222002BDE4280020636F6E737472616900
:10C0B0006E742068616E646C65723A2062616420FF
:10C0C0006D65737361676500C9B2830706D0521E40
:10C0D00022D310F8013B9942F7D11FE0083A13D35D
:10C0E00002F1040241EA012141EA014150F8043B16
:10C0F000121F21BF4B40A3F1013C2CEA030C1CF0A2
:10C10000803FF3D0C9B2001F083210F8013B521E25
:10C1100028BF91EA030FF8D818BF0120401E7047CE
:10C12000124254D440F2FF7C1CEA11530FD06345F5
:10C1300031D09B1863453CBF01EB0251704701F0C1
:10C14000004141EA0C510020AFF30080704750EAF3
:10C15000410320D001F0004C91EA0C011CD0B1FA4F
:10C1600081F30B3B9A420DD9D21A994051EA0C0146
:10C17000C3F1200C20FA0CFC61449840531C40F29F
:10C18000FF7CD7E7914041EA0C01C2F1200C20FA74
:10C190000CF3194390407047B0FA80F31533202B0D
:10C1A000E0D3202AEED3203A203B9A4209D9D21A72
:10C1B00000FA03F141EA0C010020531C40F2FF7C1D
:10C1C000B8E700FA02F141EA0C0100207047524240
:10C1D00040F2FF7C1CEA11530DD06345DBD0B2EB7B
:10C1E000030C3CBFA1EB025170470CF1010221EAA4
:10C1F000035141F4801150EA410CCCD001F0004CC5
:10C20000352A27DC30B481EA0C01B2F1200309DAC7
:10C21000C2F12003044601FA03F5D0402843D1407F
:10C220009C400CE0C3F12002450020FA03F418BF43
:10C2300044F0010421FA03F091400C43002174F111
:10C24000004550F1000051EB0C01244230BC7FF45A
:10C250007BAF70476146002076E70000400D49182B
:10C2600040EA81200CD2490DA1F58061491C40F0C3
:10C27000004005DBD1F11F0154BFC840C017704713
:10C280000020704700487047DC0B002080B52C4828
:10C290002C4901604FF482714160002181604FF4AC
:10C2A000E061C16000210161002141614FF4007132
:10C2B00081610021C16100210162002141620021F0
:10C2C00081620721C1620021016308214163FDF7FA
:10C2D000A1FC002801D0FDF795FF01BD10B586B087
:10C2E00004001422002101A8FDF78EFF20681549E3
:10C2F000884222D11448016851F4804101600068ED
:10C3000010F48040009000981048016851F002013C
:10C310000160006810F00200009000984FF4204087
:10C320000190022002900020039003200490052039
:10C33000059001A90648F5F737FE06B010BD0000CC
:10C340007825002000380040581002404C10024070
:10C350000004004810B500240320FEF76EFC0F20F7
:10C3600000F0C2FD002802D00120040001E000F02E
:10C37000EFFD2000C0B210BD70B586B014220021C0
:10C380006846FDF741FF6B48016851F00401016008
:10C39000016811F0040105910599016851F08001CF
:10C3A0000160016811F0800105910599016851F063
:10C3B00001010160016811F0010105910599016811
:10C3C00051F002010160016811F002010591059927
:10C3D000016851F008010160006810F00800059044
:10C3E0000598554C002243F2C1312000F5F77BFF40
:10C3F00000224FF4F8515FF09040F5F774FF4F4D75
:10C40000002204212800F5F76EFF4D4E002238214E
:10C410003000F5F768FF42F2C13000900120019032
:10C42000002002900020039069462000F5F7BCFD33
:10C430004CF21E00009003200190002002906946FB
:10C440002000F5F7B1FD0B200090032001900020A3
:10C45000029069463B48F5F7A7FD48F2FF000090BF
:10C46000032001900020029069465FF09040F5F7AC
:10C470009BFD202000900020019001200290694641
:10C480002000F5F791FD0720009000200190012089
:10C49000029069463000F5F787FD4FF4A640009002
:10C4A000032001900020029069463000F5F77CFDE2
:10C4B0004FF4F850009001200190002002900020DD
:10C4C000039069465FF09040F5F76EFD4FF48050A1
:10C4D0000090012001900020029003200390694603
:10C4E0002000F5F761FD042000900120019000205C
:10C4F00002900020039069462800F5F755FD1820AA
:10C5000000900120019000200290002003906946D5
:10C510003000F5F749FD2020009001200190002017
:10C5200002900320039069463000F5F73DFD06B008
:10C5300070BD00BF4C10024000080048000C0048CD
:10C5400000040048001C004880B51648016851F0FE
:10C5500002010160016811F0020100910099016877
:10C5600051F001010160006810F001000090009896
:10C57000002200210D20FEF766FB0D20FEF778FB60
:10C58000002200210F20FEF75EFB0F20FEF770FB5C
:10C59000002200214520FEF756FB4520FEF768FBF0
:10C5A00001BD00BF4810024018B591B0142200210F
:10C5B00001A8FDF729FE042200216846FDF724FEAC
:10C5C0002C22002106A8FDF71FFE484C4848206099
:10C5D000002060607F20A060FF20E06000202061DC
:10C5E000002060610020A0610020E061200000F0D8
:10C5F000CBFC002801D0FDF705FE00208DF80400DB
:10C6000000208DF8050000208DF806000020049021
:10C6100000200590012201A9200000F01AFD002849
:10C6200001D0FDF7EFFD01208DF8000001208DF80D
:10C63000010001208DF8020000208DF80300012286
:10C640006946200000F0B3FD002801D0FDF7DAFDB7
:10C6500000208DF8180000208DF8190000208DF8BA
:10C660001A00002007900020099000200A90002066
:10C670000B9000200D9000200E9001208DF83C00C2
:10C680004FF480701090012206A9200000F01EFED9
:10C69000002801D0FDF7B6FD12B010BD10B598B05E
:10C6A0000400602200216846FDF7AEFD20681049B5
:10C6B000884219D15FF4003000904FF40070179059
:10C6C0006846FDF7ABFD002801D0FDF79BFD09484A
:10C6D000016851F400410160002200212920FEF789
:10C6E000B2FA2920FEF7C4FA18B010BDCC270020FA
:10C6F000002800409010024010B5040001F0EFF84F
:10C70000012010BD38B50400DFF85814087800285F
:10C710000ED101200870DFF850048088DFF84C1437
:10C7200008802100C9B2DFF84804F9F746FB22E08F
:10C73000DFF83804DFF83054AA8803889A4212D10F
:10C7400000200870AA8829680220F5F753FE92A1FC
:10C750000220F5F765FE0121280001F065F92800A7
:10C76000F5F72AFE07E0A98801802100C9B2DFF8A9
:10C770000004F9F722FB012032BD10B50400FEF7DA
:10C78000F6FA012010BD10B50400DFF8E81303200D
:10C79000F5F754FE0421DFF8D803F9F70EFB01206A
:10C7A00010BD010001207047010001207047010009
:10C7B0000120704780B500F0AFFF01F023FA01BD02
:10C7C0001CB500F039F801F0AAFAF5F7BBFEF7F74F
:10C7D000A9FFDFF8A443002000900FF229130022E4
:10C7E0005FF0FF31200000F0A1FFDFF89013200080
:10C7F00001F058F8200000F0BFFF13BDF8B5002489
:10C80000FFF7D8FFFFF7DCFF00F096F8012803D10F
:10C810004FF4FA60FAF7D8FA002500F01DF8060088
:10C820002E4301F087FA07003743F7F79DFF38439F
:10C830000400F5F725FFEFE780B500F099F800F068
:10C840009BF80FF2B500DFF8381308600FF2D10043
:10C85000DFF83013086001BD70B50020002400250A
:10C860002800C0B207283ADAC14E2800C0B2000141
:10C8700030444078012830D12800C0B2042801D0CB
:10C88000012004002800C0B20001304440680028A4
:10C890000ED0F9F735F92900C9B2090131444968C8
:10C8A000401A2900C9B2090131448968884214D369
:10C8B00000202900C9B2090131444870F9F720F974
:10C8C0002900C9B20901314448602800C0B22900DA
:10C8D000C9B209013144C96888476D1CC0E7A44A40
:10C8E00092F84100002803D104211000F9F765FAFD
:10C8F0002000C0B270BD000080B500219C48F9F74F
:10C900004DFA01BD10B504009F490320F5F788FDDD
:10C9100005219748F9F742FA00F001F810BD704779
:10C9200038B504000D004FF47A732A0092B221004A
:10C930009648FAF79AFA31BD38B500250024FEF77B
:10C940001BFF0100880110D4C8000ED488000CD44D
:10C9500048000AD4002908D4480102D50120040067
:10C9600003E0080101D5012004002000C0B232BD5F
:10C9700080B5FAF721F801BD80B5012284498348CA
:10C98000FAF7D9FA002201214620FEF75CF9462089
:10C99000FEF76EF901BD00000D0A000070472DE999
:10C9A000F0410400002500217A4A16887A4FF86980
:10C9B000002823D16C48828812FA84F2B2F5966F6F
:10C9C00001D3002282805FF000084146220089B234
:10C9D00092B291420ED2016882881144424692B2CC
:10C9E0006E4BC4461FFA8CFC13F80C308B5418F1B4
:10C9F0000108EAE781886118818077E03000230030
:10CA000080B29BB2984229D2A01B05005648838869
:10CA100013FA85F3B3F5966F01D3002383805FF09B
:10CA2000000841462B0089B29BB2994212D201689C
:10CA30008388194443469BB2DFF860C1C6461FFA9B
:10CA40008EFE1EFA86FE1CF80EC001F803C018F117
:10CA50000108E6E781886918818046E0D6F1640024
:10CA60000500414B988810FA84F010FA85F0B0F573
:10CA7000966F01D30020988000200100AC4689B257
:10CA80001FFA8CFC614513D21968B3F804C06144E5
:10CA900084461FFA8CFCDFF804E180461FFA88F810
:10CAA00018FA86F81EF808E001F80CE0401CE4E7EC
:10CAB0005FF000084046210080B289B2884210D25F
:10CAC000186899880844414689B2DFF8D0C0C64644
:10CAD0001FFA8EFE1CF80EC000F801C018F1010804
:10CAE000E8E799882819411899801480F869002886
:10CAF0000AD1642229492548FEF774F9386800688C
:10CB000030F004003968086001211948F9F746F946
:10CB1000BDE8F0810100224801600020704780B527
:10CB20002048016851F480410160016831F480417E
:10CB300001601648FAF7AAF8002002BD38B50400D3
:10CB40000D00104A1068002804D0290089B2200086
:10CB5000126890470020124909688847002032BDBA
:10CB600000000000FE28002000060020F028002021
:10CB700088050020E8F600083C28002080A9030072
:10CB8000D0280020E0280020B0F60008DC2000209B
:10CB9000FD280020EE28002040260020DC25002073
:10CBA000B428002040100240DFF88000006810F434
:10CBB000C06070470200B2F5007F26D1DFF86C003C
:10CBC000036813F4C063B3F5007F2CD0036833F41B
:10CBD000C06353F400730360DFF85400036832202D
:10CBE0004343DFF85000B3FBF0F0401C0100DFF8D6
:10CBF000480003685B0503D5002901D0491EF6E70C
:10CC0000006840050FD503200EE0DFF82000036820
:10CC100013F4C063B3F5806F05D0036833F4C063C9
:10CC200053F48063036000207047000000700040F0
:10CC30008405002040420F001470004080B501229E
:10CC400017491848FAF777F9002201212520FDF746
:10CC5000FAFF2520FEF70CF801BD704738B5040037
:10CC60000D480F490A78036885885A558288521CF6
:10CC70008280828840F2FF139A4201D30022828090
:10CC800001220848FAF757F90120044908700221E7
:10CC90000548F9F792F831BDCC0B00200729002098
:10CCA0000629002064210020DC0600202DE9F84739
:10CCB00085B005000E0014001F000020ADF8020032
:10CCC0005FF0000ADFF80C22107AA84202D27FF04F
:10CCD000040055E0D0683040B04202D07FF005003B
:10CCE0004EE05068002806D0002C04D00DF102015F
:10CCF00001A8526890470DF1380843463A004FF4B6
:10CD00000071DFF8DC0101F020F9814600F0CFF876
:10CD10006946BDF8020010EB090080B200F076F819
:10CD200010F1010F28D05FF0000A5046BDF8021044
:10CD300080B2884210D201A8514689B2405CDFF827
:10CD40009811BDF800208854BDF80000401CADF8D3
:10CD500000001AF1010AE8E743463A004FF4007177
:10CD6000DFF87401BDF800C0604401F0EEF800F097
:10CD7000A3F800F008F803E000F09EF87FF002004E
:10CD800006B0BDE8F08770B50024002500F099F8E2
:10CD9000002837D100F08BF84E4E308A718A8842D5
:10CDA0002ED0B07801280ED13188308A091AB1828C
:10CDB0000220B07000203080B08A002803D100200B
:10CDC000B07000203082B07800280CD1308A718A8F
:10CDD000884204D2718A308A091AB18203E0308A0B
:10CDE000D0F58060B0823C48318A0844050000F0EC
:10CDF00079F8B18A2800394A92689047040001E026
:10CE000000F05AF8200040B270BD000070B402007B
:10CE10005FF0FF302F4B5C8A1D8AAC4216D15C8AD2
:10CE2000D4F5806415002600ADB2B6B2B5422BD35E
:10CE300015001E8AADB2B54226D201259D705D8ACD
:10CE40001D801D8A2C0000255D821DE01C8A5D8AE4
:10CE5000AC4216D25C8AD4F5806415002600ADB2CF
:10CE6000B6B2B54210D315001E8AADB2B5420BD290
:10CE700001259D705D8A1D801D8A2C0000255D8224
:10CE800002E01D8A5C8A2C1B15002600ADB2B6B2EA
:10CE9000B54209D25D8A0D805D8A15FA82F5AD052D
:10CEA000AD0D5D820023180000B270BC70470948C8
:10CEB000C18A491CC18270470648C18A491EC18285
:10CEC00070470448C08A002801D1002000E00120FA
:10CED0007047000024280020CC1400201CFB000810
:10CEE000DC1A00207047000038B504000025134903
:10CEF000087800281DD04FF47A700978B0FBF1F063
:10CF00000F490968B1FBF0F0FDF7C0FE00280DD114
:10CF1000102C08D2002221005FF0FF30FDF793FEB5
:10CF20000848046007E00120050004E00120050036
:10CF300001E0012005002800C0B232BD170C00201E
:10CF40008405002060050020012001F0EFB80000FA
:10CF500081B00B48016851F001010160006810F0D8
:10CF60000100009000980748016851F0805101606D
:10CF7000006810F080500090009801B0704700BF2A
:10CF8000601002405810024070B504000125002CCA
:10CF90005CD094F82100002805D1002084F82000FE
:10CFA0002000FFF77BFB022084F821002068C06886
:10CFB000C00642D4CA2021684862532021684862D2
:10CFC000200000F02AFB06003000C0B200281AD171
:10CFD00020688168DFF8E8060140206881602068E9
:10CFE0008168626820690243A06902431143206896
:10CFF0008160E0682168086120680069A16850EAE2
:10D00000014021680861200000F02DFB0500280088
:10D01000C0B200280DD12068C06C80088000216853
:10D02000C8642068C16CE2696069024311432068EA
:10D03000C164FF202168486201E00020050028004B
:10D04000C0B2002802D1012084F821002800C0B21B
:10D0500070BD2DE9F04705000E00140095F8200082
:10D06000012801D102206DE0012085F82000022076
:10D0700085F82100CA20296848625320296848623F
:10D08000280000F0CAFA80464046C0B200284AD1C3
:10D09000002C20D128688068400601D40020F07060
:10D0A000307800F01FFB8246707800F01BFB814651
:10D0B000B07800F017FB5FFA8AFA5FFA89F95FEA45
:10D0C000092959EA0A49C0B250EA0909F07859EA2F
:10D0D00080594F4610E028688068400601D400203F
:10D0E000F07030787178090251EA0041B07801435C
:10D0F000F07851EA80510F00DFF8C8053840296800
:10D1000008602868806830F4802029688860286872
:10D110008168F26830690243114328688160280001
:10D1200000F0A1FA8046FF20296848624046C0B25C
:10D13000002802D1012085F82100002085F8200078
:10D140004046C0B2BDE8F087F8B505000E001400F7
:10D150002868806A7060286800694004400CB060EC
:10D1600028680768DFF85C0507403800000C10F0FD
:10D170003F0030703800000A10F07F00707017F028
:10D180007F00B0703800800D10F00100F070002CAE
:10D190000BD1307800F0B4FA3070707800F0B0FA4B
:10D1A0007070B07800F0ACFAB0700020F2BD2DE9DC
:10D1B000F04105000E00140095F82000012801D16F
:10D1C000022058E0012085F82000022085F8210087
:10D1D000002C07D17078C00604D5707810F0EF00ED
:10D1E0000A307070002C16D1F07800F07BFA80467F
:10D1F000707800F077FA0700B07800F073FA5FFA01
:10D2000088F8FFB23F0257EA0847C0B207433078B8
:10D2100057EA403709E0F07877783F0257EA00474D
:10D22000B0780743307857EA4037CA202968486207
:10D23000532029684862280000F0EFF980464046F4
:10D24000C0B2002808D1DFF880043840296848605F
:10D25000280000F008FA8046FF202968486240460E
:10D26000C0B2002802D1012085F82100002085F8F5
:10D2700020004046C0B2BDE8F081F8B505000E00C0
:10D28000140028684768DFF8400407403800000CA5
:10D29000F0703800000A10F01F00707017F03F00A7
:10D2A000B0703800400B10F007003070002C0BD12C
:10D2B000F07800F025FAF070707800F021FA7070C4
:10D2C000B07800F01DFAB0700020F2BD2DE9F843EF
:10D2D00005000E00140095F82000012801D102205D
:10D2E000E5E0012085F82000022085F82100002CCF
:10D2F0002DD128688068400601D40020F070306A83
:10D300000028FFD0307800F0EDF98046707800F00A
:10D31000E9F90700B07800F0E5F9814696F82400B5
:10D3200000F0E0F95FFA88F8FFB23F0257EA0847D9
:10D330005FFA89F959EA0707F17857EA8157C0B2CD
:10D3400057EA0067306A07437069074317E02868A7
:10D350008068400601D40020F070307877783F0272
:10D3600057EA0047B0780743F07857EA805796F8B5
:10D37000240057EA0067306A074370690743D6F80C
:10D380000480F06950EA0808CA20296848625320DE
:10D3900029684862B06AB0F5807F39D12868806812
:10D3A00030F48070296888602868C06810F08000B8
:10D3B00070F4C0702968C860F8F7A2FB814628683D
:10D3C000C068C00712D4F8F79BFBB0EB090040F22D
:10D3D000E9318842F3D3FF2029684862032085F8A9
:10D3E0002100002085F82000032060E02868C76144
:10D3F0002868C0F844802868806850F480702968E4
:10D4000088602868806850F480502968886038E017
:10D410002868806830F40070296888602868C068CF
:10D4200010F0800070F420702968C860F8F768FB7D
:10D4300081462868C068800712D4F8F761FBB0EB1A
:10D44000090040F2E9318842F3D3FF20296848629D
:10D45000032085F82100002085F82000032026E025
:10D46000286807622868C0F848802868806850F4F7
:10D470000070296888602868806850F40050296826
:10D480008860DFF84802016851F480210160DFF80C
:10D490004002016851F480210160FF202968486240
:10D4A000012085F82100002085F820000020BDE83B
:10D4B000F28370B504000D0094F82000012801D11A
:10D4C000022062E0012084F82000022084F821007C
:10D4D000CA2021684862532021684862B5F5807FE0
:10D4E00024D12068806830F48070216888602068CA
:10D4F000806830F4805021688860F8F701FB0600EE
:10D500002068C068C00736D4F8F7FAFA801B40F2EA
:10D51000E9318842F4D3FF2021684862032084F86F
:10D520002100002084F8200003202EE0206880687D
:10D5300030F40070216888602068806830F4005002
:10D5400021688860F8F7DCFA06002068C068800768
:10D5500011D4F8F7D5FA801B40F2E9318842F4D3B0
:10D56000FF2021684862032084F82100002084F80D
:10D570002000032009E0FF2021684862012084F890
:10D580002100002084F82000002070BD10B50400A8
:10D590005FF480204F49086020688068C0040ED581
:10D5A0002068C068C0050AD52068C06810F08000F7
:10D5B00070F4C0702168C860200000F049FE206847
:10D5C000806880040ED52068C06880050AD5206870
:10D5D000C06810F0800070F420702168C8602000DE
:10D5E00000F082FF012084F8210010BD38B504004E
:10D5F00039482168C860F8F783FA05002068C068D8
:10D60000800608D4F8F77CFA401B40F2E9318842E2
:10D61000F4D3032000E0002032BD70B504000026E2
:10D620002068C06840061BD45FF0FF302168C860E6
:10D63000F8F766FA05002068C068400610D430008C
:10D64000C0B203280CD0F8F75BFA401B40F2E93176
:10D650008842F0D303200600032084F82100EAE783
:10D660003000C0B270BD70B5040000251B480168D1
:10D6700031F0800101601A4E306880060AD4200023
:10D68000FFF7B4FF002817D0032084F821000320FF
:10D69000050011E0306830F0200030602000FFF716
:10D6A000A5FF002804D0032084F8210003200500F2
:10D6B000306850F0200030602800C0B270BD00001B
:10D6C000BFFF8FFF7F7F7F003FFFFF00000401400F
:10D6D00008040140140401405FFF03000C280040CF
:10D6E000082800400100002208000300DBB20A2BDA
:10D6F00002D3521C0A38F8E750EA0210C0B2704751
:10D700000100C9B209090A2211FB02F110F00F0051
:10D710004018C0B27047000080B50020DFF8001349
:10D720000860DFF800030068804702BD2DE9F04182
:10D7300004000D0016001F00DDF81880002C18D022
:10D740003800002815D0002020602800DFF8D4120F
:10D75000496A8847606000202072002060720020C3
:10D76000A072E760C4F81080E672002060610020BB
:10D7700000E00120BDE8F0812DE9F04704005FF0F2
:10D780000008002C3BD0200000F002F9002836D120
:10D79000607A002833D160680700DFF88892D9F8F2
:10D7A000200080470600B74200D2370027600020E3
:10D7B0002072012060720020A072DFF864A2DAF803
:10D7C0000000002806D1D9F810008047200000F0A2
:10D7D00019F916E0D9F818008047050020682818C4
:10D7E00020602068DAF800100968884203D220001F
:10D7F00000F008F905E0200000F0EDF801E001205C
:10D8000080464046C0B2BDE8F0872DE9F0410500F2
:10D810000026002D40D0DFF80882D8F80070D8F834
:10D8200000400120A872D8F80000002836D000205F
:10D830006872D8F80000A8421AD10020D8F8001069
:10D840000872D8F800004069002809D0D8F8000014
:10D850004069C8F80000D8F8000000F0A6F818E009
:10D86000DFF8C001C06880470020C8F8000010E061
:10D87000002C0ED0AC4209D16069002802D0646946
:10D880007C6102E0002004007C6102E02700646902
:10D89000EEE70020060001E0012006003000C0B2E3
:10D8A000BDE8F08170B504000D000026002C02D107
:10D8B0000120060010E028005A49496A8847606044
:10D8C000200000F065F8002806D02000FFF79DFF3B
:10D8D0002000FFF751FF06003000C0B270BD2DE9F7
:10D8E000F843504D68698047060028698047070063
:10D8F000B7EB0608DFF82891D9F8000000280FD010
:10D90000D9F8000004002068804504D22068B0EBFC
:10D910000800206001E0002020606469002CF2D142
:10D92000D9F80000002824D0D9F8000000680028A9
:10D9300006D0A8698047D9F800100968814218D23A
:10D94000D9F800000400D9F800004069C9F80000C7
:10D9500000202072002060722069E1688847E07A28
:10D960000128DDD1A07A0028DAD12000FFF704FFDA
:10D97000D6E7D9F80000002808D0D9F80000007ACE
:10D98000002803D1D9F8000000F00FF8BDE8F183BA
:10D99000020023480168002905D0914201D10120ED
:10D9A00002E04969F7E70020704770B504001D4D9B
:10D9B000286A8047060001202072A86980472168F4
:10D9C0003018814203D2A86980473018206020684F
:10D9D000A968884770BD10B411490A6809684B6985
:10D9E0005169002909D019680468A14202D21A00BD
:10D9F0005B69F5E75061436102E0506100214161DC
:10DA000010BC704738B5050005480468002C01D0EB
:10DA1000002121726C6105600068FFF7C6FF31BD0F
:10DA2000D428002074F500082DE9FC4704000D00FF
:10DA30005FF0FF3600226E4BD3E90001CDE9000113
:10DA40005FF000094846A18880B2884224D220684D
:10DA5000494689B2405C3D2805D02068494689B2D4
:10DA6000405C3F2800D117E02068494689B2405CFD
:10DA700041280EDB2068494689B2405C5B2808DA01
:10DA80002068494689B2405C203021684A4692B2FB
:10DA9000885419F10109D5E700273800C0B24128A0
:10DAA00080F2A280DFF84C8121003800C0B2000172
:10DAB0004044083000F019FD0600002E00F192806D
:10DAC0003800C0B2000140444068002800F08A805D
:10DAD0003800C0B2000140444068002808D14FF42B
:10DAE0007A73A28821004448F9F7BFF901207CE04D
:10DAF000DFF808A15046F4F75FFC0020010089B26E
:10DB0000A288921B914223DA21683144020092B22A
:10DB1000895C3F290AD021683144020092B2895CB5
:10DB20003D2903D0BAF80410802900DB10E02168F9
:10DB30003144020092B2895CDAF80020BAF804306D
:10DB4000D154BAF80410491CAAF80410401CD5E7B7
:10DB50003900C9B209014144898916FA81F6B146F2
:10DB60004846A18880B2884226D22068494689B2B8
:10DB7000405C0D280CD1484680B2A188491E8842DD
:10DB800006DA2068494689B2084440780A2813D04A
:10DB9000BDF8040080280CD22068494689B2405C58
:10DBA0000099BDF804208854BDF80400401CADF86D
:10DBB000040019F10109D3E7114805702800C0B22B
:10DBC000401E012802D9801E09D009E000216846C4
:10DBD0003A00D2B2120142445268904700E0FFE797
:10DBE000012002E07F1C58E70020BDE8F68700BF57
:10DBF00060FD0008B4070020DC200020AC070020F6
:10DC00000329002010B586B0DFF84840002201A9A2
:10DC10002000FFF799FA002269462000FFF72DFB4C
:10DC2000DFF834009DF8061081709DF805104170F2
:10DC30009DF8041001709DF80010C1709DF802104D
:10DC400001719DF8011041719DF80310817106B0BA
:10DC500010BD0000CC2700208C28002010B5040047
:10DC6000012210215448F4F73EFB012010BD70B58D
:10DC70000400524D524E30786978884207D051489E
:10DC8000697850F8210000F02BF868783070210096
:10DC9000C9B24D48F8F791F8012070BD10B50400E5
:10DCA0004A48C078012802D14948F7F7F0F8032123
:10DCB0004548F8F782F84648F4F77EFB012010BD8E
:10DCC00010B504003F483D49497850F8210000F064
:10DCD00007F82100C9B23C48F8F76FF8012010BDE1
:10DCE00010B504003B483C4901604460002181605C
:10DCF0000021C160002101610C214161002181618D
:10DD00000021C1610021016200214162F9F770F830
:10DD1000002801D0FCF776FAFEF790FF10BD80B521
:10DD2000F7F79DF827482549497850F82100FFF773
:10DD3000D7FF01BD70B50020002400252800C0B227
:10DD4000042836DA204E2800C0B200013044407862
:10DD500001282CD1012004002800C0B20001304469
:10DD6000406800280ED0F7F7CBFE2900C9B20901A0
:10DD700031444968401A2900C9B20901314489680F
:10DD8000884214D300202900C9B2090131444870E7
:10DD9000F7F7B6FE2900C9B20901314448602800EE
:10DDA000C0B22900C9B209013144C96888476D1C55
:10DDB000C4E72000C0B270BD00040048140C00206D
:10DDC000FF280020A8060020DC060020BC28002038
:10DDD000CC0B00206421002000380140020000200C
:10DDE0001168097830290CDB116809783A2908DABA
:10DDF00011684B1C13600A23097803FB00103038AC
:10DE0000EEE770472DE9F04F91B00400DDF868802F
:10DE10001B9D1C9EDFF808030768700603D5DFF81A
:10DE2000040300680700022B01DB252B01DB002027
:10DE300088E0F00702D55FF0300C01E05FF0200CC5
:10DE40005FF0000EB00706D5002A04D52D208646C7
:10DE50005242B8F101085FF00009002A06D13020D3
:10DE6000EA460AF8090019F1010910E0002A0ED06B
:10DE700010009A46B0FBFAFB0AFB1B00385CEA462E
:10DE80000AF8090019F10109B2FBF3F2EEE74D457A
:10DE900000DA4D46B8EB0508F0070DD44046B0F166
:10DEA0000108012808DB20202070641C491E00297D
:10DEB00001D1200046E0F1E77046C0B2002807D04B
:10DEC00084F800E0641C491E002901D1200039E0DB
:10DED0004046B0F10108012808DB84F800C0641C4A
:10DEE000491E002901D120002CE0F1E72800451E41
:10DEF000814508DA30202070641C491E002901D1B8
:10DF000020001FE0F2E74846B0F1010901280ADBD2
:10DF1000684610F809002070641C491E002901D1D0
:10DF200020000FE0EFE74046B0F10108012808DBD0
:10DF300020202070641C491E002901D1200001E02E
:10DF4000F1E7200011B0BDE8F08F2DE9F74F88B060
:10DF500005001E000998012801DA0020DDE0AA462C
:10DF60000A980078002806D1BAEB05000999491EE5
:10DF70008842C0F2CC80BAEB05000999491E88425C
:10DF800080F2C5800A980078252806D00A98007883
:10DF90008AF800001AF1010AB5E0002080460A98CC
:10DFA000401C0A900A980078302801D158F00108E6
:10DFB0005FF0FF3BD9460A980078302807DB0A98C3
:10DFC00000783A2803DA0AA8FFF708FF8146CDF85F
:10DFD0001CB0CDF818B00A2005900A98007858288F
:10DFE00043D063280AD0642844D0692842D07328DB
:10DFF00016D0752840D0782839D03EE0B9F1010913
:10E00000B9F1010F05DB20208AF800001AF1010A9E
:10E01000F4E73068361D8AF800001AF1010A72E050
:10E020003068361D0400002C01D13F480400200058
:10E03000F7F70AFB04904846B0F1010904998142C0
:10E0400005DA20208AF800001AF1010AF3E700201F
:10E0500007000498874207DA20788AF80000641CD9
:10E060001AF1010A7F1CF4E74DE058F04008102037
:10E07000059026E058F0020823E00A980078252849
:10E0800004D025208AF800001AF1010ABAEB050035
:10E090000999491E884214DA0A980078002806D0A7
:10E0A0000A9800788AF800001AF1010A02E00A983A
:10E0B000401E0A90BAEB05000999491E884200DA11
:10E0C00021E006986C2803D13068361D039009E0E2
:10E0D0005FEA887003D53068361D039002E030682F
:10E0E000361D0390CDF8088007980190CDF8009078
:10E0F000059B039A0999491EBAEB0500091A504677
:10E10000FFF780FE82460A98401C0A9028E700200C
:10E110008AF80000BAEB050528000BB0BDE8F08FC7
:10E12000D40B0020D80B002068FD000880B5AFF3A9
:10E130000080024A11001820ABBEFBE72600020057
:10E1400080B5DFF87003DFF87013016000214160D3
:10E150001F21816040F2FF31C16000210161002177
:10E160004161002181610021C161FEF70DFF00289E
:10E1700001D0FCF747F801BD38B5DFF840432078FF
:10E1800000280FD1FFF7DCFFDFF828534FF4807130
:10E190002800FFF78EF9280000F09AFA00F01CF82A
:10E1A00001202070002032BD10B50400200000F0D6
:10E1B00055F8002010BD80B5DFF8F8020168C96885
:10E1C00011F0800171F4C0710268D1604FF4807168
:10E1D000FFF76FF9002002BD10B5DFF8E442211D02
:10E1E00014F1180000F01DF92060206810BDDFF860
:10E1F000D0020068704780B586B001A9684600F07B
:10E2000010F9AF490968401A07B000BD10B586B0D3
:10E210000024AA480078012804D101A9684600F02A
:10E2200000F90400200006B010BD0320704700B5BF
:10E230008021A1FB00017D220023F9F7CBFE00BD68
:10E240007D21A1FB0001C00940EA4160C909704776
:10E2500010B504009B480068804710BD2DE9F04FC1
:10E2600099B004004021002209AD2800F7F700FF13
:10E270005FF000085FF0000A002600275FF0000B47
:10E280008F4D04A8291D1422F9F760FEA869039098
:10E29000FFF791FF40F2FF30059D451B20008005F0
:10E2A000800D4519A40A9DF80E908748844204D336
:10E2B0008648041919F10109F7E79DF81080B4F5B3
:10E2C000616F04D3B4F5616418F10108F7E79DF8B4
:10E2D00011703C2C02D33C3C7F1CFAE79DF81200E5
:10E2E000210051FA80F6280080B2B0F5806F03DB80
:10E2F000B5F58065761CF6E7300080B23C2802D385
:10E300003C3E7F1CF8E7380080B23C2803D33C3FFA
:10E3100018F10108F7E7404680B2182804D3B8F195
:10E32000180819F10109F6E79DF80F00042190FB88
:10E33000F1F201FB1200002817D165499DF80D008C
:10E34000084410F8010C4A4680B292B2904223D29F
:10E350001FFA89F948469DF80D20114411F8011C57
:10E3600090FBF1F901FB190916E05A499DF80D00DF
:10E37000084410F8010C4A4680B292B290420BD287
:10E380001FFA89F948469DF80D20114411F8011C27
:10E3900090FBF1F901FB1909DFF83CA140F2FF31D4
:10E3A000280080B2091ACAF804105FF02060CAF889
:10E3B0001C008AF802608AF801708AF800808AF8E6
:10E3C00024909DF813008AF803000020CAF820006A
:10E3D0005FF00040CAF814004FF48070CAF82800BB
:10E3E0000020CAF80C000020CAF810000022514694
:10E3F0003048FEF76BFF002810D0DAF804000290D6
:10E400009AF8020001909AF8010000909AF8003002
:10E410009AF82420314909A8F7F7FAFA19B0BDE8AB
:10E42000F08FF8B504000D000026224F00222100D5
:10E430003800FEF722FF002229003800FEF784FE94
:10E44000E17840F2B5504143C91C8908E0780422C4
:10E4500090FBF2F302FB1300002801D1204A00E0F8
:10E46000204A63783D2043433C3B022093FBF0F07D
:10E4700041186078401EC0B240001300C34013F042
:10E480000303C91AA078401E41180F484143AB78D6
:10E490006E783C204643F3182E784FF4616000FB01
:10E4A00006335918890201F2FF316868091A080019
:10E4B000F2BD0000CC2700200028004008290020E1
:10E4C000F0270020D02800208051010080AEFEFF00
:10E4D00090FC000884FC0008502700205CF600082F
:10E4E00050554400A0AA990070472DE9FE4F040042
:10E4F0000D000020002600270021ADF804105FF079
:10E5000001085FF000095FF0000A216809782129FD
:10E5100001D101218A465FF0000B584600B2A9885C
:10E52000884272DA20685146C9B2405C29685A466E
:10E5300012B2895C884265D1012080465046C0B243
:10E54000401C0600002081460020ADF80400300089
:10E5500000B2A18888424ADA2068310009B2405CE2
:10E560007C281ED1BDF90400002804D10120814679
:10E5700016EB0B00070001A800903B001BB22A001D
:10E580002100701C00B200F059F880464046C0B22D
:10E59000012806D15146C9B2584600B200F03DF8F4
:10E5A00039E04846C0B200280FD12068310009B2D6
:10E5B000405C29685A4612B21144320012B2895C9A
:10E5C000884202D00020804611E04846C0B20028B0
:10E5D00001D1761CBBE73000BDF9041000B28842BF
:10E5E00003DABDF904000600B1E7761CAFE7404648
:10E5F000C0B2012806D15146C9B2584600B200F057
:10E600000CF808E01BF1010B87E75146C9B25FF037
:10E61000FF3000F002F8BDE8FE8F02000800C0B233
:10E62000002802D1100000B207E0100000B200285C
:10E6300002D45FF0FF3000E000207047F0B5040026
:10E64000059D0120002637003FB207FA84F7B1F894
:10E6500004C067453ADA0F68A4460FFA8CFC674499
:10E66000B4460FFA8CFC17F80C707C2F03D13719C5
:10E670002F8000B22BE09788B4460FFA8CFC0CFA7E
:10E6800083FC674506DAB2F904707F1C2F805FF0C7
:10E69000FF3738000F68A4460FFA8CFC6744B44675
:10E6A0000FFA8CFC17F80C70D2F800C09E460FFAD7
:10E6B0008EFEF444B6460FFA8EFE1CF80EC0674577
:10E6C00002D05FF0FF373800761CBCE700B2F0BD27
:10E6D000010091F82000012801D102201BE0012057
:10E6E00081F82000022081F82100CA200A685062C7
:10E6F00053200A6850620868806850F020000A6859
:10E700009060FF200A685062012081F821000020FB
:10E7100081F8200000207047494420536C617665E1
:10E720003A2000000000000000000000000000008F
:10E7300000000000000000000000000000000000D9
:10E7400000000000000000000000000000000000C9
:10E75000000000000000F0BF00000000000000808A
:10E760000000000000000080000000000000000029
:10E77000000000C05294EEBF00000048204E51BE81
:10E78000000000F86467BCBC00000000000000004E
:10E79000000000208133EDBF00000080B3DB14BE19
:10E7A000000000506706A3BC00000000000000004D
:10E7B000000000D0E9DCEBBF00000008C39259BEA6
:10E7C00000000080B0D3B8BC0000000000000000D2
:10E7D00000000070F98FEABF000000C0A51028BE3D
:10E7E000000000E8BFC0B0BC000000000000000056
:10E7F00000000070284CE9BF00000060134B42BECF
:10E80000000000C03D20B8BC000000000000000077
:10E8100000000050FA10E8BF000000C05FF62BBEF9
:10E82000000000905C71A7BC000000000000000028
:10E8300000000020FCDDE6BF000000C0F8F154BE7F
:10E8400000000018E9F6B9BC00000000000000005C
:10E85000000000D0C3B2E5BF00000070E43254BE37
:10E8600000000050DB06B4BC000000000000000007
:10E8700000000010EF8EE4BF00000020F36252BEE3
:10E88000000000C02A879ABC0000000000000000C1
:10E89000000000B02272E3BF000000F0E8E056BEC6
:10E8A00000000028352DBDBC000000000000000065
:10E8B000000000000A5CE2BF000000B0FA8E41BE1A
:10E8C00000000040AE6FBDBC000000000000000072
:10E8D00000000000564CE1BF000000F015CD5FBE07
:10E8E00000000000141C90BC0000000000000000AC
:10E8F00000000040BD42E0BF00000030F93457BEC8
:10E90000000000E06C1E93BC00000000000000004E
:10E91000000000E0F57DDEBF000000B08A535EBE5F
:10E9200000000080DA77AABC0000000000000000B0
:10E93000000000C09D81DCBF00000000FFA226BED9
:10E940000000006057E2B0BC0000000000000000C2
:10E9500000000060F98FDABF000000580A8151BE44
:10E96000000000F05F60B8BC000000000000000084
:10E970000000000098A8D8BF000000607A7F45BE64
:10E98000000000D05433A3BC0000000000000000D1
:10E99000000000600FCBD6BF000000D091CB40BE7E
:10E9A000000000406D1BA0BC000000000000000043
:10E9B000000000A0FBF6D4BF00000098C5CE52BEF8
:10E9C000000000003A397EBC00000000000000009A
:10E9D000000000E0FE2BD3BF0000004073872BBE79
:10E9E00000000000926879BC0000000000000000F8
:10E9F00000000040C069D1BF00000058F16353BE61
:10EA000000000080438D7CBC00000000000000007E
:10EA100000000080D85FCFBF000000181F8354BEE5
:10EA2000000000B03F42A2BC000000000000000057
:10EA30000000008067FCCBBF00000060FAFF53BEFF
:10EA400000000050E00DB8BC000000000000000015
:10EA50000000000098A8C8BF000000607A7F35BEA3
:10EA6000000000C0543393BC000000000000000010
:10EA700000000000DC63C5BF00000058D6FF54BE94
:10EA800000000000396490BC00000000000000009D
:10EA9000000000C0AD2DC2BF00000080A45915BE0B
:10EAA000000000E0484BABBC00000000000000008C
:10EAB000000000801A0BBEBF00000050BF3C5ABED1
:10EAC000000000A0B364B6BC00000000000000001D
:10EAD0000000008004D6B7BF00000040BBCF36BEA8
:10EAE0000000008076CEA8BC0000000000000000FE
:10EAF0000000008032BBB1BF000000402A0043BECE
:10EB000000000028C60CBDBC000000000000000092
:10EB1000000000009473A7BF000000182B3B59BEF3
:10EB2000000000C0E55DA5BC000000000000000082
:10EB300000000000EE4397BF000000A0E6C340BE07
:10EB400000000020958DB5BC000000000000000012
:10EB500000000000000000800000000000000080B5
:10EB60000000000000000080000000000000000025
:10EB70000000000000000000000000000000000095
:10EB80000000000000000000000000000000000085
:10EB90000000000000000000000000000000000075
:10EBA0000000000000000000000000000000000065
:10EBB0000000000000000000000000000000000055
:10EBC0000000000000000000000000000000000045
:10EBD0000000000000000000000000000000000035
:10EBE0000000000000000000000000000000000025
:10EBF0000000000000000000000000000000000015
:10EC00000000000000C0F0FCFFFEF8C000000000A3
:10EC100000000000000000000000000000000000F4
:10EC200000000000000000000000000000000000E4
:10EC300000000000000000000000000000000000D4
:10EC400000000000000000000000000000000000C4
:10EC500000000000000000000000000000000000B4
:10EC600000000000000000000000000000000000A4
:10EC70000000000000000000000000000000000094
:10EC800000C0F0FCFFFFFFFFFFFFFFFFFFFCF0C035
:10EC900000000000000000000000000080C0C0C0B4
:10ECA000C0E0F0F0F0F070383C3C3C3C3F3F0F03DC
:10ECB0000000000000000000000000000000000054
:10ECC0000000000000000000000000000000000044
:10ECD0000000000000000000000000000000000034
:10ECE0000000000000000000000000000000000024
:10ECF00000000000000000000000000000C0F0FC68
:10ED0000FFFFFFFFFF3F0F0F03070F3FFFFFFFFF57
:10ED1000FFFC30383C3C1C0E8FCFC7C3C3C3E3732A
:10ED200071303030383C0C0000000070F8CCCC0C56
:10ED30000C0000C0F03C0CFCFC000000C0F01C0CFF
:10ED40000C8CFCF00000000000000CFCFC0000C07B
:10ED50003C0C00C0FCFC0C0000FCFCCCCCCCCC0C73
:10ED6000000C8CFCFC1C0C0C0C00000000000000D3
:10ED7000000000000000000000C0F0FCFFFF7F3F2B
:10ED80000F07C3C040303018CCCCC7C3033330109A
:10ED90000C8CCCC4C3C3E3F33130303038380C00B2
:10EDA000000000000000000000000C0C0C0C0F0321
:10EDB000030C0F030303030F0F000000030F0C0CE1
:10EDC0000C0F0301000000000000000F0F0C0300F7
:10EDD00000000C0F0F0000000F0F0F0C0C0C0000B8
:10EDE00000000F0F00000000000000000000000005
:10EDF0000000000000C0F0FC3F3F0F0703000C00C4
:10EE0000C3C13030CCCC03333300000C0C000303FF
:10EE10000300000001030F0F3C78C0000000000059
:10EE200000000000000000000000000000000000E2
:10EE300000000000000000000000000000000000D2
:10EE400000000000000000000000000000000000C2
:10EE500000000000000000000000000000000000B2
:10EE600000000000000000000000000000000000A2
:10EE70000000C0300F03030000000000000000008D
:10EE8000000000030000000000000000000000007F
:10EE90000000000000000000000000030C30C00073
:10EEA0000000000000000000000000000000000062
:10EEB0000000000000000000000000000000000052
:10EEC0000000000000000000000000000000000042
:10EED0000000000000000000000000000000000032
:10EEE0000000000000000000000000000000000022
:10EEF0000000000000000000000000000000000012
:10EF00000000000000000000000000000000000001
:10EF100000000000000000000000000000000000F1
:10EF200000000000000000000000000000000000E1
:10EF300000000000000000000000000000000000D1
:10EF400000000000000000000000000000000000C1
:10EF500000000000000000000000000000000000B1
:10EF600000000000000000000000000000000000A1
:10EF70000600000000000000000F00000F00000F5E
:10EF800000000F0000000000000000000000000072
:10EF9000000000000000000000000000000007006A
:10EFA000001E00E01F00FF1FF8FF03FF1F00FF010E
:10EFB000000F000000000000000000000000000042
:10EFC0000000000000000000000000000E00000033
:10EFD000C07F00F8FF01FCFF07FCFF073E800F0E1B
:10EFE000000E0E000E0E000E1E800FFCFF07FCFF31
:10EFF00007F8FF01C07F000000000E000000700055
:10F000000E38000E38000E1C000E0E000EFEFF0F14
:10F01000FEFF0FFEFF0FFEFF0F00000E00000E00B0
:10F02000000E00000E0000000E00000060000F78CF
:10F03000800F7CC00F7CE00F1EF00F0EF80E0E7CD0
:10F040000E0E3E0E1E1F0EFE0F0EFC070EF8030ED8
:10F05000F0010E0000000E00000030800138800337
:10F060003C80073C800F1E000F0E0E0E0E0E0E0E83
:10F070000E0E1E1F0FFEFF0FFCFB07FCF903F0E056
:10F08000010000000F00000000F00000F80000FE8A
:10F090000080EF00C0E700F0E1007CE0003EE0000F
:10F0A000FEFF0FFEFF0FFEFF0FFEFF0F00E0000050
:10F0B000E0000E000000008001F88703FE8707FED5
:10F0C000870FFE070F0E030E8E030E8E030E8E07A4
:10F0D0000F8EFF070EFF070EFE0300FC000000006E
:10F0E0000E000000C07F00F0FF01F8FF07FCFF07E3
:10F0F0003E0E0F0E070E0E070E0E070E1E0F0F3ED2
:10F10000FF0F3CFE0738FE0330F8010000000E0040
:10F1100000000E00000E00000E00000E000F0EE0BA
:10F120000F0EF80F0EFE0F8EFF00CE0F00FE030035
:10F13000FE00003E00001E00000000000E00000067
:10F14000F0E001F8FB03FCFB07FEFF0F1E1F0F0E94
:10F150000E0E0E0E0E0E0E0E1E1F0FFEFF0FFCFBF0
:10F1600007FCFB03F0E0010000000E000000F0834C
:10F1700001F88703FC8F07FE9F0F1E1E0F0E1C0E4B
:10F180000E1C0E0E1C0E1E8E0FFCFF07FCFF03F85C
:10F19000FF01C07F00000000000000000000005FD1
:10F1A00000000007000700147F147F14242A7F2A20
:10F1B00012231308646236495522500005030000EB
:10F1C000001C2241000041221C00082A1C2A0808B9
:10F1D000083E0808005030000008080808080060D1
:10F1E00060000020100804023E5149453E00427F65
:10F1F000400042615149462141454B311814127F6C
:10F200001027454545393C4A4949300171090503F4
:10F210003649494936064949291E0036360000005C
:10F22000563600000008142241141414141441220C
:10F230001408000201510906324979413E7E11113C
:10F24000117E7F494949363E414141227F41412259
:10F250001C7F494949417F090901013E4141513221
:10F260007F0808087F00417F41002040413F017F27
:10F27000081422417F404040407F0204027F7F0407
:10F2800008107F3E4141413E7F090909063E415138
:10F29000215E7F09192946464949493101017F010B
:10F2A000013F4040403F1F2040201F7F2018207F0B
:10F2B000631408146303047804036151494543004F
:10F2C000007F4141020408102041417F00000402F8
:10F2D0000102044040404040000102040020545418
:10F2E00054787F484444383844444420384444489F
:10F2F0007F3854545418087E090102081454543CB1
:10F300007F0804047800447D40002040443D000014
:10F310007F10284400417F40007C041804787C085A
:10F3200004047838444444387C1414140808141431
:10F33000187C7C080404084854545420043F44407A
:10F34000203C4040207C1C2040201C3C4030403C65
:10F3500044281028440C5050503C4464544C440001
:10F360000836410000007F00000041360800080810
:10F370002A1C08081C2A08086070787C7E1C362A23
:10F38000361C303E3F3E3007087F09077C4444442A
:10F39000387C7C4444387C7C7C44387C7C7C7C3865
:10F3A0001E3276321E00000205020000FEE7FEE774
:10F3B000FEE7FEE7FEE770477047704780B500F054
:10F3C0005FF824480168491C016023480168491C12
:10F3D00001600168C92918D3002101601F4908781C
:10F3E000002802D10120087001E000200870087890
:10F3F000012805D1012201211948F2F774FF04E028
:10F40000002201211648F2F76EFF01BD80B51548B4
:10F41000FBF7F7FA01BD80B51348FBF7F2FA01BD1F
:10F4200080B51248F7F7B6FD01BD80B51048F7F773
:10F43000B1FD01BD80B50F48FEF7A8F801BD80B54C
:10F440000D48FBF7DEFA01BD80B50C48F7F7A2FDC9
:10F4500001BD0000D8280020B0280020FC28002092
:10F4600000080048D02600208826002064210020C3
:10F47000EC210020CC27002040260020DC200020AA
:10F4800003480168034A127889180160704700BF79
:10F49000AC280020170C0020F0B4024610689568D4
:10F4A0001318506803EB5004C0071CD54D441AE0F4
:10F4B00013F8017B05F8017B491EF9D198B113F8C7
:10F4C000011BC6F38106032E08BF13F8016B01EB85
:10F4D00006214942801C294405D011F8016B05F82A
:10F4E000016B401EF9D1A3420ED013F8016B16F048
:10F4F000030104BF13F8011BC91C30090F28DBD11D
:10F5000013F8010B0F30D7E7F0BC02F10C00704785
:10F51000425220536C6176653A20000000000000E2
:10F5200000000000000000000000000000000000DB
:10F5300000000000000000000000000000000000CB
:10F5400000000000A0860100400D0300801A0600A4
:10F5500000350C0040420F0080841E0000093D0071
:10F5600000127A000024F40000366E010048E80121
:10F57000006CDC0279E1000800000000A9E100084D
:10F58000B7E10008D9E10008EFE10008F7E1000861
:10F590000DE200082BE200082FE2000841E200081B
:10F5A00030313233343536373839616263646566F9
:10F5B0006768696A6B6C6D6E6F7071727374757663
:10F5C0007778797A000000003031323334353637BD
:10F5D00038394142434445464748494A4B4C4D4ED1
:10F5E0004F505152535455565758595A0000000025
:10F5F00010B5074979441831064C7C44163404E0B0
:10F600000A68081D114488470146A142F8D110BD7F
:10F610002C000000480000004EF68851CEF2000198
:10F62000086840F470000860BFF34F8FBFF36F8F1E
:10F630004FF00070E1EE100A704700004360FFFFDA
:10F64000F01C00001C0C0020000000004DFEFFFF1D
:10F6500030080000620A000000000020616C617246
:10F660006D206661696C3A2025642D25643A256415
:10F670003A25643A25640D0A0000000000F00DF8F8
:10F68000002801D0FFF7B4FFAFF300800020AFF3F4
:10F690000080FAF758FD00F002F80120704700F0F2
:10F6A00001B8000007463846FEF740FDFBE70000C2
:10F6B000755F6170705F636F6D6D3A207478207450
:10F6C000696D65722063620D0A000000755F6170EC
:10F6D000705F636F6D3A20756172742025642065D8
:10F6E00072726F72210D0A00755F6170705F636FD7
:10F6F0006D6D3A2073657420727463210D0A0000E9
:10F7000073616F7669657467726F75702E636F6D64
:10F710002E766E00535654485F53564D5F444C53FB
:10F720005F56315F315F310061742B72646C6173BD
:10F7300074666F726C6F673D0000000061742B721D
:10F74000646C617374666F726F706572613D000006
:10F7500061742B72646C617374666F726576656E2A
:10F76000743D000061742B72646C617374666F7217
:10F770006770733D0000000061742B726573746FD5
:10F780007265736C6176653F0000000053565F45FB
:10F790004E56495F434D5F434F440000456E7465CC
:10F7A000722050617373776F72640000312E4D6F59
:10F7B000646275732052545500000000362E496E65
:10F7C000666F726D6174696F6E000000534554205E
:10F7D0004D4F44425553205254550000312E494458
:10F7E0002020202020203A2000000000322E4261FC
:10F7F0007564726174653A200000000043414C4911
:10F80000422053454E534F520000000052414E4794
:10F81000452053455454494E4700000053756363D7
:10F8200065737366756C6C79210000000000000040
:10F830000000000001020304060708095265737402
:10F840006F7265204F4B210D0A00000061742B6D13
:10F850007174746D61696E3D0000000061742B6D00
:10F860007174746D61696E3F0000000061742B6DEE
:10F870007174746261636B75703D000061742B6D0F
:10F880007174746261636B75703F000061742B72F8
:10F890006573657470756C73653F000061742B66E9
:10F8A0006C6F777468726573683D000061742B66D5
:10F8B0006C6F777468726573683F000061742B71B8
:10F8C00075616E7468726573683D000061742B71B8
:10F8D00075616E7468726573683F000061742B62B5
:10F8E00061747468726573683D00000061742B6216
:10F8F00061747468726573683F00000061742B6501
:10F90000726173656D656D3F0000000061742B6668
:10F910007776657273696F6E3F00000061742B6CBF
:10F920006F67696E6465783F0000000061742B7238
:10F93000646C6173746C6F673F00000061742B6CC2
:10F940006576656C63616C69623D000061742B6C67
:10F950006576656C63616C69623F000061742B6C55
:10F960006576656C7468726573683D0061742B6CB4
:10F970006576656C7468726573683F0061742B65A9
:10F98000786261747468726573683D0061742B6598
:10F99000786261747468726573683F0061742B7774
:10F9A0006D6368616E6E656C3D00000061742B775D
:10F9B0006D6368616E6E656C3F00000061742B6D55
:10F9C0006F64696E666F723D0000000061742B6D9C
:10F9D0006F64696E666F723F0000000061742B7087
:10F9E00072657373696E666F723D000061742B708F
:10F9F00072657373696E666F723F000061742B727B
:10FA000065736574736C6176653F000001488047DB
:10FA1000014800471DFA00089DFC000802480168E3
:10FA200051F470010160704788ED00E054656D701D
:10FA300020203A2000000000332E4F666673657464
:10FA400000000000342E5761726E696E670000007E
:10FA5000312E434F445F5A3A20000000322E434F6C
:10FA6000445F533A20000000332E5455525F5A3AF7
:10FA700020000000342E5455525F533A20000000FD
:10FA8000312E434F4420203A20000000322E54559E
:10FA90005242203A20000000332E54656D70203A07
:10FAA000200000005741524E494E4720434F44002A
:10FAB000312E4D6F6465203A20000000322E5570C3
:10FAC0007065723A20000000332E4C6F7765723AF1
:10FAD00020000000312E555F434F44203A200000A3
:10FAE000322E4C5F434F44203A200000332E555FA6
:10FAF00054656D703A200000342E4C5F54656D7073
:10FB00003A2000002A56657273696F6E000000008B
:10FB1000576562736974653A0000000015CB0008F0
:10FB20001FCB00083DCB00085265736574204F4B16
:10FB3000210D0A0061742B736572693D000000009D
:10FB400061742B736572693F0000000061742B7350
:10FB5000696D736572693F0061742B7377736572A9
:10FB60007665720061742B647574793D0000000045
:10FB700061742B647574793F0000000061742B661A
:10FB80007265716D696E3D0061742B667265716D91
:10FB9000696E3F0061742B73617665626F783F0018
:10FBA00061742B6E756D77616B653D0061742B72AE
:10FBB0006561646C6F673D0061742B70756C736573
:10FBC0003D00000061742B70756C73653F00000090
:10FBD00061742B64656275673D00000061742B647D
:10FBE000656275673F00000061742B6D7265736517
:10FBF000743F000061742B7573657275726C3D0003
:10FC000061742B757365726674703D0061742B743A
:10FC10006573746C6F673F0061742B726561646C0F
:10FC20006F673F0061742B736C6176653D00000067
:10FC300061742B736C6176653F00000061742B6FFB
:10FC40006E74656D683F000061742B6F6666746545
:10FC50006D683F0061742B6964736C6176653F0069
:10FC600061742B6964736C6176653D0061742B620D
:10FC700072736C6176653F0061742B6272736C61A4
:10FC800076653D001F1C1F1E1F1E1F1F1E1F1E1FEF
:10FC90001F1D1F1E1F1E1F1F1E1F1E1FAFF30080D4
:10FCA000FFF7BAFCFFF7EAFC434F442E00000000C8
:10FCB0006D672F4C000000004C6F6767696E000095
:10FCC00053455454494E4700322E43616C696200DB
:10FCD000352E52616E676500206D672F4C00000065
:10FCE000204E545500000000352E52657365740097
:10FCF0004F46465345540000496E666F722E000011
:10FD00002A4D6F64656C00000000000001020304CE
:10FD1000F822002000000000F8230020000000006E
:10FD20004552524F52000000000000000000000049
:10FD3000000000000C000000000000000C000000AB
:10FD400061742B7274633D0061742B7274633F00A5
:10FD500061742B6770733F0061742B656E640000E3
:10FD600078240020000000003C4E554C4C3E000022
:10FD7000252E2A6600000000686A6C747A4C000028
:10FD80004F4646004F4E000020894300433A200072
:10FD9000543A2000FFF7FEBFFFF7FEBFFFF7FEBF9C
:10FDA000FFF7FEBFFFF7FEBFFFF7FEBFFFF7FEBF87
:10FDB000FFF7FEBFFFF7FEBFFFF7FEBFFFF7FEBF77
:10FDC000FFF7FEBFFFF7FEBFFFF7FEBFFFF7FEBF67
:10FDD000FFF7FEBFFFF7FEBFFFF7FEBFFFF7FEBF57
:10FDE000FFF7FEBFFFF7FEBFFFF7FEBFFFF7FEBF47
:10FDF000FFF7FEBFFFF7FEBFFFF7FEBFFFF7FEBF37
:10FE0000FFF7FEBFFFF7FEBFFFF7FEBFFFF7FEBF26
:10FE1000FFF7FEBFFFF7FEBFFFF7FEBFFFF7FEBF16
:10FE2000FFF7FEBFFFF7FEBFFFF7FEBFFFF7FEBF06
:10FE3000FFF7FEBFFFF7FEBFFFF7FEBFFFF7FEBFF6
:10FE4000FFF7FEBFFFF7FEBFFFF7FEBFFFF7FEBFE6
:10FE5000FFF7FEBFFFF7FEBFFFF7FEBFFFF7FEBFD6
:10FE6000FFF7FEBFFFF7FEBFFFF7FEBFFFF7FEBFC6
:10FE7000FFF7FEBFFFF7FEBFFFF7FEBFFFF7FEBFB6
:10FE8000D0033132333400014008F4010000FF2672
:10FE9000000801011A5007D007000051270008028E
:10FEA0002912640812F91052031050078813000039
:10FEB000752800080410212812F310520510120AA8
:10FEC000081003272900080608520504123F106194
:10FED00078F00441FFFFFEFFFF000110038CF700E4
:10FEE000080E58123101B2200120100000456E7436
:10FEF000657220746F2053657475700000201005C2
:10FF000057616974696E670B4110200320446F6E5E
:10FF1000650952001030034572726F721F40050070
:10FF200080FD000884FDC443A8FC089207C4920128
:10FF30000C252847B0FC20251C432CFA3021181230
:10FF400088442138210CF201B848220134C39CF7BF
:10FF500018900302180001056061182402033000A4
:10FF60000164F201C04822020CE2AC4820011200F8
:10FF70000211D2C83012031812090CC338FA181231
:10FF8000041825CCD24418120518120B0CD2D048F4
:10FF9000120618120C0CD2BC78120718120D0CD2D3
:10FFA000CC1811012603B08BDCF71C2101100302D1
:10FFB0000400030F1152EC18696812031812100C98
:10FFC000F201FC481304110C568CA0652C3202C3BC
:10FFD000E0010000901818013C0004C380010050AB
:10FFE000FA183BD8FCE01304140CD25C18118013EF
:10FFF00004150C9268183BE0FCF01304160CD27444
:020000040801F1
:100000001815941304170CD6E82011081304180CC3
:10001000F601F0B01305190CD2807811C013051A3F
:100020000CD28C6011A813051B0C9298182958113A
:10003000A813051C0CD6A4B0110113061D0CD2B0D8
:1000400018116013061E0CF601BC0813061F0CF6EF
:1000500001C8082E060C03F3000CF8601307210CEE
:10006000F201D4C01307220CF201E0601307230C45
:10007000F201ECC01307240CD2F81811082307254D
:1000800018F501381308260CD304FBD880031C0094
:100090000827000179E82002040008280CC2FD307E
:1000A000120430F2022930120530F2032A481002FD
:1000B0001800092B0CD61C08F004010318020A10C2
:1000C0000001E20114B3093D126002F9C6000824E0
:1000D00029808F05C77C0521108F7BC77C052101F6
:1000E00012871052043112E8198FA3C77C05210131
:1000F0004FA9C77C05610112AF101E14340329F407
:10010000F002001C0C00208F80034900080949847C
:100110002108120F10433D498852010412B51043C3
:10012000E3498C52020443514A3C2DA4036DF00470
:1001300052AB142194520D3C4004054B0008334B44
:1001400098520E2812AF104F094C1005521014127D
:10015000C9101003234D0008B04D1E6095041EC049
:10016000C1031680FD1340381D124B0C1DBC051336
:1001700000961812DA0812E1045003C20100782335
:10018000D44A013421044F5DDCD0066110436FDC9A
:10019000CC210C2554129D105203201003E093042F
:1001A00000C11061401A103D47FD3110211012DCD2
:1001B00005830F3240210447733208210C2D40077C
:1001C00047B3320439B4156917693300515010032D
:1001D000983A00007D10520610100360EA0000916A
:1001E000105607712D700764043F340008B8289C2E
:1001F00023803F04C7F824AC1A34E88B080050521F
:100200004010692C124C102D9805692C1A4CA08FA7
:100210000C004005525C105205104F6CF830076915
:100220002C527C1069D052585052081052647052AF
:100230000910527010620A405130520B105288104F
:10024000520C10528C60520D10529420520E1052CB
:10025000A010520F1052AC106D5403529C4062110A
:1002600020511052121052BC1052131052CC105286
:10027000141012DC10217C52151052EC1052161082
:1002800012B87021DC52171052C4105218105E4080
:10029000BC07521910524810521A1052D030621B2B
:1002A000705110521C1012E810252C521D1056FCD3
:1002B00090521E10430CF990521F1056F40079050D
:1002C00042FC10522110431CF9406222405120523E
:1002D0002310521810522410522C605225101E2840
:1002E0001404255C522610123C10254C6D3C05521E
:1002F000501062282046F9506D2C05524C106D2488
:1003000005125C1025BC522B10526C10622C5055FB
:1003100030522D10526480522E104724FC30522F40
:1003200010523010523010527C50523110528C10FA
:10033000523210473CFC605233105648006DF10AAF
:10034000569C0052351052AC1052361056BC5052CA
:10035000371052CC1052381052DCF052391052EC97
:1003600010523A1052FC10523B105278E0523C109E
:100370005254906DFE05526010523E10526C106245
:100380003F4051105241104F58FD40054BDC1C13AB
:1003900043DC1E081003A0F50008C804F309425905
:1003A0000452FF01E3FA56141D50040002032D010C
:0103B0000349
:040000050800FC9D56
:00000001FF
